Unnamed: 0,Unnamed: 1, z Czas opóźnień > 5 minut,Unnamed: 3,Unnamed: 4,Unnamed: 5,Unnamed: 6,Unnamed: 7,Unnamed: 8,Unnamed: 9,Unnamed: 10,Unnamed: 11,Unnamed: 12,Unnamed: 13,Razem:  z Czas opóźnień > 5 minut
Stacja,Przewoźnik,styczeń,luty,marzec,kwiecień,maj,czerwiec,lipiec,sierpień,wrzesień,październik,listopad,grudzień,
Warszawa Wschodnia,PKP INTERCITY Spółka Akcyjna ,31883,13995,15498,12997,15238,26214,31790,33913,26430,22209,27258,33812,291237
Warszawa Wschodnia,Koleje Mazowieckie - KM Spółka z o.o.,11906,4722,6011,5642,9121,20583,29757,12448,11046,14362,16741,10664,153003
Warszawa Wschodnia,Szybka Kolej Miejska Sp. z o.o.,3292,1368,1455,895,2060,6694,8973,3315,2788,2924,3205,3818,40787
Warszawa Wschodnia,POLREGIO Spółka Akcyjna,,,,,,560,623,642,791,633,613,319,4181
Warszawa Wschodnia,SKPL Cargo Sp. z o.o.  (przewozy pasażerskie),448,46,66,136,192,556,220,751,255,157,113,45,2985
Warszawa Wschodnia,Łódzka Kolej Aglomeracyjna Sp. z o.o.,,,,,,75,17,28,110,59,107,868,1264
Warszawa Wschodnia,Freightliner PL Spółka z o.o.,,,,,,,,,,,,,
Warszawa Wschodnia ,,47529,20131,23030,19670,26611,54682,71380,51097,41420,40344,48037,49526,493457
Warszawa Zachodnia,PKP INTERCITY Spółka Akcyjna ,26971,12285,14520,13423,15065,22527,30691,33603,30333,24021,28650,34177,286266
Warszawa Zachodnia,Koleje Mazowieckie - KM Spółka z o.o.,10242,4545,5701,5564,8818,16884,28306,10845,10763,13226,15138,8952,138984
Warszawa Zachodnia,Szybka Kolej Miejska Sp. z o.o.,2301,945,818,610,1735,5701,10176,3959,3532,3332,3718,4145,40972
Warszawa Zachodnia,POLREGIO Spółka Akcyjna,850,339,410,299,602,298,582,527,1020,781,954,584,7246
Warszawa Zachodnia,Łódzka Kolej Aglomeracyjna Sp. z o.o.,149,92,143,219,97,188,119,102,236,306,282,1130,3063
Warszawa Zachodnia,Freightliner PL Spółka z o.o.,,,,,,,,,,,,,
Warszawa Zachodnia ,,40513,18206,21592,20115,26317,45598,69874,49036,45884,41666,48742,48988,476531
Wrocław Główny,PKP INTERCITY Spółka Akcyjna ,23028,8923,10343,8235,12395,18235,19057,16412,17828,14161,18316,20412,187345
Wrocław Główny,Koleje Dolnośląskie S.A.,22943,7810,8048,8018,12047,8060,16594,10812,21548,13761,24646,18796,173083
Wrocław Główny,POLREGIO Spółka Akcyjna,8162,4124,4405,4247,5014,5255,6633,4566,9425,6204,7727,5242,71004
Wrocław Główny,CARGO Master Spółka z o.o.,,,,,10,,,,,,,,10
Wrocław Główny,CARGO TRAIN Sp. z o.o.,,,,,,,,,,,,,
Wrocław Główny,LEO Express Global a.s.,,,,,,,,,,,,,
Wrocław Główny,,54133,20857,22796,20500,29466,31550,42284,31790,48801,34126,50689,44450,431442
Poznań Główny,PKP INTERCITY Spółka Akcyjna ,23120,10095,11686,9285,10234,23825,18606,18117,15530,15530,15895,21090,193013
Poznań Główny,Koleje Wielkopolskie Sp. z o.o.,7661,3973,6691,3684,5159,21932,6703,6038,5203,6046,6245,7513,86848
Poznań Główny,POLREGIO Spółka Akcyjna,8046,3229,4358,3504,3789,8788,4615,5785,5507,5702,5352,5725,64400
Poznań Główny,Łódzka Kolej Aglomeracyjna Sp. z o.o.,,11,8,103,,,62,55,6,,,32,277
Poznań Główny,CARGO Master Spółka z o.o.,,,,,46,,,,,,,,46
Poznań Główny,RAILPOLONIA Sp. z o.o. (przewozy pasażerskie),,,,,,,,,,,,40,40
Poznań Główny,Parowozownia Wolsztyn,,,,,,,,,,,,,
Poznań Główny ,,38827,17308,22743,16576,19228,54545,29986,29995,26246,27278,27492,34400,344624
Gdańsk Wrzeszcz,PKP INTERCITY Spółka Akcyjna ,24281,7925,6784,8111,9154,18116,29869,27813,13304,12049,13908,17224,188538
Gdańsk Wrzeszcz,POLREGIO Spółka Akcyjna,7308,2179,4102,2497,3149,4809,7767,7771,4633,4440,3536,5259,57450
Gdańsk Wrzeszcz,PKP Szybka Kolej Miejska w Trójmieście sp. z o.o.,2908,532,1271,778,512,457,1724,905,1447,1501,1128,2722,15885
Gdańsk Wrzeszcz,Koleje Mazowieckie - KM Spółka z o.o.,,,,,,184,756,714,20,,,,1674
Gdańsk Wrzeszcz ,,34497,10636,12157,11386,12815,23566,40116,37203,19404,17990,18572,25205,263547
Gdynia Główna,PKP INTERCITY Spółka Akcyjna ,23202,6840,5974,7540,8358,17251,29248,26141,12298,11364,13352,16170,177738
Gdynia Główna,POLREGIO Spółka Akcyjna,8630,2294,3844,2810,5936,11406,15060,13505,8641,5228,4569,7864,89787
Gdynia Główna,PKP Szybka Kolej Miejska w Trójmieście sp. z o.o.,3326,651,1361,1036,768,1005,2454,1501,1281,2269,1816,3211,20679
Gdynia Główna,Koleje Mazowieckie - KM Spółka z o.o.,,,,,,161,687,616,17,,,,1481
Gdynia Główna,CARGO Master Spółka z o.o.,,,,,,,,,,,,,
Gdynia Główna,,35158,9785,11179,11386,15062,29823,47449,41763,22237,18861,19737,27245,289685
Kraków Główny,PKP INTERCITY Spółka Akcyjna ,32992,11805,12258,10737,13397,18860,22655,28428,18734,16542,19945,22805,229158
Kraków Główny,POLREGIO Spółka Akcyjna,12257,4820,5823,3663,4089,5253,5655,6332,4862,6486,6296,5688,71224
Kraków Główny,Koleje Małopolskie Sp. z o.o.,6509,1657,2758,1962,1694,3206,2628,3701,2576,2320,2172,1662,32845
Kraków Główny,RegioJet a.s.,1874,699,1884,1192,1405,2095,2149,1625,1456,922,935,1265,17501
Kraków Główny,Koleje Śląskie Spółka z o.o.,459,166,90,92,190,210,199,375,228,418,559,406,3392
Kraków Główny,LEO Express Global a.s.,36,10,64,91,36,87,46,24,58,7,20,471,950
Kraków Główny,Leo Express s.r.o.,,,,,,,,,,,,42,42
Kraków Główny,,54127,19157,22877,17737,20811,29711,33332,40485,27914,26695,29927,32339,355112
Katowice,PKP INTERCITY Spółka Akcyjna ,24821,11760,11920,10251,11866,19379,18427,15153,16006,12146,16647,18973,187349
Katowice,Koleje Śląskie Spółka z o.o.,14263,7246,7731,7634,7784,11515,11763,8615,10807,9482,14304,10773,121917
Katowice,POLREGIO Spółka Akcyjna,4162,1049,1005,1141,1292,1460,1025,1452,907,1427,1937,1619,18476
Katowice ,,43246,20055,20656,19026,20942,32354,31215,25220,27720,23055,32888,31365,327742
Sopot,PKP INTERCITY Spółka Akcyjna ,24099,7725,6585,7877,8871,18118,29571,28014,13077,11794,13855,17162,186748
Sopot,POLREGIO Spółka Akcyjna,6393,1750,2526,2021,2589,4112,6508,6495,3283,3870,2859,3650,46056
Sopot,PKP Szybka Kolej Miejska w Trójmieście sp. z o.o.,3123,521,1263,870,611,658,1954,1119,1230,1468,1239,2848,16904
Sopot,Koleje Mazowieckie - KM Spółka z o.o.,,,,,,172,735,659,20,,,,1586
Sopot,CARGO Master Spółka z o.o.,,,,,,,,,,,,,
Sopot,,33615,9996,10374,10768,12071,23060,38768,36287,17610,17132,17953,23660,251294
Gdańsk Główny,PKP INTERCITY Spółka Akcyjna ,24616,8076,6966,8170,9244,18218,31488,27739,13389,12142,14256,17562,191866
Gdańsk Główny,POLREGIO Spółka Akcyjna,6413,1787,2419,1942,2506,3975,6031,6091,3096,3565,2673,3300,43798
Gdańsk Główny,PKP Szybka Kolej Miejska w Trójmieście sp. z o.o.,2803,591,1333,799,530,624,1682,878,1443,1437,1179,2713,16012
Gdańsk Główny,Koleje Mazowieckie - KM Spółka z o.o.,,,,,,186,764,727,21,,,,1698
Gdańsk Główny,CARGO Master Spółka z o.o.,,49,,,,,,,,,,,49
Gdańsk Główny,,33832,10503,10718,10911,12280,23003,39965,35435,17949,17144,18108,23575,253423
Łódź Widzew,PKP INTERCITY Spółka Akcyjna ,8380,4137,4061,4207,4018,5818,7762,9602,6835,3577,6284,7353,72034
Łódź Widzew,Łódzka Kolej Aglomeracyjna Sp. z o.o.,1990,1248,1673,3216,1995,1904,4346,3358,2357,2338,3249,2828,30502
Łódź Widzew,POLREGIO Spółka Akcyjna,2561,1150,1596,875,1388,862,2819,2488,1874,1021,1993,1549,20176
Łódź Widzew,Koleje Wielkopolskie Sp. z o.o.,,,,,,,,,,,,,
Łódź Widzew,,12931,6535,7330,8298,7401,8584,14927,15448,11066,6936,11526,11730,122712
Warszawa Śródmieście,Koleje Mazowieckie - KM Spółka z o.o.,3765,1831,2266,2082,5226,12661,21806,8540,8568,10616,12463,6863,96687
Warszawa Śródmieście,Szybka Kolej Miejska Sp. z o.o.,1408,584,608,448,1438,3722,6520,2208,2077,1995,2149,2597,25754
Warszawa Śródmieście,PKP INTERCITY Spółka Akcyjna ,,,,,,,,,,,60,31,91
Warszawa Śródmieście,POLREGIO Spółka Akcyjna,,,,,,,,,,,,7,7
Warszawa Śródmieście,,5173,2415,2874,2530,6664,16383,28326,10748,10645,12611,14672,9498,122539
Warszawa Ochota,Koleje Mazowieckie - KM Spółka z o.o.,3916,1823,2280,2078,5280,12909,22068,8579,8747,10629,12429,6813,97551
Warszawa Ochota,Szybka Kolej Miejska Sp. z o.o.,1497,642,617,466,1439,3786,6610,2271,2122,1997,2186,2628,26261
Warszawa Ochota,,5413,2465,2897,2544,6719,16695,28678,10850,10869,12626,14615,9441,123812
Warszawa Powiśle,Koleje Mazowieckie - KM Spółka z o.o.,3665,1803,2262,2019,5116,12719,21769,8478,8462,10552,12682,6850,96377
Warszawa Powiśle,Szybka Kolej Miejska Sp. z o.o.,1341,553,562,436,1379,3664,6376,2157,2044,1979,2154,2558,25203
Warszawa Powiśle,,5006,2356,2824,2455,6495,16383,28145,10635,10506,12531,14836,9408,121580
Warszawa Stadion,Koleje Mazowieckie - KM Spółka z o.o.,3634,1857,2285,2156,5192,13012,21947,8648,8814,10934,13101,7135,98715
Warszawa Stadion,Szybka Kolej Miejska Sp. z o.o.,1345,524,607,454,1365,3670,6415,2162,2093,2036,2223,2644,25538
Warszawa Stadion,PKP INTERCITY Spółka Akcyjna ,,,,,108,,,,,,,,108
Warszawa Stadion,,4979,2381,2892,2610,6665,16682,28362,10810,10907,12970,15324,9779,124361
Warszawa Centralna,PKP INTERCITY Spółka Akcyjna ,27875,12834,15346,13614,15309,22912,31132,33385,29642,23891,28471,34812,289223
Warszawa Centralna,Koleje Mazowieckie - KM Spółka z o.o.,5949,2200,2865,2837,2863,5143,4859,2274,2089,2516,2100,1973,37668
Warszawa Centralna,Szybka Kolej Miejska Sp. z o.o.,68,,,,,1244,1977,725,843,739,808,891,7295
Warszawa Centralna,POLREGIO Spółka Akcyjna,,,,,,128,679,524,1093,730,951,566,4671
Warszawa Centralna,Łódzka Kolej Aglomeracyjna Sp. z o.o.,,,,,,183,106,101,257,278,235,1010,2170
Warszawa Centralna,Freightliner PL Spółka z o.o.,,,,,,,,,,,,,
Warszawa Centralna,,33892,15034,18211,16451,18172,29610,38753,37009,33924,28154,32565,39252,341027
Warszawa Służewiec,Koleje Mazowieckie - KM Spółka z o.o.,8493,3848,3327,4024,4386,6704,9092,5296,4835,3671,2703,4443,60822
Warszawa Służewiec,Szybka Kolej Miejska Sp. z o.o.,4226,2593,1336,1618,1787,5404,6744,2867,3213,2211,1824,3568,37391
Warszawa Służewiec,PKP INTERCITY Spółka Akcyjna ,3743,1174,851,1104,1326,1494,3555,3588,1846,1651,1934,2170,24436
Warszawa Służewiec,,16462,7615,5514,6746,7499,13602,19391,11751,9894,7533,6461,10181,122649
Gdynia Chylonia,POLREGIO Spółka Akcyjna,5560,1518,1986,1902,5038,9283,12734,10961,6552,3241,2947,5768,67490
Gdynia Chylonia,PKP Szybka Kolej Miejska w Trójmieście sp. z o.o.,3504,664,1422,1047,872,1210,2915,1788,1117,1713,1156,3197,20605
Gdynia Chylonia,PKP INTERCITY Spółka Akcyjna ,,,,,,,,,,,,,
Gdynia Chylonia,,9064,2182,3408,2949,5910,10493,15649,12749,7669,4954,4103,8965,88095
Warszawa Rakowiec,Koleje Mazowieckie - KM Spółka z o.o.,7682,3710,3158,3895,4160,6521,8646,4856,4725,3585,2636,4515,58089
Warszawa Rakowiec,Szybka Kolej Miejska Sp. z o.o.,4410,2681,1492,1730,1903,5789,6868,2998,3395,2412,1882,3770,39330
Warszawa Rakowiec,,12092,6391,4650,5625,6063,12310,15514,7854,8120,5997,4518,8285,97419
Warszawa Żwirki i Wigury,Koleje Mazowieckie - KM Spółka z o.o.,7356,3605,3070,3840,4028,6357,8582,4646,4492,3384,2524,4271,56155
Warszawa Żwirki i Wigury,Szybka Kolej Miejska Sp. z o.o.,4320,2626,1452,1682,1884,5662,6842,2953,3348,2362,1861,3699,38691
Warszawa Żwirki i Wigury,,11676,6231,4522,5522,5912,12019,15424,7599,7840,5746,4385,7970,94846
Warszawa Aleje Jerozolimskie,Koleje Mazowieckie - KM Spółka z o.o.,7282,3755,3153,3927,4027,6001,7848,4491,4591,3401,2522,4372,55370
Warszawa Aleje Jerozolimskie,Szybka Kolej Miejska Sp. z o.o.,3822,2303,1310,1554,1773,5292,6806,3035,3534,2510,1890,3865,37694
Warszawa Aleje Jerozolimskie,,11104,6058,4463,5481,5800,11293,14654,7526,8125,5911,4412,8237,93064
Warszawa Włochy,Koleje Mazowieckie - KM Spółka z o.o.,6136,2581,3769,3323,6455,7175,15378,4742,5053,6305,7428,3728,72073
Warszawa Włochy,Szybka Kolej Miejska Sp. z o.o.,1202,518,387,299,902,1402,3309,948,590,1026,1583,1039,13205
Warszawa Włochy,,7338,3099,4156,3622,7357,8577,18687,5690,5643,7331,9011,4767,85278
Rzeszów Główny,PKP INTERCITY Spółka Akcyjna ,11207,4743,4885,3781,4991,6617,8021,6822,7121,7867,7188,8790,82033
Rzeszów Główny,POLREGIO Spółka Akcyjna,5872,2202,4103,2437,2491,2266,4285,2609,2480,3605,2822,2640,37812
Rzeszów Główny,RegioJet a.s.,2238,864,1892,1259,1560,2567,2273,1812,1599,1060,828,1313,19265
Rzeszów Główny,,19317,7809,10880,7477,9042,11450,14579,11243,11200,12532,10838,12743,139110
Warszawa Gdańska,Koleje Mazowieckie - KM Spółka z o.o.,10171,3601,3271,4447,4717,8431,8042,5432,3703,3487,3221,4186,62709
Warszawa Gdańska,PKP INTERCITY Spółka Akcyjna ,11787,5649,3927,4587,5070,8975,5958,7374,82,57,321,48,53835
Warszawa Gdańska,Szybka Kolej Miejska Sp. z o.o.,3392,1621,1074,1706,1344,1846,1049,576,757,576,506,1157,15604
Warszawa Gdańska,POLREGIO Spółka Akcyjna,,,,,,353,198,269,,,,,820
Warszawa Gdańska,Łódzka Kolej Aglomeracyjna Sp. z o.o.,,,,,,78,30,69,,,,,177
Warszawa Gdańska,,25350,10871,8272,10740,11131,19683,15277,13720,4542,4120,4048,5391,133145
Legionowo,PKP INTERCITY Spółka Akcyjna ,9322,3148,2276,3232,3760,5499,7648,7447,4091,3257,3487,7752,60919
Legionowo,Koleje Mazowieckie - KM Spółka z o.o.,7512,2822,1775,1765,2346,5595,4828,2803,2363,2715,1747,4543,40814
Legionowo,Szybka Kolej Miejska Sp. z o.o.,3276,1417,899,1311,1199,3294,2367,1216,1320,1297,1005,2357,20958
Legionowo,,20110,7387,4950,6308,7305,14388,14843,11466,7774,7269,6239,14652,122691
Gliwice,PKP INTERCITY Spółka Akcyjna ,17013,7780,9020,7001,8395,14819,15395,12032,12743,11194,12541,15347,143280
Gliwice,Koleje Śląskie Spółka z o.o.,3425,2360,1336,1017,2184,2337,1798,2599,3294,3147,4092,3935,31524
Gliwice,POLREGIO Spółka Akcyjna,1704,570,781,558,997,1609,1601,1295,2019,1780,1834,1173,15921
Gliwice,,22142,10710,11137,8576,11576,18765,18794,15926,18056,16121,18467,20455,190725
Kraków Zabłocie,POLREGIO Spółka Akcyjna,7335,3196,2960,2858,3114,2574,3436,3303,2925,3148,2940,2612,40401
Kraków Zabłocie,Koleje Małopolskie Sp. z o.o.,4477,1219,2308,1657,1290,1918,1588,1804,1687,1363,873,1132,21316
Kraków Zabłocie,Koleje Śląskie Spółka z o.o.,,,,,,,,,,,,264,264
Kraków Zabłocie,,11812,4415,5268,4515,4404,4492,5024,5107,4612,4511,3813,4008,61981
Kraków Grzegórzki,POLREGIO Spółka Akcyjna,7292,3174,2961,2852,3108,2663,3441,3290,2852,3135,2921,2575,40264
Kraków Grzegórzki,Koleje Małopolskie Sp. z o.o.,4469,1221,2319,1650,1258,1989,1585,1798,1695,1336,844,1099,21263
Kraków Grzegórzki,Koleje Śląskie Spółka z o.o.,,,,,,,,,,,,265,265
Kraków Grzegórzki,,11761,4395,5280,4502,4366,4652,5026,5088,4547,4471,3765,3939,61792
Tczew,PKP INTERCITY Spółka Akcyjna ,23190,7525,6586,7759,8888,16106,27004,24742,12131,11393,13462,16551,175337
Tczew,POLREGIO Spółka Akcyjna,7989,2002,2651,2628,3095,4746,7281,7741,3539,4238,3403,4314,53627
Tczew,Koleje Mazowieckie - KM Spółka z o.o.,,,,,,174,760,669,21,,,,1624
Tczew,CARGO Master Spółka z o.o.,,,,7,,,,,,,,,7
Tczew,PKP Szybka Kolej Miejska w Trójmieście sp. z o.o.,,,,,,,,,,,,,
Tczew,,31179,9527,9237,10394,11983,21026,35045,33152,15691,15631,16865,20865,230595
Rumia,POLREGIO Spółka Akcyjna,2901,948,1566,1139,4239,8825,11484,10104,5731,1995,2107,4714,55753
Rumia,PKP INTERCITY Spółka Akcyjna ,6810,2116,1455,2390,2283,6061,9449,8779,2015,2781,3281,5857,53277
Rumia,PKP Szybka Kolej Miejska w Trójmieście sp. z o.o.,3164,713,1232,991,886,1177,3471,1959,1354,1680,1513,3231,21371
Rumia,,12875,3777,4253,4520,7408,16063,24404,20842,9100,6456,6901,13802,130401
Gdynia Redłowo,PKP Szybka Kolej Miejska w Trójmieście sp. z o.o.,3369,623,1309,957,725,856,2272,1356,1272,1713,1523,3057,19032
Gdynia Redłowo,,3369,623,1309,957,725,856,2272,1356,1272,1713,1523,3057,19032
Gdynia Wzgórze Św.Maksymiliana,PKP Szybka Kolej Miejska w Trójmieście sp. z o.o.,3398,641,1340,1004,759,917,2389,1406,1297,1773,1560,3069,19553
Gdynia Wzgórze Św.Maksymiliana,,3398,641,1340,1004,759,917,2389,1406,1297,1773,1560,3069,19553
Gdynia Orłowo SKM,PKP Szybka Kolej Miejska w Trójmieście sp. z o.o.,3334,605,1300,916,690,802,2169,1306,1274,1611,1462,3019,18488
Gdynia Orłowo SKM ,,3334,605,1300,916,690,802,2169,1306,1274,1611,1462,3019,18488
Sopot Kamienny Potok,PKP Szybka Kolej Miejska w Trójmieście sp. z o.o.,3182,561,1265,877,648,686,2022,1212,1216,1526,1313,2892,17400
Sopot Kamienny Potok ,,3182,561,1265,877,648,686,2022,1212,1216,1526,1313,2892,17400
Gdańsk Zaspa,PKP Szybka Kolej Miejska w Trójmieście sp. z o.o.,2934,495,1239,782,523,467,1764,909,1425,1467,1116,2728,15849
Gdańsk Zaspa ,,2934,495,1239,782,523,467,1764,909,1425,1467,1116,2728,15849
Gdańsk Przymorze-Uniwersytet,PKP Szybka Kolej Miejska w Trójmieście sp. z o.o.,3007,511,1259,802,529,508,1783,965,1306,1455,1124,2772,16021
Gdańsk Przymorze-Uniwersytet ,,3007,511,1259,802,529,508,1783,965,1306,1455,1124,2772,16021
Sopot Wyścigi,PKP Szybka Kolej Miejska w Trójmieście sp. z o.o.,3122,521,1253,841,609,612,1900,1090,1242,1428,1214,2821,16653
Sopot Wyścigi ,,3122,521,1253,841,609,612,1900,1090,1242,1428,1214,2821,16653
Gdańsk Żabianka-AWFiS,PKP Szybka Kolej Miejska w Trójmieście sp. z o.o.,3099,503,1267,850,602,587,1865,1057,1272,1466,1216,2822,16606
Gdańsk Żabianka-AWFiS ,,3099,503,1267,850,602,587,1865,1057,1272,1466,1216,2822,16606
Gdańsk Oliwa SKM,PKP Szybka Kolej Miejska w Trójmieście sp. z o.o.,3049,510,1257,807,557,546,1829,1007,1244,1447,1175,2775,16203
Gdańsk Oliwa SKM ,,3049,510,1257,807,557,546,1829,1007,1244,1447,1175,2775,16203
Gdańsk Politechnika,PKP Szybka Kolej Miejska w Trójmieście sp. z o.o.,2889,550,1298,784,519,434,1718,899,1505,1512,1114,2723,15945
Gdańsk Politechnika ,,2889,550,1298,784,519,434,1718,899,1505,1512,1114,2723,15945
Gdańsk Oliwa,PKP INTERCITY Spółka Akcyjna ,24366,7940,6794,8107,9156,18351,30256,28365,13331,12141,14098,17408,190313
Gdańsk Oliwa,POLREGIO Spółka Akcyjna,6513,1905,2612,2132,2726,4373,6628,6641,3400,4095,3025,3681,47731
Gdańsk Oliwa,Koleje Mazowieckie - KM Spółka z o.o.,,,,,,180,751,701,20,,,,1652
Gdańsk Oliwa ,,30879,9845,9406,10239,11882,22904,37635,35707,16751,16236,17123,21089,239696
Warszawa Młynów,Koleje Mazowieckie - KM Spółka z o.o.,8873,3228,2892,4111,4449,6317,7204,4985,3939,3445,2876,3847,56166
Warszawa Młynów,Szybka Kolej Miejska Sp. z o.o.,3271,1879,1140,1600,1279,1695,933,594,829,625,503,1227,15575
Warszawa Młynów,PKP INTERCITY Spółka Akcyjna ,3579,802,804,1200,1412,716,847,599,,,,,9959
Warszawa Młynów ,,15723,5909,4836,6911,7140,8728,8984,6178,4768,4070,3379,5074,81700
Warszawa Zachodnia peron 9,Koleje Mazowieckie - KM Spółka z o.o.,9184,3359,3005,4164,4579,6370,7103,4767,4163,3663,2957,3856,57170
Warszawa Zachodnia peron 9,Szybka Kolej Miejska Sp. z o.o.,3351,1980,1174,1560,1341,1633,945,619,858,628,496,1184,15769
Warszawa Zachodnia peron 9,PKP INTERCITY Spółka Akcyjna ,3645,843,808,1189,1391,723,653,537,,,,,9789
Warszawa Zachodnia peron 9 ,,16180,6182,4987,6913,7311,8726,8701,5923,5021,4291,3453,5040,82728
Bydgoszcz Główna,PKP INTERCITY Spółka Akcyjna ,14104,3621,4637,3458,4238,8789,14698,12498,7393,6995,7286,8076,95793
Bydgoszcz Główna,POLREGIO Spółka Akcyjna,4831,1738,1573,1477,1627,2495,2803,4041,2150,2834,2954,1842,30365
Bydgoszcz Główna,Arriva RP Sp. z o.o.,1349,451,779,1426,1101,1284,1831,864,1738,522,1204,1619,14168
Bydgoszcz Główna,CARGO Master Spółka z o.o.,,,,99,,,,,,,,,99
Bydgoszcz Główna ,,20284,5810,6989,6460,6966,12568,19332,17403,11281,10351,11444,11537,140425
Skierniewice,PKP INTERCITY Spółka Akcyjna ,9180,5146,5176,5346,5836,7291,8957,9921,7397,4520,6647,8986,84403
Skierniewice,Koleje Mazowieckie - KM Spółka z o.o.,1818,582,1320,682,3353,1706,2225,958,715,1132,1784,806,17081
Skierniewice,Łódzka Kolej Aglomeracyjna Sp. z o.o.,955,507,593,1405,946,1152,2394,1451,872,1541,973,2062,14851
Skierniewice,POLREGIO Spółka Akcyjna,757,266,534,472,708,486,917,938,897,600,921,661,8157
Skierniewice,CARGO Master Spółka z o.o.,,,,,38,,,,,,,,38
Skierniewice ,,12710,6501,7623,7905,10881,10635,14493,13268,9881,7793,10325,12515,124530
Szczecin Główny,PKP INTERCITY Spółka Akcyjna ,10040,3726,3673,3856,5538,7714,7417,7562,6361,5328,5885,8420,75520
Szczecin Główny,POLREGIO Spółka Akcyjna,5605,3054,4739,2770,4291,4689,3572,3382,4641,3830,4986,4740,50299
Szczecin Główny ,,15645,6780,8412,6626,9829,12403,10989,10944,11002,9158,10871,13160,125819
Gdańsk Śródmieście,PKP Szybka Kolej Miejska w Trójmieście sp. z o.o.,2730,521,1380,820,434,269,1600,877,1228,1387,964,2500,14710
Gdańsk Śródmieście ,,2730,521,1380,820,434,269,1600,877,1228,1387,964,2500,14710
Warszawa Powązki,Koleje Mazowieckie - KM Spółka z o.o.,8755,3134,2836,4197,4340,6824,7159,4963,3741,3316,2787,3825,55877
Warszawa Powązki,Szybka Kolej Miejska Sp. z o.o.,3193,1854,1112,1638,1291,1681,916,561,790,599,501,1205,15341
Warszawa Powązki ,,11948,4988,3948,5835,5631,8505,8075,5524,4531,3915,3288,5030,71218
Warszawa Koło,Koleje Mazowieckie - KM Spółka z o.o.,8846,3178,2855,4184,4380,6210,7031,4897,3806,3339,2809,3795,55330
Warszawa Koło,Szybka Kolej Miejska Sp. z o.o.,3203,1855,1112,1606,1270,1684,914,582,799,618,500,1210,15353
Warszawa Koło ,,12049,5033,3967,5790,5650,7894,7945,5479,4605,3957,3309,5005,70683
Warszawa Wola,Koleje Mazowieckie - KM Spółka z o.o.,8923,3254,2905,4130,4503,6299,7315,5063,4041,3554,2916,3866,56769
Warszawa Wola,Szybka Kolej Miejska Sp. z o.o.,3323,1914,1162,1579,1320,1703,961,613,830,623,504,1241,15773
Warszawa Wola ,,12246,5168,4067,5709,5823,8002,8276,5676,4871,4177,3420,5107,72542
Gdynia Leszczynki,PKP Szybka Kolej Miejska w Trójmieście sp. z o.o.,3357,633,1398,1032,823,1121,2752,1627,1111,1782,1250,3087,19973
Gdynia Leszczynki ,,3357,633,1398,1032,823,1121,2752,1627,1111,1782,1250,3087,19973
Gdynia Grabówek,PKP Szybka Kolej Miejska w Trójmieście sp. z o.o.,3326,624,1356,1015,802,1091,2660,1585,1121,1775,1288,3071,19714
Gdynia Grabówek ,,3326,624,1356,1015,802,1091,2660,1585,1121,1775,1288,3071,19714
Warszawa Rembertów,Koleje Mazowieckie - KM Spółka z o.o.,4331,1642,2396,2190,5259,6563,10077,5826,4446,6617,7391,3099,59837
Warszawa Rembertów,Szybka Kolej Miejska Sp. z o.o.,1744,511,843,493,1268,2781,4051,1652,1393,1092,878,1246,17952
Warszawa Rembertów ,,6075,2153,3239,2683,6527,9344,14128,7478,5839,7709,8269,4345,77789
Warszawa Toruńska,Koleje Mazowieckie - KM Spółka z o.o.,6826,2119,1643,1874,2025,5520,3931,2265,2379,2606,1784,3157,36129
Warszawa Toruńska,Szybka Kolej Miejska Sp. z o.o.,3246,1438,934,1512,1131,3782,2779,1445,1459,1338,1102,1797,21963
Warszawa Toruńska,PKP INTERCITY Spółka Akcyjna ,,,,,,,,,,13,,,13
Warszawa Toruńska ,,10072,3557,2577,3386,3156,9302,6710,3710,3838,3957,2886,4954,58105
Koluszki,PKP INTERCITY Spółka Akcyjna ,8559,4973,4926,5471,5743,7227,9273,9832,7374,4461,6830,8944,83613
Koluszki,Łódzka Kolej Aglomeracyjna Sp. z o.o.,1155,588,650,1866,1180,1383,3564,1759,1077,1220,1773,2821,19036
Koluszki,POLREGIO Spółka Akcyjna,2018,869,1296,1012,1287,1005,2242,2668,1714,773,1775,1551,18210
Koluszki ,,11732,6430,6872,8349,8210,9615,15079,14259,10165,6454,10378,13316,120859
Pruszków,Koleje Mazowieckie - KM Spółka z o.o.,3361,1496,2288,1454,4432,3432,5768,1740,2287,2715,3856,1546,34375
Pruszków,Szybka Kolej Miejska Sp. z o.o.,1233,552,375,298,858,1332,3227,845,610,843,1578,997,12748
Pruszków,PKP INTERCITY Spółka Akcyjna ,,,,,33,,,19,,,83,,135
Pruszków ,,4594,2048,2663,1752,5323,4764,8995,2604,2897,3558,5517,2543,47258
Opole Główne,PKP INTERCITY Spółka Akcyjna ,17117,6990,9411,6334,9886,14019,14668,12847,14528,12059,16108,16354,150321
Opole Główne,POLREGIO Spółka Akcyjna,7250,2640,3565,3384,4034,4590,4692,3901,7341,5807,8617,4608,60429
Opole Główne ,,24367,9630,12976,9718,13920,18609,19360,16748,21869,17866,24725,20962,210750
Reda,POLREGIO Spółka Akcyjna,2927,987,1407,1151,4287,9255,12488,11076,5833,2064,2125,4738,58338
Reda,PKP Szybka Kolej Miejska w Trójmieście sp. z o.o.,3095,653,1199,973,882,1191,3744,2149,1306,1772,1666,3154,21784
Reda ,,6022,1640,2606,2124,5169,10446,16232,13225,7139,3836,3791,7892,80122
Piastów,Koleje Mazowieckie - KM Spółka z o.o.,3395,1468,2028,1422,4353,3161,5602,1675,2310,2771,3771,1592,33548
Piastów,Szybka Kolej Miejska Sp. z o.o.,1250,540,357,308,858,1363,3262,847,630,865,1564,1080,12924
Piastów ,,4645,2008,2385,1730,5211,4524,8864,2522,2940,3636,5335,2672,46472
Warszawa Ursus Niedźwiadek,Koleje Mazowieckie - KM Spółka z o.o.,3429,1470,2012,1408,4349,3165,5639,1700,2304,2796,3796,1598,33666
Warszawa Ursus Niedźwiadek,Szybka Kolej Miejska Sp. z o.o.,1241,541,356,319,867,1370,3303,879,608,903,1591,1043,13021
Warszawa Ursus Niedźwiadek,PKP INTERCITY Spółka Akcyjna ,,,,,,,63,,,,,,63
Warszawa Ursus Niedźwiadek ,,4670,2011,2368,1727,5216,4535,9005,2579,2912,3699,5387,2641,46750
Warszawa Ursus,Koleje Mazowieckie - KM Spółka z o.o.,3405,1451,1997,1421,4321,3172,5624,1745,2328,2805,3777,1522,33568
Warszawa Ursus,Szybka Kolej Miejska Sp. z o.o.,1228,542,362,311,914,1393,3342,952,650,978,1644,1048,13364
Warszawa Ursus ,,4633,1993,2359,1732,5235,4565,8966,2697,2978,3783,5421,2570,46932
Wołomin,PKP INTERCITY Spółka Akcyjna ,2940,1500,1574,1192,1613,2031,2886,2583,2238,2153,2132,1908,24750
Wołomin,Koleje Mazowieckie - KM Spółka z o.o.,2568,764,2106,962,1173,2355,3059,1787,2398,1516,1685,1066,21439
Wołomin ,,5508,2264,3680,2154,2786,4386,5945,4370,4636,3669,3817,2974,46189
Warszawa Płudy,Koleje Mazowieckie - KM Spółka z o.o.,5982,1806,1619,1660,1833,5109,3439,2086,2100,2065,1469,3963,33131
Warszawa Płudy,Szybka Kolej Miejska Sp. z o.o.,3319,1425,914,1442,1069,3707,2405,1393,1448,1346,1095,2478,22041
Warszawa Płudy ,,9301,3231,2533,3102,2902,8816,5844,3479,3548,3411,2564,6441,55172
Wrocław Mikołajów,PKP INTERCITY Spółka Akcyjna ,5219,1617,2416,1998,2279,4114,4166,4651,4368,2055,2859,3955,39697
Wrocław Mikołajów,Koleje Dolnośląskie S.A.,4659,1663,1675,1856,1836,1329,3781,3045,4371,2130,6101,4267,36713
Wrocław Mikołajów,POLREGIO Spółka Akcyjna,4298,2777,2618,2079,1748,2440,3625,2008,4241,2318,2239,2821,33212
Wrocław Mikołajów,CARGO Master Spółka z o.o.,,,,,,,,,,,,,
Wrocław Mikołajów ,,14176,6057,6709,5933,5863,7883,11572,9704,12980,6503,11199,11043,109622
Kraków Płaszów,PKP INTERCITY Spółka Akcyjna ,10897,4730,5463,4415,4884,6362,8222,6803,7088,7786,6847,7733,81230
Kraków Płaszów,POLREGIO Spółka Akcyjna,3254,1650,1327,1142,1247,874,1193,1609,1689,1748,1402,1079,18214
Kraków Płaszów,Koleje Małopolskie Sp. z o.o.,2716,754,1097,788,600,792,645,677,512,954,458,584,10577
Kraków Płaszów,Koleje Śląskie Spółka z o.o.,,,,,,,,,,,,246,246
Kraków Płaszów,RegioJet a.s.,,,,,,,,,47,,,,47
Kraków Płaszów ,,16867,7134,7887,6345,6731,8028,10060,9089,9336,10488,8707,9642,110314
Otwock,PKP INTERCITY Spółka Akcyjna ,3541,1604,1768,1977,2293,3238,4158,4872,2376,2314,2410,4971,35522
Otwock,Koleje Mazowieckie - KM Spółka z o.o.,2105,1213,1567,1560,2034,3339,6459,1870,1779,1874,2508,1982,28290
Otwock,Szybka Kolej Miejska Sp. z o.o.,1365,570,255,353,1026,1429,2588,613,611,766,1320,1126,12022
Otwock ,,7011,3387,3590,3890,5353,8006,13205,7355,4766,4954,6238,8079,75834
Łódź Fabryczna,PKP INTERCITY Spółka Akcyjna ,2837,1357,1527,1607,1587,2391,2938,2560,1531,1013,1922,3929,25199
Łódź Fabryczna,Łódzka Kolej Aglomeracyjna Sp. z o.o.,1094,513,707,1726,1277,1252,3572,1306,1221,1414,1270,1864,17216
Łódź Fabryczna,POLREGIO Spółka Akcyjna,1702,759,1057,281,862,416,1501,1230,1035,438,1008,878,11167
Łódź Fabryczna,Koleje Wielkopolskie Sp. z o.o.,,,,,,,,,,,,,
Łódź Fabryczna ,,5633,2629,3291,3614,3726,4059,8011,5096,3787,2865,4200,6671,53582
Gdynia Cisowa,PKP Szybka Kolej Miejska w Trójmieście sp. z o.o.,3392,651,1108,988,833,1226,3079,1811,1095,1662,1152,3276,20273
Gdynia Cisowa ,,3392,651,1108,988,833,1226,3079,1811,1095,1662,1152,3276,20273
Wejherowo,PKP INTERCITY Spółka Akcyjna ,6760,2138,1409,2415,2223,5860,8767,8259,2008,2740,3336,5889,51804
Wejherowo,POLREGIO Spółka Akcyjna,2665,586,1116,726,887,2270,4813,3756,885,1218,1159,3467,23548
Wejherowo,PKP Szybka Kolej Miejska w Trójmieście sp. z o.o.,2793,566,1216,897,663,916,3732,1995,1073,1390,1312,2543,19096
Wejherowo,Koleje Mazowieckie - KM Spółka z o.o.,,,,,,165,605,510,11,,,,1291
Wejherowo ,,12218,3290,3741,4038,3773,9211,17917,14520,3977,5348,5807,11899,95739
Częstochowa,PKP INTERCITY Spółka Akcyjna ,6864,3065,3608,4235,4110,4693,6919,6789,5048,3075,5202,5059,58667
Częstochowa,Koleje Śląskie Spółka z o.o.,3929,2328,2290,1863,2827,1565,1168,1174,2544,1471,3087,2727,26973
Częstochowa,POLREGIO Spółka Akcyjna,2205,845,1708,852,851,928,2388,1838,1625,1182,1348,996,16766
Częstochowa,Łódzka Kolej Aglomeracyjna Sp. z o.o.,,,,,,,,,,,,30,30
Częstochowa ,,12998,6238,7606,6950,7788,7186,10475,9801,9217,5728,9637,8812,102436
Piaseczno,Koleje Mazowieckie - KM Spółka z o.o.,5769,2712,2458,3132,3009,4099,7326,4170,3271,2306,1853,2562,42667
Piaseczno,PKP INTERCITY Spółka Akcyjna ,3738,1209,925,1048,1305,1280,3709,3662,1907,1722,1901,3357,25763
Piaseczno,Szybka Kolej Miejska Sp. z o.o.,1945,1037,523,748,394,1244,1360,888,1013,639,460,1329,11580
Piaseczno ,,11452,4958,3906,4928,4708,6623,12395,8720,6191,4667,4214,7248,80010
Kraków Łobzów,POLREGIO Spółka Akcyjna,4206,1809,1447,1360,1418,1407,1209,1970,1832,2519,2703,2443,24323
Kraków Łobzów,Koleje Małopolskie Sp. z o.o.,1623,626,857,503,397,959,779,878,552,845,995,679,9693
Kraków Łobzów,Koleje Śląskie Spółka z o.o.,471,183,113,114,205,214,182,384,242,426,568,405,3507
Kraków Łobzów ,,6300,2618,2417,1977,2020,2580,2170,3232,2626,3790,4266,3527,37523
Kraków Bronowice,POLREGIO Spółka Akcyjna,4433,1875,1583,1389,1451,1420,1231,1930,1866,2604,2736,2511,25029
Kraków Bronowice,Koleje Małopolskie Sp. z o.o.,1620,662,865,505,421,946,800,905,556,898,1012,688,9878
Kraków Bronowice,Koleje Śląskie Spółka z o.o.,485,204,118,126,219,218,202,387,246,452,575,421,3653
Kraków Bronowice ,,6538,2741,2566,2020,2091,2584,2233,3222,2668,3954,4323,3620,38560
Katowice Ligota,Koleje Śląskie Spółka z o.o.,8459,4231,6301,6139,4491,8941,9869,6397,8122,7241,9935,7147,87273
Katowice Ligota,PKP INTERCITY Spółka Akcyjna ,,,,,,,,,348,2526,1710,540,5124
Katowice Ligota ,,8459,4231,6301,6139,4491,8941,9869,6397,8470,9767,11645,7687,92397
Katowice Piotrowice,Koleje Śląskie Spółka z o.o.,8582,4173,6008,6197,4448,8985,9882,5983,8151,7554,10003,7272,87238
Katowice Piotrowice ,,8582,4173,6008,6197,4448,8985,9882,5983,8151,7554,10003,7272,87238
Zielonka,Koleje Mazowieckie - KM Spółka z o.o.,2458,736,1946,1096,1140,2389,3583,1757,2961,1650,2554,1337,23607
Zielonka ,,2458,736,1946,1096,1140,2389,3583,1757,2961,1650,2554,1337,23607
Gdynia Stocznia-Uniwersytet Morski,PKP Szybka Kolej Miejska w Trójmieście sp. z o.o.,3307,652,1351,1025,786,1040,2527,1532,1055,,194,2766,16235
Gdynia Stocznia-Uniwersytet Morski ,,3307,652,1351,1025,786,1040,2527,1532,1055,,194,2766,16235
Łódź Kaliska,PKP INTERCITY Spółka Akcyjna ,3937,1282,1539,1330,1338,2164,3488,4044,2316,1179,2050,1225,25892
Łódź Kaliska,POLREGIO Spółka Akcyjna,1772,633,895,809,968,1066,2149,2375,1648,1120,1697,972,16104
Łódź Kaliska,Łódzka Kolej Aglomeracyjna Sp. z o.o.,1058,617,970,2009,381,1033,999,1963,1303,1064,2824,1039,15260
Łódź Kaliska,Koleje Wielkopolskie Sp. z o.o.,38,32,6,18,42,31,77,207,117,88,72,21,749
Łódź Kaliska ,,6805,2564,3410,4166,2729,4294,6713,8589,5384,3451,6643,3257,58005
Tłuszcz,Koleje Mazowieckie - KM Spółka z o.o.,5584,2070,2135,1687,1574,2239,3007,1825,2042,1926,2668,1243,28000
Tłuszcz,PKP INTERCITY Spółka Akcyjna ,2869,1523,1552,1187,1551,2045,2852,2572,2238,2090,2249,1852,24580
Tłuszcz,POLREGIO Spółka Akcyjna,,,,,,,,,,,,,
Tłuszcz,CARGO Master Spółka z o.o.,,,,,,,,,,,,,
Tłuszcz ,,8453,3593,3687,2874,3125,4284,5859,4397,4280,4016,4917,3095,52580
Radom Główny,PKP INTERCITY Spółka Akcyjna ,6857,2567,2243,2062,3825,2497,5056,5259,3833,3230,4559,5790,47778
Radom Główny,Koleje Mazowieckie - KM Spółka z o.o.,4766,2479,2710,3862,3346,3981,6363,6301,4322,2473,2596,2142,45341
Radom Główny,POLREGIO Spółka Akcyjna,,,6,60,53,9,48,128,117,66,30,31,548
Radom Główny,Łódzka Kolej Aglomeracyjna Sp. z o.o.,,,10,159,19,10,,,9,50,,6,263
Radom Główny ,,11623,5046,4969,6143,7243,6497,11467,11688,8281,5819,7185,7969,93930
Toruń Główny,PKP INTERCITY Spółka Akcyjna ,7106,1724,2381,2210,2151,4205,7914,7846,4019,3344,4292,4982,52174
Toruń Główny,POLREGIO Spółka Akcyjna,3773,1294,1361,1719,1694,1805,2323,3964,2232,3325,2752,1797,28039
Toruń Główny,Arriva RP Sp. z o.o.,2143,1432,1560,716,1993,2345,1626,1055,2100,1175,1955,1337,19437
Toruń Główny,CARGO Master Spółka z o.o.,,,16,22,,,,,,,,,38
Toruń Główny,RAILPOLONIA Sp. z o.o. (przewozy pasażerskie),,,,,,,,,,,,,
Toruń Główny ,,13022,4450,5318,4667,5838,8355,11863,12865,8351,7844,8999,8116,99688
Kutno,PKP INTERCITY Spółka Akcyjna ,13719,7784,8123,7046,6834,11034,12375,15041,9976,8815,9380,11655,121782
Kutno,Koleje Mazowieckie - KM Spółka z o.o.,1270,2440,689,1792,698,1364,1449,1434,901,1128,564,600,14329
Kutno,Łódzka Kolej Aglomeracyjna Sp. z o.o.,605,786,773,1283,682,1012,1329,2136,1049,1045,972,824,12496
Kutno,POLREGIO Spółka Akcyjna,465,327,305,333,478,339,464,1422,484,591,630,441,6279
Kutno,Koleje Wielkopolskie Sp. z o.o.,175,345,270,575,517,851,279,320,302,364,169,402,4569
Kutno,CARGO Master Spółka z o.o.,,,,,10,,,,,,,,10
Kutno ,,16234,11682,10160,11029,9219,14600,15896,20353,12712,11943,11715,13922,159465
Łódź Chojny,PKP INTERCITY Spółka Akcyjna ,5072,2763,2234,2239,2407,3370,5361,7066,5046,2760,4382,3106,45806
Łódź Chojny,Łódzka Kolej Aglomeracyjna Sp. z o.o.,1177,791,930,907,522,782,774,1840,1254,1111,2455,989,13532
Łódź Chojny,POLREGIO Spółka Akcyjna,988,464,605,529,500,419,1110,954,864,648,1055,633,8769
Łódź Chojny,Koleje Wielkopolskie Sp. z o.o.,,,,,,,,,,,,,
Łódź Chojny ,,7237,4018,3769,3675,3429,4571,7245,9860,7164,4519,7892,4728,68107
Łódź Niciarniana,Łódzka Kolej Aglomeracyjna Sp. z o.o.,1129,517,723,1843,1317,1299,3587,1385,1266,1465,1325,1914,17770
Łódź Niciarniana,POLREGIO Spółka Akcyjna,2404,1108,1439,469,1072,525,2134,1474,1282,688,1475,1306,15376
Łódź Niciarniana,PKP INTERCITY Spółka Akcyjna ,,,,18,,,,,,,8,,26
Łódź Niciarniana,Koleje Wielkopolskie Sp. z o.o.,,,,,,,,,,,,,
Łódź Niciarniana ,,3533,1625,2162,2330,2389,1824,5721,2859,2548,2153,2808,3220,33172
Szczecin Dąbie,PKP INTERCITY Spółka Akcyjna ,10200,3543,3428,3698,4272,8023,7389,8484,4662,5001,4961,9001,72662
Szczecin Dąbie,POLREGIO Spółka Akcyjna,5493,2437,3318,2227,3359,4676,3293,3482,4264,3329,4319,4835,45032
Szczecin Dąbie,Koleje Dolnośląskie S.A.,,,,,,14,,11,,,,,25
Szczecin Dąbie ,,15693,5980,6746,5925,7631,12713,10682,11977,8926,8330,9280,13836,117719
Warszawa Falenica,Koleje Mazowieckie - KM Spółka z o.o.,2015,1034,1360,1327,1842,3419,6527,1825,1777,1984,2423,2144,27677
Warszawa Falenica,Szybka Kolej Miejska Sp. z o.o.,1559,517,352,353,961,1544,2786,625,672,828,1340,1183,12720
Warszawa Falenica ,,3574,1551,1712,1680,2803,4963,9313,2450,2449,2812,3763,3327,40397
Warszawa Wawer,Koleje Mazowieckie - KM Spółka z o.o.,1924,990,1316,1373,1817,3697,6751,1903,1709,2139,2715,2071,28405
Warszawa Wawer,Szybka Kolej Miejska Sp. z o.o.,1490,531,470,303,941,1802,2857,727,609,987,1427,1087,13231
Warszawa Wawer ,,3414,1521,1786,1676,2758,5499,9608,2630,2318,3126,4142,3158,41636
Warszawa Anin,Koleje Mazowieckie - KM Spółka z o.o.,2023,1018,1367,1380,1844,3635,6753,1913,1786,2148,2676,2234,28777
Warszawa Anin,Szybka Kolej Miejska Sp. z o.o.,1604,523,507,392,1013,1796,2871,740,696,999,1449,1166,13756
Warszawa Anin ,,3627,1541,1874,1772,2857,5431,9624,2653,2482,3147,4125,3400,42533
Warszawa Międzylesie,Koleje Mazowieckie - KM Spółka z o.o.,2054,1006,1385,1363,1841,3613,6717,1882,1786,2120,2661,2243,28671
Warszawa Międzylesie,Szybka Kolej Miejska Sp. z o.o.,1607,534,485,392,1028,1572,2849,706,668,973,1446,1185,13445
Warszawa Międzylesie ,,3661,1540,1870,1755,2869,5185,9566,2588,2454,3093,4107,3428,42116
Warszawa Radość,Koleje Mazowieckie - KM Spółka z o.o.,2043,985,1410,1327,1805,3628,6720,1892,1792,2082,2616,2250,28550
Warszawa Radość,Szybka Kolej Miejska Sp. z o.o.,1579,521,429,360,1027,1573,2863,684,656,912,1447,1190,13241
Warszawa Radość ,,3622,1506,1839,1687,2832,5201,9583,2576,2448,2994,4063,3440,41791
Warszawa Miedzeszyn,Koleje Mazowieckie - KM Spółka z o.o.,2065,1006,1400,1323,1825,3668,6699,1894,1774,2085,2623,2238,28600
Warszawa Miedzeszyn,Szybka Kolej Miejska Sp. z o.o.,1614,526,405,388,1056,1583,2893,682,661,898,1458,1215,13379
Warszawa Miedzeszyn ,,3679,1532,1805,1711,2881,5251,9592,2576,2435,2983,4081,3453,41979
Wołomin Słoneczna,Koleje Mazowieckie - KM Spółka z o.o.,2264,705,1994,1032,1034,2156,2244,1787,2316,1552,1452,877,19413
Wołomin Słoneczna ,,2264,705,1994,1032,1034,2156,2244,1787,2316,1552,1452,877,19413
Kobyłka Ossów,Koleje Mazowieckie - KM Spółka z o.o.,2103,673,1912,959,1023,2270,2255,1677,2543,1433,1343,902,19093
Kobyłka Ossów ,,2103,673,1912,959,1023,2270,2255,1677,2543,1433,1343,902,19093
Kobyłka,Koleje Mazowieckie - KM Spółka z o.o.,2170,677,1953,943,1034,2236,2255,1645,2403,1446,1350,908,19020
Kobyłka ,,2170,677,1953,943,1034,2236,2255,1645,2403,1446,1350,908,19020
Michalin,Koleje Mazowieckie - KM Spółka z o.o.,2182,1196,1427,1437,1961,3512,6503,1895,1790,2034,2495,2335,28767
Michalin,Szybka Kolej Miejska Sp. z o.o.,1637,592,344,378,1040,1558,2729,670,728,887,1383,1225,13171
Michalin ,,3819,1788,1771,1815,3001,5070,9232,2565,2518,2921,3878,3560,41938
Otwock Świder,Koleje Mazowieckie - KM Spółka z o.o.,2144,1274,1586,1537,2118,3537,6550,1906,1802,1962,2587,2370,29373
Otwock Świder,Szybka Kolej Miejska Sp. z o.o.,1464,599,273,375,1065,1496,2612,656,664,803,1311,1160,12478
Otwock Świder ,,3608,1873,1859,1912,3183,5033,9162,2562,2466,2765,3898,3530,41851
Józefów,Koleje Mazowieckie - KM Spółka z o.o.,2198,1251,1528,1500,2094,3561,6553,1930,1822,2017,2573,2380,29407
Józefów,Szybka Kolej Miejska Sp. z o.o.,1522,591,313,376,1062,1520,2671,639,687,828,1356,1184,12749
Józefów ,,3720,1842,1841,1876,3156,5081,9224,2569,2509,2845,3929,3564,42156
Tychy,Koleje Śląskie Spółka z o.o.,7494,3185,5081,5036,3601,7539,7421,4120,6045,6504,7258,6702,69986
Tychy,PKP INTERCITY Spółka Akcyjna ,5353,2208,2835,3024,3480,4483,3434,3653,3168,3770,5348,4955,45711
Tychy ,,12847,5393,7916,8060,7081,12022,10855,7773,9213,10274,12606,11657,115697
Warszawa Gocławek,Koleje Mazowieckie - KM Spółka z o.o.,1998,968,1342,1460,1780,3338,6931,1899,1706,2134,2856,2080,28492
Warszawa Gocławek,Szybka Kolej Miejska Sp. z o.o.,1483,576,502,318,943,1663,3003,726,536,973,1600,1089,13412
Warszawa Gocławek ,,3481,1544,1844,1778,2723,5001,9934,2625,2242,3107,4456,3169,41904
Warszawa Olszynka Grochowska,Koleje Mazowieckie - KM Spółka z o.o.,1990,1007,1377,1449,1750,3561,7083,1865,1735,2137,2881,2062,28897
Warszawa Olszynka Grochowska,Szybka Kolej Miejska Sp. z o.o.,1432,543,492,277,875,1675,3073,723,524,989,1638,1086,13327
Warszawa Olszynka Grochowska ,,3422,1550,1869,1726,2625,5236,10156,2588,2259,3126,4519,3148,42224
Warszawa Grochów,Koleje Mazowieckie - KM Spółka z o.o.,1972,1006,1389,1435,1699,3584,7297,1910,1778,2185,2884,2052,29191
Warszawa Grochów,Szybka Kolej Miejska Sp. z o.o.,1409,570,492,308,840,1679,3188,754,523,999,1677,1096,13535
Warszawa Grochów ,,3381,1576,1881,1743,2539,5263,10485,2664,2301,3184,4561,3148,42726
Nowy Dwór Mazowiecki,PKP INTERCITY Spółka Akcyjna ,9533,3240,2354,3390,3764,5859,8174,7869,4992,3435,4178,9022,65810
Nowy Dwór Mazowiecki,Koleje Mazowieckie - KM Spółka z o.o.,10141,4026,2637,2303,2905,6113,4852,3228,2513,2599,2298,4719,48334
Nowy Dwór Mazowiecki ,,19674,7266,4991,5693,6669,11972,13026,11097,7505,6034,6476,13741,114144
Żyrardów,PKP INTERCITY Spółka Akcyjna ,9079,5212,4937,5187,5410,6961,8858,9862,7221,4430,6579,8749,82485
Żyrardów,Koleje Mazowieckie - KM Spółka z o.o.,2445,1003,1840,1228,3969,2347,3665,1132,1147,1650,3072,1059,24557
Żyrardów,POLREGIO Spółka Akcyjna,762,283,515,419,628,417,780,890,908,665,961,663,7891
Żyrardów ,,12286,6498,7292,6834,10007,9725,13303,11884,9276,6745,10612,10471,114933
Legnica,Koleje Dolnośląskie S.A.,10543,3585,4480,4448,7083,3764,8594,3915,9842,7251,6868,6039,76412
Legnica,PKP INTERCITY Spółka Akcyjna ,3617,2320,2534,1522,2891,3205,3113,2814,2692,3354,3135,3237,34434
Legnica ,,14160,5905,7014,5970,9974,6969,11707,6729,12534,10605,10003,9276,110846
Sulejówek Miłosna,Koleje Mazowieckie - KM Spółka z o.o.,3650,1416,2066,2348,5660,5540,6962,4726,3260,6419,6839,2543,51429
Sulejówek Miłosna,Szybka Kolej Miejska Sp. z o.o.,1778,457,794,73,1099,2878,3998,1463,1457,734,,347,15078
Sulejówek Miłosna,PKP INTERCITY Spółka Akcyjna ,,,,89,47,,,,,,,,136
Sulejówek Miłosna ,,5428,1873,2860,2510,6806,8418,10960,6189,4717,7153,6839,2890,66643
Poznań Garbary,Koleje Wielkopolskie Sp. z o.o.,3218,1629,2580,1381,2031,11755,3001,2346,2390,3648,2905,3059,39943
Poznań Garbary,POLREGIO Spółka Akcyjna,1254,464,522,571,464,1826,517,528,767,1333,944,506,9696
Poznań Garbary,PKP INTERCITY Spółka Akcyjna ,,28,,,,,,,,,,,28
Poznań Garbary,RAILPOLONIA Sp. z o.o. (przewozy pasażerskie),,,,,,,,,,,,12,12
Poznań Garbary,CARGO Master Spółka z o.o.,,,,,,,,,,,,,
Poznań Garbary ,,4472,2121,3102,1952,2495,13581,3518,2874,3157,4981,3849,3577,49679
Poznań Wschód,Koleje Wielkopolskie Sp. z o.o.,3135,1653,2564,1402,2106,10105,2996,2287,2349,3629,2918,2920,38064
Poznań Wschód,POLREGIO Spółka Akcyjna,1213,470,535,580,465,1712,546,517,751,1288,938,482,9497
Poznań Wschód,RAILPOLONIA Sp. z o.o. (przewozy pasażerskie),,,,,,,,,,,,23,23
Poznań Wschód,CARGO Master Spółka z o.o.,,,,,,,,,,,,,
Poznań Wschód,PKP INTERCITY Spółka Akcyjna ,,,,,,,,,,,,,
Poznań Wschód ,,4348,2123,3099,1982,2571,11817,3542,2804,3100,4917,3856,3425,47584
Malbork,PKP INTERCITY Spółka Akcyjna ,14387,5049,3964,5642,5944,10053,15687,16252,7641,6497,8724,11758,111598
Malbork,POLREGIO Spółka Akcyjna,4064,1219,1760,1311,1347,2161,5242,4554,1896,2292,1990,2530,30366
Malbork,Koleje Mazowieckie - KM Spółka z o.o.,,,,,,182,777,682,21,,,,1662
Malbork,CARGO Master Spółka z o.o.,,,,,,,,,,,,,
Malbork ,,18451,6268,5724,6953,7291,12396,21706,21488,9558,8789,10714,14288,143626
Warszawa Dawidy,Koleje Mazowieckie - KM Spółka z o.o.,4266,2117,1856,2897,2668,4019,6593,3515,2824,1959,1757,2136,36607
Warszawa Dawidy,Szybka Kolej Miejska Sp. z o.o.,2026,1080,579,828,533,1435,1424,975,1102,759,510,1379,12630
Warszawa Dawidy ,,6292,3197,2435,3725,3201,5454,8017,4490,3926,2718,2267,3515,49237
Warszawa Jeziorki,Koleje Mazowieckie - KM Spółka z o.o.,4307,2192,1893,2912,2679,3982,6629,3473,2820,1969,1734,2170,36760
Warszawa Jeziorki,Szybka Kolej Miejska Sp. z o.o.,2018,1079,567,823,500,1420,1414,984,1108,731,509,1388,12541
Warszawa Jeziorki ,,6325,3271,2460,3735,3179,5402,8043,4457,3928,2700,2243,3558,49301
Nowa Iwiczna,Koleje Mazowieckie - KM Spółka z o.o.,4325,2292,1899,2901,2621,3932,6616,3438,2736,1879,1657,2166,36462
Nowa Iwiczna,Szybka Kolej Miejska Sp. z o.o.,2012,1069,555,800,476,1391,1417,968,1077,705,494,1361,12325
Nowa Iwiczna ,,6337,3361,2454,3701,3097,5323,8033,4406,3813,2584,2151,3527,48787
Warszawa Okęcie,Koleje Mazowieckie - KM Spółka z o.o.,4139,2143,1839,2837,2702,4092,6202,3560,2803,1992,1752,2018,36079
Warszawa Okęcie,Szybka Kolej Miejska Sp. z o.o.,2062,1114,580,846,587,1459,1463,983,1080,760,529,1362,12825
Warszawa Okęcie ,,6201,3257,2419,3683,3289,5551,7665,4543,3883,2752,2281,3380,48904
Zgierz,PKP INTERCITY Spółka Akcyjna ,3758,1168,1318,1408,1207,1604,3039,3784,2225,1148,2051,1314,24024
Zgierz,Łódzka Kolej Aglomeracyjna Sp. z o.o.,525,578,893,1565,431,660,794,1551,898,1121,2645,1006,12667
Zgierz,POLREGIO Spółka Akcyjna,110,46,117,93,32,158,200,561,241,88,178,95,1919
Zgierz ,,4393,1792,2328,3066,1670,2422,4033,5896,3364,2357,4874,2415,38610
Katowice Zawodzie,Koleje Śląskie Spółka z o.o.,6354,2830,2379,1749,3787,3165,2515,2827,3828,3237,5196,4244,42111
Katowice Zawodzie,POLREGIO Spółka Akcyjna,4274,1209,1063,1224,1365,1601,1067,1508,1147,1724,2220,1857,20259
Katowice Zawodzie,PKP INTERCITY Spółka Akcyjna ,,,,,,,,,,8,,,8
Katowice Zawodzie ,,10628,4039,3442,2973,5152,4766,3582,4335,4975,4969,7416,6101,62378
Katowice Szopienice Południowe,Koleje Śląskie Spółka z o.o.,6390,2267,2405,1847,4014,3321,2732,2733,3838,3112,5237,4426,42322
Katowice Szopienice Południowe,POLREGIO Spółka Akcyjna,4370,1247,1126,1280,1485,1731,1132,1561,1155,1498,2242,2067,20894
Katowice Szopienice Południowe,PKP INTERCITY Spółka Akcyjna ,,,,,,,,,,8,70,,78
Katowice Szopienice Południowe ,,10760,3514,3531,3127,5499,5052,3864,4294,4993,4618,7549,6493,63294
Zabrze,PKP INTERCITY Spółka Akcyjna ,16394,7473,8742,6814,8257,14349,14241,10808,11927,8039,10857,14138,132039
Zabrze,Koleje Śląskie Spółka z o.o.,3413,2329,1342,881,2153,2140,1418,1766,2798,2453,3306,3560,27559
Zabrze ,,19807,9802,10084,7695,10410,16489,15659,12574,14725,10492,14163,17698,159598
Ząbki,Koleje Mazowieckie - KM Spółka z o.o.,1862,600,1532,940,736,2061,1022,1230,2516,927,723,663,14812
Ząbki ,,1862,600,1532,940,736,2061,1022,1230,2516,927,723,663,14812
Warszawa Zacisze Wilno,Koleje Mazowieckie - KM Spółka z o.o.,1828,565,1516,999,686,2033,1056,1271,2479,897,657,692,14679
Warszawa Zacisze Wilno ,,1828,565,1516,999,686,2033,1056,1271,2479,897,657,692,14679
Warszawa Wileńska,Koleje Mazowieckie - KM Spółka z o.o.,1815,455,1461,1004,601,2090,1129,1368,2350,849,564,682,14368
Warszawa Wileńska ,,1815,455,1461,1004,601,2090,1129,1368,2350,849,564,682,14368
Katowice Brynów,Koleje Śląskie Spółka z o.o.,6138,3045,4198,3928,2621,6248,7769,4388,5415,5203,7258,5499,61710
Katowice Brynów ,,6138,3045,4198,3928,2621,6248,7769,4388,5415,5203,7258,5499,61710
Warszawa Praga,Szybka Kolej Miejska Sp. z o.o.,3268,1440,976,1549,1128,3868,2733,1455,1486,1312,1128,1814,22157
Warszawa Praga,Koleje Mazowieckie - KM Spółka z o.o.,3846,866,913,1285,1065,2498,1347,1339,1005,1053,1200,1268,17685
Warszawa Praga,PKP INTERCITY Spółka Akcyjna ,,,,,,,,,,13,,,13
Warszawa Praga ,,7114,2306,1889,2834,2193,6366,4080,2794,2491,2378,2328,3082,39855
Leszno,PKP INTERCITY Spółka Akcyjna ,11028,3259,4497,2675,4453,9008,8828,6081,5621,4960,6094,10066,76570
Leszno,POLREGIO Spółka Akcyjna,1826,1749,1479,1814,1220,2521,2621,1386,2175,3416,2312,2301,24820
Leszno,Koleje Wielkopolskie Sp. z o.o.,1016,1727,965,500,1167,1273,823,897,1402,1235,1619,1907,14531
Leszno,CARGO Master Spółka z o.o.,,,,,,,,,,,,,
Leszno,Koleje Dolnośląskie S.A.,,,,,,,,,,,,,
Leszno ,,13870,6735,6941,4989,6840,12802,12272,8364,9198,9611,10025,14274,115921
Warszawa Żerań,Szybka Kolej Miejska Sp. z o.o.,3258,1412,911,1495,1179,3731,2365,1418,1434,1390,1115,1772,21480
Warszawa Żerań,Koleje Mazowieckie - KM Spółka z o.o.,3773,864,939,1228,1073,2419,1383,1369,956,948,1101,1301,17354
Warszawa Żerań,PKP INTERCITY Spółka Akcyjna ,,,,,,,,,,13,,,13
Warszawa Żerań ,,7031,2276,1850,2723,2252,6150,3748,2787,2390,2351,2216,3073,38847
Warszawa Choszczówka,Szybka Kolej Miejska Sp. z o.o.,3338,1426,915,1391,1104,3703,2400,1378,1452,1371,1089,2469,22036
Warszawa Choszczówka,Koleje Mazowieckie - KM Spółka z o.o.,3789,917,1001,1197,1106,2262,1459,1354,907,889,1098,1899,17878
Warszawa Choszczówka ,,7127,2343,1916,2588,2210,5965,3859,2732,2359,2260,2187,4368,39914
Warszawa Wesoła,Koleje Mazowieckie - KM Spółka z o.o.,3596,1365,2067,2247,5530,5939,7244,4804,3515,6057,6125,2448,50937
Warszawa Wesoła,Szybka Kolej Miejska Sp. z o.o.,1885,550,828,77,1105,2812,4048,1459,1409,692,,379,15244
Warszawa Wesoła ,,5481,1915,2895,2324,6635,8751,11292,6263,4924,6749,6125,2827,66181
Lublin Główny,PKP INTERCITY Spółka Akcyjna ,7602,4143,3805,3020,4877,4885,7221,7025,6410,5230,6407,7618,68243
Lublin Główny,POLREGIO Spółka Akcyjna,2542,990,1779,965,1435,2435,4594,3557,2042,1962,2682,2089,27072
Lublin Główny,SKPL Cargo Sp. z o.o.  (przewozy pasażerskie),415,23,160,168,423,749,471,1536,582,316,89,37,4969
Lublin Główny ,,10559,5156,5744,4153,6735,8069,12286,12118,9034,7508,9178,9744,100284
Warszawa Wola Grzybowska,Koleje Mazowieckie - KM Spółka z o.o.,3592,1337,2080,2028,5521,5935,7147,4719,3421,5942,5903,2466,50091
Warszawa Wola Grzybowska,Szybka Kolej Miejska Sp. z o.o.,1842,522,808,69,1110,2831,3989,1457,1390,702,,375,15095
Warszawa Wola Grzybowska ,,5434,1859,2888,2097,6631,8766,11136,6176,4811,6644,5903,2841,65186
Sulejówek,Koleje Mazowieckie - KM Spółka z o.o.,3579,1313,2068,2007,5597,5889,7108,4718,3387,5875,5894,2454,49889
Sulejówek,Szybka Kolej Miejska Sp. z o.o.,1837,502,820,73,1108,2865,4013,1452,1458,723,,348,15199
Sulejówek ,,5416,1815,2888,2080,6705,8754,11121,6170,4845,6598,5894,2802,65088
Warszawa Lotnisko Chopina,Szybka Kolej Miejska Sp. z o.o.,1950,1424,690,733,1143,3751,5248,1722,2045,1351,1233,2114,23404
Warszawa Lotnisko Chopina,Koleje Mazowieckie - KM Spółka z o.o.,2784,1299,882,639,978,1393,1945,716,1165,898,441,1940,15080
Warszawa Lotnisko Chopina ,,4734,2723,1572,1372,2121,5144,7193,2438,3210,2249,1674,4054,38484
Zielona Góra Główna,POLREGIO Spółka Akcyjna,10183,7395,5619,7014,8395,6612,5900,6382,11132,11576,11843,13876,105927
Zielona Góra Główna,PKP INTERCITY Spółka Akcyjna ,6862,3166,4062,3664,5279,5557,5390,4596,4496,5265,4604,6518,59459
Zielona Góra Główna,Koleje Dolnośląskie S.A.,,,514,620,1838,885,569,326,1499,926,1105,1825,10107
Zielona Góra Główna ,,17045,10561,10195,11298,15512,13054,11859,11304,17127,17767,17552,22219,175493
Krzeszowice,PKP INTERCITY Spółka Akcyjna ,10835,5084,4772,4064,4144,7269,7186,6170,7981,8362,8340,9601,83808
Krzeszowice,POLREGIO Spółka Akcyjna,4516,1988,1662,1440,1274,1469,1206,2278,1736,3243,2904,2654,26370
Krzeszowice,Koleje Małopolskie Sp. z o.o.,1174,471,461,222,258,394,461,643,422,650,746,475,6377
Krzeszowice,Koleje Śląskie Spółka z o.o.,638,174,195,211,328,222,259,315,270,517,775,406,4310
Krzeszowice ,,17163,7717,7090,5937,6004,9354,9112,9406,10409,12772,12765,13136,120865
Rumia Janowo,PKP Szybka Kolej Miejska w Trójmieście sp. z o.o.,3017,666,1226,956,921,1234,3139,1860,1215,1605,1237,3279,20355
Rumia Janowo ,,3017,666,1226,956,921,1234,3139,1860,1215,1605,1237,3279,20355
Trzebinia,PKP INTERCITY Spółka Akcyjna ,10711,5027,4713,3982,4101,7197,7211,6424,7982,8331,8199,9645,83523
Trzebinia,POLREGIO Spółka Akcyjna,4462,2096,1882,1471,1407,1536,1229,2475,1800,3318,2936,2584,27196
Trzebinia,Koleje Małopolskie Sp. z o.o.,1184,474,480,226,315,379,432,603,421,757,631,368,6270
Trzebinia,Koleje Śląskie Spółka z o.o.,517,164,173,220,315,243,289,324,281,558,777,382,4243
Trzebinia ,,16874,7761,7248,5899,6138,9355,9161,9826,10484,12964,12543,12979,121232
Zawiercie,PKP INTERCITY Spółka Akcyjna ,11121,5540,5350,5325,6580,7305,7344,7633,6994,5978,9038,8817,87025
Zawiercie,Koleje Śląskie Spółka z o.o.,4136,2648,2551,2263,3991,2308,1664,1530,3343,2002,4085,3466,33987
Zawiercie ,,15257,8188,7901,7588,10571,9613,9008,9163,10337,7980,13123,12283,121012
Tarnów,PKP INTERCITY Spółka Akcyjna ,12174,4863,5414,4095,5487,6912,8514,7892,8275,8186,7482,8555,87849
Tarnów,POLREGIO Spółka Akcyjna,4895,1447,1963,842,1175,1102,2048,2481,2038,1667,1645,1297,22600
Tarnów,Koleje Małopolskie Sp. z o.o.,2238,951,1015,400,411,288,592,523,567,1058,859,515,9417
Tarnów,PKP CARGO S.A. w restrukturyzacji,,,,,,,,,,,,,
Tarnów ,,19307,7261,8392,5337,7073,8302,11154,10896,10880,10911,9986,10367,119866
Warszawa ZOO,Koleje Mazowieckie - KM Spółka z o.o.,5534,1389,1119,1669,1685,4002,2017,1578,1272,1329,1432,2256,25282
Warszawa ZOO,Szybka Kolej Miejska Sp. z o.o.,3352,1471,907,1566,1126,2068,1084,523,744,571,502,1278,15192
Warszawa ZOO ,,8886,2860,2026,3235,2811,6070,3101,2101,2016,1900,1934,3534,40474
Oświęcim,PKP INTERCITY Spółka Akcyjna ,5118,2442,1441,1208,1017,2945,3194,4044,2241,3015,3642,2720,33027
Oświęcim,Koleje Małopolskie Sp. z o.o.,1880,670,1133,689,587,954,980,1408,1224,1069,879,701,12174
Oświęcim,POLREGIO Spółka Akcyjna,1640,703,307,334,399,292,266,701,219,785,560,699,6905
Oświęcim,Koleje Śląskie Spółka z o.o.,1112,255,276,164,238,494,477,437,369,539,697,310,5368
Oświęcim,LEO Express Global a.s.,64,52,69,65,37,97,31,14,94,41,30,471,1065
Oświęcim,Leo Express s.r.o.,,,,,,,,,,,,29,29
Oświęcim ,,9814,4122,3226,2460,2278,4782,4948,6604,4147,5449,5808,4930,58568
Grodzisk Mazowiecki,Koleje Mazowieckie - KM Spółka z o.o.,3645,1579,2711,1689,4541,3688,6117,1839,2154,2811,4088,1622,36484
Grodzisk Mazowiecki,PKP INTERCITY Spółka Akcyjna ,1592,602,705,829,1632,1419,654,1628,,,83,673,9817
Grodzisk Mazowiecki,POLREGIO Spółka Akcyjna,767,303,441,345,606,566,801,885,,,,252,4966
Grodzisk Mazowiecki ,,6004,2484,3857,2863,6779,5673,7572,4352,2154,2811,4171,2547,51267
Wejherowo Śmiechowo,PKP Szybka Kolej Miejska w Trójmieście sp. z o.o.,3191,706,1318,1057,871,1147,3918,2210,1283,1599,1685,3002,21987
Wejherowo Śmiechowo ,,3191,706,1318,1057,871,1147,3918,2210,1283,1599,1685,3002,21987
Wejherowo-Nanice,PKP Szybka Kolej Miejska w Trójmieście sp. z o.o.,3138,670,1143,1025,815,1090,3845,2115,1190,1502,1536,2846,20915
Wejherowo-Nanice ,,3138,670,1143,1025,815,1090,3845,2115,1190,1502,1536,2846,20915
Reda Pieleszewo,PKP Szybka Kolej Miejska w Trójmieście sp. z o.o.,3325,738,1367,1115,956,1211,3974,2269,1386,1719,1761,3115,22936
Reda Pieleszewo ,,3325,738,1367,1115,956,1211,3974,2269,1386,1719,1761,3115,22936
Kraków Bieżanów,POLREGIO Spółka Akcyjna,2087,1178,932,628,961,655,920,1110,1461,1270,888,701,12791
Kraków Bieżanów,Koleje Małopolskie Sp. z o.o.,2566,771,1020,716,522,752,658,638,516,1005,462,576,10202
Kraków Bieżanów ,,4653,1949,1952,1344,1483,1407,1578,1748,1977,2275,1350,1277,22993
Łowicz Główny,PKP INTERCITY Spółka Akcyjna ,5524,2671,2683,3312,3892,4711,5162,7249,5399,4063,4304,7183,56153
Łowicz Główny,Koleje Mazowieckie - KM Spółka z o.o.,950,729,392,883,547,1460,4258,1960,1205,1341,1663,935,16323
Łowicz Główny,Łódzka Kolej Aglomeracyjna Sp. z o.o.,417,115,248,939,346,457,435,405,422,630,1267,583,6264
Łowicz Główny,CARGO Master Spółka z o.o.,,,,,11,,,,,,,,11
Łowicz Główny ,,6891,3515,3323,5134,4796,6628,9855,9614,7026,6034,7234,8701,78751
Wrocław Nadodrze,Koleje Dolnośląskie S.A.,2714,1268,1177,1446,1244,966,2399,2056,3402,1455,2307,2415,22849
Wrocław Nadodrze,POLREGIO Spółka Akcyjna,2347,1352,1561,1294,1083,848,1804,959,2511,1206,1071,1379,17415
Wrocław Nadodrze,PKP INTERCITY Spółka Akcyjna ,1303,952,765,947,934,768,1183,2405,2363,1026,1286,1381,15313
Wrocław Nadodrze,CARGO Master Spółka z o.o.,,,,,,,,,,,,,
Wrocław Nadodrze,LEO Express Global a.s.,,,,,,,,,,,,,
Wrocław Nadodrze ,,6364,3572,3503,3687,3261,2582,5386,5420,8276,3687,4664,5175,55577
Łódź Pabianicka,Łódzka Kolej Aglomeracyjna Sp. z o.o.,1133,790,935,921,463,850,773,1794,1211,1077,2664,1017,13628
Łódź Pabianicka,POLREGIO Spółka Akcyjna,1035,482,592,526,498,404,1074,914,855,667,1088,723,8858
Łódź Pabianicka,PKP INTERCITY Spółka Akcyjna ,,,229,193,320,559,429,792,407,127,1339,351,4746
Łódź Pabianicka,Koleje Wielkopolskie Sp. z o.o.,,,,,,,,,,,,,
Łódź Pabianicka ,,2168,1272,1756,1640,1281,1813,2276,3500,2473,1871,5091,2091,27232
Łódź Andrzejów,POLREGIO Spółka Akcyjna,2065,861,1261,638,1221,824,2355,2441,1690,786,1709,1423,17274
Łódź Andrzejów,Łódzka Kolej Aglomeracyjna Sp. z o.o.,1175,390,539,1866,1282,1120,3659,1458,1003,965,1565,1853,16875
Łódź Andrzejów ,,3240,1251,1800,2504,2503,1944,6014,3899,2693,1751,3274,3276,34149
Sosnowiec Główny,PKP INTERCITY Spółka Akcyjna ,10250,4788,5204,4967,5376,6468,6249,6547,5051,4960,7604,7602,75066
Sosnowiec Główny,Koleje Śląskie Spółka z o.o.,3971,1544,1677,1466,3079,2587,1845,1975,3017,2588,4422,4145,32316
Sosnowiec Główny,POLREGIO Spółka Akcyjna,112,,,,,,,,395,244,644,455,1850
Sosnowiec Główny ,,14333,6332,6881,6433,8455,9055,8094,8522,8463,7792,12670,12202,109232
Skarżysko-Kamienna,PKP INTERCITY Spółka Akcyjna ,6662,2372,1981,1856,3340,2095,4562,5030,3718,2863,4197,5230,43906
Skarżysko-Kamienna,POLREGIO Spółka Akcyjna,3316,785,819,777,1564,1126,2067,2381,1409,1379,2470,1724,19817
Skarżysko-Kamienna,Koleje Mazowieckie - KM Spółka z o.o.,1805,544,607,958,624,635,1180,1154,731,405,446,562,9651
Skarżysko-Kamienna,Łódzka Kolej Aglomeracyjna Sp. z o.o.,93,41,52,397,206,256,383,299,83,49,151,157,2167
Skarżysko-Kamienna ,,11876,3742,3459,3988,5734,4112,8192,8864,5941,4696,7264,7673,75541
Rzeszów Zachodni,POLREGIO Spółka Akcyjna,3850,1520,2669,1018,1054,1064,1984,1502,1183,1758,1232,1767,20601
Rzeszów Zachodni,PKP INTERCITY Spółka Akcyjna ,681,404,475,303,340,539,625,1195,457,816,504,242,6581
Rzeszów Zachodni ,,4531,1924,3144,1321,1394,1603,2609,2697,1640,2574,1736,2009,27182
Gdańsk Strzyża,POLREGIO Spółka Akcyjna,1278,470,1889,615,704,855,2530,1809,1733,1132,967,2278,16260
Gdańsk Strzyża ,,1278,470,1889,615,704,855,2530,1809,1733,1132,967,2278,16260
Gdańsk Jasień,POLREGIO Spółka Akcyjna,1302,467,1926,633,726,909,2436,1840,1744,1146,929,2302,16360
Gdańsk Jasień ,,1302,467,1926,633,726,909,2436,1840,1744,1146,929,2302,16360
Gdańsk Kiełpinek,POLREGIO Spółka Akcyjna,1303,455,1931,638,706,928,2377,1844,1754,1106,920,2273,16235
Gdańsk Kiełpinek ,,1303,455,1931,638,706,928,2377,1844,1754,1106,920,2273,16235
Kielce Główne,PKP INTERCITY Spółka Akcyjna ,6350,2262,1984,1652,3044,2255,4530,4781,3864,3156,3871,5676,43425
Kielce Główne,POLREGIO Spółka Akcyjna,5841,1695,2136,1449,1980,2041,5260,3027,2553,2576,3449,1829,33836
Kielce Główne,Łódzka Kolej Aglomeracyjna Sp. z o.o.,,,,,,,,,,,,51,51
Kielce Główne ,,12191,3957,4120,3101,5024,4296,9790,7808,6417,5732,7320,7556,77312
Gdańsk Brętowo,POLREGIO Spółka Akcyjna,1254,417,1885,593,714,874,2517,1803,1729,1130,922,2245,16083
Gdańsk Brętowo ,,1254,417,1885,593,714,874,2517,1803,1729,1130,922,2245,16083
Gdańsk Niedźwiednik,POLREGIO Spółka Akcyjna,1256,440,1877,582,701,860,2543,1823,1725,1131,932,2271,16141
Gdańsk Niedźwiednik ,,1256,440,1877,582,701,860,2543,1823,1725,1131,932,2271,16141
Gdańsk Stocznia,PKP Szybka Kolej Miejska w Trójmieście sp. z o.o.,2879,579,1320,802,516,413,1565,,,,,,8074
Gdańsk Stocznia ,,2879,579,1320,802,516,413,1565,,,,,,8074
Olsztyn Główny,PKP INTERCITY Spółka Akcyjna ,6857,1753,1912,2379,2531,4963,5876,5349,2027,2588,4159,4903,45297
Olsztyn Główny,POLREGIO Spółka Akcyjna,5541,2188,1502,1539,1205,1731,2864,2764,1962,2493,2817,1677,28283
Olsztyn Główny ,,12398,3941,3414,3918,3736,6694,8740,8113,3989,5081,6976,6580,73580
Siedlce,Koleje Mazowieckie - KM Spółka z o.o.,2668,1581,1303,2126,3587,5064,6420,5896,3564,6255,6223,2657,47344
Siedlce,PKP INTERCITY Spółka Akcyjna ,2128,971,1624,909,1710,1414,1404,1810,1588,2571,3377,2194,21700
Siedlce,POLREGIO Spółka Akcyjna,410,177,102,126,219,318,453,414,180,555,506,360,3820
Siedlce ,,5206,2729,3029,3161,5516,6796,8277,8120,5332,9381,10106,5211,72864
Wrocław Muchobór,Koleje Dolnośląskie S.A.,11108,4014,4462,3682,7104,3514,7835,3359,10346,6295,7011,6236,74966
Wrocław Muchobór,POLREGIO Spółka Akcyjna,,,223,609,1020,311,408,391,1549,1012,950,205,6678
Wrocław Muchobór ,,11108,4014,4685,4291,8124,3825,8243,3750,11895,7307,7961,6441,81644
Kraków Prokocim,Koleje Małopolskie Sp. z o.o.,2508,779,1054,729,504,770,671,635,480,859,400,567,9956
Kraków Prokocim,POLREGIO Spółka Akcyjna,1176,731,615,316,522,409,544,698,716,897,480,548,7652
Kraków Prokocim ,,3684,1510,1669,1045,1026,1179,1215,1333,1196,1756,880,1115,17608
Zbąszynek,POLREGIO Spółka Akcyjna,8372,5753,7081,5014,5984,6372,5458,6542,5805,5667,6743,6677,75468
Zbąszynek,PKP INTERCITY Spółka Akcyjna ,7356,4940,6078,5010,4408,9527,5581,7022,5621,7037,4797,6237,73614
Zbąszynek,Koleje Wielkopolskie Sp. z o.o.,1944,398,982,448,801,1922,1331,1267,760,824,1081,980,12738
Zbąszynek,CARGO Master Spółka z o.o.,,,,,,,,,,,,,
Zbąszynek ,,17672,11091,14141,10472,11193,17821,12370,14831,12186,13528,12621,13894,161820
Mińsk Mazowiecki,Koleje Mazowieckie - KM Spółka z o.o.,3593,1548,2009,2080,5821,5967,7062,5119,3757,6979,6099,2689,52723
Mińsk Mazowiecki,PKP INTERCITY Spółka Akcyjna ,2182,994,1429,889,1617,1201,1291,1675,1574,2649,3053,2078,20632
Mińsk Mazowiecki ,,5775,2542,3438,2969,7438,7168,8353,6794,5331,9628,9152,4767,73355
Wrocław Sołtysowice,Koleje Dolnośląskie S.A.,2514,1266,1141,1442,1018,979,2432,2123,3228,1396,2268,2368,22175
Wrocław Sołtysowice,POLREGIO Spółka Akcyjna,2303,1350,1583,1228,1046,864,1765,942,2432,1124,1020,1401,17058
Wrocław Sołtysowice ,,4817,2616,2724,2670,2064,1843,4197,3065,5660,2520,3288,3769,39233
Klembów,Koleje Mazowieckie - KM Spółka z o.o.,2041,539,1419,943,904,1586,1971,1396,1598,1310,1378,743,15828
Klembów ,,2041,539,1419,943,904,1586,1971,1396,1598,1310,1378,743,15828
Jasienica Mazowiecka,Koleje Mazowieckie - KM Spółka z o.o.,2100,529,1405,951,921,1571,2020,1395,1595,1355,1383,738,15963
Jasienica Mazowiecka ,,2100,529,1405,951,921,1571,2020,1395,1595,1355,1383,738,15963
Zagościniec,Koleje Mazowieckie - KM Spółka z o.o.,1991,518,1467,916,957,1602,1978,1399,1653,1305,1372,777,15935
Zagościniec ,,1991,518,1467,916,957,1602,1978,1399,1653,1305,1372,777,15935
Dobczyn,Koleje Mazowieckie - KM Spółka z o.o.,2028,523,1447,927,911,1588,1964,1401,1623,1319,1387,775,15893
Dobczyn ,,2028,523,1447,927,911,1588,1964,1401,1623,1319,1387,775,15893
Modlin,Koleje Mazowieckie - KM Spółka z o.o.,10016,4017,2620,2277,2749,5545,4071,2769,2354,2484,2369,4655,45926
Modlin ,,10016,4017,2620,2277,2749,5545,4071,2769,2354,2484,2369,4655,45926
Dęblin,PKP INTERCITY Spółka Akcyjna ,4893,2210,2548,2579,3488,4232,5239,5537,3148,2839,4105,5850,46668
Dęblin,Koleje Mazowieckie - KM Spółka z o.o.,1355,1303,889,1040,1190,2672,3327,1239,1390,932,1514,1256,18107
Dęblin,POLREGIO Spółka Akcyjna,508,227,163,154,222,432,409,614,431,327,596,491,4574
Dęblin ,,6756,3740,3600,3773,4900,7336,8975,7390,4969,4098,6215,7597,69349
Szczecin Zdroje,POLREGIO Spółka Akcyjna,5360,2407,3370,2217,3129,4488,3300,3387,4389,3540,4417,4999,45003
Szczecin Zdroje ,,5360,2407,3370,2217,3129,4488,3300,3387,4389,3540,4417,4999,45003
Czechowice-Dziedzice,PKP INTERCITY Spółka Akcyjna ,8940,3503,3929,2532,2567,6320,6935,7199,4614,4530,7235,6340,64644
Czechowice-Dziedzice,Koleje Śląskie Spółka z o.o.,4946,1934,3243,3706,2116,5179,5493,2239,3486,4510,4598,5690,47140
Czechowice-Dziedzice,POLREGIO Spółka Akcyjna,1006,543,298,290,238,302,209,450,142,471,399,575,4923
Czechowice-Dziedzice,RegioJet a.s.,,,,,,,,,,,,587,587
Czechowice-Dziedzice ,,14892,5980,7470,6528,4921,11801,12637,9888,8242,9511,12232,13192,117294
Gdańsk Port Lotniczy,POLREGIO Spółka Akcyjna,1336,472,1979,613,734,968,2144,1807,1598,1143,961,2130,15885
Gdańsk Port Lotniczy ,,1336,472,1979,613,734,968,2144,1807,1598,1143,961,2130,15885
Gdańsk Firoga,POLREGIO Spółka Akcyjna,1297,452,1921,592,689,942,2135,1748,1516,1117,923,2062,15394
Gdańsk Firoga ,,1297,452,1921,592,689,942,2135,1748,1516,1117,923,2062,15394
Gdańsk Matarnia,POLREGIO Spółka Akcyjna,1276,416,1882,601,706,938,2199,1759,1507,1085,919,2114,15402
Gdańsk Matarnia ,,1276,416,1882,601,706,938,2199,1759,1507,1085,919,2114,15402
Gniezno,PKP INTERCITY Spółka Akcyjna ,8200,2887,3128,2703,3323,8076,8576,6814,4588,5855,5545,5680,65375
Gniezno,Koleje Wielkopolskie Sp. z o.o.,1219,540,606,428,717,2180,1007,903,649,1689,1616,1055,12609
Gniezno,POLREGIO Spółka Akcyjna,1081,534,487,636,537,954,703,540,1061,1592,973,466,9564
Gniezno,CARGO Master Spółka z o.o.,,,,15,,,,,,,,,15
Gniezno,RAILPOLONIA Sp. z o.o. (przewozy pasażerskie),,,,,,,,,,,,6,6
Gniezno ,,10500,3961,4221,3782,4577,11210,10286,8257,6298,9136,8134,7207,87569
Ostrów Wielkopolski,PKP INTERCITY Spółka Akcyjna ,2934,1884,1407,1290,1829,3000,3317,5559,3839,2013,3062,2910,33044
Ostrów Wielkopolski,POLREGIO Spółka Akcyjna,1247,1428,1149,1359,1498,1759,2089,2499,2320,1879,1896,1439,20562
Ostrów Wielkopolski,Koleje Wielkopolskie Sp. z o.o.,547,239,706,1094,677,1958,1492,1756,1327,604,1515,979,12894
Ostrów Wielkopolski,Łódzka Kolej Aglomeracyjna Sp. z o.o.,12,,16,138,6,23,106,159,,36,15,51,562
Ostrów Wielkopolski ,,4740,3551,3278,3881,4010,6740,7004,9973,7486,4532,6488,5379,67062
Gałkówek,Łódzka Kolej Aglomeracyjna Sp. z o.o.,1263,388,492,1685,1205,1136,3689,1513,1078,988,1626,1847,16910
Gałkówek,POLREGIO Spółka Akcyjna,1398,578,838,634,533,337,1332,1583,723,280,775,851,9862
Gałkówek ,,2661,966,1330,2319,1738,1473,5021,3096,1801,1268,2401,2698,26772
Brzeg,PKP INTERCITY Spółka Akcyjna ,10378,3985,5459,4124,6986,9719,9781,8922,9415,7299,11009,10806,97883
Brzeg,POLREGIO Spółka Akcyjna,4530,2244,2127,1899,3090,3153,3095,2766,3979,3554,5853,2478,38768
Brzeg ,,14908,6229,7586,6023,10076,12872,12876,11688,13394,10853,16862,13284,136651
Bedoń,Łódzka Kolej Aglomeracyjna Sp. z o.o.,1231,382,526,1844,1311,1118,3816,1345,1074,994,1570,1798,17009
Bedoń,POLREGIO Spółka Akcyjna,1399,579,845,453,529,330,1387,1600,779,295,760,873,9829
Bedoń ,,2630,961,1371,2297,1840,1448,5203,2945,1853,1289,2330,2671,26838
Milanówek,Koleje Mazowieckie - KM Spółka z o.o.,3387,1473,2465,1562,4482,3503,5917,1749,2096,2743,3843,1556,34776
Milanówek ,,3387,1473,2465,1562,4482,3503,5917,1749,2096,2743,3843,1556,34776
Justynów,Łódzka Kolej Aglomeracyjna Sp. z o.o.,1243,377,545,1826,1314,1137,3734,1382,1081,998,1606,1817,17060
Justynów,POLREGIO Spółka Akcyjna,1400,577,857,451,538,334,1374,1601,760,290,779,888,9849
Justynów ,,2643,954,1402,2277,1852,1471,5108,2983,1841,1288,2385,2705,26909
Brwinów,Koleje Mazowieckie - KM Spółka z o.o.,3393,1481,2437,1531,4474,3469,5858,1748,2208,2761,3901,1549,34810
Brwinów ,,3393,1481,2437,1531,4474,3469,5858,1748,2208,2761,3901,1549,34810
Parzniew,Koleje Mazowieckie - KM Spółka z o.o.,3406,1476,2384,1506,4483,3487,5934,1740,2250,2798,3893,1511,34868
Parzniew ,,3406,1476,2384,1506,4483,3487,5934,1740,2250,2798,3893,1511,34868
Dąbrowa Górnicza,PKP INTERCITY Spółka Akcyjna ,8731,3997,4328,4839,4954,5643,5414,5470,3618,4230,5902,6088,63214
Dąbrowa Górnicza,Koleje Śląskie Spółka z o.o.,3855,1378,1707,1552,3076,2842,2278,2040,3244,2539,3763,3634,31908
Dąbrowa Górnicza ,,12586,5375,6035,6391,8030,8485,7692,7510,6862,6769,9665,9722,95122
Pruszcz Gdański,POLREGIO Spółka Akcyjna,6312,1744,2185,1912,2505,4199,6081,6082,3155,3402,2756,3119,43452
Pruszcz Gdański,PKP INTERCITY Spółka Akcyjna ,1564,452,718,620,765,1130,2358,2113,678,669,1236,828,13131
Pruszcz Gdański,PKP Szybka Kolej Miejska w Trójmieście sp. z o.o.,,,,,,,,,,,,,
Pruszcz Gdański ,,7876,2196,2903,2532,3270,5329,8439,8195,3833,4071,3992,3947,56583
Szczecin Port Centralny,POLREGIO Spółka Akcyjna,4334,2172,2669,1495,1983,3317,2546,2465,3982,3123,4108,4471,36665
Szczecin Port Centralny,PKP INTERCITY Spółka Akcyjna ,,,,,25,,,,,,,,25
Szczecin Port Centralny ,,4334,2172,2669,1495,2008,3317,2546,2465,3982,3123,4108,4471,36690
Katowice Podlesie,Koleje Śląskie Spółka z o.o.,5115,2348,3396,3033,1782,5161,5774,2525,3635,4423,4697,4710,46599
Katowice Podlesie ,,5115,2348,3396,3033,1782,5161,5774,2525,3635,4423,4697,4710,46599
Wrocław Szczepin,Koleje Dolnośląskie S.A.,2543,893,1026,1203,1135,780,1836,1361,3129,1219,1926,2245,19296
Wrocław Szczepin,POLREGIO Spółka Akcyjna,2654,1417,1547,1242,1085,843,1911,987,2749,1301,1126,1564,18426
Wrocław Szczepin,PKP INTERCITY Spółka Akcyjna ,,,,16,,,,,,,,,16
Wrocław Szczepin ,,5197,2310,2573,2461,2220,1623,3747,2348,5878,2520,3052,3809,37738
Piła Główna,PKP INTERCITY Spółka Akcyjna ,8717,1537,3107,2093,2547,6397,6633,6758,1543,1811,2298,7435,50876
Piła Główna,POLREGIO Spółka Akcyjna,4047,1737,2295,1652,2087,3449,2874,3078,2371,3060,2972,4308,33930
Piła Główna,Koleje Wielkopolskie Sp. z o.o.,848,167,1676,196,392,1284,692,904,341,192,728,787,8207
Piła Główna,CARGO Master Spółka z o.o.,,,,16,41,,,,,,,,57
Piła Główna ,,13612,3441,7078,3957,5067,11130,10199,10740,4255,5063,5998,12530,93070
Łódź Żabieniec,PKP INTERCITY Spółka Akcyjna ,3774,1166,1279,1415,1153,1456,2295,3560,2136,919,1987,1233,22373
Łódź Żabieniec,Łódzka Kolej Aglomeracyjna Sp. z o.o.,445,618,818,1546,358,670,571,1455,710,540,2421,786,10938
Łódź Żabieniec,POLREGIO Spółka Akcyjna,116,45,117,89,30,154,179,562,252,40,160,91,1835
Łódź Żabieniec ,,4335,1829,2214,3050,1541,2280,3045,5577,3098,1499,4568,2110,35146
Gdańsk Rębiechowo,POLREGIO Spółka Akcyjna,1271,453,1965,594,653,926,2019,1637,1614,909,888,1937,14866
Gdańsk Rębiechowo ,,1271,453,1965,594,653,926,2019,1637,1614,909,888,1937,14866
Krzyż,POLREGIO Spółka Akcyjna,6597,2151,2225,3112,2486,3053,2941,2042,2376,2605,3441,3742,36771
Krzyż,PKP INTERCITY Spółka Akcyjna ,3457,1524,1822,1747,1654,3093,3025,3101,2770,2940,2815,3445,31393
Krzyż,Koleje Wielkopolskie Sp. z o.o.,207,,158,332,639,720,116,235,151,142,264,662,3626
Krzyż ,,10261,3675,4205,5191,4779,6866,6082,5378,5297,5687,6520,7849,71790
Gdynia Orłowo,POLREGIO Spółka Akcyjna,6319,1588,2486,1991,2357,3961,6120,5750,3196,3822,2829,3731,44150
Gdynia Orłowo ,,6319,1588,2486,1991,2357,3961,6120,5750,3196,3822,2829,3731,44150
Iława Główna,PKP INTERCITY Spółka Akcyjna ,12976,4587,3243,5066,5160,8926,14113,13432,8631,6869,7286,11331,101620
Iława Główna,POLREGIO Spółka Akcyjna,3828,724,808,1335,621,873,937,1511,1163,897,1354,878,14929
Iława Główna,Koleje Mazowieckie - KM Spółka z o.o.,,,,,,173,725,632,21,,,,1551
Iława Główna ,,16804,5311,4051,6401,5781,9972,15775,15575,9815,7766,8640,12209,118100
Legionowo Przystanek,Koleje Mazowieckie - KM Spółka z o.o.,8271,3342,2398,1890,2305,5250,3608,2243,2115,2195,1627,4038,39282
Legionowo Przystanek,CARGO Master Spółka z o.o.,,,,,,,,,,,,,
Legionowo Przystanek ,,8271,3342,2398,1890,2305,5250,3608,2243,2115,2195,1627,4038,39282
Sochaczew,PKP INTERCITY Spółka Akcyjna ,4705,2326,2629,3317,3797,4835,4920,7061,5011,3951,3894,7266,53712
Sochaczew,Koleje Mazowieckie - KM Spółka z o.o.,2148,1220,1364,1845,1621,2209,6549,2978,2289,2689,2992,1608,29512
Sochaczew ,,6853,3546,3993,5162,5418,7044,11469,10039,7300,6640,6886,8874,83224
Dębica,PKP INTERCITY Spółka Akcyjna ,10741,4312,4528,3477,4698,6052,7242,5492,6807,8061,6732,7677,75819
Dębica,POLREGIO Spółka Akcyjna,2753,1207,1286,568,838,773,1141,1152,887,1107,1078,1037,13827
Dębica ,,13494,5519,5814,4045,5536,6825,8383,6644,7694,9168,7810,8714,89646
Chotomów,Koleje Mazowieckie - KM Spółka z o.o.,6843,2179,1844,1607,2179,4560,3641,2281,2206,2217,1659,3959,35175
Chotomów ,,6843,2179,1844,1607,2179,4560,3641,2281,2206,2217,1659,3959,35175
Głogów,PKP INTERCITY Spółka Akcyjna ,5341,2878,2821,2006,3630,4267,4297,3191,3363,4096,4037,4465,44392
Głogów,Koleje Dolnośląskie S.A.,6731,2606,2117,3001,8060,2603,2975,1047,3282,2397,4108,3539,42466
Głogów,POLREGIO Spółka Akcyjna,2221,1422,1658,2621,2675,2034,1901,1247,2782,2844,1883,1120,24408
Głogów ,,14293,6906,6596,7628,14365,8904,9173,5485,9427,9337,10028,9124,111266
Myszków,Koleje Śląskie Spółka z o.o.,3802,2318,2413,1901,3244,1913,1271,1112,2866,1488,3568,2920,28816
Myszków,PKP INTERCITY Spółka Akcyjna ,4131,1790,1640,1451,2029,2572,2666,2314,2590,1380,3209,2851,28623
Myszków ,,7933,4108,4053,3352,5273,4485,3937,3426,5456,2868,6777,5771,57439
Rybnik,PKP INTERCITY Spółka Akcyjna ,6056,2696,3398,3541,3386,5140,5151,6369,4795,5027,6565,6530,58654
Rybnik,Koleje Śląskie Spółka z o.o.,1833,1133,1253,1234,1083,2069,3544,3449,3525,2213,4243,1863,27442
Rybnik ,,7889,3829,4651,4775,4469,7209,8695,9818,8320,7240,10808,8393,86096
Słupsk,PKP INTERCITY Spółka Akcyjna ,11506,2791,2550,3374,3222,9211,11349,11789,1737,1881,3224,8097,70731
Słupsk,POLREGIO Spółka Akcyjna,4256,2020,1781,2640,2150,5905,7163,8388,903,813,931,4766,41716
Słupsk,Koleje Mazowieckie - KM Spółka z o.o.,,,,,,314,717,690,10,,,,1731
Słupsk,CARGO Master Spółka z o.o.,,,,,,,,,,,,,
Słupsk ,,15762,4811,4331,6014,5372,15430,19229,20867,2650,2694,4155,12863,114178
Przeworsk,PKP INTERCITY Spółka Akcyjna ,8976,3524,3685,3239,4622,5228,6030,4452,5771,6496,5946,7361,65330
Przeworsk,POLREGIO Spółka Akcyjna,2314,583,1020,745,722,736,2711,1135,853,969,1029,830,13647
Przeworsk ,,11290,4107,4705,3984,5344,5964,8741,5587,6624,7465,6975,8191,78977
Jaworzyna Śląska,Koleje Dolnośląskie S.A.,7372,3512,3743,3820,3599,3245,5701,4474,6258,8873,6838,5269,62704
Jaworzyna Śląska,PKP INTERCITY Spółka Akcyjna ,2179,906,974,1347,979,1779,1958,2250,1778,2032,1581,2188,19951
Jaworzyna Śląska,POLREGIO Spółka Akcyjna,383,147,89,146,88,177,273,63,235,226,174,161,2162
Jaworzyna Śląska,CARGO Master Spółka z o.o.,,,,,,,,,,,,,
Jaworzyna Śląska,LEO Express Global a.s.,,,,,,,,,,,,,
Jaworzyna Śląska ,,9934,4565,4806,5313,4666,5201,7932,6787,8271,11131,8593,7618,84817
Stargard,PKP INTERCITY Spółka Akcyjna ,7659,2627,2859,2895,3379,6087,5621,5578,4015,4158,4496,7187,56561
Stargard,POLREGIO Spółka Akcyjna,3598,1063,2837,1650,1902,2620,1717,1640,2506,2960,2218,3381,28092
Stargard ,,11257,3690,5696,4545,5281,8707,7338,7218,6521,7118,6714,10568,84653
Łódź Dąbrowa,Łódzka Kolej Aglomeracyjna Sp. z o.o.,820,619,743,691,493,836,889,2117,1243,1047,1984,835,12317
Łódź Dąbrowa,PKP INTERCITY Spółka Akcyjna ,,,259,194,354,562,426,761,393,139,1252,299,4639
Łódź Dąbrowa,POLREGIO Spółka Akcyjna,187,87,159,219,329,350,491,756,551,342,495,249,4215
Łódź Dąbrowa,Koleje Wielkopolskie Sp. z o.o.,,,,,,,,,,,,,
Łódź Dąbrowa ,,1007,706,1161,1104,1176,1748,1806,3634,2187,1528,3731,1383,21171
Luboń koło Poznania,Koleje Wielkopolskie Sp. z o.o.,1173,1560,1030,746,955,3457,846,706,1198,1093,1087,2405,16256
Luboń koło Poznania,POLREGIO Spółka Akcyjna,1113,930,681,477,552,1502,1136,899,1191,1099,976,1029,11585
Luboń koło Poznania,PKP INTERCITY Spółka Akcyjna ,,12,,,,,,,,,,,12
Luboń koło Poznania,CARGO Master Spółka z o.o.,,,,,,,,,,,,,
Luboń koło Poznania ,,2286,2502,1711,1223,1507,4959,1982,1605,2389,2192,2063,3434,27853
Poznań Dębiec,Koleje Wielkopolskie Sp. z o.o.,1292,1627,1139,855,1033,4029,990,785,1335,1261,1177,2202,17725
Poznań Dębiec,POLREGIO Spółka Akcyjna,1217,1067,786,515,627,1770,1278,1043,1303,1219,1145,1150,13120
Poznań Dębiec,CARGO Master Spółka z o.o.,,,,,,,,,,,,,
Poznań Dębiec,PKP INTERCITY Spółka Akcyjna ,,,,,,,,,,,,,
Poznań Dębiec ,,2509,2694,1925,1370,1660,5799,2268,1828,2638,2480,2322,3352,30845
Bochnia,PKP INTERCITY Spółka Akcyjna ,10995,4948,5311,4379,5094,6608,7612,6127,7448,7878,6852,7932,81184
Bochnia,POLREGIO Spółka Akcyjna,2009,1177,1227,745,1074,591,1002,1168,1612,1264,1031,846,13746
Bochnia,Koleje Małopolskie Sp. z o.o.,2210,1096,1070,373,489,416,495,574,599,1097,635,409,9463
Bochnia ,,15214,7221,7608,5497,6657,7615,9109,7869,9659,10239,8518,9187,104393
Chorzów Batory,Koleje Śląskie Spółka z o.o.,3672,2413,1582,1027,2316,2277,1557,1780,2943,2521,3450,4082,29620
Chorzów Batory,PKP INTERCITY Spółka Akcyjna ,2261,1233,1215,1217,1691,2711,2259,1973,1629,887,1629,657,19362
Chorzów Batory ,,5933,3646,2797,2244,4007,4988,3816,3753,4572,3408,5079,4739,48982
Zabierzów,POLREGIO Spółka Akcyjna,4713,1995,1742,1413,1523,1495,1381,2264,1898,2997,3226,2678,27325
Zabierzów,Koleje Małopolskie Sp. z o.o.,1171,476,485,196,267,444,482,752,497,868,1025,511,7174
Zabierzów,Koleje Śląskie Spółka z o.o.,,,99,167,226,216,235,402,286,481,742,400,3254
Zabierzów ,,5884,2471,2326,1776,2016,2155,2098,3418,2681,4346,4993,3589,37753
Olsztyn Zachodni,PKP INTERCITY Spółka Akcyjna ,6948,1875,1933,2452,2596,5061,6049,5638,2225,2876,4406,5211,47270
Olsztyn Zachodni,POLREGIO Spółka Akcyjna,4242,1266,1037,1039,686,995,1536,1816,1634,1911,1898,873,18933
Olsztyn Zachodni ,,11190,3141,2970,3491,3282,6056,7585,7454,3859,4787,6304,6084,66203
Białystok,PKP INTERCITY Spółka Akcyjna ,5093,1990,1914,1568,2214,2377,3168,2988,2909,2778,3084,2850,32933
Białystok,POLREGIO Spółka Akcyjna,5997,2037,1816,1389,1940,1587,1937,3719,3147,1914,2919,1427,29829
Białystok ,,11090,4027,3730,2957,4154,3964,5105,6707,6056,4692,6003,4277,62762
Ciechanów,PKP INTERCITY Spółka Akcyjna ,10135,3603,2433,3455,3730,6026,8560,8514,5850,4154,4642,9583,70685
Ciechanów,Koleje Mazowieckie - KM Spółka z o.o.,5105,913,644,632,986,1634,2212,1620,823,857,1173,1709,18308
Ciechanów ,,15240,4516,3077,4087,4716,7660,10772,10134,6673,5011,5815,11292,88993
Halinów,Koleje Mazowieckie - KM Spółka z o.o.,4074,1581,2309,2374,5974,6110,7379,5924,3559,6632,6873,2803,55592
Halinów ,,4074,1581,2309,2374,5974,6110,7379,5924,3559,6632,6873,2803,55592
Lubliniec,PKP INTERCITY Spółka Akcyjna ,3908,2007,2665,2032,3256,3447,4755,6150,5817,3860,5585,4034,47516
Lubliniec,POLREGIO Spółka Akcyjna,1196,301,702,421,313,262,521,426,522,574,351,368,5957
Lubliniec,Koleje Śląskie Spółka z o.o.,755,310,404,156,165,299,291,225,670,400,735,721,5131
Lubliniec ,,5859,2618,3771,2609,3734,4008,5567,6801,7009,4834,6671,5123,58604
Kędzierzyn-Koźle,PKP INTERCITY Spółka Akcyjna ,6085,2424,3122,1903,2876,4867,4845,4268,4559,4069,6729,7619,53366
Kędzierzyn-Koźle,POLREGIO Spółka Akcyjna,4884,2548,2811,1856,2816,2974,3440,2865,4377,3664,6464,3364,42063
Kędzierzyn-Koźle,CARGO Master Spółka z o.o.,,,,,,,,,,,,,
Kędzierzyn-Koźle ,,10969,4972,5933,3759,5692,7841,8285,7133,8936,7733,13193,10983,95429
Mysłowice,PKP INTERCITY Spółka Akcyjna ,6099,2888,2760,2204,2905,5570,5239,4214,4665,3582,4711,6273,51110
Mysłowice,POLREGIO Spółka Akcyjna,2054,1104,1037,626,724,763,799,1262,1293,1392,1740,1301,14095
Mysłowice,Koleje Śląskie Spółka z o.o.,1841,613,505,408,818,834,977,811,923,1085,1495,705,11015
Mysłowice ,,9994,4605,4302,3238,4447,7167,7015,6287,6881,6059,7946,8279,76220
Miechów,PKP INTERCITY Spółka Akcyjna ,12293,3144,3358,3590,5962,4711,7036,11788,4030,3981,6189,5207,71289
Miechów,POLREGIO Spółka Akcyjna,2540,910,1105,693,671,768,1806,3104,1164,879,1495,749,15884
Miechów,Koleje Małopolskie Sp. z o.o.,1426,200,339,368,434,676,896,2583,479,363,474,366,8604
Miechów ,,16259,4254,4802,4651,7067,6155,9738,17475,5673,5223,8158,6322,95777
Rawicz,PKP INTERCITY Spółka Akcyjna ,10675,3127,4463,2896,4301,8835,8309,5628,5425,4374,5840,8630,72503
Rawicz,POLREGIO Spółka Akcyjna,1468,1407,782,651,841,1442,1731,975,1481,1197,1055,1481,14511
Rawicz,Koleje Dolnośląskie S.A.,1340,179,398,327,509,306,1062,812,503,582,3428,1596,11042
Rawicz,Koleje Wielkopolskie Sp. z o.o.,350,730,190,15,413,143,87,13,232,172,296,247,2888
Rawicz,CARGO Master Spółka z o.o.,,,,,,,,,,,,,
Rawicz ,,13833,5443,5833,3889,6064,10726,11189,7428,7641,6325,10619,11954,100944
Wrocław Brochów,POLREGIO Spółka Akcyjna,4030,1641,1934,2130,2691,2997,2984,2501,3709,3352,5043,2699,35711
Wrocław Brochów,Koleje Dolnośląskie S.A.,1368,815,390,506,584,461,1280,748,1144,624,1044,991,9955
Wrocław Brochów ,,5398,2456,2324,2636,3275,3458,4264,3249,4853,3976,6087,3690,45666
Częstochowa Raków,Koleje Śląskie Spółka z o.o.,3700,2192,2173,2032,2871,1661,1174,1074,2544,1296,2937,2488,26142
Częstochowa Raków,POLREGIO Spółka Akcyjna,489,112,277,190,123,207,702,99,376,391,229,106,3301
Częstochowa Raków ,,4189,2304,2450,2222,2994,1868,1876,1173,2920,1687,3166,2594,29443
Oława,PKP INTERCITY Spółka Akcyjna ,10175,3939,4936,3816,6646,8843,9274,8212,7966,6047,9474,9508,88836
Oława,POLREGIO Spółka Akcyjna,3487,1361,1603,1589,2678,2637,2314,2365,3413,3085,4797,2167,31496
Oława,Koleje Dolnośląskie S.A.,,,,,,,,,,,,,
Oława ,,13662,5300,6539,5405,9324,11480,11588,10577,11379,9132,14271,11675,120332
Gdańsk Orunia,POLREGIO Spółka Akcyjna,6620,1871,2443,2057,2679,4368,6281,6561,3087,3578,2890,3446,45881
Gdańsk Orunia ,,6620,1871,2443,2057,2679,4368,6281,6561,3087,3578,2890,3446,45881
Jarocin,PKP INTERCITY Spółka Akcyjna ,2276,973,1079,820,1122,3061,2485,3240,2402,1761,1840,1768,22827
Jarocin,Koleje Wielkopolskie Sp. z o.o.,1024,384,738,967,934,3516,2392,1938,1154,722,1545,1119,16433
Jarocin,POLREGIO Spółka Akcyjna,448,276,172,597,680,1182,1035,1970,1088,999,1012,647,10106
Jarocin,Łódzka Kolej Aglomeracyjna Sp. z o.o.,8,,12,105,14,14,73,124,6,26,19,35,436
Jarocin ,,3756,1633,2001,2489,2750,7773,5985,7272,4650,3508,4416,3569,49802
Będzin Miasto,Koleje Śląskie Spółka z o.o.,3974,1687,1772,1670,3915,3642,2838,2653,3565,2883,4768,4755,38122
Będzin Miasto,PKP INTERCITY Spółka Akcyjna ,4449,1960,1848,1698,1726,2009,1557,1359,944,626,1517,2123,21816
Będzin Miasto ,,8423,3647,3620,3368,5641,5651,4395,4012,4509,3509,6285,6878,59938
Toruń Wschodni,Arriva RP Sp. z o.o.,2238,1370,1576,774,2080,2463,1743,1021,2204,1258,2145,1275,20147
Toruń Wschodni,POLREGIO Spółka Akcyjna,2590,673,742,956,897,793,981,1483,944,1622,1392,983,14056
Toruń Wschodni,PKP INTERCITY Spółka Akcyjna ,896,326,542,399,313,1312,1799,980,966,1129,1090,1052,10804
Toruń Wschodni,CARGO Master Spółka z o.o.,,,7,21,,,,,,,,,28
Toruń Wschodni ,,5724,2369,2867,2150,3290,4568,4523,3484,4114,4009,4627,3310,45035
Toruń Miasto,Arriva RP Sp. z o.o.,2307,1475,1667,811,2108,2444,1740,1148,2235,1309,2053,1415,20712
Toruń Miasto,POLREGIO Spółka Akcyjna,2724,819,753,1025,1010,872,1016,1578,996,1697,1381,1030,14901
Toruń Miasto,PKP INTERCITY Spółka Akcyjna ,921,333,544,417,328,1328,1775,982,1011,1171,1107,1066,10983
Toruń Miasto,CARGO Master Spółka z o.o.,,,6,22,,,,,,,,,28
Toruń Miasto,RAILPOLONIA Sp. z o.o. (przewozy pasażerskie),,,,,,,,,,,,26,26
Toruń Miasto ,,5952,2627,2970,2275,3446,4644,4531,3708,4242,4177,4541,3537,46650
Kościan,PKP INTERCITY Spółka Akcyjna ,10381,3135,4426,2699,4322,8783,8324,6011,5727,4378,5948,8926,73060
Kościan,POLREGIO Spółka Akcyjna,1252,1060,776,467,585,1342,1209,1020,1345,1209,950,1450,12665
Kościan,Koleje Wielkopolskie Sp. z o.o.,558,1552,867,370,766,670,410,412,657,802,369,1758,9191
Kościan,CARGO Master Spółka z o.o.,,,,,,,,,,,,,
Kościan ,,12191,5747,6069,3536,5673,10795,9943,7443,7729,6389,7267,12134,94916
Laskowice Pomorskie,PKP INTERCITY Spółka Akcyjna ,9919,1943,2368,1830,2731,5689,10593,7546,4135,4270,4321,3424,58769
Laskowice Pomorskie,Arriva RP Sp. z o.o.,616,471,480,877,704,841,1369,951,1667,1021,1031,982,11010
Laskowice Pomorskie,POLREGIO Spółka Akcyjna,2822,345,708,320,474,621,927,833,459,621,525,532,9187
Laskowice Pomorskie,CARGO Master Spółka z o.o.,,,,10,,,,,,,,,10
Laskowice Pomorskie ,,13357,2759,3556,3037,3909,7151,12889,9330,6261,5912,5877,4938,78976
Racibórz,PKP INTERCITY Spółka Akcyjna ,1983,910,1399,1485,1341,2840,2952,2616,1760,2660,3709,2104,25759
Racibórz,Koleje Śląskie Spółka z o.o.,1158,678,705,370,496,832,1272,1954,1208,1164,1929,914,12680
Racibórz,POLREGIO Spółka Akcyjna,1392,770,519,783,580,1166,708,681,1150,1071,1613,1119,11552
Racibórz ,,4533,2358,2623,2638,2417,4838,4932,5251,4118,4895,7251,4137,49991
Mrozy,Koleje Mazowieckie - KM Spółka z o.o.,2696,1474,1269,1993,3304,4543,5877,4552,3286,6285,5810,2333,43422
Mrozy,PKP INTERCITY Spółka Akcyjna ,2189,938,1517,889,1650,1387,1396,1650,1552,2523,3085,2034,20810
Mrozy ,,4885,2412,2786,2882,4954,5930,7273,6202,4838,8808,8895,4367,64232
Ożarów Mazowiecki,Koleje Mazowieckie - KM Spółka z o.o.,3002,1313,1730,1927,2182,4127,9928,3402,3461,4029,4076,2561,41738
Ożarów Mazowiecki ,,3002,1313,1730,1927,2182,4127,9928,3402,3461,4029,4076,2561,41738
Pszczyna,Koleje Śląskie Spółka z o.o.,7514,2971,4873,6119,3811,8548,7920,4067,5681,7006,7179,6623,72312
Pszczyna,PKP INTERCITY Spółka Akcyjna ,2326,908,1606,1365,1362,2342,2295,1022,1781,1479,2618,2342,21446
Pszczyna ,,9840,3879,6479,7484,5173,10890,10215,5089,7462,8485,9797,8965,93758
Zalesie Górne,Koleje Mazowieckie - KM Spółka z o.o.,5445,2706,2370,3114,2853,3850,6388,3818,2854,2060,1734,2459,39651
Zalesie Górne ,,5445,2706,2370,3114,2853,3850,6388,3818,2854,2060,1734,2459,39651
Bydgoszcz Wschód,PKP INTERCITY Spółka Akcyjna ,6288,1410,1957,1513,1702,3018,6408,6397,3146,2325,3188,3920,41272
Bydgoszcz Wschód,POLREGIO Spółka Akcyjna,1601,847,595,804,695,911,1161,2678,805,1363,1558,929,13947
Bydgoszcz Wschód,Arriva RP Sp. z o.o.,331,157,208,362,293,409,399,252,271,138,411,190,3421
Bydgoszcz Wschód,CARGO Master Spółka z o.o.,,,,,,,,,,,,,
Bydgoszcz Wschód ,,8220,2414,2760,2679,2690,4338,7968,9327,4222,3826,5157,5039,58640
Łańcut,PKP INTERCITY Spółka Akcyjna ,9902,4284,3959,3467,4542,5947,6933,5332,6428,6999,6425,8350,72568
Łańcut,POLREGIO Spółka Akcyjna,1825,588,817,663,564,590,2144,1025,697,831,785,524,11053
Łańcut ,,11727,4872,4776,4130,5106,6537,9077,6357,7125,7830,7210,8874,83621
Wrocław Psie Pole,Koleje Dolnośląskie S.A.,1670,973,616,1140,819,799,1940,1864,2704,911,1923,2039,17398
Wrocław Psie Pole,POLREGIO Spółka Akcyjna,2279,1318,1568,1141,1184,895,1835,1004,2421,1139,1051,1448,17283
Wrocław Psie Pole,PKP INTERCITY Spółka Akcyjna ,,,,15,,,,,,,,,15
Wrocław Psie Pole ,,3949,2291,2184,2296,2003,1694,3775,2868,5125,2050,2974,3487,34696
Błonie,Koleje Mazowieckie - KM Spółka z o.o.,2801,1437,1661,2155,2202,3495,8207,3452,2692,3057,3715,2290,37164
Błonie ,,2801,1437,1661,2155,2202,3495,8207,3452,2692,3057,3715,2290,37164
Bydgoszcz Leśna,PKP INTERCITY Spółka Akcyjna ,6305,1455,1967,1456,1662,3039,6467,6383,3148,2320,3285,3921,41408
Bydgoszcz Leśna,POLREGIO Spółka Akcyjna,1648,839,593,816,735,865,1129,2673,846,1348,1585,985,14062
Bydgoszcz Leśna,Arriva RP Sp. z o.o.,332,136,198,354,294,418,317,232,286,139,322,191,3219
Bydgoszcz Leśna,CARGO Master Spółka z o.o.,,,,16,,,,,,,,,16
Bydgoszcz Leśna ,,8285,2430,2758,2642,2691,4322,7913,9288,4280,3807,5192,5097,58705
Łódź Radogoszcz Zachód,Łódzka Kolej Aglomeracyjna Sp. z o.o.,427,618,812,1547,360,707,628,1502,766,551,2448,806,11172
Łódź Radogoszcz Zachód,POLREGIO Spółka Akcyjna,115,52,118,95,34,159,187,566,261,40,165,102,1894
Łódź Radogoszcz Zachód ,,542,670,930,1642,394,866,815,2068,1027,591,2613,908,13066
Września,PKP INTERCITY Spółka Akcyjna ,2219,1675,1853,2654,2072,3128,2343,3590,2737,2622,2569,3600,31062
Września,Koleje Wielkopolskie Sp. z o.o.,1579,1063,1433,1173,2616,3090,1608,1660,1773,2135,1974,2446,22550
Września ,,3798,2738,3286,3827,4688,6218,3951,5250,4510,4757,4543,6046,53612
Nasielsk,Koleje Mazowieckie - KM Spółka z o.o.,7521,3112,2156,2057,2101,3705,2655,2621,1439,1389,1925,2571,33252
Nasielsk,PKP INTERCITY Spółka Akcyjna ,2023,618,423,390,650,454,692,902,265,352,725,543,8037
Nasielsk,CARGO Master Spółka z o.o.,,,,,,,,,,,,,
Nasielsk ,,9544,3730,2579,2447,2751,4159,3347,3523,1704,1741,2650,3114,41289
Bielsko-Biała Główna,Koleje Śląskie Spółka z o.o.,4927,1935,3141,3435,2001,5062,6086,2645,3029,4012,3547,4063,43883
Bielsko-Biała Główna,PKP INTERCITY Spółka Akcyjna ,3845,1163,2132,966,1345,2975,3531,3372,2439,1506,3395,3107,29776
Bielsko-Biała Główna,POLREGIO Spółka Akcyjna,2164,667,573,598,1294,1321,926,117,,,,,7660
Bielsko-Biała Główna ,,10936,3765,5846,4999,4640,9358,10543,6134,5468,5518,6942,7170,81319
Jaworzno Szczakowa,PKP INTERCITY Spółka Akcyjna ,7297,3435,3569,2776,3210,5849,5559,4798,6345,5572,6159,7496,62065
Jaworzno Szczakowa,POLREGIO Spółka Akcyjna,2943,1377,1384,1246,1092,1200,1044,1626,1537,2587,2413,1876,20325
Jaworzno Szczakowa,Koleje Śląskie Spółka z o.o.,511,188,155,202,433,249,297,306,278,562,744,348,4273
Jaworzno Szczakowa ,,10751,5000,5108,4224,4735,7298,6900,6730,8160,8721,9316,9720,86663
Białystok Zielone Wzgórza,PKP INTERCITY Spółka Akcyjna ,5611,2093,2505,1639,2469,2498,3612,3298,3039,3202,3750,3300,37016
Białystok Zielone Wzgórza,POLREGIO Spółka Akcyjna,4358,1716,1685,1153,1557,620,1506,2782,2611,1521,2026,1184,22719
Białystok Zielone Wzgórza ,,9969,3809,4190,2792,4026,3118,5118,6080,5650,4723,5776,4484,59735
Wrzosów,Koleje Mazowieckie - KM Spółka z o.o.,3113,1262,2057,1725,5429,5311,6522,4933,2985,5834,5417,2386,46974
Wrzosów ,,3113,1262,2057,1725,5429,5311,6522,4933,2985,5834,5417,2386,46974
Nowe Dębe Wielkie,Koleje Mazowieckie - KM Spółka z o.o.,3141,1271,2087,1720,5410,5291,6549,4896,2982,5894,5520,2323,47084
Nowe Dębe Wielkie ,,3141,1271,2087,1720,5410,5291,6549,4896,2982,5894,5520,2323,47084
Radomsko,PKP INTERCITY Spółka Akcyjna ,6515,3072,3120,3864,3532,4350,6095,6117,4944,2892,4713,4960,54174
Radomsko,POLREGIO Spółka Akcyjna,1634,661,1148,572,780,590,1700,1781,1360,747,1167,823,12963
Radomsko,Łódzka Kolej Aglomeracyjna Sp. z o.o.,394,120,61,321,208,294,708,189,322,165,395,326,3503
Radomsko ,,8543,3853,4329,4757,4520,5234,8503,8087,6626,3804,6275,6109,70640
Dębe Wielkie,Koleje Mazowieckie - KM Spółka z o.o.,3199,1254,2034,1659,5436,5335,6654,4955,3015,5758,5675,2414,47388
Dębe Wielkie ,,3199,1254,2034,1659,5436,5335,6654,4955,3015,5758,5675,2414,47388
Warszawa Gołąbki,Koleje Mazowieckie - KM Spółka z o.o.,2898,1310,1686,1930,2231,3969,10057,3190,2879,3565,3772,2394,39881
Warszawa Gołąbki ,,2898,1310,1686,1930,2231,3969,10057,3190,2879,3565,3772,2394,39881
Warszawa Ursus Północny,Koleje Mazowieckie - KM Spółka z o.o.,2933,1326,1778,1968,2269,4040,10119,3162,2879,3578,3846,2404,40302
Warszawa Ursus Północny ,,2933,1326,1778,1968,2269,4040,10119,3162,2879,3578,3846,2404,40302
Cisie,Koleje Mazowieckie - KM Spółka z o.o.,3327,1237,2046,1687,5467,5352,6663,4960,3000,5691,5647,2401,47478
Cisie ,,3327,1237,2046,1687,5467,5352,6663,4960,3000,5691,5647,2401,47478
Józefin,Koleje Mazowieckie - KM Spółka z o.o.,3457,1286,2038,1870,5476,5496,6844,5066,3144,5865,5952,2437,48931
Józefin ,,3457,1286,2038,1870,5476,5496,6844,5066,3144,5865,5952,2437,48931
Brzesko Okocim,PKP INTERCITY Spółka Akcyjna ,6457,2185,2627,2579,3097,3820,4155,3630,4196,3582,3624,4576,44528
Brzesko Okocim,POLREGIO Spółka Akcyjna,2070,1250,1272,611,891,654,1090,1207,1581,1329,1059,907,13921
Brzesko Okocim,Koleje Małopolskie Sp. z o.o.,2266,1252,1099,432,542,391,592,580,647,1164,819,535,10319
Brzesko Okocim ,,10793,4687,4998,3622,4530,4865,5837,5417,6424,6075,5502,6018,68768
Ustanówek,Koleje Mazowieckie - KM Spółka z o.o.,4498,2389,2016,2876,2542,3466,5821,3292,2645,1827,1546,2159,35077
Ustanówek ,,4498,2389,2016,2876,2542,3466,5821,3292,2645,1827,1546,2159,35077
Przemyśl Główny,PKP INTERCITY Spółka Akcyjna ,19128,9736,12620,12426,13906,19638,24061,12656,13138,13057,10182,13000,173548
Przemyśl Główny,RegioJet a.s.,2388,965,1914,1223,1529,2691,2289,1853,1631,1094,872,1408,19857
Przemyśl Główny,POLREGIO Spółka Akcyjna,1514,407,793,521,521,546,1357,632,463,701,509,545,8509
Przemyśl Główny ,,23030,11108,15327,14170,15956,22875,27707,15141,15232,14852,11563,14953,201914
Ruda Chebzie,Koleje Śląskie Spółka z o.o.,3553,2350,1507,933,2272,2301,1636,1736,2864,2525,3396,3637,28710
Ruda Chebzie,PKP INTERCITY Spółka Akcyjna ,,,,24,,,,,,,,,24
Ruda Chebzie ,,3553,2350,1507,957,2272,2301,1636,1736,2864,2525,3396,3637,28734
Ruda Śląska,Koleje Śląskie Spółka z o.o.,3557,2362,1524,922,2271,2322,1656,1756,2934,2564,3453,3727,29048
Ruda Śląska,PKP INTERCITY Spółka Akcyjna ,,,,24,,,,,,,,,24
Ruda Śląska ,,3557,2362,1524,946,2271,2322,1656,1756,2934,2564,3453,3727,29072
Świętochłowice,Koleje Śląskie Spółka z o.o.,3670,2420,1564,986,2362,2363,1668,1793,2958,2623,3580,3800,29787
Świętochłowice,PKP INTERCITY Spółka Akcyjna ,,,,24,,,,,,,,,24
Świętochłowice ,,3670,2420,1564,1010,2362,2363,1668,1793,2958,2623,3580,3800,29811
Katowice Załęże,Koleje Śląskie Spółka z o.o.,3896,2551,1593,1097,2408,2293,1630,1722,3338,2743,3598,3619,30488
Katowice Załęże,PKP INTERCITY Spółka Akcyjna ,,239,,,,,,,25,12,219,,495
Katowice Załęże ,,3896,2790,1593,1097,2408,2293,1630,1722,3363,2755,3817,3619,30983
Grudziądz,Arriva RP Sp. z o.o.,1082,1280,2264,980,1928,2178,2129,1360,2496,1025,2181,1196,20099
Grudziądz,PKP INTERCITY Spółka Akcyjna ,323,88,367,238,485,132,542,657,501,152,603,345,4433
Grudziądz,POLREGIO Spółka Akcyjna,251,98,328,89,56,164,568,556,,40,135,233,2518
Grudziądz,CARGO Master Spółka z o.o.,,,,9,,,,,,,,,9
Grudziądz ,,1656,1466,2959,1316,2469,2474,3239,2573,2997,1217,2919,1774,27059
Płochocin,Koleje Mazowieckie - KM Spółka z o.o.,2941,1310,1684,1988,2183,3698,8336,3357,3080,3287,3624,2178,37666
Płochocin ,,2941,1310,1684,1988,2183,3698,8336,3357,3080,3287,3624,2178,37666
Błonie Rokitno,Koleje Mazowieckie - KM Spółka z o.o.,2850,1290,1679,1964,2186,3646,8232,3399,2900,3139,3559,2156,37000
Błonie Rokitno ,,2850,1290,1679,1964,2186,3646,8232,3399,2900,3139,3559,2156,37000
Legionowo Piaski,Szybka Kolej Miejska Sp. z o.o.,2847,1375,850,1202,1023,3032,2103,1183,1299,1083,843,1959,18799
Legionowo Piaski,Koleje Mazowieckie - KM Spółka z o.o.,1817,1150,577,274,249,644,,,,28,64,172,4975
Legionowo Piaski,CARGO Master Spółka z o.o.,,,,,,,,,,,,,
Legionowo Piaski ,,4664,2525,1427,1476,1272,3676,2103,1183,1299,1111,907,2131,23774
Warka,Koleje Mazowieckie - KM Spółka z o.o.,3690,1749,2377,2351,2767,2625,4676,3902,2438,1729,1485,1387,31176
Warka,PKP INTERCITY Spółka Akcyjna ,3641,1218,1028,1025,1337,1290,3414,3557,1883,1688,1996,3345,25422
Warka ,,7331,2967,3405,3376,4104,3915,8090,7459,4321,3417,3481,4732,56598
Kraków Lotnisko,Koleje Małopolskie Sp. z o.o.,498,201,542,268,155,453,380,176,122,178,53,229,3255
Kraków Lotnisko ,,498,201,542,268,155,453,380,176,122,178,53,229,3255
Kraków Zakliki,Koleje Małopolskie Sp. z o.o.,524,205,485,316,172,447,361,185,134,138,55,234,3256
Kraków Zakliki ,,524,205,485,316,172,447,361,185,134,138,55,234,3256
Kraków Młynówka,Koleje Małopolskie Sp. z o.o.,523,196,485,316,166,441,355,185,135,138,49,216,3205
Kraków Młynówka ,,523,196,485,316,166,441,355,185,135,138,49,216,3205
Kraków Olszanica,Koleje Małopolskie Sp. z o.o.,539,209,484,316,175,454,358,186,133,150,54,228,3286
Kraków Olszanica ,,539,209,484,316,175,454,358,186,133,150,54,228,3286
Pilawa,PKP INTERCITY Spółka Akcyjna ,4686,2002,2516,2532,3476,4446,5447,5793,3123,2815,3807,6077,46720
Pilawa,Koleje Mazowieckie - KM Spółka z o.o.,1717,998,1229,1202,1585,2775,4451,1356,1263,1429,1839,1393,21237
Pilawa ,,6403,3000,3745,3734,5061,7221,9898,7149,4386,4244,5646,7470,67957
Działdowo,PKP INTERCITY Spółka Akcyjna ,10552,3912,2551,4370,4435,6388,9402,8953,6196,5045,5467,10519,77790
Działdowo,Koleje Mazowieckie - KM Spółka z o.o.,2047,168,99,169,358,647,993,759,212,264,488,498,6702
Działdowo,POLREGIO Spółka Akcyjna,1101,224,74,495,105,171,338,457,274,405,598,413,4655
Działdowo ,,13700,4304,2724,5034,4898,7206,10733,10169,6682,5714,6553,11430,89147
Pszczółki,POLREGIO Spółka Akcyjna,5817,1566,2107,1729,2153,3609,5726,5483,2628,2981,2543,3124,39466
Pszczółki ,,5817,1566,2107,1729,2153,3609,5726,5483,2628,2981,2543,3124,39466
Małkinia,PKP INTERCITY Spółka Akcyjna ,2969,1393,1653,1199,1508,2076,2764,2595,2182,2075,2184,1760,24358
Małkinia,Koleje Mazowieckie - KM Spółka z o.o.,1858,306,423,290,456,561,1044,516,826,518,670,411,7879
Małkinia,POLREGIO Spółka Akcyjna,,,,,,,,,,,,,
Małkinia ,,4827,1699,2076,1489,1964,2637,3808,3111,3008,2593,2854,2171,32237
Konin,PKP INTERCITY Spółka Akcyjna ,6516,5228,5364,4486,3698,7265,5452,6299,5050,5441,5046,6382,66227
Konin,Koleje Wielkopolskie Sp. z o.o.,1240,812,991,987,2138,2200,1212,914,1103,1518,1098,1354,15567
Konin ,,7756,6040,6355,5473,5836,9465,6664,7213,6153,6959,6144,7736,81794
Środa Wielkopolska,PKP INTERCITY Spółka Akcyjna ,2187,855,967,803,1120,2796,2125,3162,2233,1589,1729,1656,21222
Środa Wielkopolska,Koleje Wielkopolskie Sp. z o.o.,455,289,637,968,727,2310,2680,1295,880,631,1046,815,12733
Środa Wielkopolska,POLREGIO Spółka Akcyjna,374,189,132,501,717,865,948,1789,992,866,985,585,8943
Środa Wielkopolska,Łódzka Kolej Aglomeracyjna Sp. z o.o.,6,,10,86,,,62,51,,,6,33,254
Środa Wielkopolska ,,3022,1333,1746,2358,2564,5971,5815,6297,4105,3086,3766,3089,43152
Inowrocław,PKP INTERCITY Spółka Akcyjna ,8518,2776,3167,2345,2870,7228,9337,6548,5092,5474,4848,5008,63211
Inowrocław,POLREGIO Spółka Akcyjna,1649,747,608,1059,801,1468,1257,1107,1501,2034,1428,789,14448
Inowrocław,RAILPOLONIA Sp. z o.o. (przewozy pasażerskie),,,,,,,,,,,,,
Inowrocław,Koleje Wielkopolskie Sp. z o.o.,,,,,,,,,,,,,
Inowrocław,CARGO Master Spółka z o.o.,,,,,,,,,,,,,
Inowrocław ,,10167,3523,3775,3404,3671,8696,10594,7655,6593,7508,6276,5797,77659
Żmigród,PKP INTERCITY Spółka Akcyjna ,10527,2933,4498,2801,4276,8768,8216,5527,5549,4392,5817,8603,71907
Żmigród,POLREGIO Spółka Akcyjna,1471,1144,809,645,612,1543,1752,942,1545,1218,1079,1415,14175
Żmigród,Koleje Dolnośląskie S.A.,1387,247,411,361,473,354,1184,919,551,656,3460,1612,11615
Żmigród,CARGO Master Spółka z o.o.,,,,,,,,,,,,,
Żmigród ,,13385,4324,5718,3807,5361,10665,11152,7388,7645,6266,10356,11630,97697
Oborniki Śląskie,PKP INTERCITY Spółka Akcyjna ,10321,2750,4403,2585,4072,8655,8592,5511,5650,4485,5851,8893,71768
Oborniki Śląskie,POLREGIO Spółka Akcyjna,1413,1086,863,690,568,1683,1902,959,1511,1213,1061,1284,14233
Oborniki Śląskie,Koleje Dolnośląskie S.A.,1415,239,496,385,507,361,1396,931,556,634,3569,1683,12172
Oborniki Śląskie ,,13149,4075,5762,3660,5147,10699,11890,7401,7717,6332,10481,11860,98173
Siedlce Zachodnie,Koleje Mazowieckie - KM Spółka z o.o.,2291,1338,1183,1861,2957,4200,5257,4686,3128,5556,5377,2212,40046
Siedlce Zachodnie,PKP INTERCITY Spółka Akcyjna ,2094,949,1551,923,1696,1398,1417,1798,1691,2554,3148,935,20154
Siedlce Zachodnie ,,4385,2287,2734,2784,4653,5598,6674,6484,4819,8110,8525,3147,60200
Skawina,POLREGIO Spółka Akcyjna,3854,1321,1331,1317,1800,1438,2226,1616,953,1122,1471,1556,20005
Skawina,Koleje Małopolskie Sp. z o.o.,1396,335,891,601,564,602,709,1044,1022,411,322,411,8308
Skawina,PKP INTERCITY Spółka Akcyjna ,,,,,,,,,59,,,,59
Skawina,PKP CARGO S.A. w restrukturyzacji,,,,,,,,,,,,,
Skawina ,,5250,1656,2222,1918,2364,2040,2935,2660,2034,1533,1793,1967,28372
Kraków Podgórze,POLREGIO Spółka Akcyjna,3890,1431,1479,1613,1717,1601,2195,1628,1002,1178,1400,1425,20559
Kraków Podgórze,Koleje Małopolskie Sp. z o.o.,1498,394,976,745,658,770,815,1073,1033,389,353,472,9176
Kraków Podgórze ,,5388,1825,2455,2358,2375,2371,3010,2701,2035,1567,1753,1897,29735
Kraków Łagiewniki,POLREGIO Spółka Akcyjna,3891,1361,1503,1390,1623,1465,2224,1653,957,1170,1366,1537,20140
Kraków Łagiewniki,Koleje Małopolskie Sp. z o.o.,1401,365,934,637,600,624,828,1044,1048,382,315,493,8671
Kraków Łagiewniki ,,5292,1726,2437,2027,2223,2089,3052,2697,2005,1552,1681,2030,28811
Zgorzelec,Koleje Dolnośląskie S.A.,3796,1056,1374,1394,2119,1398,3423,2167,3951,4974,4972,2716,33340
Zgorzelec,POLREGIO Spółka Akcyjna,387,270,485,471,244,1065,414,1418,5302,3595,5588,2969,22208
Zgorzelec,PKP INTERCITY Spółka Akcyjna ,147,11,93,16,99,40,111,406,159,127,226,56,1491
Zgorzelec ,,4330,1337,1952,1881,2462,2503,3948,3991,9412,8696,10786,5741,57039
Sędziszów,PKP INTERCITY Spółka Akcyjna ,4390,1107,810,889,1395,1350,2909,3392,1613,1538,1747,3942,25082
Sędziszów,POLREGIO Spółka Akcyjna,5793,1087,1308,929,1034,1429,2590,3237,1643,1515,2486,1285,24336
Sędziszów,Koleje Małopolskie Sp. z o.o.,630,122,94,168,204,215,428,1328,86,83,220,224,3802
Sędziszów ,,10813,2316,2212,1986,2633,2994,5927,7957,3342,3136,4453,5451,53220
Skawina Jagielnia,POLREGIO Spółka Akcyjna,3874,1355,1496,1385,1809,1458,2264,1673,937,1154,1468,1531,20404
Skawina Jagielnia,Koleje Małopolskie Sp. z o.o.,1361,354,917,634,587,626,893,1080,1034,412,350,491,8739
Skawina Jagielnia ,,5235,1709,2413,2019,2396,2084,3157,2753,1971,1566,1818,2022,29143
Kraków Sidzina,POLREGIO Spółka Akcyjna,3874,1368,1490,1397,1809,1456,2273,1682,934,1162,1355,1529,20329
Kraków Sidzina,Koleje Małopolskie Sp. z o.o.,1368,362,915,634,597,613,875,1089,1021,403,348,488,8713
Kraków Sidzina ,,5242,1730,2405,2031,2406,2069,3148,2771,1955,1565,1703,2017,29042
Kraków Opatkowice,POLREGIO Spółka Akcyjna,3863,1373,1501,1394,1801,1454,2233,1672,955,1172,1359,1528,20305
Kraków Opatkowice,Koleje Małopolskie Sp. z o.o.,1356,357,926,636,602,620,882,1075,1050,400,335,474,8713
Kraków Opatkowice ,,5219,1730,2427,2030,2403,2074,3115,2747,2005,1572,1694,2002,29018
Kraków Swoszowice,POLREGIO Spółka Akcyjna,3869,1368,1496,1400,1619,1437,2218,1660,964,1196,1353,1529,20109
Kraków Swoszowice,Koleje Małopolskie Sp. z o.o.,1348,350,921,634,594,614,855,1058,1059,405,330,480,8648
Kraków Swoszowice ,,5217,1718,2417,2034,2213,2051,3073,2718,2023,1601,1683,2009,28757
Kraków Sanktuarium,POLREGIO Spółka Akcyjna,3871,1358,1492,1398,1626,1448,2221,1650,956,1182,1343,1531,20076
Kraków Sanktuarium,Koleje Małopolskie Sp. z o.o.,1360,357,919,636,593,620,835,1049,1048,395,324,486,8622
Kraków Sanktuarium,PKP INTERCITY Spółka Akcyjna ,,,,,,,,,,,,,
Kraków Sanktuarium ,,5231,1715,2411,2034,2219,2068,3056,2699,2004,1577,1667,2017,28698
Kraków Bonarka,POLREGIO Spółka Akcyjna,3899,1373,1390,1408,1633,1463,2202,1598,958,1161,1361,1402,19848
Kraków Bonarka,Koleje Małopolskie Sp. z o.o.,1362,364,869,652,607,599,790,1000,982,359,318,441,8343
Kraków Bonarka ,,5261,1737,2259,2060,2240,2062,2992,2598,1940,1520,1679,1843,28191
Kostrzyn,POLREGIO Spółka Akcyjna,7001,3550,3304,3244,3378,3416,4455,3454,3967,4133,6451,6221,52574
Kostrzyn,PKP INTERCITY Spółka Akcyjna ,2912,1309,1363,1420,2620,2524,2344,2586,2848,2077,2514,1971,26488
Kostrzyn ,,9913,4859,4667,4664,5998,5940,6799,6040,6815,6210,8965,8192,79062
Środa Śląska,Koleje Dolnośląskie S.A.,7043,2576,3187,2833,4090,2551,5574,2446,6713,4583,3090,4107,48793
Środa Śląska,PKP INTERCITY Spółka Akcyjna ,643,286,413,322,827,433,309,668,820,670,739,188,6318
Środa Śląska ,,7686,2862,3600,3155,4917,2984,5883,3114,7533,5253,3829,4295,55111
Kraków Mydlniki,POLREGIO Spółka Akcyjna,3503,1541,1316,1175,1069,929,1029,1504,1568,2057,2124,1892,19707
Kraków Mydlniki,Koleje Małopolskie Sp. z o.o.,1055,456,389,170,247,456,391,709,387,728,949,434,6371
Kraków Mydlniki,Koleje Śląskie Spółka z o.o.,,,,,,,,,,,,46,46
Kraków Mydlniki ,,4558,1997,1705,1345,1316,1385,1420,2213,1955,2785,3073,2372,26124
Zabierzów Rząska,POLREGIO Spółka Akcyjna,3753,1681,1497,1242,1099,991,1127,1791,1682,2123,2469,2145,21600
Zabierzów Rząska,Koleje Małopolskie Sp. z o.o.,1100,486,488,182,281,457,484,746,429,779,1140,549,7121
Zabierzów Rząska,Koleje Śląskie Spółka z o.o.,,,,,,,,,,,,38,38
Zabierzów Rząska ,,4853,2167,1985,1424,1380,1448,1611,2537,2111,2902,3609,2732,28759
Kraków Mydlniki Wapiennik,POLREGIO Spółka Akcyjna,3723,1663,1487,1229,1119,986,1095,1765,1684,2129,2400,2134,21414
Kraków Mydlniki Wapiennik,Koleje Małopolskie Sp. z o.o.,1091,470,455,184,269,454,466,729,423,758,1133,549,6981
Kraków Mydlniki Wapiennik,Koleje Śląskie Spółka z o.o.,,,,,,,,,,,,44,44
Kraków Mydlniki Wapiennik ,,4814,2133,1942,1413,1388,1440,1561,2494,2107,2887,3533,2727,28439
Rudawa,POLREGIO Spółka Akcyjna,3867,1808,1459,1224,1019,1042,1158,2192,1642,3103,2791,2234,23539
Rudawa,Koleje Małopolskie Sp. z o.o.,1274,513,512,212,272,452,502,850,519,1092,1139,532,7869
Rudawa,Koleje Śląskie Spółka z o.o.,,,,,,,,,,,,38,38
Rudawa ,,5141,2321,1971,1436,1291,1494,1660,3042,2161,4195,3930,2804,31446
Poraj,Koleje Śląskie Spółka z o.o.,3715,2318,2419,2287,3914,1769,1247,1086,2794,1347,3009,2523,28428
Poraj ,,3715,2318,2419,2287,3914,1769,1247,1086,2794,1347,3009,2523,28428
Warszawa Targówek,Koleje Mazowieckie - KM Spółka z o.o.,3318,1350,825,586,1214,4062,2620,1094,1296,1271,536,2302,20474
Warszawa Targówek,Szybka Kolej Miejska Sp. z o.o.,,,,,,1710,1473,794,752,614,556,1215,7114
Warszawa Targówek ,,3318,1350,825,586,1214,5772,4093,1888,2048,1885,1092,3517,27588
Solec Kujawski,PKP INTERCITY Spółka Akcyjna ,6260,1386,1925,1625,1650,3044,6381,6627,3163,2314,3336,3961,41672
Solec Kujawski,POLREGIO Spółka Akcyjna,1415,771,573,904,750,889,1214,2698,827,1367,1709,897,14014
Solec Kujawski,CARGO Master Spółka z o.o.,,,,,,,,,,,,,
Solec Kujawski ,,7675,2157,2498,2529,2400,3933,7595,9325,3990,3681,5045,4858,55686
Pabianice,PKP INTERCITY Spółka Akcyjna ,1991,1797,1329,1229,1252,1865,2398,3649,3152,1946,2343,2003,24954
Pabianice,POLREGIO Spółka Akcyjna,556,187,283,576,579,721,1271,1624,1096,760,975,426,9054
Pabianice,Łódzka Kolej Aglomeracyjna Sp. z o.o.,715,89,251,448,112,286,423,584,528,506,526,373,4841
Pabianice,Koleje Wielkopolskie Sp. z o.o.,52,44,14,20,70,33,94,218,124,80,74,21,844
Pabianice ,,3314,2117,1877,2273,2013,2905,4186,6075,4900,3292,3918,2823,39693
Będzin Ksawera,Koleje Śląskie Spółka z o.o.,3909,1561,1742,1626,3818,3534,2820,2635,3572,2848,4726,4716,37507
Będzin Ksawera ,,3909,1561,1742,1626,3818,3534,2820,2635,3572,2848,4726,4716,37507
Dulowa,POLREGIO Spółka Akcyjna,3483,1779,1496,1169,1037,1045,966,2161,1591,2713,2435,2034,21909
Dulowa,Koleje Małopolskie Sp. z o.o.,1249,504,507,238,330,418,481,835,457,750,772,516,7057
Dulowa,Koleje Śląskie Spółka z o.o.,,,,,,,,,,,,35,35
Dulowa ,,4732,2283,2003,1407,1367,1463,1447,2996,2048,3463,3207,2585,29001
Wola Filipowska,POLREGIO Spółka Akcyjna,3414,1700,1411,1157,977,1003,980,2111,1579,2653,2350,2050,21385
Wola Filipowska,Koleje Małopolskie Sp. z o.o.,1243,497,467,232,295,421,482,827,460,722,778,522,6946
Wola Filipowska,Koleje Śląskie Spółka z o.o.,,,,,,,,,,,,36,36
Wola Filipowska ,,4657,2197,1878,1389,1272,1424,1462,2938,2039,3375,3128,2608,28367
Dąbrowa Górnicza Ząbkowice,Koleje Śląskie Spółka z o.o.,4416,2375,2035,1478,3029,2801,1963,1934,3020,2148,4090,3387,32676
Dąbrowa Górnicza Ząbkowice,PKP INTERCITY Spółka Akcyjna ,,,,,,,,,,,,653,653
Dąbrowa Górnicza Ząbkowice ,,4416,2375,2035,1478,3029,2801,1963,1934,3020,2148,4090,4040,33329
Łuków,PKP INTERCITY Spółka Akcyjna ,1277,718,1273,646,1245,1167,981,1092,1138,2011,2356,1537,15441
Łuków,Koleje Mazowieckie - KM Spółka z o.o.,753,337,288,630,611,1540,1079,1450,730,1320,1188,421,10347
Łuków,POLREGIO Spółka Akcyjna,969,395,209,321,332,399,569,762,919,906,634,696,7111
Łuków ,,2999,1450,1770,1597,2188,3106,2629,3304,2787,4237,4178,2654,32899
Skierniewice Rawka,Koleje Mazowieckie - KM Spółka z o.o.,1955,681,1426,722,3418,1773,2407,1032,780,1242,2060,870,18366
Skierniewice Rawka,POLREGIO Spółka Akcyjna,751,287,524,427,643,484,869,929,891,666,954,677,8102
Skierniewice Rawka ,,2706,968,1950,1149,4061,2257,3276,1961,1671,1908,3014,1547,26468
Piotrków Trybunalski,PKP INTERCITY Spółka Akcyjna ,6800,3043,2966,4051,3458,4533,6235,5999,5027,2852,4554,5035,54553
Piotrków Trybunalski,POLREGIO Spółka Akcyjna,1331,594,1050,562,613,516,1501,1452,1220,452,993,914,11198
Piotrków Trybunalski,Łódzka Kolej Aglomeracyjna Sp. z o.o.,321,124,72,339,223,420,806,116,313,150,410,485,3779
Piotrków Trybunalski ,,8452,3761,4088,4952,4294,5469,8542,7567,6560,3454,5957,6434,69530
Międzyborów,Koleje Mazowieckie - KM Spółka z o.o.,2610,1084,2099,1235,3996,2450,3921,1259,1279,1799,3235,1156,26123
Międzyborów ,,2610,1084,2099,1235,3996,2450,3921,1259,1279,1799,3235,1156,26123
Jaktorów,Koleje Mazowieckie - KM Spółka z o.o.,2660,1115,2122,1225,4013,2485,3950,1250,1308,1809,3289,1165,26391
Jaktorów ,,2660,1115,2122,1225,4013,2485,3950,1250,1308,1809,3289,1165,26391
Dąbrowa Górnicza Gołonóg,Koleje Śląskie Spółka z o.o.,3961,1369,1710,1546,2885,2955,2083,2023,3050,2262,3582,3560,30986
Dąbrowa Górnicza Gołonóg ,,3961,1369,1710,1546,2885,2955,2083,2023,3050,2262,3582,3560,30986
Jarosław,PKP INTERCITY Spółka Akcyjna ,8881,3282,3673,3153,4712,5365,6007,4310,5753,6498,5934,7422,64990
Jarosław,POLREGIO Spółka Akcyjna,2017,458,979,706,570,765,2177,1144,648,880,725,688,11757
Jarosław ,,10898,3740,4652,3859,5282,6130,8184,5454,6401,7378,6659,8110,76747
Wrocław Nowy Dwór,Koleje Dolnośląskie S.A.,7254,2499,3326,2625,4053,2402,6016,2509,6551,4387,3648,4342,49612
Wrocław Nowy Dwór ,,7254,2499,3326,2625,4053,2402,6016,2509,6551,4387,3648,4342,49612
Wieliczka Park,Koleje Małopolskie Sp. z o.o.,376,165,391,276,96,520,232,128,95,83,86,276,2724
Wieliczka Park ,,376,165,391,276,96,520,232,128,95,83,86,276,2724
Wieliczka Bogucice,Koleje Małopolskie Sp. z o.o.,404,173,410,277,102,515,231,128,100,76,86,299,2801
Wieliczka Bogucice ,,404,173,410,277,102,515,231,128,100,76,86,299,2801
Kraków Bieżanów Drożdżownia,Koleje Małopolskie Sp. z o.o.,403,172,410,284,102,515,231,128,99,69,86,299,2798
Kraków Bieżanów Drożdżownia ,,403,172,410,284,102,515,231,128,99,69,86,299,2798
Wieliczka Rynek-Kopalnia,Koleje Małopolskie Sp. z o.o.,364,171,387,276,96,525,268,127,95,93,86,234,2722
Wieliczka Rynek-Kopalnia ,,364,171,387,276,96,525,268,127,95,93,86,234,2722
Jelcz Miłoszyce,Koleje Dolnośląskie S.A.,2411,1240,909,878,819,1170,1773,1045,1654,1073,1482,1367,15821
Jelcz Miłoszyce,POLREGIO Spółka Akcyjna,146,125,126,188,65,119,309,95,344,216,112,41,1886
Jelcz Miłoszyce ,,2557,1365,1035,1066,884,1289,2082,1140,1998,1289,1594,1408,17707
Jelcz-Laskowice,Koleje Dolnośląskie S.A.,2148,1148,778,757,701,970,1604,913,1386,785,1275,1176,13641
Jelcz-Laskowice,POLREGIO Spółka Akcyjna,146,126,82,186,65,106,303,103,306,217,111,34,1785
Jelcz-Laskowice ,,2294,1274,860,943,766,1076,1907,1016,1692,1002,1386,1210,15426
Swarzędz,PKP INTERCITY Spółka Akcyjna ,2348,1738,1926,2577,1940,3317,2296,3356,2994,2701,2609,3527,31329
Swarzędz,Koleje Wielkopolskie Sp. z o.o.,1249,937,1229,980,1717,2712,1420,1240,1429,1598,1358,1821,17690
Swarzędz,CARGO Master Spółka z o.o.,,,,,,,,,,,,,
Swarzędz,Parowozownia Wolsztyn,,,,,,,,,,,,,
Swarzędz ,,3597,2675,3155,3557,3657,6029,3716,4596,4423,4299,3967,5348,49019
Zaczernie,POLREGIO Spółka Akcyjna,2588,999,2021,561,545,654,1117,856,597,972,573,1133,12616
Zaczernie ,,2588,999,2021,561,545,654,1117,856,597,972,573,1133,12616
Rzeszów Staromieście,POLREGIO Spółka Akcyjna,2518,1036,2090,598,583,696,1195,858,686,1010,616,1159,13045
Rzeszów Staromieście ,,2518,1036,2090,598,583,696,1195,858,686,1010,616,1159,13045
Rzeszów Miłocin,POLREGIO Spółka Akcyjna,2548,1042,2110,632,602,705,1207,859,689,1014,633,1165,13206
Rzeszów Miłocin ,,2548,1042,2110,632,602,705,1207,859,689,1014,633,1165,13206
Łochów,PKP INTERCITY Spółka Akcyjna ,2833,1382,1578,1181,1559,2065,2783,2594,2268,2099,2155,1788,24285
Łochów,Koleje Mazowieckie - KM Spółka z o.o.,1360,310,668,306,444,672,1174,853,847,726,642,348,8350
Łochów,POLREGIO Spółka Akcyjna,,,,,,,,,,,,,
Łochów ,,4193,1692,2246,1487,2003,2737,3957,3447,3115,2825,2797,2136,32635
Zduńska Wola,PKP INTERCITY Spółka Akcyjna ,1939,1777,1330,1172,1293,1841,2358,3217,3072,1998,2375,1938,24310
Zduńska Wola,POLREGIO Spółka Akcyjna,549,183,248,546,525,743,1228,2066,1030,729,961,441,9249
Zduńska Wola,Łódzka Kolej Aglomeracyjna Sp. z o.o.,643,76,229,263,110,310,499,772,539,570,521,438,4970
Zduńska Wola,Koleje Wielkopolskie Sp. z o.o.,56,39,9,20,77,30,102,239,129,56,73,21,851
Zduńska Wola ,,3187,2075,1816,2001,2005,2924,4187,6294,4770,3353,3930,2838,39380
Łask,PKP INTERCITY Spółka Akcyjna ,1888,1797,1352,1199,1247,1839,2328,3626,3123,1968,2338,1956,24661
Łask,POLREGIO Spółka Akcyjna,582,197,279,568,518,736,1216,1641,1053,729,962,444,8925
Łask,Łódzka Kolej Aglomeracyjna Sp. z o.o.,628,65,213,270,113,255,483,646,505,587,492,411,4668
Łask,Koleje Wielkopolskie Sp. z o.o.,50,38,9,20,74,36,110,229,128,66,67,21,848
Łask ,,3148,2097,1853,2057,1952,2866,4137,6142,4809,3350,3859,2832,39102
Pomiechówek,Koleje Mazowieckie - KM Spółka z o.o.,6332,2369,2114,1950,2040,3242,2102,2108,1428,1392,1976,2497,29550
Pomiechówek ,,6332,2369,2114,1950,2040,3242,2102,2108,1428,1392,1976,2497,29550
Zbąszyń,PKP INTERCITY Spółka Akcyjna ,1728,550,1065,1735,1515,1918,1865,2475,1818,2052,1260,1241,19222
Zbąszyń,Koleje Wielkopolskie Sp. z o.o.,2042,411,1019,497,846,1980,1386,1372,828,971,1180,1108,13640
Zbąszyń,POLREGIO Spółka Akcyjna,1348,585,1269,702,1131,1548,773,1254,1152,955,1076,966,12759
Zbąszyń,CARGO Master Spółka z o.o.,,,,,,,,,,,,,
Zbąszyń ,,5118,1546,3353,2934,3492,5446,4024,5101,3798,3978,3516,3315,45621
Mogilno,PKP INTERCITY Spółka Akcyjna ,7310,2259,2804,2228,2920,6549,8399,5985,4259,4921,4921,4064,56619
Mogilno,POLREGIO Spółka Akcyjna,1357,587,542,742,587,1015,940,673,1461,1910,1144,594,11552
Mogilno,Koleje Wielkopolskie Sp. z o.o.,368,277,124,229,197,617,252,267,281,386,560,393,3951
Mogilno,RAILPOLONIA Sp. z o.o. (przewozy pasażerskie),,,,,,,,,,,,6,6
Mogilno ,,9035,3123,3470,3199,3704,8181,9591,6925,6001,7217,6625,5057,72128
Włoszczowa Północ,PKP INTERCITY Spółka Akcyjna ,11035,4575,4267,3732,5128,7570,7363,9899,4931,4857,7018,5661,76036
Włoszczowa Północ,POLREGIO Spółka Akcyjna,947,407,516,312,403,426,858,374,797,669,379,205,6293
Włoszczowa Północ ,,11982,4982,4783,4044,5531,7996,8221,10273,5728,5526,7397,5866,82329
Mława,PKP INTERCITY Spółka Akcyjna ,9409,3309,2281,3353,3530,5639,8397,8107,4951,4010,4344,3097,60427
Mława,Koleje Mazowieckie - KM Spółka z o.o.,2536,403,355,397,637,785,854,585,479,637,894,961,9523
Mława ,,11945,3712,2636,3750,4167,6424,9251,8692,5430,4647,5238,4058,69950
Koszalin,PKP INTERCITY Spółka Akcyjna ,10646,2619,2479,3127,3264,7922,9674,10701,1936,2090,3451,8836,66745
Koszalin,POLREGIO Spółka Akcyjna,3434,373,1186,1258,1232,2065,2121,2749,1270,812,1173,2348,20021
Koszalin ,,14080,2992,3665,4385,4496,9987,11795,13450,3206,2902,4624,11184,86766
Rzepin,PKP INTERCITY Spółka Akcyjna ,10202,6069,6935,4380,6411,10694,7035,7587,7694,8855,6939,7147,89948
Rzepin,POLREGIO Spółka Akcyjna,6859,6333,6325,5770,6125,6446,5442,4675,6177,5882,7204,5928,73166
Rzepin ,,17061,12402,13260,10150,12536,17140,12477,12262,13871,14737,14143,13075,163114
Goleniów,POLREGIO Spółka Akcyjna,1724,884,1170,773,1469,2403,2446,2194,2014,1078,2660,2020,20835
Goleniów,PKP INTERCITY Spółka Akcyjna ,2473,957,689,841,1043,2365,1949,2900,826,1129,947,2125,18244
Goleniów ,,4197,1841,1859,1614,2512,4768,4395,5094,2840,2207,3607,4145,39079
Chojnice,POLREGIO Spółka Akcyjna,2954,1118,1283,2720,2774,3358,3096,3282,1973,2109,1750,1852,28269
Chojnice,Arriva RP Sp. z o.o.,451,73,57,244,178,49,26,208,392,52,275,266,2271
Chojnice,PKP INTERCITY Spółka Akcyjna ,227,60,34,123,93,269,70,86,14,413,36,58,1483
Chojnice ,,3632,1251,1374,3087,3045,3676,3192,3576,2379,2574,2061,2176,32023
Jelenia Góra,Koleje Dolnośląskie S.A.,3251,1142,1079,1400,1087,1303,2529,2085,2672,5306,3441,2599,27894
Jelenia Góra,PKP INTERCITY Spółka Akcyjna ,2440,787,1019,693,,1225,1864,1834,1490,1952,1729,2049,17082
Jelenia Góra,POLREGIO Spółka Akcyjna,370,93,102,309,89,50,190,25,259,254,309,346,2396
Jelenia Góra ,,6061,2022,2200,2402,1176,2578,4583,3944,4421,7512,5479,4994,47372
Żakowice,Łódzka Kolej Aglomeracyjna Sp. z o.o.,1041,268,394,876,868,797,2662,1116,743,799,1105,1638,12307
Żakowice,POLREGIO Spółka Akcyjna,781,391,680,433,311,57,271,463,100,56,257,394,4194
Żakowice ,,1822,659,1074,1309,1179,854,2933,1579,843,855,1362,2032,16501
Szamotuły,PKP INTERCITY Spółka Akcyjna ,2552,1138,1382,1382,1128,2436,2116,2578,2461,2181,2112,2650,24116
Szamotuły,POLREGIO Spółka Akcyjna,2689,786,978,1054,547,1709,617,454,724,677,1025,1147,12407
Szamotuły,Koleje Wielkopolskie Sp. z o.o.,372,125,314,393,787,1397,255,342,208,287,445,538,5463
Szamotuły,Parowozownia Wolsztyn,,,,,,,,,,,6,,6
Szamotuły ,,5613,2049,2674,2829,2462,5542,2988,3374,3393,3145,3588,4335,41992
Goczałkowice,Koleje Śląskie Spółka z o.o.,7572,3032,4858,6369,4001,8498,7914,3859,5741,7364,6903,7257,73368
Goczałkowice ,,7572,3032,4858,6369,4001,8498,7914,3859,5741,7364,6903,7257,73368
Opalenica,PKP INTERCITY Spółka Akcyjna ,1660,598,1126,1694,1398,1926,1895,2395,1732,1635,1199,2624,19882
Opalenica,Koleje Wielkopolskie Sp. z o.o.,2037,600,1027,414,788,2062,1520,1279,943,587,1308,1417,13982
Opalenica,POLREGIO Spółka Akcyjna,1148,602,1366,639,1048,1641,857,1218,1252,824,1070,1111,12776
Opalenica ,,4845,1800,3519,2747,3234,5629,4272,4892,3927,3046,3577,5152,46640
Lębork,PKP INTERCITY Spółka Akcyjna ,7214,2174,1369,2184,2398,7166,11575,11346,1993,2383,2983,6355,59140
Lębork,POLREGIO Spółka Akcyjna,2364,483,722,536,805,2533,5023,4564,812,973,910,3478,23203
Lębork,PKP Szybka Kolej Miejska w Trójmieście sp. z o.o.,588,126,361,141,237,353,1159,716,204,355,213,362,4815
Lębork,Koleje Mazowieckie - KM Spółka z o.o.,,,,,,257,998,616,18,,,,1889
Lębork ,,10166,2783,2452,2861,3440,10309,18755,17242,3027,3711,4106,10195,89047
Chałupki,PKP INTERCITY Spółka Akcyjna ,5879,3223,3648,4226,4001,6402,6231,6329,3595,6180,7816,5493,63023
Chałupki,Koleje Śląskie Spółka z o.o.,1104,805,746,748,864,847,1158,1852,1478,1668,1765,663,13698
Chałupki ,,6983,4028,4394,4974,4865,7249,7389,8181,5073,7848,9581,6156,76721
Suchedniów,PKP INTERCITY Spółka Akcyjna ,6494,2336,1912,1811,3255,2032,4537,4917,3686,2837,3970,4083,41870
Suchedniów,POLREGIO Spółka Akcyjna,3192,798,776,722,1187,891,1836,2066,995,1082,2202,1485,17232
Suchedniów,Łódzka Kolej Aglomeracyjna Sp. z o.o.,,,,,,,,,,,,50,50
Suchedniów ,,9686,3134,2688,2533,4442,2923,6373,6983,4681,3919,6172,5618,59152
Świdnica Miasto,Koleje Dolnośląskie S.A.,5241,2174,2659,2945,2672,2305,3762,3292,5053,6066,4509,2918,43596
Świdnica Miasto,PKP INTERCITY Spółka Akcyjna ,600,140,149,76,187,158,350,497,269,444,678,545,4093
Świdnica Miasto,CARGO Master Spółka z o.o.,,,,17,,,,,,,,,17
Świdnica Miasto ,,5841,2314,2808,3038,2859,2463,4112,3789,5322,6510,5187,3463,47706
Węgliniec,Koleje Dolnośląskie S.A.,3112,1102,1120,1060,1543,1177,3078,1328,3762,2553,1812,2326,23973
Węgliniec,POLREGIO Spółka Akcyjna,794,461,694,775,483,1036,485,1585,5008,3204,5575,3345,23445
Węgliniec,PKP INTERCITY Spółka Akcyjna ,182,27,72,38,134,52,123,425,180,130,209,104,1676
Węgliniec ,,4088,1590,1886,1873,2160,2265,3686,3338,8950,5887,7596,5775,49094
Sędziszów Małopolski,PKP INTERCITY Spółka Akcyjna ,5208,1580,2001,1601,2648,3023,3609,2689,2801,2857,2842,3176,34035
Sędziszów Małopolski,POLREGIO Spółka Akcyjna,1417,490,603,447,529,398,828,675,583,735,684,591,7980
Sędziszów Małopolski ,,6625,2070,2604,2048,3177,3421,4437,3364,3384,3592,3526,3767,42015
Ropczyce,PKP INTERCITY Spółka Akcyjna ,5232,1588,1968,1608,2641,3012,3607,2674,2837,2888,2847,3161,34063
Ropczyce,POLREGIO Spółka Akcyjna,1626,455,574,394,538,385,885,638,542,804,701,631,8173
Ropczyce ,,6858,2043,2542,2002,3179,3397,4492,3312,3379,3692,3548,3792,42236
Cegłów,Koleje Mazowieckie - KM Spółka z o.o.,2622,1462,1283,1983,3164,4286,5609,4504,3167,6239,5879,2350,42548
Cegłów ,,2622,1462,1283,1983,3164,4286,5609,4504,3167,6239,5879,2350,42548
Tychy Aleja Bielska,Koleje Śląskie Spółka z o.o.,942,360,740,496,440,848,933,540,1336,959,1259,1011,9864
Tychy Aleja Bielska ,,942,360,740,496,440,848,933,540,1336,959,1259,1011,9864
Tychy Grota Roweckiego,Koleje Śląskie Spółka z o.o.,854,338,713,459,414,806,896,505,1297,911,1217,950,9360
Tychy Grota Roweckiego ,,854,338,713,459,414,806,896,505,1297,911,1217,950,9360
Tychy Zachodnie,Koleje Śląskie Spółka z o.o.,947,375,749,510,444,874,952,539,1332,974,1267,1025,9988
Tychy Zachodnie ,,947,375,749,510,444,874,952,539,1332,974,1267,1025,9988
Tychy Lodowisko,Koleje Śląskie Spółka z o.o.,795,307,677,398,356,743,833,490,1261,853,1187,799,8699
Tychy Lodowisko ,,795,307,677,398,356,743,833,490,1261,853,1187,799,8699
Sieradz,PKP INTERCITY Spółka Akcyjna ,1931,1799,1340,1249,1422,1842,2290,3318,2732,1958,2243,1897,24021
Sieradz,POLREGIO Spółka Akcyjna,566,166,272,607,621,740,1229,1606,1061,735,1051,441,9095
Sieradz,Łódzka Kolej Aglomeracyjna Sp. z o.o.,634,65,249,293,103,253,442,743,420,430,340,341,4313
Sieradz,Koleje Wielkopolskie Sp. z o.o.,62,38,11,43,81,23,105,238,173,31,105,27,937
Sieradz ,,3193,2068,1872,2192,2227,2858,4066,5905,4386,3154,3739,2706,38366
Rogów,Łódzka Kolej Aglomeracyjna Sp. z o.o.,705,447,530,860,779,841,2204,1167,652,851,744,1842,11622
Rogów,POLREGIO Spółka Akcyjna,703,282,491,464,738,498,961,969,885,518,949,618,8076
Rogów ,,1408,729,1021,1324,1517,1339,3165,2136,1537,1369,1693,2460,19698
Pleszew,PKP INTERCITY Spółka Akcyjna ,2308,1006,1142,858,1119,2853,2647,3245,2448,1877,1893,1764,23160
Pleszew,Koleje Wielkopolskie Sp. z o.o.,430,220,708,994,510,2110,1585,1288,689,506,869,665,10574
Pleszew,POLREGIO Spółka Akcyjna,437,296,143,665,688,1087,1056,1674,1139,1021,1018,683,9907
Pleszew,Łódzka Kolej Aglomeracyjna Sp. z o.o.,9,,13,101,6,15,72,156,8,26,22,35,463
Pleszew ,,3184,1522,2006,2618,2323,6065,5360,6363,4284,3430,3802,3147,44104
Białogard,PKP INTERCITY Spółka Akcyjna ,10789,2418,3151,3128,3017,8022,8826,8993,1730,1861,2959,11297,66191
Białogard,POLREGIO Spółka Akcyjna,4111,512,2241,928,1266,2451,2111,2464,1021,663,572,5173,23513
Białogard ,,14900,2930,5392,4056,4283,10473,10937,11457,2751,2524,3531,16470,89704
Wronki,PKP INTERCITY Spółka Akcyjna ,2629,1255,1299,1398,1117,2421,2081,2514,2441,2195,2133,2771,24254
Wronki,POLREGIO Spółka Akcyjna,2796,837,991,1201,611,1766,669,520,757,728,1116,1141,13133
Wronki,Koleje Wielkopolskie Sp. z o.o.,339,204,314,405,755,1363,236,342,157,284,368,667,5434
Wronki ,,5764,2296,2604,3004,2483,5550,2986,3376,3355,3207,3617,4579,42821
Tarnowskie Góry,Koleje Śląskie Spółka z o.o.,780,673,1024,558,703,493,217,155,699,307,597,552,6758
Tarnowskie Góry,POLREGIO Spółka Akcyjna,279,,34,28,108,300,145,253,57,252,320,159,1935
Tarnowskie Góry,PKP INTERCITY Spółka Akcyjna ,,8,,,,,,,,,,,8
Tarnowskie Góry ,,1059,681,1058,586,811,793,362,408,756,559,917,711,8701
Nowy Tomyśl,PKP INTERCITY Spółka Akcyjna ,1655,582,1138,1785,1474,1945,1820,2429,1768,1705,1186,2631,20118
Nowy Tomyśl,Koleje Wielkopolskie Sp. z o.o.,2013,516,968,392,847,1959,1283,1233,808,526,1095,1439,13079
Nowy Tomyśl,POLREGIO Spółka Akcyjna,1305,587,1285,660,1049,1582,771,1208,1210,774,1077,1067,12575
Nowy Tomyśl ,,4973,1685,3391,2837,3370,5486,3874,4870,3786,3005,3358,5137,45772
Miłkowice,Koleje Dolnośląskie S.A.,3071,1140,1406,1119,1658,1220,3189,1292,5053,2531,1966,2375,26020
Miłkowice ,,3071,1140,1406,1119,1658,1220,3189,1292,5053,2531,1966,2375,26020
Chojnów,Koleje Dolnośląskie S.A.,3456,1313,1470,1337,1867,1184,3437,1350,4609,2818,1906,2535,27282
Chojnów,PKP INTERCITY Spółka Akcyjna ,190,35,96,39,144,70,107,432,181,161,204,645,2304
Chojnów ,,3646,1348,1566,1376,2011,1254,3544,1782,4790,2979,2110,3180,29586
Przemyśl Zasanie,PKP INTERCITY Spółka Akcyjna ,6671,2050,2834,2432,4521,4097,4855,4027,4364,4937,4613,6184,51585
Przemyśl Zasanie,POLREGIO Spółka Akcyjna,1480,451,811,556,546,584,1405,710,505,720,564,590,8922
Przemyśl Zasanie ,,8151,2501,3645,2988,5067,4681,6260,4737,4869,5657,5177,6774,60507
Teresin Niepokalanów,Koleje Mazowieckie - KM Spółka z o.o.,2240,1171,1368,1874,1634,2437,6760,3066,2196,2427,3215,1897,30285
Teresin Niepokalanów ,,2240,1171,1368,1874,1634,2437,6760,3066,2196,2427,3215,1897,30285
Żukowo Wschodnie,POLREGIO Spółka Akcyjna,968,456,1336,566,610,692,1370,1483,1100,924,693,1654,11852
Żukowo Wschodnie,CARGO Master Spółka z o.o.,,,,,,,,,,,,,
Żukowo Wschodnie ,,968,456,1336,566,610,692,1370,1483,1100,924,693,1654,11852
Rębiechowo,POLREGIO Spółka Akcyjna,1059,469,1310,543,680,785,1547,1513,1236,934,791,1880,12747
Rębiechowo ,,1059,469,1310,543,680,785,1547,1513,1236,934,791,1880,12747
Celestynów,Koleje Mazowieckie - KM Spółka z o.o.,1967,1153,1386,1333,1662,3102,5997,1743,1548,1600,2190,1626,25307
Celestynów ,,1967,1153,1386,1333,1662,3102,5997,1743,1548,1600,2190,1626,25307
Pępowo Kartuskie,POLREGIO Spółka Akcyjna,1062,478,1309,547,690,794,1527,1527,1233,945,788,1889,12789
Pępowo Kartuskie ,,1062,478,1309,547,690,794,1527,1527,1233,945,788,1889,12789
Żukowo,POLREGIO Spółka Akcyjna,956,562,1254,604,694,708,1388,1503,1119,889,678,1610,11965
Żukowo ,,956,562,1254,604,694,708,1388,1503,1119,889,678,1610,11965
Borkowo,POLREGIO Spółka Akcyjna,953,563,1262,603,692,711,1381,1518,1126,888,674,1585,11956
Borkowo ,,953,563,1262,603,692,711,1381,1518,1126,888,674,1585,11956
Stara Wieś,Koleje Mazowieckie - KM Spółka z o.o.,1985,1198,1408,1454,1727,3267,6010,1808,1574,1696,2323,1643,26093
Stara Wieś ,,1985,1198,1408,1454,1727,3267,6010,1808,1574,1696,2323,1643,26093
Pogorzel Warszawska,Koleje Mazowieckie - KM Spółka z o.o.,2036,1247,1441,1530,1797,3294,6063,1850,1616,1744,2351,1703,26672
Pogorzel Warszawska ,,2036,1247,1441,1530,1797,3294,6063,1850,1616,1744,2351,1703,26672
Otwock Śródborów,Koleje Mazowieckie - KM Spółka z o.o.,2057,1225,1439,1524,1771,3293,6036,1853,1619,1729,2321,1688,26555
Otwock Śródborów ,,2057,1225,1439,1524,1771,3293,6036,1853,1619,1729,2321,1688,26555
Łódź Retkinia,PKP INTERCITY Spółka Akcyjna ,894,585,775,574,396,1150,1492,1886,1140,691,951,281,10815
Łódź Retkinia,POLREGIO Spółka Akcyjna,905,176,313,597,613,747,1277,1638,1106,760,1000,444,9576
Łódź Retkinia,Łódzka Kolej Aglomeracyjna Sp. z o.o.,634,96,230,387,134,315,415,550,553,533,544,345,4736
Łódź Retkinia,Koleje Wielkopolskie Sp. z o.o.,44,35,7,19,51,32,88,212,127,88,72,21,796
Łódź Retkinia ,,2477,892,1325,1577,1194,2244,3272,4286,2926,2072,2567,1091,25923
Rybnik Towarowy,Koleje Śląskie Spółka z o.o.,1839,1116,1153,1175,868,1451,2569,2663,1880,1759,3032,1336,20841
Rybnik Towarowy ,,1839,1116,1153,1175,868,1451,2569,2663,1880,1759,3032,1336,20841
Słupca,PKP INTERCITY Spółka Akcyjna ,2273,1678,1822,2577,2239,3142,2433,3572,2878,2485,2766,3647,31512
Słupca,Koleje Wielkopolskie Sp. z o.o.,1369,1005,1187,1191,2540,2754,1563,1164,1425,2185,1450,1626,19459
Słupca ,,3642,2683,3009,3768,4779,5896,3996,4736,4303,4670,4216,5273,50971
Łazy,Koleje Śląskie Spółka z o.o.,3730,2042,1612,1467,2865,2126,1565,1411,2759,1794,3463,3150,27984
Łazy ,,3730,2042,1612,1467,2865,2126,1565,1411,2759,1794,3463,3150,27984
Puławy Miasto,PKP INTERCITY Spółka Akcyjna ,6277,3058,3269,2971,4375,4626,6105,6372,5107,3983,5532,6810,58485
Puławy Miasto,POLREGIO Spółka Akcyjna,517,236,142,174,178,421,440,529,449,388,803,485,4762
Puławy Miasto ,,6794,3294,3411,3145,4553,5047,6545,6901,5556,4371,6335,7295,63247
Nałęczów,PKP INTERCITY Spółka Akcyjna ,6266,3052,3195,2908,4356,4402,6017,6187,4700,4070,5347,6702,57202
Nałęczów,POLREGIO Spółka Akcyjna,539,324,176,151,185,431,470,499,471,408,726,491,4871
Nałęczów ,,6805,3376,3371,3059,4541,4833,6487,6686,5171,4478,6073,7193,62073
Lublin Zachodni,PKP INTERCITY Spółka Akcyjna ,6186,3051,3081,2867,4356,4370,6079,6180,4722,4066,5364,6811,57133
Lublin Zachodni,POLREGIO Spółka Akcyjna,508,238,215,162,139,374,408,482,440,390,729,323,4408
Lublin Zachodni ,,6694,3289,3296,3029,4495,4744,6487,6662,5162,4456,6093,7134,61541
Sędzisław,Koleje Dolnośląskie S.A.,2556,1043,1082,1261,1028,910,1935,1535,2539,3439,2612,2167,22107
Sędzisław,PKP INTERCITY Spółka Akcyjna ,2247,753,903,998,765,1508,1754,1830,1543,1951,1354,2001,17607
Sędzisław,POLREGIO Spółka Akcyjna,413,118,90,152,83,95,204,19,280,230,185,151,2020
Sędzisław ,,5216,1914,2075,2411,1876,2513,3893,3384,4362,5620,4151,4319,41734
Szczecinek,PKP INTERCITY Spółka Akcyjna ,7192,1302,2777,2320,1947,4561,5551,5235,796,873,961,7097,40612
Szczecinek,POLREGIO Spółka Akcyjna,4430,1388,3190,2122,2465,3519,3757,3270,1243,872,1143,4845,32244
Szczecinek,CARGO Master Spółka z o.o.,,,,,12,,,,,,,,12
Szczecinek ,,11622,2690,5967,4442,4424,8080,9308,8505,2039,1745,2104,11942,72868
Aleksandrów Kujawski,PKP INTERCITY Spółka Akcyjna ,6397,1751,2068,1967,2059,3040,6333,6929,3194,2301,3159,4028,43226
Aleksandrów Kujawski,POLREGIO Spółka Akcyjna,1093,505,490,707,591,766,1168,1960,919,1390,1015,695,11299
Aleksandrów Kujawski,CARGO Master Spółka z o.o.,,,23,,,,,,,,,,23
Aleksandrów Kujawski ,,7490,2256,2581,2674,2650,3806,7501,8889,4113,3691,4174,4723,54548
Włocławek,PKP INTERCITY Spółka Akcyjna ,6185,1639,2169,1965,2055,3030,6278,7317,3452,2393,3265,4177,43925
Włocławek,POLREGIO Spółka Akcyjna,824,491,510,683,658,617,1135,2055,849,1293,939,683,10737
Włocławek ,,7009,2130,2679,2648,2713,3647,7413,9372,4301,3686,4204,4860,54662
Wałbrzych Miasto,Koleje Dolnośląskie S.A.,3563,1708,1909,1885,1832,1518,2569,1974,3167,4343,3568,3090,31126
Wałbrzych Miasto,PKP INTERCITY Spółka Akcyjna ,2397,990,1103,1300,871,1781,2312,2333,1884,2196,1853,1917,20937
Wałbrzych Miasto,POLREGIO Spółka Akcyjna,393,153,122,157,87,184,294,89,381,352,222,204,2638
Wałbrzych Miasto ,,6353,2851,3134,3342,2790,3483,5175,4396,5432,6891,5643,5211,54701
Kąty Wrocławskie,Koleje Dolnośląskie S.A.,4040,1848,1857,2089,2014,1903,3038,2103,3536,4188,3746,4038,34400
Kąty Wrocławskie,POLREGIO Spółka Akcyjna,569,162,112,66,65,167,235,46,246,207,171,149,2195
Kąty Wrocławskie ,,4609,2010,1969,2155,2079,2070,3273,2149,3782,4395,3917,4187,36595
Wrocław Grabiszyn,Koleje Dolnośląskie S.A.,4060,1313,1763,1932,1910,1856,2887,1811,3847,4011,3729,3706,32825
Wrocław Grabiszyn,POLREGIO Spółka Akcyjna,571,152,99,50,62,166,230,55,232,209,159,129,2114
Wrocław Grabiszyn ,,4631,1465,1862,1982,1972,2022,3117,1866,4079,4220,3888,3835,34939
Opole Groszowice,POLREGIO Spółka Akcyjna,4424,1943,1810,1741,2358,3056,2968,2270,3737,3478,5586,2742,36113
Opole Groszowice ,,4424,1943,1810,1741,2358,3056,2968,2270,3737,3478,5586,2742,36113
Opole Zachodnie,POLREGIO Spółka Akcyjna,4170,1740,2227,2259,3075,2663,2932,2767,4742,3625,5544,2687,38431
Opole Zachodnie ,,4170,1740,2227,2259,3075,2663,2932,2767,4742,3625,5544,2687,38431
Podłęże,POLREGIO Spółka Akcyjna,2032,1225,1077,665,1012,600,1025,1178,1505,1357,912,847,13435
Podłęże,Koleje Małopolskie Sp. z o.o.,2242,648,762,399,479,356,458,549,461,1049,445,340,8188
Podłęże ,,4274,1873,1839,1064,1491,956,1483,1727,1966,2406,1357,1187,21623
Wałbrzych Główny,Koleje Dolnośląskie S.A.,3424,1562,2121,2090,2104,1763,2909,2348,3499,5114,4057,3070,34061
Wałbrzych Główny,PKP INTERCITY Spółka Akcyjna ,2386,926,1049,1223,930,1739,2103,2234,1708,2205,1806,2022,20331
Wałbrzych Główny,POLREGIO Spółka Akcyjna,393,132,129,157,86,199,322,93,399,366,258,253,2787
Wałbrzych Główny,CARGO Master Spółka z o.o.,,,,,,,,,,,,,
Wałbrzych Główny,LEO Express Global a.s.,,,,,,,,,,,,,
Wałbrzych Główny ,,6203,2620,3299,3470,3120,3701,5334,4675,5606,7685,6121,5345,57179
Jabłonowo Pomorskie,PKP INTERCITY Spółka Akcyjna ,1342,432,755,472,577,1460,2057,1414,1429,1233,1688,1343,14202
Jabłonowo Pomorskie,POLREGIO Spółka Akcyjna,1942,334,496,533,485,625,596,1288,770,509,714,601,8893
Jabłonowo Pomorskie,Arriva RP Sp. z o.o.,260,270,667,250,305,188,777,334,240,175,452,437,4355
Jabłonowo Pomorskie,CARGO Master Spółka z o.o.,,,,,,,,,,,,,
Jabłonowo Pomorskie ,,3544,1036,1918,1255,1367,2273,3430,3036,2439,1917,2854,2381,27450
Toruń Kluczyki,POLREGIO Spółka Akcyjna,2556,1065,1118,1362,1186,1344,1737,3176,1632,2734,2038,1328,21276
Toruń Kluczyki,CARGO Master Spółka z o.o.,,,,,,,,,,,,,
Toruń Kluczyki ,,2556,1065,1118,1362,1186,1344,1737,3176,1632,2734,2038,1328,21276
Kłodzko Główne,Koleje Dolnośląskie S.A.,5041,1678,2646,1964,3286,2474,5372,4720,784,4436,9845,7306,49552
Kłodzko Główne,PKP INTERCITY Spółka Akcyjna ,781,382,489,303,159,371,1194,638,378,694,1558,1372,8319
Kłodzko Główne,POLREGIO Spółka Akcyjna,137,41,327,29,,55,71,91,194,145,202,370,1662
Kłodzko Główne,LEO Express Global a.s.,,,,,,,,,,,,,
Kłodzko Główne ,,5959,2101,3462,2296,3445,2900,6637,5449,1356,5275,11605,9048,59533
Kobiór,Koleje Śląskie Spółka z o.o.,6498,2590,4862,4696,3017,7244,6531,3285,4254,5176,5852,5408,59413
Kobiór ,,6498,2590,4862,4696,3017,7244,6531,3285,4254,5176,5852,5408,59413
Piasek,Koleje Śląskie Spółka z o.o.,7485,3080,5242,5611,3862,8671,7886,3909,5351,6809,7070,7097,72073
Piasek ,,7485,3080,5242,5611,3862,8671,7886,3909,5351,6809,7070,7097,72073
Poznań Starołęka,Koleje Wielkopolskie Sp. z o.o.,458,214,560,1030,853,2316,1686,1225,899,687,1072,824,11824
Poznań Starołęka,POLREGIO Spółka Akcyjna,423,217,106,586,700,859,763,1720,981,833,814,574,8576
Poznań Starołęka,Łódzka Kolej Aglomeracyjna Sp. z o.o.,,9,8,106,,,62,51,,,6,32,274
Poznań Starołęka,PKP INTERCITY Spółka Akcyjna ,,50,,,,,,,,,32,,82
Poznań Starołęka,RAILPOLONIA Sp. z o.o. (przewozy pasażerskie),,,,,,,,,,,,29,29
Poznań Starołęka,CARGO Master Spółka z o.o.,,,,,,,,,,,,,
Poznań Starołęka ,,881,490,674,1722,1553,3175,2511,2996,1880,1520,1924,1459,20785
Poznań Dębina,Koleje Wielkopolskie Sp. z o.o.,418,263,588,1040,859,2506,1687,1230,921,708,1059,865,12144
Poznań Dębina,POLREGIO Spółka Akcyjna,450,228,101,601,701,910,779,1738,988,841,791,605,8733
Poznań Dębina,Łódzka Kolej Aglomeracyjna Sp. z o.o.,,13,8,106,,,62,54,7,,6,33,289
Poznań Dębina,CARGO Master Spółka z o.o.,,,,,,,,,,,,,
Poznań Dębina ,,868,504,697,1747,1560,3416,2528,3022,1916,1549,1856,1503,21166
Rudna Miasto,Koleje Dolnośląskie S.A.,6640,2542,2054,2911,8115,2481,3704,1421,3813,2897,5113,3682,45373
Rudna Miasto,POLREGIO Spółka Akcyjna,,,439,1017,1748,824,642,626,1598,752,1120,303,9069
Rudna Miasto ,,6640,2542,2493,3928,9863,3305,4346,2047,5411,3649,6233,3985,54442
Tarnów Mościce,POLREGIO Spółka Akcyjna,2493,1176,1197,587,893,673,1138,1306,1524,1117,1040,976,14120
Tarnów Mościce,Koleje Małopolskie Sp. z o.o.,2130,1007,1052,472,492,326,632,550,643,1100,895,546,9845
Tarnów Mościce ,,4623,2183,2249,1059,1385,999,1770,1856,2167,2217,1935,1522,23965
Staniątki,POLREGIO Spółka Akcyjna,2086,1219,1187,727,1068,594,1057,1211,1594,1520,950,813,14026
Staniątki,Koleje Małopolskie Sp. z o.o.,2322,835,1000,427,535,394,510,612,610,1195,611,421,9472
Staniątki ,,4408,2054,2187,1154,1603,988,1567,1823,2204,2715,1561,1234,23498
Kłaj,POLREGIO Spółka Akcyjna,2057,1201,1204,709,1034,566,1040,1182,1593,1435,948,821,13790
Kłaj,Koleje Małopolskie Sp. z o.o.,2291,861,1002,401,520,364,512,605,584,1156,596,415,9307
Kłaj ,,4348,2062,2206,1110,1554,930,1552,1787,2177,2591,1544,1236,23097
Kotuń,Koleje Mazowieckie - KM Spółka z o.o.,2247,1340,1170,1920,2926,4231,5254,4754,3279,5741,5498,2281,40641
Kotuń,PKP INTERCITY Spółka Akcyjna ,,,,,,,,,,,,,
Kotuń ,,2247,1340,1170,1920,2926,4231,5254,4754,3279,5741,5498,2281,40641
Warszawa Główna,Szybka Kolej Miejska Sp. z o.o.,594,137,166,89,375,420,529,416,388,361,143,315,3933
Warszawa Główna,Koleje Mazowieckie - KM Spółka z o.o.,1000,313,611,499,685,105,48,,,,,78,3339
Warszawa Główna,POLREGIO Spółka Akcyjna,879,346,395,311,594,156,,,,,,,2681
Warszawa Główna,Łódzka Kolej Aglomeracyjna Sp. z o.o.,142,90,140,222,99,,,6,,,,,699
Warszawa Główna,PKP INTERCITY Spółka Akcyjna ,161,65,40,19,125,,,,,,,,410
Warszawa Główna ,,2776,951,1352,1140,1878,681,577,422,388,361,143,393,11062
Szczecin Zdunowo,POLREGIO Spółka Akcyjna,3853,1197,2822,1682,1701,2640,1532,1922,2318,2284,1924,3134,27009
Szczecin Zdunowo ,,3853,1197,2822,1682,1701,2640,1532,1922,2318,2284,1924,3134,27009
Witanów,Koleje Mazowieckie - KM Spółka z o.o.,2225,956,1422,1831,1585,2265,6621,2908,2097,2349,3193,2004,29456
Witanów ,,2225,956,1422,1831,1585,2265,6621,2908,2097,2349,3193,2004,29456
Boża Wola,Koleje Mazowieckie - KM Spółka z o.o.,2235,981,1409,1860,1589,2280,6643,2895,2154,2362,3209,2043,29660
Boża Wola ,,2235,981,1409,1860,1589,2280,6643,2895,2154,2362,3209,2043,29660
Piasecznica,Koleje Mazowieckie - KM Spółka z o.o.,2146,1076,1349,1754,1627,2249,6479,2843,2077,2400,3052,1650,28702
Piasecznica ,,2146,1076,1349,1754,1627,2249,6479,2843,2077,2400,3052,1650,28702
Seroki,Koleje Mazowieckie - KM Spółka z o.o.,2212,976,1395,1837,1582,2288,6660,2914,2087,2321,3211,2031,29514
Seroki ,,2212,976,1395,1837,1582,2288,6660,2914,2087,2321,3211,2031,29514
Grębocice,Koleje Dolnośląskie S.A.,7176,2831,2191,3034,8083,2642,3151,1251,2973,2638,4538,3440,43948
Grębocice,POLREGIO Spółka Akcyjna,,,460,1086,1656,840,624,618,1628,662,966,257,8797
Grębocice ,,7176,2831,2651,4120,9739,3482,3775,1869,4601,3300,5504,3697,52745
Czempiń,POLREGIO Spółka Akcyjna,1209,955,709,371,580,1261,1150,1011,1256,1095,938,1240,11775
Czempiń,Koleje Wielkopolskie Sp. z o.o.,585,1367,497,379,735,794,394,420,606,714,417,1573,8481
Czempiń ,,1794,2322,1206,750,1315,2055,1544,1431,1862,1809,1355,2813,20256
Mosina,POLREGIO Spółka Akcyjna,1099,906,662,472,538,1353,1111,928,1251,1082,908,1121,11431
Mosina,Koleje Wielkopolskie Sp. z o.o.,582,1294,507,423,724,869,400,420,610,639,448,1471,8387
Mosina ,,1681,2200,1169,895,1262,2222,1511,1348,1861,1721,1356,2592,19818
Wieliszew,Szybka Kolej Miejska Sp. z o.o.,1807,1046,788,873,728,2261,1528,859,1164,800,638,1278,13770
Wieliszew,Koleje Mazowieckie - KM Spółka z o.o.,1746,1141,567,275,241,609,,,,36,55,187,4857
Wieliszew,CARGO Master Spółka z o.o.,,,,,,,,,,,,,
Wieliszew,PKP INTERCITY Spółka Akcyjna ,,,,,,,,,,,,,
Wieliszew ,,3553,2187,1355,1148,969,2870,1528,859,1164,836,693,1465,18627
Michałów-Reginów,Szybka Kolej Miejska Sp. z o.o.,2027,1151,791,925,849,2412,1579,896,1187,884,685,1522,14908
Michałów-Reginów,Koleje Mazowieckie - KM Spółka z o.o.,1825,1149,578,281,252,652,,,,36,64,186,5023
Michałów-Reginów ,,3852,2300,1369,1206,1101,3064,1579,896,1187,920,749,1708,19931
Mińsk Mazowiecki Anielina,Koleje Mazowieckie - KM Spółka z o.o.,2130,1304,1099,1499,2771,3737,5310,3885,2787,5328,5246,2040,37136
Mińsk Mazowiecki Anielina ,,2130,1304,1099,1499,2771,3737,5310,3885,2787,5328,5246,2040,37136
Zielona Góra Przylep,POLREGIO Spółka Akcyjna,7783,6127,4134,4841,6456,5066,5290,5550,6605,7058,6071,8552,73533
Zielona Góra Przylep,PKP INTERCITY Spółka Akcyjna ,,,,,,,,,16,,,,16
Zielona Góra Przylep ,,7783,6127,4134,4841,6456,5066,5290,5550,6621,7058,6071,8552,73549
Lipce Reymontowskie,Łódzka Kolej Aglomeracyjna Sp. z o.o.,755,373,361,660,757,576,2074,1033,510,695,628,978,9400
Lipce Reymontowskie,POLREGIO Spółka Akcyjna,747,276,476,464,747,507,958,988,916,584,963,642,8268
Lipce Reymontowskie ,,1502,649,837,1124,1504,1083,3032,2021,1426,1279,1591,1620,17668
Kraków Złocień,POLREGIO Spółka Akcyjna,2125,1222,960,642,1028,681,937,1146,1489,1312,926,729,13197
Kraków Złocień,Koleje Małopolskie Sp. z o.o.,2190,621,755,442,426,312,462,578,456,1026,462,370,8100
Kraków Złocień ,,4315,1843,1715,1084,1454,993,1399,1724,1945,2338,1388,1099,21297
Janówek,Koleje Mazowieckie - KM Spółka z o.o.,4196,1288,1229,1229,1419,2143,1623,1753,1100,932,1263,1832,20007
Janówek ,,4196,1288,1229,1229,1419,2143,1623,1753,1100,932,1263,1832,20007
Studzianki Nowe,Koleje Mazowieckie - KM Spółka z o.o.,4166,1468,1380,1424,1447,2124,1659,2036,1274,949,1489,1706,21122
Studzianki Nowe ,,4166,1468,1380,1424,1447,2124,1659,2036,1274,949,1489,1706,21122
Brody Warszawskie,Koleje Mazowieckie - KM Spółka z o.o.,4202,1495,1393,1428,1460,2144,1677,2018,1292,969,1477,1721,21276
Brody Warszawskie ,,4202,1495,1393,1428,1460,2144,1677,2018,1292,969,1477,1721,21276
Czyżew,PKP INTERCITY Spółka Akcyjna ,3116,1331,1649,1230,1636,2043,2730,2571,2111,2012,2171,1730,24330
Czyżew,POLREGIO Spółka Akcyjna,1073,401,496,159,437,270,429,415,476,139,83,29,4407
Czyżew,Koleje Mazowieckie - KM Spółka z o.o.,720,89,69,27,104,123,745,48,175,103,201,92,2496
Czyżew ,,4909,1821,2214,1416,2177,2436,3904,3034,2762,2254,2455,1851,31233
Wrocław Leśnica,Koleje Dolnośląskie S.A.,4487,1604,2142,1849,2410,1500,3315,1602,4485,3048,2230,2942,31614
Wrocław Leśnica,PKP INTERCITY Spółka Akcyjna ,669,287,429,339,830,410,361,668,809,679,745,184,6410
Wrocław Leśnica,CARGO Master Spółka z o.o.,,,,,,,,,,,,,
Wrocław Leśnica ,,5156,1891,2571,2188,3240,1910,3676,2270,5294,3727,2975,3126,38024
Czachówek Południowy,Koleje Mazowieckie - KM Spółka z o.o.,3972,1830,1804,2181,2519,2623,4896,3504,2214,1596,1526,1577,30242
Czachówek Południowy,PKP INTERCITY Spółka Akcyjna ,,,,,,,,,,,,,
Czachówek Południowy ,,3972,1830,1804,2181,2519,2623,4896,3504,2214,1596,1526,1577,30242
Radymno,PKP INTERCITY Spółka Akcyjna ,4841,1297,1950,1635,3186,2986,3595,2810,2764,2544,2919,3456,33983
Radymno,POLREGIO Spółka Akcyjna,1512,359,696,521,451,436,1406,557,464,643,455,543,8043
Radymno ,,6353,1656,2646,2156,3637,3422,5001,3367,3228,3187,3374,3999,42026
Oborniki Wielkopolskie Miasto,PKP INTERCITY Spółka Akcyjna ,4973,949,2684,1582,2071,4486,3767,3869,608,572,1089,4533,31183
Oborniki Wielkopolskie Miasto,POLREGIO Spółka Akcyjna,1873,613,1274,396,609,1254,851,1127,884,893,695,1793,12262
Oborniki Wielkopolskie Miasto,Koleje Wielkopolskie Sp. z o.o.,1626,360,3596,182,437,1351,876,894,661,523,816,821,12143
Oborniki Wielkopolskie Miasto ,,8472,1922,7554,2160,3117,7091,5494,5890,2153,1988,2600,7147,55588
Puszczykówko,POLREGIO Spółka Akcyjna,1184,1041,729,424,627,1481,1250,950,1141,1127,1111,1210,12275
Puszczykówko,Koleje Wielkopolskie Sp. z o.o.,669,1346,484,443,735,1142,452,481,652,704,495,1666,9269
Puszczykówko ,,1853,2387,1213,867,1362,2623,1702,1431,1793,1831,1606,2876,21544
Chynów,Koleje Mazowieckie - KM Spółka z o.o.,3644,1773,2131,2224,2647,2551,4674,3540,2125,1545,1404,1473,29731
Chynów ,,3644,1773,2131,2224,2647,2551,4674,3540,2125,1545,1404,1473,29731
Iłowiec,POLREGIO Spółka Akcyjna,1201,1048,755,483,616,1323,1213,975,1239,1148,1062,1317,12380
Iłowiec,Koleje Wielkopolskie Sp. z o.o.,669,1434,653,519,779,1025,456,468,714,775,523,1476,9491
Iłowiec ,,1870,2482,1408,1002,1395,2348,1669,1443,1953,1923,1585,2793,21871
Drużyna Poznańska,POLREGIO Spółka Akcyjna,1203,1026,740,465,612,1315,1233,992,1236,1135,1068,1323,12348
Drużyna Poznańska,Koleje Wielkopolskie Sp. z o.o.,668,1439,637,517,782,1018,465,466,709,769,523,1449,9442
Drużyna Poznańska ,,1871,2465,1377,982,1394,2333,1698,1458,1945,1904,1591,2772,21790
Puszczykowo,POLREGIO Spółka Akcyjna,1164,1035,730,425,631,1491,1285,979,1143,1149,1127,1219,12378
Puszczykowo,Koleje Wielkopolskie Sp. z o.o.,665,1348,511,455,724,1136,486,494,679,699,502,1528,9227
Puszczykowo ,,1829,2383,1241,880,1355,2627,1771,1473,1822,1848,1629,2747,21605
Kołobrzeg,PKP INTERCITY Spółka Akcyjna ,3970,965,849,733,1956,4346,6760,7580,521,412,685,5687,34464
Kołobrzeg,POLREGIO Spółka Akcyjna,2887,490,1733,586,1761,3202,2746,2811,1278,579,1613,4560,24246
Kołobrzeg,CARGO TRAIN Sp. z o.o.,,,,,,,,,,,,,
Kołobrzeg ,,6857,1455,2582,1319,3717,7548,9506,10391,1799,991,2298,10247,58710
Lublin Północny,POLREGIO Spółka Akcyjna,1487,614,866,648,1063,1297,3027,2301,1442,1145,1748,1537,17175
Lublin Północny ,,1487,614,866,648,1063,1297,3027,2301,1442,1145,1748,1537,17175
Wolsztyn,Koleje Wielkopolskie Sp. z o.o.,493,323,563,493,428,2320,754,650,452,417,723,1077,8693
Wolsztyn,Parowozownia Wolsztyn,,,35,,36,,,,,,,81,152
Wolsztyn,CARGO Master Spółka z o.o.,,,,,13,,,,,,,,13
Wolsztyn,POLREGIO Spółka Akcyjna,,,,,9,,,,,,,,9
Wolsztyn ,,493,323,598,493,486,2320,754,650,452,417,723,1158,8867
Kozłów,POLREGIO Spółka Akcyjna,4413,993,1248,993,1121,1671,2384,3176,1302,1211,2384,1146,22042
Kozłów,Koleje Małopolskie Sp. z o.o.,995,166,217,202,282,263,573,2221,240,142,337,343,5981
Kozłów ,,5408,1159,1465,1195,1403,1934,2957,5397,1542,1353,2721,1489,28023
Tunel,POLREGIO Spółka Akcyjna,4440,1035,1282,1023,1129,1683,2411,3263,1283,1238,2424,1168,22379
Tunel,Koleje Małopolskie Sp. z o.o.,1065,181,216,231,315,288,589,2277,284,137,364,321,6268
Tunel,PKP INTERCITY Spółka Akcyjna ,,,,,,,,,,,20,,20
Tunel ,,5505,1216,1498,1254,1444,1971,3000,5540,1567,1375,2808,1489,28667
Pobiedziska,Koleje Wielkopolskie Sp. z o.o.,759,548,387,429,349,1987,722,698,441,1943,1287,685,10235
Pobiedziska,POLREGIO Spółka Akcyjna,1165,468,557,674,575,1286,661,548,780,1462,983,519,9678
Pobiedziska,PKP INTERCITY Spółka Akcyjna ,,,,7,,,,,,,,,7
Pobiedziska ,,1924,1016,944,1110,924,3273,1383,1246,1221,3405,2270,1204,19920
Kobylnica,Koleje Wielkopolskie Sp. z o.o.,804,442,453,338,372,2791,813,756,404,1850,1387,653,11063
Kobylnica,POLREGIO Spółka Akcyjna,1196,447,502,568,481,1586,554,563,699,1305,999,456,9356
Kobylnica ,,2000,889,955,906,853,4377,1367,1319,1103,3155,2386,1109,20419
Biskupice Wielkopolskie,Koleje Wielkopolskie Sp. z o.o.,830,519,435,354,354,2587,813,914,439,1895,1370,671,11181
Biskupice Wielkopolskie,POLREGIO Spółka Akcyjna,1197,519,517,602,524,1548,602,645,737,1344,1037,485,9757
Biskupice Wielkopolskie ,,2027,1038,952,956,878,4135,1415,1559,1176,3239,2407,1156,20938
Kłodzko Miasto,Koleje Dolnośląskie S.A.,4235,1219,2100,1875,2905,2338,5107,4712,695,4113,8707,6345,44351
Kłodzko Miasto,PKP INTERCITY Spółka Akcyjna ,493,201,306,207,127,292,878,546,182,359,1133,1904,6628
Kłodzko Miasto,POLREGIO Spółka Akcyjna,108,43,313,28,,47,61,71,113,139,173,357,1453
Kłodzko Miasto ,,4836,1463,2719,2110,3032,2677,6046,5329,990,4611,10013,8606,52432
Pobiedziska Letnisko,Koleje Wielkopolskie Sp. z o.o.,812,536,436,432,391,2605,843,769,453,1940,1444,702,11363
Pobiedziska Letnisko,POLREGIO Spółka Akcyjna,1232,543,530,613,524,1543,627,572,756,1372,1059,495,9866
Pobiedziska Letnisko ,,2044,1079,966,1045,915,4148,1470,1341,1209,3312,2503,1197,21229
Promno,Koleje Wielkopolskie Sp. z o.o.,811,503,432,419,392,2586,819,837,451,1933,1437,687,11307
Promno,POLREGIO Spółka Akcyjna,1220,520,526,611,529,1551,622,608,751,1368,1057,494,9857
Promno ,,2031,1023,958,1030,921,4137,1441,1445,1202,3301,2494,1181,21164
Ligowiec,Koleje Wielkopolskie Sp. z o.o.,844,495,483,323,379,3108,816,732,434,1881,1384,723,11602
Ligowiec,POLREGIO Spółka Akcyjna,1264,485,544,586,493,1747,553,563,761,1330,1065,502,9893
Ligowiec ,,2108,980,1027,909,872,4855,1369,1295,1195,3211,2449,1225,21495
Nowa Sól,PKP INTERCITY Spółka Akcyjna ,2916,1454,1749,1590,2806,2127,1712,1780,2157,1727,2559,2489,25066
Nowa Sól,POLREGIO Spółka Akcyjna,2636,1381,1574,1698,2541,1834,1225,1445,3303,1389,1660,805,21491
Nowa Sól,Koleje Dolnośląskie S.A.,1641,754,785,743,1979,1000,703,398,1679,1094,1301,2181,14258
Nowa Sól ,,7193,3589,4108,4031,7326,4961,3640,3623,7139,4210,5520,5475,60815
Rudna Gwizdanów,Koleje Dolnośląskie S.A.,6386,2359,1924,2739,7990,2365,3338,1262,3235,2724,4846,3160,42328
Rudna Gwizdanów,POLREGIO Spółka Akcyjna,,,431,1020,1791,821,651,630,1569,701,1094,312,9020
Rudna Gwizdanów ,,6386,2359,2355,3759,9781,3186,3989,1892,4804,3425,5940,3472,51348
Barcząca,Koleje Mazowieckie - KM Spółka z o.o.,1897,1133,1022,1391,2542,3588,5030,3601,2634,5229,4808,1872,34747
Barcząca ,,1897,1133,1022,1391,2542,3588,5030,3601,2634,5229,4808,1872,34747
Mienia,Koleje Mazowieckie - KM Spółka z o.o.,1921,1168,1044,1394,2511,3528,5026,3498,2610,5201,4745,1880,34526
Mienia ,,1921,1168,1044,1394,2511,3528,5026,3498,2610,5201,4745,1880,34526
Radom Gołębiów,Koleje Mazowieckie - KM Spółka z o.o.,3093,1512,2148,2335,2527,2698,4245,4955,2769,1567,1219,1237,30305
Radom Gołębiów,PKP INTERCITY Spółka Akcyjna ,619,106,128,208,378,474,1219,907,605,405,286,430,5765
Radom Gołębiów ,,3712,1618,2276,2543,2905,3172,5464,5862,3374,1972,1505,1667,36070
Długołęka,POLREGIO Spółka Akcyjna,2113,1294,1650,1038,1068,917,1730,1021,2301,1139,971,1382,16624
Długołęka,Koleje Dolnośląskie S.A.,1003,742,251,556,461,422,1302,1111,1175,591,857,736,9207
Długołęka ,,3116,2036,1901,1594,1529,1339,3032,2132,3476,1730,1828,2118,25831
Świebodzice,Koleje Dolnośląskie S.A.,3374,1590,1525,1455,1380,1430,2490,1850,2992,3811,3255,3019,28171
Świebodzice,PKP INTERCITY Spółka Akcyjna ,2215,910,930,1233,928,1752,1923,2268,1660,2004,1444,2018,19285
Świebodzice,POLREGIO Spółka Akcyjna,406,147,118,157,97,174,285,79,314,257,188,192,2414
Świebodzice ,,5995,2647,2573,2845,2405,3356,4698,4197,4966,6072,4887,5229,49870
Goerlitz,POLREGIO Spółka Akcyjna,376,238,376,414,215,1044,386,1369,4938,3491,5519,2938,21304
Goerlitz,Koleje Dolnośląskie S.A.,2003,499,775,867,1225,874,1820,1563,2013,3676,4123,1648,21086
Goerlitz ,,2379,737,1151,1281,1440,1918,2206,2932,6951,7167,9642,4586,42390
Leszczyny,Koleje Śląskie Spółka z o.o.,1271,821,1016,1092,850,1636,3275,3412,2740,1819,3685,1326,22943
Leszczyny ,,1271,821,1016,1092,850,1636,3275,3412,2740,1819,3685,1326,22943
Sucha Żyrardowska,Koleje Mazowieckie - KM Spółka z o.o.,1952,697,1433,734,3425,1810,2433,964,785,1239,2120,822,18414
Sucha Żyrardowska ,,1952,697,1433,734,3425,1810,2433,964,785,1239,2120,822,18414
Radziwiłłów Mazowiecki,Koleje Mazowieckie - KM Spółka z o.o.,1957,667,1421,712,3404,1795,2414,981,789,1248,2079,842,18309
Radziwiłłów Mazowiecki ,,1957,667,1421,712,3404,1795,2414,981,789,1248,2079,842,18309
Jesionka,Koleje Mazowieckie - KM Spółka z o.o.,1945,699,1410,734,3416,1811,2438,968,781,1231,2092,823,18348
Jesionka ,,1945,699,1410,734,3416,1811,2438,968,781,1231,2092,823,18348
Ozorków,PKP INTERCITY Spółka Akcyjna ,3711,887,1130,1289,1201,1320,3546,4147,2371,1162,2106,1488,24358
Ozorków,Łódzka Kolej Aglomeracyjna Sp. z o.o.,243,505,605,535,335,358,756,1315,699,537,837,439,7164
Ozorków,POLREGIO Spółka Akcyjna,114,124,166,98,56,146,177,643,231,103,346,95,2299
Ozorków ,,4068,1516,1901,1922,1592,1824,4479,6105,3301,1802,3289,2022,33821
Gdynia Karwiny,POLREGIO Spółka Akcyjna,567,182,1026,203,293,526,1021,611,1152,576,324,862,7343
Gdynia Karwiny ,,567,182,1026,203,293,526,1021,611,1152,576,324,862,7343
Gdańsk Osowa,POLREGIO Spółka Akcyjna,524,179,997,181,297,448,838,612,1207,493,306,826,6908
Gdańsk Osowa ,,524,179,997,181,297,448,838,612,1207,493,306,826,6908
Gdynia Stadion,POLREGIO Spółka Akcyjna,599,174,1048,210,308,546,1077,628,1191,595,359,876,7611
Gdynia Stadion ,,599,174,1048,210,308,546,1077,628,1191,595,359,876,7611
Rejowiec,POLREGIO Spółka Akcyjna,1137,375,778,521,1013,1083,2601,1537,973,845,1613,1388,13864
Rejowiec,PKP INTERCITY Spółka Akcyjna ,563,209,320,205,424,496,1086,754,851,879,867,1227,7881
Rejowiec ,,1700,584,1098,726,1437,1579,3687,2291,1824,1724,2480,2615,21745
Bydgoszcz Bielawy,POLREGIO Spółka Akcyjna,1657,849,593,798,727,883,1080,2659,892,1384,1606,958,14086
Bydgoszcz Bielawy,Arriva RP Sp. z o.o.,342,136,200,356,295,422,320,251,289,145,322,199,3277
Bydgoszcz Bielawy ,,1999,985,793,1154,1022,1305,1400,2910,1181,1529,1928,1157,17363
Sławno,PKP INTERCITY Spółka Akcyjna ,10546,2722,2535,3287,3434,7995,8780,9571,1812,1987,3522,7426,63617
Sławno,POLREGIO Spółka Akcyjna,2210,969,738,1188,852,2675,1383,2356,427,787,1008,1180,15773
Sławno ,,12756,3691,3273,4475,4286,10670,10163,11927,2239,2774,4530,8606,79390
Oborzyska Stare,POLREGIO Spółka Akcyjna,1278,1058,751,349,625,1273,1319,1068,1182,1230,1086,1458,12677
Oborzyska Stare,Koleje Wielkopolskie Sp. z o.o.,645,1592,576,419,821,724,486,453,733,839,475,1465,9228
Oborzyska Stare ,,1923,2650,1327,768,1446,1997,1805,1521,1915,2069,1561,2923,21905
Maksymilianowo,Arriva RP Sp. z o.o.,1228,391,646,1097,861,1062,1709,747,1586,445,981,1572,12325
Maksymilianowo,POLREGIO Spółka Akcyjna,2506,281,641,335,306,440,702,757,407,453,429,426,7683
Maksymilianowo,CARGO Master Spółka z o.o.,,,,11,,,,,,,,,11
Maksymilianowo ,,3734,672,1287,1443,1167,1502,2411,1504,1993,898,1410,1998,20019
Pabianice Północne,POLREGIO Spółka Akcyjna,761,203,305,588,596,752,1281,1655,1137,774,1026,445,9523
Pabianice Północne,Łódzka Kolej Aglomeracyjna Sp. z o.o.,620,97,237,350,105,283,286,387,508,456,462,326,4117
Pabianice Północne,Koleje Wielkopolskie Sp. z o.o.,64,45,14,27,64,34,98,220,127,89,79,21,882
Pabianice Północne ,,1445,345,556,965,765,1069,1665,2262,1772,1319,1567,792,14522
Rynkowo Wiadukt,Arriva RP Sp. z o.o.,1154,376,637,1158,859,1013,1683,743,1600,430,1003,1542,12198
Rynkowo Wiadukt,POLREGIO Spółka Akcyjna,2513,306,644,346,307,425,709,757,406,444,416,419,7692
Rynkowo Wiadukt ,,3667,682,1281,1504,1166,1438,2392,1500,2006,874,1419,1961,19890
Świdnik Miasto,PKP INTERCITY Spółka Akcyjna ,1320,722,660,388,955,1044,1606,1341,1172,1357,1541,1973,14079
Świdnik Miasto,POLREGIO Spółka Akcyjna,1217,457,649,428,869,1078,2745,1664,1061,804,1103,1275,13350
Świdnik Miasto ,,2537,1179,1309,816,1824,2122,4351,3005,2233,2161,2644,3248,27429
Tomaszów Mazowiecki,PKP INTERCITY Spółka Akcyjna ,2240,766,1114,1350,1449,1616,2059,3606,1249,1373,1281,553,18656
Tomaszów Mazowiecki,Łódzka Kolej Aglomeracyjna Sp. z o.o.,411,220,219,1013,351,553,1118,690,320,360,729,406,6390
Tomaszów Mazowiecki,POLREGIO Spółka Akcyjna,8,,12,8,,83,24,37,71,31,62,98,434
Tomaszów Mazowiecki ,,2659,986,1345,2371,1800,2252,3201,4333,1640,1764,2072,1057,25480
Malczyce,Koleje Dolnośląskie S.A.,4181,1502,1796,1857,2419,1639,3288,1503,4360,2887,2032,2591,30055
Malczyce ,,4181,1502,1796,1857,2419,1639,3288,1503,4360,2887,2032,2591,30055
Kliniska,POLREGIO Spółka Akcyjna,1836,1301,1202,780,1394,2308,2086,1804,2071,1118,2656,1926,20482
Kliniska ,,1836,1301,1202,780,1394,2308,2086,1804,2071,1118,2656,1926,20482
Miękinia,Koleje Dolnośląskie S.A.,4391,1632,2089,1916,2505,1559,3164,1658,4547,3191,2239,2883,31774
Miękinia ,,4391,1632,2089,1916,2505,1559,3164,1658,4547,3191,2239,2883,31774
Gąsocin,Koleje Mazowieckie - KM Spółka z o.o.,3897,961,794,749,1384,1694,1663,1414,860,1095,1328,1700,17539
Gąsocin ,,3897,961,794,749,1384,1694,1663,1414,860,1095,1328,1700,17539
Świercze,Koleje Mazowieckie - KM Spółka z o.o.,3979,1052,898,788,1367,1766,1767,1682,1010,1094,1423,1796,18622
Świercze ,,3979,1052,898,788,1367,1766,1767,1682,1010,1094,1423,1796,18622
Dobieszyn,Koleje Mazowieckie - KM Spółka z o.o.,3506,1789,2230,2151,2660,2644,4169,4342,2474,1786,1470,1378,30599
Dobieszyn ,,3506,1789,2230,2151,2660,2644,4169,4342,2474,1786,1470,1378,30599
Kraków Batowice,POLREGIO Spółka Akcyjna,2411,840,873,498,596,741,1719,2121,1037,791,1933,882,14442
Kraków Batowice,Koleje Małopolskie Sp. z o.o.,1800,278,305,391,544,780,937,1761,823,576,673,295,9163
Kraków Batowice ,,4211,1118,1178,889,1140,1521,2656,3882,1860,1367,2606,1177,23605
Nędza,POLREGIO Spółka Akcyjna,1219,712,500,752,617,1108,584,619,1165,967,1449,1090,10782
Nędza,Koleje Śląskie Spółka z o.o.,927,533,497,389,302,677,1153,1336,1022,709,1456,807,9808
Nędza ,,2146,1245,997,1141,919,1785,1737,1955,2187,1676,2905,1897,20590
Racibórz Markowice,POLREGIO Spółka Akcyjna,1372,804,545,808,624,1194,597,689,1212,1128,1659,1197,11829
Racibórz Markowice,Koleje Śląskie Spółka z o.o.,1009,572,555,403,313,671,1179,1389,1045,769,1513,892,10310
Racibórz Markowice ,,2381,1376,1100,1211,937,1865,1776,2078,2257,1897,3172,2089,22139
Kamieniec Ząbkowicki,Koleje Dolnośląskie S.A.,4192,1557,1780,1644,2507,2375,4529,4142,1424,2196,8859,5814,41019
Kamieniec Ząbkowicki,PKP INTERCITY Spółka Akcyjna ,1071,343,374,287,303,446,1125,1192,417,583,1902,2704,10747
Kamieniec Ząbkowicki,POLREGIO Spółka Akcyjna,139,64,343,48,42,64,109,124,372,174,201,378,2058
Kamieniec Ząbkowicki,CARGO Master Spółka z o.o.,,,,,,,,,,,,,
Kamieniec Ząbkowicki ,,5402,1964,2497,1979,2852,2885,5763,5458,2213,2953,10962,8896,53824
Gołotczyzna,Koleje Mazowieckie - KM Spółka z o.o.,3781,1007,794,770,1265,1674,1819,1338,1035,1021,1238,1847,17589
Gołotczyzna ,,3781,1007,794,770,1265,1674,1819,1338,1035,1021,1238,1847,17589
Łęczyca,PKP INTERCITY Spółka Akcyjna ,3790,948,1198,1262,1206,1444,3607,4257,2380,1215,2117,1492,24916
Łęczyca,Łódzka Kolej Aglomeracyjna Sp. z o.o.,313,549,641,619,427,585,840,1630,650,592,906,443,8195
Łęczyca,POLREGIO Spółka Akcyjna,144,136,106,79,58,169,178,704,260,136,367,96,2433
Łęczyca ,,4247,1633,1945,1960,1691,2198,4625,6591,3290,1943,3390,2031,35544
Wilkowice Bystra,Koleje Śląskie Spółka z o.o.,4431,1664,2738,2778,1467,4543,5512,2187,2444,3083,3011,3526,37384
Wilkowice Bystra,PKP INTERCITY Spółka Akcyjna ,,16,,,,,,,,,,,16
Wilkowice Bystra ,,4431,1680,2738,2778,1467,4543,5512,2187,2444,3083,3011,3526,37400
Bielsko-Biała Leszczyny,Koleje Śląskie Spółka z o.o.,4395,1586,2676,2787,1458,4475,5459,2298,2457,3094,3007,3589,37281
Bielsko-Biała Leszczyny,PKP INTERCITY Spółka Akcyjna ,,15,,,,,,,,,,,15
Bielsko-Biała Leszczyny ,,4395,1601,2676,2787,1458,4475,5459,2298,2457,3094,3007,3589,37296
Bielsko-Biała Lipnik,Koleje Śląskie Spółka z o.o.,4264,1609,2603,2779,1485,4488,5619,2414,2394,3084,3018,3584,37341
Bielsko-Biała Lipnik ,,4264,1609,2603,2779,1485,4488,5619,2414,2394,3084,3018,3584,37341
Szczecin Załom,POLREGIO Spółka Akcyjna,1805,1232,1147,724,1508,2225,1977,1811,2056,1123,2620,1938,20166
Szczecin Załom ,,1805,1232,1147,724,1508,2225,1977,1811,2056,1123,2620,1938,20166
Częstochowa Stradom,PKP INTERCITY Spółka Akcyjna ,3902,1511,2645,2379,4033,3144,3678,5044,5979,4020,6234,3920,46489
Częstochowa Stradom,POLREGIO Spółka Akcyjna,372,187,460,187,128,107,237,189,221,172,169,216,2645
Częstochowa Stradom,Koleje Śląskie Spółka z o.o.,329,146,162,56,103,82,135,135,307,238,380,383,2456
Częstochowa Stradom ,,4603,1844,3267,2622,4264,3333,4050,5368,6507,4430,6783,4519,51590
Poznań Krzesiny,Koleje Wielkopolskie Sp. z o.o.,388,207,459,693,720,2066,1384,983,644,536,942,598,9620
Poznań Krzesiny,POLREGIO Spółka Akcyjna,430,208,111,575,693,872,776,1742,985,825,828,591,8636
Poznań Krzesiny,Łódzka Kolej Aglomeracyjna Sp. z o.o.,,,9,104,,,62,51,,,6,31,263
Poznań Krzesiny ,,818,415,579,1372,1413,2938,2222,2776,1629,1361,1776,1220,18519
Palędzie,Koleje Wielkopolskie Sp. z o.o.,1880,643,934,420,771,1963,1273,1181,774,400,1226,1184,12649
Palędzie,POLREGIO Spółka Akcyjna,1056,556,1310,641,1034,1685,890,1226,1181,883,1039,1107,12608
Palędzie,PKP INTERCITY Spółka Akcyjna ,,,,,49,,23,27,,58,248,,405
Palędzie ,,2936,1199,2244,1061,1854,3648,2186,2434,1955,1341,2513,2291,25662
Paczkowo,Koleje Wielkopolskie Sp. z o.o.,1253,1028,1280,1035,1716,2730,1446,1276,1582,1778,1395,1995,18514
Paczkowo ,,1253,1028,1280,1035,1716,2730,1446,1276,1582,1778,1395,1995,18514
Kostrzyn Wielkopolski,Koleje Wielkopolskie Sp. z o.o.,1398,1289,1615,1418,1916,2607,1600,1420,1754,1931,1460,1973,20381
Kostrzyn Wielkopolski ,,1398,1289,1615,1418,1916,2607,1600,1420,1754,1931,1460,1973,20381
Buk,Koleje Wielkopolskie Sp. z o.o.,1978,629,1112,431,812,2084,1474,1311,984,608,1376,1441,14240
Buk,POLREGIO Spółka Akcyjna,1122,620,1357,657,1041,1730,861,1263,1226,837,1080,1179,12973
Buk ,,3100,1249,2469,1088,1853,3814,2335,2574,2210,1445,2456,2620,27213
Otusz,Koleje Wielkopolskie Sp. z o.o.,1907,629,1144,421,757,2005,1421,1270,848,438,1330,1215,13385
Otusz,POLREGIO Spółka Akcyjna,1114,668,1384,674,1061,1747,919,1302,1267,911,1149,1158,13354
Otusz ,,3021,1297,2528,1095,1818,3752,2340,2572,2115,1349,2479,2373,26739
Dopiewo,POLREGIO Spółka Akcyjna,1107,664,1383,675,1042,1739,951,1291,1256,929,1125,1143,13305
Dopiewo,Koleje Wielkopolskie Sp. z o.o.,1906,605,1117,439,772,2021,1404,1237,854,422,1249,1247,13273
Dopiewo ,,3013,1269,2500,1114,1814,3760,2355,2528,2110,1351,2374,2390,26578
Wojnowice Wielkopolskie,Koleje Wielkopolskie Sp. z o.o.,1964,605,1092,423,754,1989,1491,1294,941,587,1325,1423,13888
Wojnowice Wielkopolskie,POLREGIO Spółka Akcyjna,1182,637,1391,682,1069,1729,869,1245,1289,885,1110,1178,13266
Wojnowice Wielkopolskie ,,3146,1242,2483,1105,1823,3718,2360,2539,2230,1472,2435,2601,27154
Chełm,PKP INTERCITY Spółka Akcyjna ,1092,555,661,504,764,1344,2248,1567,2499,2441,2668,3259,19602
Chełm,POLREGIO Spółka Akcyjna,632,224,415,354,372,683,1921,1059,671,313,627,898,8169
Chełm ,,1724,779,1076,858,1136,2027,4169,2626,3170,2754,3295,4157,27771
Zabieżki,Koleje Mazowieckie - KM Spółka z o.o.,1774,1069,1274,1342,1655,2847,4500,1393,1376,1486,1910,1515,22141
Zabieżki ,,1774,1069,1274,1342,1655,2847,4500,1393,1376,1486,1910,1515,22141
Kołbiel,Koleje Mazowieckie - KM Spółka z o.o.,1817,1102,1322,1318,1717,2857,4510,1426,1465,1452,1924,1509,22419
Kołbiel ,,1817,1102,1322,1318,1717,2857,4510,1426,1465,1452,1924,1509,22419
Chrosna,Koleje Mazowieckie - KM Spółka z o.o.,1810,1100,1297,1322,1704,2857,4500,1408,1424,1486,1941,1514,22363
Chrosna ,,1810,1100,1297,1322,1704,2857,4500,1408,1424,1486,1941,1514,22363
Augustówka,Koleje Mazowieckie - KM Spółka z o.o.,1740,1064,1268,1322,1612,2867,4494,1412,1366,1477,1911,1507,22040
Augustówka ,,1740,1064,1268,1322,1612,2867,4494,1412,1366,1477,1911,1507,22040
Wiesiółka,Koleje Śląskie Spółka z o.o.,2967,1686,1553,1060,2590,1829,1493,1203,2410,1486,3086,2608,23971
Wiesiółka ,,2967,1686,1553,1060,2590,1829,1493,1203,2410,1486,3086,2608,23971
Poznań Górczyn,POLREGIO Spółka Akcyjna,1043,529,1196,615,1028,1656,871,1199,1155,863,1035,1012,12202
Poznań Górczyn,Koleje Wielkopolskie Sp. z o.o.,1802,545,509,308,689,1930,1127,1084,688,322,1068,1045,11117
Poznań Górczyn ,,2845,1074,1705,923,1717,3586,1998,2283,1843,1185,2103,2057,23319
Poznań Junikowo,POLREGIO Spółka Akcyjna,1079,564,1268,652,1064,1736,913,1254,1210,928,1080,1122,12870
Poznań Junikowo,Koleje Wielkopolskie Sp. z o.o.,1833,560,505,391,740,2004,1245,1121,744,364,1226,1266,11999
Poznań Junikowo ,,2912,1124,1773,1043,1804,3740,2158,2375,1954,1292,2306,2388,24869
Dąbrowa Górnicza Sikorka,Koleje Śląskie Spółka z o.o.,2935,1696,1580,1072,2596,1932,1573,1233,2447,1502,3067,2615,24248
Dąbrowa Górnicza Sikorka ,,2935,1696,1580,1072,2596,1932,1573,1233,2447,1502,3067,2615,24248
Chruszczobród,Koleje Śląskie Spółka z o.o.,2988,1706,1604,1084,2591,1881,1542,1222,2419,1502,3089,2641,24269
Chruszczobród ,,2988,1706,1604,1084,2591,1881,1542,1222,2419,1502,3089,2641,24269
Olsztyn Śródmieście,POLREGIO Spółka Akcyjna,4132,1267,1026,1038,676,950,1459,1690,1438,1948,1869,746,18239
Olsztyn Śródmieście ,,4132,1267,1026,1038,676,950,1459,1690,1438,1948,1869,746,18239
Żarów,Koleje Dolnośląskie S.A.,3964,1950,1928,1929,2048,1954,3278,2179,3584,4358,3799,3618,34589
Żarów,POLREGIO Spółka Akcyjna,443,168,95,118,79,175,252,57,226,218,183,158,2172
Żarów ,,4407,2118,2023,2047,2127,2129,3530,2236,3810,4576,3982,3776,36761
Poznań Antoninek,Koleje Wielkopolskie Sp. z o.o.,1278,902,1210,937,1649,2744,1407,1242,1378,1468,1345,1764,17324
Poznań Antoninek,CARGO Master Spółka z o.o.,,,,,,,,,,,,,
Poznań Antoninek ,,1278,902,1210,937,1649,2744,1407,1242,1378,1468,1345,1764,17324
Kartuzy,POLREGIO Spółka Akcyjna,273,143,510,173,212,221,329,698,494,138,210,797,4198
Kartuzy,CARGO Master Spółka z o.o.,,34,,,,,,,,,,,34
Kartuzy ,,273,177,510,173,212,221,329,698,494,138,210,797,4232
Dzierżążno,POLREGIO Spółka Akcyjna,414,224,606,205,248,296,480,850,647,245,268,915,5398
Dzierżążno ,,414,224,606,205,248,296,480,850,647,245,268,915,5398
Rybnik Paruszowiec,Koleje Śląskie Spółka z o.o.,1242,820,1000,1104,847,1536,2935,3092,2723,1909,3278,1423,21909
Rybnik Paruszowiec ,,1242,820,1000,1104,847,1536,2935,3092,2723,1909,3278,1423,21909
Strażów,POLREGIO Spółka Akcyjna,1650,527,699,589,502,521,1900,954,657,787,780,411,9977
Strażów ,,1650,527,699,589,502,521,1900,954,657,787,780,411,9977
Krzemienica,POLREGIO Spółka Akcyjna,1772,594,767,640,546,583,1995,1054,707,849,801,541,10849
Krzemienica ,,1772,594,767,640,546,583,1995,1054,707,849,801,541,10849
Rzeszów Pobitno,POLREGIO Spółka Akcyjna,1601,487,695,540,524,538,1804,905,666,789,744,372,9665
Rzeszów Pobitno ,,1601,487,695,540,524,538,1804,905,666,789,744,372,9665
Rzeszów Załęże,POLREGIO Spółka Akcyjna,1665,509,715,566,525,526,1819,922,675,809,769,394,9894
Rzeszów Załęże ,,1665,509,715,566,525,526,1819,922,675,809,769,394,9894
Rogóżno koło Łańcuta,POLREGIO Spółka Akcyjna,1831,585,850,612,530,580,1845,970,744,849,809,611,10816
Rogóżno koło Łańcuta ,,1831,585,850,612,530,580,1845,970,744,849,809,611,10816
Grzęska,POLREGIO Spółka Akcyjna,1864,566,852,627,541,610,2022,1004,738,874,860,635,11193
Grzęska ,,1864,566,852,627,541,610,2022,1004,738,874,860,635,11193
Kosina,POLREGIO Spółka Akcyjna,1863,579,856,673,547,625,1964,1025,735,904,824,619,11214
Kosina ,,1863,579,856,673,547,625,1964,1025,735,904,824,619,11214
Głuchów,POLREGIO Spółka Akcyjna,1857,585,861,681,558,620,1973,1039,720,897,820,579,11190
Głuchów ,,1857,585,861,681,558,620,1973,1039,720,897,820,579,11190
Rogoźno Wielkopolskie,PKP INTERCITY Spółka Akcyjna ,4919,1031,2383,1487,1810,4422,3606,3828,541,565,1061,4768,30421
Rogoźno Wielkopolskie,POLREGIO Spółka Akcyjna,2009,699,1322,367,515,1336,960,1186,700,758,643,1913,12408
Rogoźno Wielkopolskie,Koleje Wielkopolskie Sp. z o.o.,1947,449,2396,310,452,1515,873,917,663,422,819,926,11689
Rogoźno Wielkopolskie,CARGO Master Spółka z o.o.,,,,,37,,,,,,,,37
Rogoźno Wielkopolskie ,,8875,2179,6101,2164,2814,7273,5439,5931,1904,1745,2523,7607,54555
Pierzyska,Koleje Wielkopolskie Sp. z o.o.,836,546,441,414,404,1647,943,698,502,1769,1233,755,10188
Pierzyska,POLREGIO Spółka Akcyjna,1137,515,423,622,566,1261,641,562,997,1673,911,492,9800
Pierzyska ,,1973,1061,864,1036,970,2908,1584,1260,1499,3442,2144,1247,19988
Lednogóra,Koleje Wielkopolskie Sp. z o.o.,887,593,496,467,450,1803,961,751,603,2442,1313,828,11594
Lednogóra,POLREGIO Spółka Akcyjna,1187,539,450,696,586,1357,701,565,905,1870,1017,564,10437
Lednogóra ,,2074,1132,946,1163,1036,3160,1662,1316,1508,4312,2330,1392,22031
Fałkowo,Koleje Wielkopolskie Sp. z o.o.,857,610,509,521,454,1797,975,741,617,2428,1317,811,11637
Fałkowo,POLREGIO Spółka Akcyjna,1162,529,448,709,596,1370,719,565,1036,1904,1011,548,10597
Fałkowo ,,2019,1139,957,1230,1050,3167,1694,1306,1653,4332,2328,1359,22234
Kolumna,POLREGIO Spółka Akcyjna,578,195,279,573,528,753,1264,1664,1076,804,967,437,9118
Kolumna,Łódzka Kolej Aglomeracyjna Sp. z o.o.,739,84,230,297,122,269,486,658,566,652,566,442,5111
Kolumna,Koleje Wielkopolskie Sp. z o.o.,50,38,9,20,74,35,109,219,128,76,67,21,846
Kolumna ,,1367,317,518,890,724,1057,1859,2541,1770,1532,1600,900,15075
Elbląg,PKP INTERCITY Spółka Akcyjna ,3196,956,1156,990,1183,2815,3287,3378,760,1059,1835,2167,22782
Elbląg,POLREGIO Spółka Akcyjna,2345,653,867,509,660,934,2559,1866,1381,1489,1307,1035,15605
Elbląg ,,5541,1609,2023,1499,1843,3749,5846,5244,2141,2548,3142,3202,38387
Brzeg Dolny,Koleje Dolnośląskie S.A.,3484,1513,1143,1392,3081,1181,2235,743,2734,1717,3452,1893,24568
Brzeg Dolny,PKP INTERCITY Spółka Akcyjna ,1124,490,685,676,867,1050,1128,944,928,966,1201,1290,11349
Brzeg Dolny,POLREGIO Spółka Akcyjna,,,324,860,1003,615,481,486,1618,925,897,161,7370
Brzeg Dolny ,,4608,2003,2152,2928,4951,2846,3844,2173,5280,3608,5550,3344,43287
Wołów,Koleje Dolnośląskie S.A.,3689,1614,1137,1394,3204,1323,2256,749,2349,1616,3324,1829,24484
Wołów,PKP INTERCITY Spółka Akcyjna ,1160,553,724,699,889,1100,1324,970,923,990,1266,1244,11842
Wołów,POLREGIO Spółka Akcyjna,,,361,913,1082,750,559,532,1667,812,915,219,7810
Wołów ,,4849,2167,2222,3006,5175,3173,4139,2251,4939,3418,5505,3292,44136
Cieszyn,Koleje Śląskie Spółka z o.o.,1419,632,943,1300,972,2524,1176,670,1384,975,1543,1546,15084
Cieszyn,PKP INTERCITY Spółka Akcyjna ,,,,,,,,,,,,,
Cieszyn ,,1419,632,943,1300,972,2524,1176,670,1384,975,1543,1546,15084
Gądki,Koleje Wielkopolskie Sp. z o.o.,419,215,495,686,678,2024,1621,1000,648,524,938,577,9825
Gądki,POLREGIO Spółka Akcyjna,408,177,134,602,710,859,764,1741,990,850,977,572,8784
Gądki ,,827,392,629,1288,1388,2883,2385,2741,1638,1374,1915,1149,18609
Pierzchno,Koleje Wielkopolskie Sp. z o.o.,411,261,503,665,623,2011,1720,1043,702,557,902,614,10012
Pierzchno,POLREGIO Spółka Akcyjna,397,191,104,534,706,856,762,1748,984,859,979,603,8723
Pierzchno ,,808,452,607,1199,1329,2867,2482,2791,1686,1416,1881,1217,18735
Kórnik,Koleje Wielkopolskie Sp. z o.o.,421,266,515,660,662,2044,1377,1040,728,535,965,613,9826
Kórnik,POLREGIO Spółka Akcyjna,420,196,124,596,710,867,776,1755,1010,859,1008,595,8916
Kórnik ,,841,462,639,1256,1372,2911,2153,2795,1738,1394,1973,1208,18742
Szczecin Łasztownia,POLREGIO Spółka Akcyjna,,,,,,,993,2081,3704,2875,3975,4241,17869
Szczecin Łasztownia ,,,,,,,,993,2081,3704,2875,3975,4241,17869
Sułkowice,Koleje Mazowieckie - KM Spółka z o.o.,2757,1488,1530,1995,2436,2192,4371,3039,2003,1383,1322,1299,25815
Sułkowice ,,2757,1488,1530,1995,2436,2192,4371,3039,2003,1383,1322,1299,25815
Michalczew,Koleje Mazowieckie - KM Spółka z o.o.,2558,1458,1896,2089,2396,2148,4153,3106,1942,1376,1256,1138,25516
Michalczew ,,2558,1458,1896,2089,2396,2148,4153,3106,1942,1376,1256,1138,25516
Krężel,Koleje Mazowieckie - KM Spółka z o.o.,2613,1439,1922,2106,2407,2164,4191,3128,1962,1389,1274,1159,25754
Krężel ,,2613,1439,1922,2106,2407,2164,4191,3128,1962,1389,1274,1159,25754
Gośniewice,Koleje Mazowieckie - KM Spółka z o.o.,2551,1459,1911,2074,2376,2162,4137,3108,1945,1362,1237,1132,25454
Gośniewice ,,2551,1459,1911,2074,2376,2162,4137,3108,1945,1362,1237,1132,25454
Czachówek Górny,Koleje Mazowieckie - KM Spółka z o.o.,2936,1547,1434,1930,2192,2301,4449,3049,2010,1413,1273,1317,25851
Czachówek Górny ,,2936,1547,1434,1930,2192,2301,4449,3049,2010,1413,1273,1317,25851
Kiekrz,POLREGIO Spółka Akcyjna,2708,787,1012,1017,525,1659,596,447,671,687,1021,1119,12249
Kiekrz,Koleje Wielkopolskie Sp. z o.o.,444,106,346,351,666,1479,185,359,233,314,386,575,5444
Kiekrz,PKP INTERCITY Spółka Akcyjna ,,,,,,,,,,,,,
Kiekrz ,,3152,893,1358,1368,1191,3138,781,806,904,1001,1407,1694,17693
Łódź Lublinek,POLREGIO Spółka Akcyjna,863,161,302,592,595,745,1276,1636,1105,750,995,443,9463
Łódź Lublinek,Łódzka Kolej Aglomeracyjna Sp. z o.o.,572,92,196,349,91,283,265,346,489,446,453,292,3874
Łódź Lublinek ,,1435,253,498,941,686,1028,1541,1982,1594,1196,1448,735,13337
Rokietnica,POLREGIO Spółka Akcyjna,2696,783,991,1011,548,1675,567,423,654,677,950,1039,12014
Rokietnica,Koleje Wielkopolskie Sp. z o.o.,405,152,336,362,720,1395,200,348,202,282,380,542,5324
Rokietnica ,,3101,935,1327,1373,1268,3070,767,771,856,959,1330,1581,17338
Mokra Wieś,Koleje Mazowieckie - KM Spółka z o.o.,1375,339,680,340,504,753,1194,895,847,699,677,418,8721
Mokra Wieś,CARGO Master Spółka z o.o.,,,,,,,,,,,,,
Mokra Wieś ,,1375,339,680,340,504,753,1194,895,847,699,677,418,8721
Chrzęsne,Koleje Mazowieckie - KM Spółka z o.o.,1375,339,678,342,504,754,1210,898,847,698,674,420,8739
Chrzęsne,CARGO Master Spółka z o.o.,,,,,,,,,,,,,
Chrzęsne ,,1375,339,678,342,504,754,1210,898,847,698,674,420,8739
Barchów,Koleje Mazowieckie - KM Spółka z o.o.,1358,312,671,321,467,679,1134,849,839,705,669,379,8383
Barchów ,,1358,312,671,321,467,679,1134,849,839,705,669,379,8383
Urle,Koleje Mazowieckie - KM Spółka z o.o.,1359,311,678,315,467,681,1140,850,832,697,660,385,8375
Urle ,,1359,311,678,315,467,681,1140,850,832,697,660,385,8375
Szewnica,Koleje Mazowieckie - KM Spółka z o.o.,1392,341,689,358,515,755,1193,903,863,703,681,407,8800
Szewnica ,,1392,341,689,358,515,755,1193,903,863,703,681,407,8800
Smolec,Koleje Dolnośląskie S.A.,3119,1422,1302,1272,1171,1095,2117,1454,2584,2762,2854,3004,24156
Smolec,POLREGIO Spółka Akcyjna,571,160,109,73,60,157,232,63,232,202,170,110,2139
Smolec ,,3690,1582,1411,1345,1231,1252,2349,1517,2816,2964,3024,3114,26295
Chrzanów Śródmieście,PKP INTERCITY Spółka Akcyjna ,3617,1705,1174,1140,950,1633,1950,1785,1935,2971,2345,2276,23481
Chrzanów Śródmieście,Koleje Małopolskie Sp. z o.o.,1233,479,519,250,353,386,423,656,443,843,682,377,6644
Chrzanów Śródmieście,POLREGIO Spółka Akcyjna,1437,693,307,319,286,314,214,626,202,695,487,657,6237
Chrzanów Śródmieście ,,6287,2877,2000,1709,1589,2333,2587,3067,2580,4509,3514,3310,36362
Reptowo,POLREGIO Spółka Akcyjna,3167,962,2247,1435,1256,2065,1293,1631,1868,1950,1718,2392,21984
Reptowo ,,3167,962,2247,1435,1256,2065,1293,1631,1868,1950,1718,2392,21984
Miedwiecko,POLREGIO Spółka Akcyjna,3173,932,2216,1386,1200,2041,1244,1578,1924,2006,1776,2339,21815
Miedwiecko ,,3173,932,2216,1386,1200,2041,1244,1578,1924,2006,1776,2339,21815
Grzędzice,POLREGIO Spółka Akcyjna,3101,924,2199,1387,1167,2048,1241,1547,1932,2075,1787,2353,21761
Grzędzice ,,3101,924,2199,1387,1167,2048,1241,1547,1932,2075,1787,2353,21761
Wysoka Kamieńska,PKP INTERCITY Spółka Akcyjna ,2436,987,692,864,1035,2346,1561,2291,755,1149,980,2034,17130
Wysoka Kamieńska,POLREGIO Spółka Akcyjna,467,289,325,401,485,847,976,944,763,809,727,1170,8203
Wysoka Kamieńska ,,2903,1276,1017,1265,1520,3193,2537,3235,1518,1958,1707,3204,25333
Kluczbork,PKP INTERCITY Spółka Akcyjna ,1030,475,527,262,353,1368,1569,2058,1457,905,1110,1111,12225
Kluczbork,POLREGIO Spółka Akcyjna,1770,442,1160,849,625,547,910,542,1024,1233,1215,1167,11484
Kluczbork ,,2800,917,1687,1111,978,1915,2479,2600,2481,2138,2325,2278,23709
Szymankowo,POLREGIO Spółka Akcyjna,2376,827,1186,1027,1024,1677,3518,3315,1496,1697,1526,1851,21520
Szymankowo ,,2376,827,1186,1027,1024,1677,3518,3315,1496,1697,1526,1851,21520
Lubin,Koleje Dolnośląskie S.A.,4676,1280,1395,2467,3759,1709,3212,1414,2784,2013,2880,2244,29833
Lubin,PKP INTERCITY Spółka Akcyjna ,3173,1967,1996,1261,2584,2650,2387,1574,2384,2818,2958,2292,28044
Lubin ,,7849,3247,3391,3728,6343,4359,5599,2988,5168,4831,5838,4536,57877
Żywiec,Koleje Śląskie Spółka z o.o.,4695,2053,2904,2864,1616,4704,6665,2443,2335,2939,584,964,34766
Żywiec,PKP INTERCITY Spółka Akcyjna ,213,69,,,,13,278,679,,,,9,1261
Żywiec,POLREGIO Spółka Akcyjna,54,,18,,10,56,,,,10,,,148
Żywiec,PKP CARGO S.A.,,,,,,,,,,,,,
Żywiec ,,4962,2122,2922,2864,1626,4773,6943,3122,2335,2949,584,973,36175
Jędrzejów,PKP INTERCITY Spółka Akcyjna ,4203,1095,790,859,1347,1278,2764,3221,1525,1645,1676,3961,24364
Jędrzejów,POLREGIO Spółka Akcyjna,4488,1141,1157,617,853,1082,2007,2086,1611,1481,2013,1077,19613
Jędrzejów ,,8691,2236,1947,1476,2200,2360,4771,5307,3136,3126,3689,5038,43977
Bytom Odrzański,PKP INTERCITY Spółka Akcyjna ,2839,1353,1659,1513,2362,2126,1657,1774,2130,1727,2471,674,22285
Bytom Odrzański,POLREGIO Spółka Akcyjna,2356,1230,1367,1526,2238,1511,985,1185,3198,1363,1558,691,19208
Bytom Odrzański,Koleje Dolnośląskie S.A.,1638,826,804,812,2123,1044,734,388,1783,1157,1263,2189,14761
Bytom Odrzański ,,6833,3409,3830,3851,6723,4681,3376,3347,7111,4247,5292,3554,56254
Zębice Wrocławskie,POLREGIO Spółka Akcyjna,3797,1550,2313,2377,3604,2933,2489,2404,3572,3308,6049,2907,37303
Zębice Wrocławskie ,,3797,1550,2313,2377,3604,2933,2489,2404,3572,3308,6049,2907,37303
Lizawice,POLREGIO Spółka Akcyjna,3827,1552,2317,2397,3613,2919,2524,2418,3587,3309,6022,2846,37331
Lizawice ,,3827,1552,2317,2397,3613,2919,2524,2418,3587,3309,6022,2846,37331
Święta Katarzyna,POLREGIO Spółka Akcyjna,3591,1456,1751,1989,2770,2682,2389,2306,3405,3077,4948,2485,32849
Święta Katarzyna ,,3591,1456,1751,1989,2770,2682,2389,2306,3405,3077,4948,2485,32849
Koło,PKP INTERCITY Spółka Akcyjna ,2587,1570,1745,2637,2255,3028,2443,3658,2760,2013,2744,3650,31090
Koło,Koleje Wielkopolskie Sp. z o.o.,697,718,910,968,1690,1533,743,577,638,1232,881,921,11508
Koło ,,3284,2288,2655,3605,3945,4561,3186,4235,3398,3245,3625,4571,42598
Nowy Targ,PKP INTERCITY Spółka Akcyjna ,4587,1491,1075,749,1284,1487,3042,4329,1782,833,818,4022,25499
Nowy Targ,POLREGIO Spółka Akcyjna,3198,842,818,1070,1034,1359,2523,1414,1098,601,295,1747,15999
Nowy Targ,Koleje Śląskie Spółka z o.o.,47,35,,,117,19,157,73,,,,20,468
Nowy Targ,Koleje Małopolskie Sp. z o.o.,125,,,,6,20,23,13,,,,,187
Nowy Targ ,,7957,2368,1893,1819,2441,2885,5745,5829,2880,1434,1113,5789,42153
Stare Bojanowo,POLREGIO Spółka Akcyjna,1266,1040,801,471,571,1418,1308,1068,1374,1220,1145,1561,13243
Stare Bojanowo,Koleje Wielkopolskie Sp. z o.o.,734,1423,645,323,851,686,404,366,663,675,265,1019,8054
Stare Bojanowo ,,2000,2463,1446,794,1422,2104,1712,1434,2037,1895,1410,2580,21297
Porażyn,Koleje Wielkopolskie Sp. z o.o.,2306,587,1017,467,851,2019,1492,1285,920,571,1275,1435,14225
Porażyn,POLREGIO Spółka Akcyjna,1356,635,1392,714,1086,1650,896,1219,1290,838,1116,1119,13311
Porażyn ,,3662,1222,2409,1181,1937,3669,2388,2504,2210,1409,2391,2554,27536
Sątopy,Koleje Wielkopolskie Sp. z o.o.,2320,594,1025,469,831,2018,1481,1276,904,533,1208,1467,14126
Sątopy,POLREGIO Spółka Akcyjna,1371,656,1387,711,1076,1625,875,1241,1280,825,1119,1111,13277
Sątopy ,,3691,1250,2412,1180,1907,3643,2356,2517,2184,1358,2327,2578,27403
Pionki Zachodnie,PKP INTERCITY Spółka Akcyjna ,3082,1345,1144,1093,2387,1218,2051,1783,1969,1405,2372,2337,22186
Pionki Zachodnie,Koleje Mazowieckie - KM Spółka z o.o.,482,554,354,668,448,1081,1365,703,745,475,573,409,7857
Pionki Zachodnie ,,3564,1899,1498,1761,2835,2299,3416,2486,2714,1880,2945,2746,30043
Zakopane,PKP INTERCITY Spółka Akcyjna ,3918,1012,899,684,1086,1407,3105,4303,1743,850,818,3827,23652
Zakopane,POLREGIO Spółka Akcyjna,2495,507,868,618,737,1172,2575,1304,936,554,283,1392,13441
Zakopane,Koleje Śląskie Spółka z o.o.,38,13,,,125,19,158,48,,,,7,408
Zakopane,Koleje Małopolskie Sp. z o.o.,117,,,,6,18,32,,,,,,173
Zakopane ,,6568,1532,1767,1302,1954,2616,5870,5655,2679,1404,1101,5226,37674
Grodziszcze Mazowieckie,Koleje Mazowieckie - KM Spółka z o.o.,1545,990,917,1259,2199,3384,4548,3604,2751,4674,4489,1817,32177
Grodziszcze Mazowieckie,PKP INTERCITY Spółka Akcyjna ,,,,,,,,,20,,,,20
Grodziszcze Mazowieckie ,,1545,990,917,1259,2199,3384,4548,3604,2771,4674,4489,1817,32197
Strzelin,Koleje Dolnośląskie S.A.,3384,1092,1127,843,1402,1486,3220,3176,1882,1881,11866,5811,37170
Strzelin,PKP INTERCITY Spółka Akcyjna ,258,64,56,106,55,264,519,708,221,293,1462,1501,5507
Strzelin,POLREGIO Spółka Akcyjna,192,61,12,,,28,,,35,53,351,52,784
Strzelin ,,3834,1217,1195,949,1457,1778,3739,3884,2138,2227,13679,7364,43461
Lipki,POLREGIO Spółka Akcyjna,4133,1905,2165,1810,3035,2947,2568,2784,3854,3407,5395,2600,36603
Lipki ,,4133,1905,2165,1810,3035,2947,2568,2784,3854,3407,5395,2600,36603
Sosnowe,Koleje Mazowieckie - KM Spółka z o.o.,1534,982,908,1256,2219,3377,4564,3657,2674,4635,4340,1823,31969
Sosnowe ,,1534,982,908,1256,2219,3377,4564,3657,2674,4635,4340,1823,31969
Koszewnica,Koleje Mazowieckie - KM Spółka z o.o.,1545,985,902,1282,2217,3355,4604,3710,2699,4637,4344,1824,32104
Koszewnica ,,1545,985,902,1282,2217,3355,4604,3710,2699,4637,4344,1824,32104
Sabinka,Koleje Mazowieckie - KM Spółka z o.o.,1521,960,870,1205,2101,3312,4625,3681,2595,4423,4242,1714,31249
Sabinka ,,1521,960,870,1205,2101,3312,4625,3681,2595,4423,4242,1714,31249
Żarki-Letnisko,Koleje Śląskie Spółka z o.o.,2770,1608,1566,1550,2879,1330,996,807,2334,1114,2267,1946,21167
Żarki-Letnisko ,,2770,1608,1566,1550,2879,1330,996,807,2334,1114,2267,1946,21167
Pamiątkowo,POLREGIO Spółka Akcyjna,2781,816,1007,1068,554,1694,577,419,736,715,1029,1190,12586
Pamiątkowo,Koleje Wielkopolskie Sp. z o.o.,448,140,310,333,720,1303,260,205,197,263,428,540,5147
Pamiątkowo ,,3229,956,1317,1401,1274,2997,837,624,933,978,1457,1730,17733
Poznań Wola,POLREGIO Spółka Akcyjna,2697,808,999,1027,527,1526,540,402,662,695,1009,1121,12013
Poznań Wola,Koleje Wielkopolskie Sp. z o.o.,456,115,294,290,629,970,196,224,203,299,361,520,4557
Poznań Wola,PKP INTERCITY Spółka Akcyjna ,,,,,,46,,,,,,,46
Poznań Wola,Parowozownia Wolsztyn,,,,,,,,,,,,,
Poznań Wola ,,3153,923,1293,1317,1156,2542,736,626,865,994,1370,1641,16616
Baborówko,POLREGIO Spółka Akcyjna,2777,808,998,1056,539,1693,561,422,745,711,1021,1174,12505
Baborówko,Koleje Wielkopolskie Sp. z o.o.,431,134,309,325,716,1301,260,205,184,272,428,527,5092
Baborówko ,,3208,942,1307,1381,1255,2994,821,627,929,983,1449,1701,17597
Gorzów Wielkopolski,POLREGIO Spółka Akcyjna,6883,2385,2898,3084,2715,2283,4628,3252,2935,3627,5235,5010,44935
Gorzów Wielkopolski,PKP INTERCITY Spółka Akcyjna ,747,195,549,676,798,1264,1096,1413,827,434,634,630,9263
Gorzów Wielkopolski ,,7630,2580,3447,3760,3513,3547,5724,4665,3762,4061,5869,5640,54198
Zdzieszowice,POLREGIO Spółka Akcyjna,3185,1635,1377,1300,1988,2205,2064,1729,2760,2703,4423,2048,27417
Zdzieszowice,PKP INTERCITY Spółka Akcyjna ,2942,977,1780,822,1352,2359,2166,2349,2124,1575,2610,2792,23848
Zdzieszowice ,,6127,2612,3157,2122,3340,4564,4230,4078,4884,4278,7033,4840,51265
Gogolin,POLREGIO Spółka Akcyjna,3193,1663,1334,1200,1825,2123,2055,1707,2767,2599,4288,2018,26772
Gogolin,PKP INTERCITY Spółka Akcyjna ,2927,977,1819,813,1356,2342,2011,2349,2152,1597,2659,2772,23774
Gogolin ,,6120,2640,3153,2013,3181,4465,4066,4056,4919,4196,6947,4790,50546
Ścinawa,Koleje Dolnośląskie S.A.,3746,1611,1205,1372,3270,1235,2054,781,2102,1498,2873,1848,23595
Ścinawa,PKP INTERCITY Spółka Akcyjna ,1184,560,712,684,828,1098,1196,995,903,974,1140,1202,11476
Ścinawa,POLREGIO Spółka Akcyjna,,,400,980,1128,771,590,612,1652,751,997,254,8135
Ścinawa ,,4930,2171,2317,3036,5226,3104,3840,2388,4657,3223,5010,3304,43206
Trawniki,POLREGIO Spółka Akcyjna,1075,325,604,411,952,906,2943,1683,947,688,1437,1332,13303
Trawniki,PKP INTERCITY Spółka Akcyjna ,1278,674,544,324,859,1000,1592,1331,1160,1343,1488,1004,12597
Trawniki ,,2353,999,1148,735,1811,1906,4535,3014,2107,2031,2925,2336,25900
Łodygowice,Koleje Śląskie Spółka z o.o.,4694,1835,2830,2821,1476,4619,6212,2568,2483,3142,631,948,34259
Łodygowice ,,4694,1835,2830,2821,1476,4619,6212,2568,2483,3142,631,948,34259
Trzciana,POLREGIO Spółka Akcyjna,1649,611,607,443,521,469,926,734,662,806,699,715,8842
Trzciana ,,1649,611,607,443,521,469,926,734,662,806,699,715,8842
Przysieka Stara,POLREGIO Spółka Akcyjna,1299,1078,767,386,581,1348,1250,981,1166,1174,1017,1452,12499
Przysieka Stara,Koleje Wielkopolskie Sp. z o.o.,616,1492,682,327,846,701,400,386,656,694,318,1190,8308
Przysieka Stara ,,1915,2570,1449,713,1427,2049,1650,1367,1822,1868,1335,2642,20807
Górka Duchowna,POLREGIO Spółka Akcyjna,1338,1292,816,382,568,1410,1503,1064,1168,1297,1253,1576,13667
Górka Duchowna,Koleje Wielkopolskie Sp. z o.o.,771,1689,727,367,911,758,462,406,779,757,296,899,8822
Górka Duchowna ,,2109,2981,1543,749,1479,2168,1965,1470,1947,2054,1549,2475,22489
Lipno Nowe,POLREGIO Spółka Akcyjna,1311,1299,798,388,560,1420,1487,1042,1143,1309,1271,1581,13609
Lipno Nowe,Koleje Wielkopolskie Sp. z o.o.,750,1698,713,360,929,750,475,403,766,778,291,888,8801
Lipno Nowe ,,2061,2997,1511,748,1489,2170,1962,1445,1909,2087,1562,2469,22410
Kolbuszowa,POLREGIO Spółka Akcyjna,2172,956,1823,400,532,742,1093,615,548,1018,481,1066,11446
Kolbuszowa,PKP INTERCITY Spółka Akcyjna ,899,466,509,298,355,637,804,1323,427,530,446,573,7267
Kolbuszowa ,,3071,1422,2332,698,887,1379,1897,1938,975,1548,927,1639,18713
Łodygowice Górne,Koleje Śląskie Spółka z o.o.,4757,1903,2815,2824,1541,4673,6408,2627,2590,3279,696,772,34885
Łodygowice Górne ,,4757,1903,2815,2824,1541,4673,6408,2627,2590,3279,696,772,34885
Bogumiłowice,POLREGIO Spółka Akcyjna,1412,766,823,359,467,428,745,926,827,873,757,838,9221
Bogumiłowice,Koleje Małopolskie Sp. z o.o.,2038,768,925,410,435,324,558,490,597,1031,817,489,8882
Bogumiłowice ,,3450,1534,1748,769,902,752,1303,1416,1424,1904,1574,1327,18103
Biadoliny,POLREGIO Spółka Akcyjna,1517,802,906,361,466,437,776,930,839,862,757,820,9473
Biadoliny,Koleje Małopolskie Sp. z o.o.,2187,870,966,417,475,343,540,539,666,992,805,450,9250
Biadoliny ,,3704,1672,1872,778,941,780,1316,1469,1505,1854,1562,1270,18723
Sterkowiec,Koleje Małopolskie Sp. z o.o.,2227,911,1003,446,500,364,601,585,686,1039,833,468,9663
Sterkowiec,POLREGIO Spółka Akcyjna,1485,851,895,372,483,430,783,937,839,893,766,826,9560
Sterkowiec ,,3712,1762,1898,818,983,794,1384,1522,1525,1932,1599,1294,19223
Szarów,POLREGIO Spółka Akcyjna,1171,732,839,432,639,347,666,802,851,1189,617,718,9003
Szarów,Koleje Małopolskie Sp. z o.o.,2070,788,892,381,445,340,415,534,585,999,497,392,8338
Szarów ,,3241,1520,1731,813,1084,687,1081,1336,1436,2188,1114,1110,17341
Rzezawa,Koleje Małopolskie Sp. z o.o.,2121,964,916,409,484,389,494,599,684,1047,672,559,9338
Rzezawa,POLREGIO Spółka Akcyjna,1212,789,871,370,515,398,698,828,842,1108,787,802,9220
Rzezawa ,,3333,1753,1787,779,999,787,1192,1427,1526,2155,1459,1361,18558
Jasień Brzeski,POLREGIO Spółka Akcyjna,1229,800,889,366,521,406,706,837,843,1074,783,804,9258
Jasień Brzeski,Koleje Małopolskie Sp. z o.o.,2104,983,915,408,482,370,493,549,659,1033,666,533,9195
Jasień Brzeski ,,3333,1783,1804,774,1003,776,1199,1386,1502,2107,1449,1337,18453
Cikowice,POLREGIO Spółka Akcyjna,1161,723,857,480,639,364,654,782,893,1134,751,722,9160
Cikowice,Koleje Małopolskie Sp. z o.o.,2013,909,948,412,442,375,483,563,628,1035,556,447,8811
Cikowice ,,3174,1632,1805,892,1081,739,1137,1345,1521,2169,1307,1169,17971
Stanisławice,POLREGIO Spółka Akcyjna,1170,716,860,477,636,364,658,797,875,1146,747,716,9162
Stanisławice,Koleje Małopolskie Sp. z o.o.,2030,906,979,413,442,380,489,587,627,1026,560,435,8874
Stanisławice ,,3200,1622,1839,890,1078,744,1147,1384,1502,2172,1307,1151,18036
Nekla,Koleje Wielkopolskie Sp. z o.o.,1286,1175,1394,1270,2101,2659,1720,1430,1722,2125,1532,1923,20337
Nekla ,,1286,1175,1394,1270,2101,2659,1720,1430,1722,2125,1532,1923,20337
Zawiercie Borowe Pole,Koleje Śląskie Spółka z o.o.,2649,1618,1696,1157,2143,1330,1041,833,2122,1112,3097,2233,21031
Zawiercie Borowe Pole ,,2649,1618,1696,1157,2143,1330,1041,833,2122,1112,3097,2233,21031
Myszków Światowit,Koleje Śląskie Spółka z o.o.,2628,1579,1654,1131,2121,1308,1004,822,2091,1114,3012,2128,20592
Myszków Światowit ,,2628,1579,1654,1131,2121,1308,1004,822,2091,1114,3012,2128,20592
Myszków Mrzygłód,Koleje Śląskie Spółka z o.o.,2625,1589,1667,1133,2125,1305,1025,824,2096,1124,3037,2199,20749
Myszków Mrzygłód ,,2625,1589,1667,1133,2125,1305,1025,824,2096,1124,3037,2199,20749
Podstolice,Koleje Wielkopolskie Sp. z o.o.,957,891,1159,997,1892,2358,1403,1274,1509,1857,1299,1748,17344
Podstolice ,,957,891,1159,997,1892,2358,1403,1274,1509,1857,1299,1748,17344
Gułtowy,Koleje Wielkopolskie Sp. z o.o.,1225,1124,1396,1245,2074,2653,1678,1426,1723,2092,1582,1898,20116
Gułtowy ,,1225,1124,1396,1245,2074,2653,1678,1426,1723,2092,1582,1898,20116
Niedźwiedź,POLREGIO Spółka Akcyjna,2416,788,1035,636,586,672,1788,2415,1163,746,1631,719,14595
Niedźwiedź,Koleje Małopolskie Sp. z o.o.,1646,319,437,406,429,701,1049,2059,684,347,456,313,8846
Niedźwiedź ,,4062,1107,1472,1042,1015,1373,2837,4474,1847,1093,2087,1032,23441
Zastów,POLREGIO Spółka Akcyjna,2363,825,950,603,627,685,1681,2339,1078,719,1818,693,14381
Zastów,Koleje Małopolskie Sp. z o.o.,1458,297,358,391,454,685,839,1835,607,301,461,304,7990
Zastów ,,3821,1122,1308,994,1081,1370,2520,4174,1685,1020,2279,997,22371
Słomniki Miasto,POLREGIO Spółka Akcyjna,2474,802,1106,644,619,741,1859,2452,1199,750,1637,773,15056
Słomniki Miasto,Koleje Małopolskie Sp. z o.o.,1640,327,475,445,495,723,1095,2170,723,364,517,372,9346
Słomniki Miasto ,,4114,1129,1581,1089,1114,1464,2954,4622,1922,1114,2154,1145,24402
Łuczyce,POLREGIO Spółka Akcyjna,2471,852,1013,663,655,711,1787,2439,1192,810,1839,756,15188
Łuczyce,Koleje Małopolskie Sp. z o.o.,1732,350,417,436,518,762,1037,2073,686,377,526,346,9260
Łuczyce ,,4203,1202,1430,1099,1173,1473,2824,4512,1878,1187,2365,1102,24448
Goszcza,POLREGIO Spółka Akcyjna,2467,851,1004,659,669,692,1784,2415,1199,781,1781,768,15070
Goszcza,Koleje Małopolskie Sp. z o.o.,1723,348,434,436,508,761,1057,2101,705,392,525,345,9335
Goszcza ,,4190,1199,1438,1095,1177,1453,2841,4516,1904,1173,2306,1113,24405
Baranówka,POLREGIO Spółka Akcyjna,2453,857,1005,670,664,701,1769,2415,1190,816,1855,765,15160
Baranówka,Koleje Małopolskie Sp. z o.o.,1714,335,401,418,506,761,1007,2047,684,355,519,335,9082
Baranówka ,,4167,1192,1406,1088,1170,1462,2776,4462,1874,1171,2374,1100,24242
Słomniki,POLREGIO Spółka Akcyjna,2569,903,1139,641,611,769,1831,2803,1284,844,1498,773,15665
Słomniki,Koleje Małopolskie Sp. z o.o.,1588,302,392,423,429,692,993,2396,693,311,434,373,9026
Słomniki ,,4157,1205,1531,1064,1040,1461,2824,5199,1977,1155,1932,1146,24691
Bielsko-Biała Mikuszowice,Koleje Śląskie Spółka z o.o.,4012,1463,2518,2498,1355,4126,5048,2104,2113,2691,2541,3113,33582
Bielsko-Biała Mikuszowice ,,4012,1463,2518,2498,1355,4126,5048,2104,2113,2691,2541,3113,33582
Lubzina,POLREGIO Spółka Akcyjna,1653,548,621,399,558,402,892,638,585,823,681,652,8452
Lubzina ,,1653,548,621,399,558,402,892,638,585,823,681,652,8452
Dębica Wschodnia,POLREGIO Spółka Akcyjna,1631,545,638,395,565,395,864,638,586,820,676,645,8398
Dębica Wschodnia ,,1631,545,638,395,565,395,864,638,586,820,676,645,8398
Świlcza,POLREGIO Spółka Akcyjna,1474,612,625,443,514,457,890,709,661,788,670,696,8539
Świlcza ,,1474,612,625,443,514,457,890,709,661,788,670,696,8539
Rzeszów Baranówka,POLREGIO Spółka Akcyjna,1392,551,614,448,493,384,827,660,569,731,615,638,7922
Rzeszów Baranówka ,,1392,551,614,448,493,384,827,660,569,731,615,638,7922
Rzeszów Dworzysko,POLREGIO Spółka Akcyjna,1419,575,620,453,499,393,832,658,607,737,615,654,8062
Rzeszów Dworzysko ,,1419,575,620,453,499,393,832,658,607,737,615,654,8062
Rudna Wielka,POLREGIO Spółka Akcyjna,1427,589,617,443,512,422,848,662,627,756,638,673,8214
Rudna Wielka ,,1427,589,617,443,512,422,848,662,627,756,638,673,8214
Ropczyce Witkowice,POLREGIO Spółka Akcyjna,1433,511,615,445,557,441,916,695,625,805,705,638,8386
Ropczyce Witkowice ,,1433,511,615,445,557,441,916,695,625,805,705,638,8386
Sędziszów Małopolski Wschodni,POLREGIO Spółka Akcyjna,1524,641,628,462,521,488,931,808,696,840,756,741,9036
Sędziszów Małopolski Wschodni ,,1524,641,628,462,521,488,931,808,696,840,756,741,9036
Będziemyśl,POLREGIO Spółka Akcyjna,1492,625,623,463,519,483,942,769,670,823,706,726,8841
Będziemyśl ,,1492,625,623,463,519,483,942,769,670,823,706,726,8841
Myszków Nowa Wieś,Koleje Śląskie Spółka z o.o.,2581,1532,1564,1483,2927,1258,994,762,2243,1056,2241,1911,20552
Myszków Nowa Wieś ,,2581,1532,1564,1483,2927,1258,994,762,2243,1056,2241,1911,20552
Masłońskie Natalin,Koleje Śląskie Spółka z o.o.,2583,1543,1550,1474,2706,1205,919,723,2174,1012,2207,1772,19868
Masłońskie Natalin ,,2583,1543,1550,1474,2706,1205,919,723,2174,1012,2207,1772,19868
Korwinów,Koleje Śląskie Spółka z o.o.,2561,1477,1388,1349,1914,1152,867,704,1999,945,2116,1755,18227
Korwinów ,,2561,1477,1388,1349,1914,1152,867,704,1999,945,2116,1755,18227
Dobroń,POLREGIO Spółka Akcyjna,578,196,292,575,563,753,1275,1653,1089,846,987,436,9243
Dobroń,Łódzka Kolej Aglomeracyjna Sp. z o.o.,696,97,200,242,100,262,344,430,512,576,478,374,4311
Dobroń ,,1274,293,492,817,663,1015,1619,2083,1601,1422,1465,810,13554
Chechło,POLREGIO Spółka Akcyjna,579,202,303,576,568,756,1282,1660,1098,859,997,435,9315
Chechło,Łódzka Kolej Aglomeracyjna Sp. z o.o.,692,109,201,255,101,268,358,415,504,562,471,350,4286
Chechło ,,1271,311,504,831,669,1024,1640,2075,1602,1421,1468,785,13601
Borszewice,POLREGIO Spółka Akcyjna,586,199,267,574,537,748,1226,1704,1056,762,978,450,9087
Borszewice,Łódzka Kolej Aglomeracyjna Sp. z o.o.,618,86,215,232,94,304,367,538,460,529,435,368,4246
Borszewice ,,1204,285,482,806,631,1052,1593,2242,1516,1291,1413,818,13333
Strzyżów nad Wisłokiem,POLREGIO Spółka Akcyjna,1032,422,1133,971,1686,753,896,400,944,1436,1146,660,11479
Strzyżów nad Wisłokiem,PKP INTERCITY Spółka Akcyjna ,,,,,,,,,25,305,15,,345
Strzyżów nad Wisłokiem ,,1032,422,1133,971,1686,753,896,400,969,1741,1161,660,11824
Kątne,Koleje Mazowieckie - KM Spółka z o.o.,3370,755,784,596,1048,1466,1377,1539,887,838,1129,1297,15086
Kątne ,,3370,755,784,596,1048,1466,1377,1539,887,838,1129,1297,15086
Kałęczyn,Koleje Mazowieckie - KM Spółka z o.o.,3372,762,762,619,1072,1480,1409,1463,824,828,1128,1374,15093
Kałęczyn ,,3372,762,762,619,1072,1480,1409,1463,824,828,1128,1374,15093
Jackowo Dworskie,Koleje Mazowieckie - KM Spółka z o.o.,3345,755,785,590,1036,1466,1390,1504,879,840,1131,1295,15016
Jackowo Dworskie ,,3345,755,785,590,1036,1466,1390,1504,879,840,1131,1295,15016
Ciechanów Przemysłowy,Koleje Mazowieckie - KM Spółka z o.o.,3339,625,628,524,831,1300,1312,1017,669,671,954,1313,13183
Ciechanów Przemysłowy ,,3339,625,628,524,831,1300,1312,1017,669,671,954,1313,13183
Gryfino,PKP INTERCITY Spółka Akcyjna ,2652,1225,1244,1342,2327,2246,1904,1533,2844,1770,2190,1724,23001
Gryfino,POLREGIO Spółka Akcyjna,541,435,1025,452,955,526,514,366,561,424,1048,684,7531
Gryfino ,,3193,1660,2269,1794,3282,2772,2418,1899,3405,2194,3238,2408,30532
Węgrzce Wielkie,POLREGIO Spółka Akcyjna,1163,778,786,376,580,431,565,731,798,996,558,618,8380
Węgrzce Wielkie,Koleje Małopolskie Sp. z o.o.,2020,645,772,381,359,319,403,512,438,884,358,345,7436
Węgrzce Wielkie ,,3183,1423,1558,757,939,750,968,1243,1236,1880,916,963,15816
Kokotów,POLREGIO Spółka Akcyjna,1159,763,649,366,573,430,561,723,767,971,534,613,8109
Kokotów,Koleje Małopolskie Sp. z o.o.,2014,633,745,387,348,319,420,518,439,865,364,344,7396
Kokotów ,,3173,1396,1394,753,921,749,981,1241,1206,1836,898,957,15505
Kalisz,PKP INTERCITY Spółka Akcyjna ,1848,1807,1406,1251,1407,1924,2389,3460,2832,1987,2323,1902,24536
Kalisz,POLREGIO Spółka Akcyjna,712,245,296,598,700,746,1034,1490,994,871,1161,514,9361
Kalisz,Koleje Wielkopolskie Sp. z o.o.,48,46,196,72,322,609,313,213,620,208,253,158,3058
Kalisz,Łódzka Kolej Aglomeracyjna Sp. z o.o.,13,,14,93,,30,95,149,16,12,8,40,470
Kalisz ,,2621,2098,1912,2014,2429,3309,3831,5312,4462,3078,3745,2614,37425
Janowice Wielkie,Koleje Dolnośląskie S.A.,2411,955,926,1011,829,781,1795,1386,1763,3076,2263,1852,19048
Janowice Wielkie,PKP INTERCITY Spółka Akcyjna ,2237,757,885,941,659,1419,1714,1773,1388,1897,1424,490,15584
Janowice Wielkie,POLREGIO Spółka Akcyjna,325,111,90,156,94,81,197,,263,188,152,149,1806
Janowice Wielkie ,,4973,1823,1901,2108,1582,2281,3706,3159,3414,5161,3839,2491,36438
Pęckowo,POLREGIO Spółka Akcyjna,2803,847,1002,1204,588,1751,575,504,762,741,1084,1166,13027
Pęckowo,Koleje Wielkopolskie Sp. z o.o.,328,232,290,344,715,1292,258,217,115,271,376,671,5109
Pęckowo ,,3131,1079,1292,1548,1303,3043,833,721,877,1012,1460,1837,18136
Smroków,POLREGIO Spółka Akcyjna,2561,962,1204,811,704,834,1943,4177,1374,907,1543,851,17871
Smroków,Koleje Małopolskie Sp. z o.o.,1481,249,370,481,467,705,995,2945,602,393,513,434,9635
Smroków ,,4042,1211,1574,1292,1171,1539,2938,7122,1976,1300,2056,1285,27506
Szczepanowice,POLREGIO Spółka Akcyjna,2576,972,1212,838,733,867,1959,4221,1388,939,1581,887,18173
Szczepanowice,Koleje Małopolskie Sp. z o.o.,1514,245,374,476,474,732,1003,2975,615,398,542,431,9779
Szczepanowice ,,4090,1217,1586,1314,1207,1599,2962,7196,2003,1337,2123,1318,27952
Kamieńczyce,POLREGIO Spółka Akcyjna,2593,970,1200,821,719,881,1975,4235,1376,940,1591,865,18166
Kamieńczyce,Koleje Małopolskie Sp. z o.o.,1496,249,365,472,474,697,982,2964,602,400,526,388,9615
Kamieńczyce ,,4089,1219,1565,1293,1193,1578,2957,7199,1978,1340,2117,1253,27781
Poronin,PKP INTERCITY Spółka Akcyjna ,3666,1243,816,640,1086,1138,2256,3172,1496,690,653,3613,20469
Poronin,POLREGIO Spółka Akcyjna,3029,764,854,857,955,1331,2852,1509,1101,673,328,1518,15771
Poronin,Koleje Śląskie Spółka z o.o.,47,21,,,125,20,143,45,,,,13,414
Poronin,Koleje Małopolskie Sp. z o.o.,119,,,,6,19,39,12,,,,,195
Poronin ,,6861,2028,1670,1497,2172,2508,5290,4738,2597,1363,981,5144,36849
Rudyszwałd,Koleje Śląskie Spółka z o.o.,1207,886,844,824,948,936,1288,1914,1529,1756,1839,722,14693
Rudyszwałd ,,1207,886,844,824,948,936,1288,1914,1529,1756,1839,722,14693
Chodzież,PKP INTERCITY Spółka Akcyjna ,4984,1016,2250,1466,1804,4542,3700,3973,576,585,1081,4748,30725
Chodzież,POLREGIO Spółka Akcyjna,2396,661,1396,454,534,1363,1009,1335,663,690,763,2253,13517
Chodzież,Koleje Wielkopolskie Sp. z o.o.,920,262,1839,200,357,1413,751,990,527,295,691,834,9079
Chodzież ,,8300,1939,5485,2120,2695,7318,5460,6298,1766,1570,2535,7835,53321
Orzesze,Koleje Śląskie Spółka z o.o.,1428,826,732,1149,855,1374,2536,1894,2291,1361,2617,996,18059
Orzesze ,,1428,826,732,1149,855,1374,2536,1894,2291,1361,2617,996,18059
Mikołów,Koleje Śląskie Spółka z o.o.,1275,737,749,1139,879,1285,2149,1730,2436,1350,2619,1005,17353
Mikołów ,,1275,737,749,1139,879,1285,2149,1730,2436,1350,2619,1005,17353
Łaziska Górne,Koleje Śląskie Spółka z o.o.,1284,781,747,1303,924,1329,2299,1790,2470,1394,2660,1006,17987
Łaziska Górne ,,1284,781,747,1303,924,1329,2299,1790,2470,1394,2660,1006,17987
Wola Bierwiecka,Koleje Mazowieckie - KM Spółka z o.o.,2301,1480,1749,1868,2454,2195,3512,3880,2275,1460,1212,1090,25476
Wola Bierwiecka ,,2301,1480,1749,1868,2454,2195,3512,3880,2275,1460,1212,1090,25476
Kruszyna,Koleje Mazowieckie - KM Spółka z o.o.,2300,1476,1725,1818,2423,2143,3515,3843,2107,1452,1186,1106,25094
Kruszyna ,,2300,1476,1725,1818,2423,2143,3515,3843,2107,1452,1186,1106,25094
Bartodzieje,Koleje Mazowieckie - KM Spółka z o.o.,2221,1458,1744,1865,2471,2209,3495,3859,2286,1399,1177,1070,25254
Bartodzieje ,,2221,1458,1744,1865,2471,2209,3495,3859,2286,1399,1177,1070,25254
Warka Miasto,Koleje Mazowieckie - KM Spółka z o.o.,2404,1484,1714,1840,2211,2115,3747,3240,1960,1384,1182,1129,24410
Warka Miasto ,,2404,1484,1714,1840,2211,2115,3747,3240,1960,1384,1182,1129,24410
Strzyżyna,Koleje Mazowieckie - KM Spółka z o.o.,2423,1512,1756,1873,2259,2156,3720,3350,2018,1410,1186,1139,24802
Strzyżyna ,,2423,1512,1756,1873,2259,2156,3720,3350,2018,1410,1186,1139,24802
Grabów nad Pilicą,Koleje Mazowieckie - KM Spółka z o.o.,2433,1500,1757,1858,2255,2141,3745,3334,1991,1415,1193,1130,24752
Grabów nad Pilicą ,,2433,1500,1757,1858,2255,2141,3745,3334,1991,1415,1193,1130,24752
Radom Stara Wola,Koleje Mazowieckie - KM Spółka z o.o.,2231,1413,1750,1914,2219,2300,3733,4268,2498,1317,1081,1007,25731
Radom Stara Wola ,,2231,1413,1750,1914,2219,2300,3733,4268,2498,1317,1081,1007,25731
Lesiów,Koleje Mazowieckie - KM Spółka z o.o.,2262,1447,1761,1941,2254,2305,3745,4313,2527,1340,1089,1033,26017
Lesiów ,,2262,1447,1761,1941,2254,2305,3745,4313,2527,1340,1089,1033,26017
Mieszków,Koleje Wielkopolskie Sp. z o.o.,466,263,403,578,542,2168,1308,1105,692,529,939,535,9528
Mieszków,POLREGIO Spółka Akcyjna,408,213,130,565,657,1041,976,1818,1037,916,981,625,9367
Mieszków ,,874,476,533,1143,1199,3209,2284,2923,1729,1445,1920,1160,18895
Chocicza,Koleje Wielkopolskie Sp. z o.o.,451,260,433,567,560,2155,1386,1102,709,563,922,511,9619
Chocicza,POLREGIO Spółka Akcyjna,417,210,142,532,687,993,1000,1844,1011,891,996,591,9314
Chocicza ,,868,470,575,1099,1247,3148,2386,2946,1720,1454,1918,1102,18933
Sulęcinek,Koleje Wielkopolskie Sp. z o.o.,444,261,458,586,552,1955,1641,1067,738,535,950,523,9710
Sulęcinek,POLREGIO Spółka Akcyjna,402,216,147,531,698,901,1007,1833,1021,884,1022,589,9251
Sulęcinek ,,846,477,605,1117,1250,2856,2648,2900,1759,1419,1972,1112,18961
Solec Wielkopolski,Koleje Wielkopolskie Sp. z o.o.,457,267,468,606,551,2152,1551,1126,726,578,972,540,9994
Solec Wielkopolski,POLREGIO Spółka Akcyjna,428,211,163,553,692,1039,1017,1913,1037,922,1053,593,9621
Solec Wielkopolski ,,885,478,631,1159,1243,3191,2568,3039,1763,1500,2025,1133,19615
Oleśnica,POLREGIO Spółka Akcyjna,2282,1279,1330,1074,1263,1075,1808,1085,2220,1203,1077,1488,17184
Oleśnica,Koleje Dolnośląskie S.A.,568,277,85,260,191,240,667,302,616,365,429,331,4331
Oleśnica,PKP INTERCITY Spółka Akcyjna ,,,,,,,,,39,,,,39
Oleśnica,CARGO Master Spółka z o.o.,,,8,,,,,,,,,,8
Oleśnica ,,2850,1556,1423,1334,1454,1315,2475,1387,2875,1568,1506,1819,21562
Czerwionka,Koleje Śląskie Spółka z o.o.,1173,771,991,1193,870,1346,2628,2665,2146,1301,2498,880,18462
Czerwionka ,,1173,771,991,1193,870,1346,2628,2665,2146,1301,2498,880,18462
Klimontów,POLREGIO Spółka Akcyjna,4404,1021,1236,867,885,1351,2362,3046,1223,1220,2401,1102,21118
Klimontów,Koleje Małopolskie Sp. z o.o.,703,153,129,211,232,254,477,1473,119,120,293,279,4443
Klimontów ,,5107,1174,1365,1078,1117,1605,2839,4519,1342,1340,2694,1381,25561
Orzesze Jaśkowice,Koleje Śląskie Spółka z o.o.,1261,773,1088,1196,889,1420,2430,2616,2386,1374,2544,904,18881
Orzesze Jaśkowice ,,1261,773,1088,1196,889,1420,2430,2616,2386,1374,2544,904,18881
Czechowice-Dziedzice Południowe,Koleje Śląskie Spółka z o.o.,4066,1640,2663,2685,1606,4048,4389,1725,2463,3239,2994,3488,35006
Czechowice-Dziedzice Południowe ,,4066,1640,2663,2685,1606,4048,4389,1725,2463,3239,2994,3488,35006
Bielsko-Biała Komorowice,Koleje Śląskie Spółka z o.o.,4092,1679,2687,2680,1651,4107,4312,1715,2500,3269,2934,3456,35082
Bielsko-Biała Komorowice ,,4092,1679,2687,2680,1651,4107,4312,1715,2500,3269,2934,3456,35082
Czechowice-Dziedzice Przystanek,Koleje Śląskie Spółka z o.o.,4101,1640,2688,2730,1644,3991,4458,1805,2517,3370,3052,3550,35546
Czechowice-Dziedzice Przystanek ,,4101,1640,2688,2730,1644,3991,4458,1805,2517,3370,3052,3550,35546
Łapy,PKP INTERCITY Spółka Akcyjna ,3113,1429,1607,1260,1697,1839,2405,2419,2055,1976,2073,1573,23446
Łapy,POLREGIO Spółka Akcyjna,1438,795,1001,323,646,441,533,1164,1158,460,622,377,8958
Łapy ,,4551,2224,2608,1583,2343,2280,2938,3583,3213,2436,2695,1950,32404
Wrocław Stadion,Koleje Dolnośląskie S.A.,3535,1455,1051,1088,2980,1082,1869,763,2831,1932,3236,1695,23517
Wrocław Stadion,POLREGIO Spółka Akcyjna,,,228,631,991,372,449,417,1434,972,913,198,6605
Wrocław Stadion,PKP INTERCITY Spółka Akcyjna ,,,11,15,7,,,,,,30,,63
Wrocław Stadion ,,3535,1455,1290,1734,3978,1454,2318,1180,4265,2904,4179,1893,30185
Wrocław Kuźniki,Koleje Dolnośląskie S.A.,3455,1385,1024,992,2904,1066,1796,736,2833,1868,3166,1665,22890
Wrocław Kuźniki,POLREGIO Spółka Akcyjna,,,213,614,993,347,434,389,1439,961,912,198,6500
Wrocław Kuźniki,CARGO Master Spółka z o.o.,,,9,,,,,,,,,,9
Wrocław Kuźniki,LEO Express Global a.s.,,,,,,,,,,,,,
Wrocław Kuźniki ,,3455,1385,1246,1606,3897,1413,2230,1125,4272,2829,4078,1863,29399
Wrocław Pracze,Koleje Dolnośląskie S.A.,3417,1440,1023,1113,2998,1078,1894,748,2764,1876,3171,1655,23177
Wrocław Pracze,POLREGIO Spółka Akcyjna,,,225,634,993,378,478,399,1451,945,901,196,6600
Wrocław Pracze,PKP INTERCITY Spółka Akcyjna ,,,,,,,,,,,40,,40
Wrocław Pracze,CARGO Master Spółka z o.o.,,,,,,,,,,,,,
Wrocław Pracze ,,3417,1440,1248,1747,3991,1456,2372,1147,4215,2821,4112,1851,29817
Czerna Mała,Koleje Dolnośląskie S.A.,3511,1523,1183,1432,3096,1191,2045,766,2731,1881,3374,1800,24533
Czerna Mała,POLREGIO Spółka Akcyjna,,,277,890,999,591,531,435,1558,956,921,189,7347
Czerna Mała ,,3511,1523,1460,2322,4095,1782,2576,1201,4289,2837,4295,1989,31880
Brzezinka Średzka,Koleje Dolnośląskie S.A.,3473,1470,1108,1359,3068,1147,2063,777,2653,1868,3235,1751,23972
Brzezinka Średzka,POLREGIO Spółka Akcyjna,,,256,871,1000,570,507,432,1539,940,901,182,7198
Brzezinka Średzka ,,3473,1470,1364,2230,4068,1717,2570,1209,4192,2808,4136,1933,31170
Radom Północny,Koleje Mazowieckie - KM Spółka z o.o.,2162,1346,1746,1896,2216,2296,3756,4282,2470,1309,1056,985,25520
Radom Północny ,,2162,1346,1746,1896,2216,2296,3756,4282,2470,1309,1056,985,25520
Księginice,Koleje Dolnośląskie S.A.,3524,1513,1158,1467,3074,1143,2075,777,2802,1859,3379,1812,24583
Księginice,POLREGIO Spółka Akcyjna,,,289,879,996,592,512,452,1600,961,905,161,7347
Księginice ,,3524,1513,1447,2346,4070,1735,2587,1229,4402,2820,4284,1973,31930
Łososiowice,Koleje Dolnośląskie S.A.,3641,1596,1168,1385,3214,1283,2101,729,2478,1850,4062,2116,25623
Łososiowice,POLREGIO Spółka Akcyjna,,,340,892,1046,688,524,529,1620,943,1005,173,7760
Łososiowice ,,3641,1596,1508,2277,4260,1971,2625,1258,4098,2793,5067,2289,33383
Cieplewo,POLREGIO Spółka Akcyjna,3340,889,1269,1027,1348,1942,3894,3372,1503,1955,1694,1870,24103
Cieplewo ,,3340,889,1269,1027,1348,1942,3894,3372,1503,1955,1694,1870,24103
Lisewo,POLREGIO Spółka Akcyjna,2179,758,1053,878,953,1410,3407,2941,1415,1634,1382,1691,19701
Lisewo ,,2179,758,1053,878,953,1410,3407,2941,1415,1634,1382,1691,19701
Ostrołęka,Koleje Mazowieckie - KM Spółka z o.o.,1862,1138,336,635,420,1282,1718,1035,632,980,1794,296,12128
Ostrołęka,POLREGIO Spółka Akcyjna,,,68,70,33,129,307,524,330,105,64,144,1774
Ostrołęka,CARGO Master Spółka z o.o.,,,,,,,,,,,,,
Ostrołęka,PKP INTERCITY Spółka Akcyjna ,,,,,,,,,,,,,
Ostrołęka ,,1862,1138,404,705,453,1411,2025,1559,962,1085,1858,440,13902
Malbork Kałdowo,POLREGIO Spółka Akcyjna,2094,816,1030,859,909,1353,3262,2886,1312,1626,1238,1562,18947
Malbork Kałdowo ,,2094,816,1030,859,909,1353,3262,2886,1312,1626,1238,1562,18947
Stogi Malborskie,POLREGIO Spółka Akcyjna,2092,842,1037,868,927,1376,3309,2913,1332,1630,1268,1600,19194
Stogi Malborskie ,,2092,842,1037,868,927,1376,3309,2913,1332,1630,1268,1600,19194
Boguchwała,POLREGIO Spółka Akcyjna,867,374,1046,1001,1244,852,938,461,780,1333,1006,745,10647
Boguchwała ,,867,374,1046,1001,1244,852,938,461,780,1333,1006,745,10647
Wodzisław Śląski,PKP INTERCITY Spółka Akcyjna ,3951,2360,2313,2892,2779,3543,3367,3856,2209,3784,4342,3631,39027
Wodzisław Śląski,Koleje Śląskie Spółka z o.o.,985,636,626,762,532,1023,1494,1471,1381,1289,1522,727,12448
Wodzisław Śląski ,,4936,2996,2939,3654,3311,4566,4861,5327,3590,5073,5864,4358,51475
Runowo Pomorskie,PKP INTERCITY Spółka Akcyjna ,3915,1261,1113,1350,1509,3163,3369,3441,1136,1380,1969,3891,27497
Runowo Pomorskie,POLREGIO Spółka Akcyjna,1640,531,1457,592,1009,850,1131,1065,913,912,778,1269,12147
Runowo Pomorskie ,,5555,1792,2570,1942,2518,4013,4500,4506,2049,2292,2747,5160,39644
Wrocław Zachodni,Koleje Dolnośląskie S.A.,2861,1427,1119,1064,989,962,1863,1236,2286,2476,2654,2744,21681
Wrocław Zachodni,POLREGIO Spółka Akcyjna,284,32,,33,,80,53,23,8,23,108,16,660
Wrocław Zachodni ,,3145,1459,1119,1097,989,1042,1916,1259,2294,2499,2762,2760,22341
Jastrzębsko,POLREGIO Spółka Akcyjna,1317,612,1313,692,1099,1603,781,1276,1222,837,1125,1158,13035
Jastrzębsko,Koleje Wielkopolskie Sp. z o.o.,1953,451,941,409,859,1769,1183,1427,762,501,1052,1314,12621
Jastrzębsko ,,3270,1063,2254,1101,1958,3372,1964,2703,1984,1338,2177,2472,25656
Chrośnica,POLREGIO Spółka Akcyjna,1326,604,1312,690,1207,1603,785,1302,1191,884,1131,1145,13180
Chrośnica,Koleje Wielkopolskie Sp. z o.o.,1867,439,932,406,837,1765,1176,1454,763,784,1064,1267,12754
Chrośnica ,,3193,1043,2244,1096,2044,3368,1961,2756,1954,1668,2195,2412,25934
Sadowice Wrocławskie,Koleje Dolnośląskie S.A.,2998,1443,1200,1210,1053,993,2000,1332,2331,2642,2733,3046,22981
Sadowice Wrocławskie,POLREGIO Spółka Akcyjna,286,33,,35,,77,57,24,8,23,104,16,663
Sadowice Wrocławskie ,,3284,1476,1200,1245,1053,1070,2057,1356,2339,2665,2837,3062,23644
Mokronos Górny,Koleje Dolnośląskie S.A.,2914,1304,1092,1172,1008,981,1886,1297,2297,2523,2703,2804,21981
Mokronos Górny,POLREGIO Spółka Akcyjna,287,33,,35,,79,54,24,8,23,109,16,668
Mokronos Górny ,,3201,1337,1092,1207,1008,1060,1940,1321,2305,2546,2812,2820,22649
Rzeszów Centrum,POLREGIO Spółka Akcyjna,777,388,1031,996,1115,665,815,443,828,1369,1124,832,10383
Rzeszów Centrum ,,777,388,1031,996,1115,665,815,443,828,1369,1124,832,10383
Rzeszów Staroniwa,POLREGIO Spółka Akcyjna,773,360,964,947,1086,668,818,420,799,1318,1006,793,9952
Rzeszów Staroniwa ,,773,360,964,947,1086,668,818,420,799,1318,1006,793,9952
Rzeszów Zwięczyca,POLREGIO Spółka Akcyjna,938,423,1093,1080,1259,766,931,461,880,1378,1138,877,11224
Rzeszów Zwięczyca ,,938,423,1093,1080,1259,766,931,461,880,1378,1138,877,11224
Rzeszów Politechnika,POLREGIO Spółka Akcyjna,953,431,1094,1053,1236,748,903,482,888,1494,1151,905,11338
Rzeszów Politechnika ,,953,431,1094,1053,1236,748,903,482,888,1494,1151,905,11338
Rzeszów Osiedle,POLREGIO Spółka Akcyjna,952,425,1111,1071,1247,765,913,475,878,1385,1130,867,11219
Rzeszów Osiedle ,,952,425,1111,1071,1247,765,913,475,878,1385,1130,867,11219
Boguchwała Dolna,POLREGIO Spółka Akcyjna,947,419,1112,1121,1275,792,955,457,885,1408,1140,864,11375
Boguchwała Dolna ,,947,419,1112,1121,1275,792,955,457,885,1408,1140,864,11375
Zaborów,POLREGIO Spółka Akcyjna,1033,384,1095,1002,1618,734,915,437,905,1369,1077,661,11230
Zaborów ,,1033,384,1095,1002,1618,734,915,437,905,1369,1077,661,11230
Wisłoczanka,POLREGIO Spółka Akcyjna,1148,447,1257,1170,1391,802,962,528,1033,1558,1169,843,12308
Wisłoczanka ,,1148,447,1257,1170,1391,802,962,528,1033,1558,1169,843,12308
Czudec,POLREGIO Spółka Akcyjna,1067,394,1073,1035,1418,707,864,464,950,1399,1091,632,11094
Czudec ,,1067,394,1073,1035,1418,707,864,464,950,1399,1091,632,11094
Babica Kolonia,POLREGIO Spółka Akcyjna,1122,417,1250,1167,1508,752,950,518,989,1536,1198,732,12139
Babica Kolonia ,,1122,417,1250,1167,1508,752,950,518,989,1536,1198,732,12139
Babica,POLREGIO Spółka Akcyjna,1075,390,1178,1082,1314,772,899,467,928,1380,1105,713,11303
Babica ,,1075,390,1178,1082,1314,772,899,467,928,1380,1105,713,11303
Zaborów Błonia,POLREGIO Spółka Akcyjna,1101,409,1159,1049,1677,765,964,483,996,1444,1133,666,11846
Zaborów Błonia ,,1101,409,1159,1049,1677,765,964,483,996,1444,1133,666,11846
Żarnowa,POLREGIO Spółka Akcyjna,1139,485,1226,1085,1930,747,861,455,982,1466,1217,732,12325
Żarnowa ,,1139,485,1226,1085,1930,747,861,455,982,1466,1217,732,12325
Lubań Śląski,Koleje Dolnośląskie S.A.,2618,714,675,1057,1474,943,2261,1567,3045,4142,3703,2076,24275
Lubań Śląski,POLREGIO Spółka Akcyjna,7,,,159,84,,,14,111,42,316,201,934
Lubań Śląski ,,2625,714,675,1216,1558,943,2261,1581,3156,4184,4019,2277,25209
Jelenia Góra Zabobrze,Koleje Dolnośląskie S.A.,2466,815,644,1178,1208,1147,2055,1572,2164,4637,3115,2011,23012
Jelenia Góra Zabobrze,POLREGIO Spółka Akcyjna,336,54,102,316,91,72,44,32,199,345,277,347,2215
Jelenia Góra Zabobrze ,,2802,869,746,1494,1299,1219,2099,1604,2363,4982,3392,2358,25227
Wałbrzych Szczawienko,Koleje Dolnośląskie S.A.,3346,1589,1510,1432,1437,1404,2461,1904,2966,3840,3284,3053,28226
Wałbrzych Szczawienko,POLREGIO Spółka Akcyjna,401,147,119,156,87,174,291,81,330,277,191,200,2454
Wałbrzych Szczawienko ,,3747,1736,1629,1588,1524,1578,2752,1985,3296,4117,3475,3253,30680
Siechnice,Koleje Dolnośląskie S.A.,1390,833,370,532,620,894,1286,849,1124,615,1059,970,10542
Siechnice,POLREGIO Spółka Akcyjna,123,109,111,132,32,108,335,111,293,198,107,52,1711
Siechnice,CARGO Master Spółka z o.o.,,,,,,,,,,,,,
Siechnice ,,1513,942,481,664,652,1002,1621,960,1417,813,1166,1022,12253
Czernica Wrocławska,Koleje Dolnośląskie S.A.,1344,841,352,463,568,901,1314,796,1008,524,1054,929,10094
Czernica Wrocławska,POLREGIO Spółka Akcyjna,126,97,98,167,66,88,301,98,322,197,101,39,1700
Czernica Wrocławska ,,1470,938,450,630,634,989,1615,894,1330,721,1155,968,11794
Zakrzów Kotowice,Koleje Dolnośląskie S.A.,1472,918,415,594,635,964,1403,897,1228,651,1121,1019,11317
Zakrzów Kotowice,POLREGIO Spółka Akcyjna,120,96,128,172,65,120,340,124,336,208,137,63,1909
Zakrzów Kotowice ,,1592,1014,543,766,700,1084,1743,1021,1564,859,1258,1082,13226
Mirków,POLREGIO Spółka Akcyjna,2154,1158,1370,1019,973,878,1761,971,2278,1127,990,1401,16080
Mirków,Koleje Dolnośląskie S.A.,584,238,137,278,224,244,679,338,639,312,388,322,4383
Mirków ,,2738,1396,1507,1297,1197,1122,2440,1309,2917,1439,1378,1723,20463
Chełm Miasto,POLREGIO Spółka Akcyjna,721,263,454,410,397,714,2023,1053,836,399,676,985,8931
Chełm Miasto,PKP INTERCITY Spółka Akcyjna ,545,189,344,196,441,525,97,,125,821,771,1114,5168
Chełm Miasto ,,1266,452,798,606,838,1239,2120,1053,961,1220,1447,2099,14099
Łódź Stoki,Łódzka Kolej Aglomeracyjna Sp. z o.o.,154,70,77,274,65,,42,46,84,377,216,201,1606
Łódź Stoki ,,154,70,77,274,65,,42,46,84,377,216,201,1606
Łódź Marysin,Łódzka Kolej Aglomeracyjna Sp. z o.o.,142,69,91,264,54,,49,21,78,367,201,182,1518
Łódź Marysin ,,142,69,91,264,54,,49,21,78,367,201,182,1518
Czerwonak,Koleje Wielkopolskie Sp. z o.o.,1154,375,1078,312,322,4002,1099,407,663,497,452,614,10975
Czerwonak,PKP INTERCITY Spółka Akcyjna ,,,,,,,,,,,,,
Czerwonak,CARGO Master Spółka z o.o.,,,,,,,,,,,,,
Czerwonak ,,1154,375,1078,312,322,4002,1099,407,663,497,452,614,10975
Murowana Goślina,Koleje Wielkopolskie Sp. z o.o.,1114,402,977,237,431,3574,1018,379,696,556,560,705,10649
Murowana Goślina,PKP INTERCITY Spółka Akcyjna ,,,,,,,,,,,6,,6
Murowana Goślina,CARGO Master Spółka z o.o.,,,,,,,,,,,,,
Murowana Goślina ,,1114,402,977,237,431,3574,1018,379,696,556,566,705,10655
Łódź Warszawska,Łódzka Kolej Aglomeracyjna Sp. z o.o.,123,68,97,253,43,,61,37,108,461,258,215,1724
Łódź Warszawska ,,123,68,97,253,43,,61,37,108,461,258,215,1724
Łódź Arturówek,Łódzka Kolej Aglomeracyjna Sp. z o.o.,131,42,95,238,41,,64,38,112,470,257,215,1703
Łódź Arturówek ,,131,42,95,238,41,,64,38,112,470,257,215,1703
Łódź Radogoszcz Wschód,Łódzka Kolej Aglomeracyjna Sp. z o.o.,158,41,97,232,41,6,68,33,116,476,250,216,1734
Łódź Radogoszcz Wschód ,,158,41,97,232,41,6,68,33,116,476,250,216,1734
Bolechowo,Koleje Wielkopolskie Sp. z o.o.,1009,362,1097,246,380,3720,1085,422,664,515,495,664,10659
Bolechowo ,,1009,362,1097,246,380,3720,1085,422,664,515,495,664,10659
Czerwonak Osiedle,Koleje Wielkopolskie Sp. z o.o.,969,397,1014,321,387,4058,1132,414,704,541,521,678,11136
Czerwonak Osiedle ,,969,397,1014,321,387,4058,1132,414,704,541,521,678,11136
Owińska,Koleje Wielkopolskie Sp. z o.o.,971,395,1019,305,385,4069,1117,411,705,527,504,675,11083
Owińska ,,971,395,1019,305,385,4069,1117,411,705,527,504,675,11083
Złotniki,POLREGIO Spółka Akcyjna,1918,619,1121,338,488,1165,783,1024,855,863,701,1731,11606
Złotniki,Koleje Wielkopolskie Sp. z o.o.,1600,311,2467,128,441,1283,699,820,477,326,608,738,9898
Złotniki,PKP INTERCITY Spółka Akcyjna ,,32,,,,,,,,,43,,75
Złotniki,CARGO Master Spółka z o.o.,,,,,14,,,,,,,,14
Złotniki,RAILPOLONIA Sp. z o.o. (przewozy pasażerskie),,,,,,,,,,,,6,6
Złotniki ,,3518,962,3588,466,943,2448,1482,1844,1332,1189,1352,2475,21599
Mikołów Jamna,Koleje Śląskie Spółka z o.o.,1142,713,797,1063,843,1256,2104,1707,2246,1227,2452,937,16487
Mikołów Jamna ,,1142,713,797,1063,843,1256,2104,1707,2246,1227,2452,937,16487
Oborniki Wielkopolskie,POLREGIO Spółka Akcyjna,1862,636,1091,365,485,1153,827,1080,814,791,647,1782,11533
Oborniki Wielkopolskie,Koleje Wielkopolskie Sp. z o.o.,1655,351,2978,170,404,1395,880,851,620,481,786,791,11362
Oborniki Wielkopolskie,PKP INTERCITY Spółka Akcyjna ,,,,,,,,,,,,,
Oborniki Wielkopolskie ,,3517,987,4069,535,889,2548,1707,1931,1434,1272,1433,2573,22895
Łaziska Górne Brada,Koleje Śląskie Spółka z o.o.,1192,699,712,1246,876,1234,2194,1709,2217,1307,2449,935,16770
Łaziska Górne Brada ,,1192,699,712,1246,876,1234,2194,1709,2217,1307,2449,935,16770
Poznań Podolany,POLREGIO Spółka Akcyjna,1812,535,1054,349,452,1293,875,1096,953,1022,774,1725,11940
Poznań Podolany,Koleje Wielkopolskie Sp. z o.o.,1493,368,2284,295,482,1474,732,894,485,356,639,798,10300
Poznań Podolany,CARGO Master Spółka z o.o.,,,,,47,,,,,,,,47
Poznań Podolany,PKP INTERCITY Spółka Akcyjna ,,,,,,,,,,,6,,6
Poznań Podolany,RAILPOLONIA Sp. z o.o. (przewozy pasażerskie),,,,,,,,,,,,,
Poznań Podolany ,,3305,903,3338,644,981,2767,1607,1990,1438,1378,1419,2523,22293
Poznań Strzeszyn,POLREGIO Spółka Akcyjna,1816,542,1043,350,451,1285,876,1094,949,1010,762,1717,11895
Poznań Strzeszyn,Koleje Wielkopolskie Sp. z o.o.,1489,363,2306,294,480,1459,720,889,489,344,632,792,10257
Poznań Strzeszyn,PKP INTERCITY Spółka Akcyjna ,,31,,,,,,,,,,,31
Poznań Strzeszyn,CARGO Master Spółka z o.o.,,,,,9,,,,,,,,9
Poznań Strzeszyn ,,3305,936,3349,644,940,2744,1596,1983,1438,1354,1394,2509,22192
Wargowo,POLREGIO Spółka Akcyjna,1860,635,1190,359,491,1172,800,1001,858,813,657,1711,11547
Wargowo,Koleje Wielkopolskie Sp. z o.o.,1631,345,2764,156,348,1278,736,854,547,334,796,708,10497
Wargowo ,,3491,980,3954,515,839,2450,1536,1855,1405,1147,1453,2419,22044
Bogdanowo,POLREGIO Spółka Akcyjna,1886,644,1294,370,515,1212,839,1065,945,877,715,1796,12158
Bogdanowo,Koleje Wielkopolskie Sp. z o.o.,1636,360,3451,180,418,1303,805,879,639,419,820,790,11700
Bogdanowo ,,3522,1004,4745,550,933,2515,1644,1944,1584,1296,1535,2586,23858
Golęczewo,POLREGIO Spółka Akcyjna,1945,640,1171,370,517,1229,845,1050,901,904,759,1803,12134
Golęczewo,Koleje Wielkopolskie Sp. z o.o.,1637,275,2785,158,436,1328,805,890,553,353,732,826,10778
Golęczewo ,,3582,915,3956,528,953,2557,1650,1940,1454,1257,1491,2629,22912
Złotniki Grzybowe,POLREGIO Spółka Akcyjna,1857,564,1104,376,497,1285,864,1078,930,1011,793,1761,12120
Złotniki Grzybowe,Koleje Wielkopolskie Sp. z o.o.,1561,361,2382,159,442,1446,749,864,500,361,645,792,10262
Złotniki Grzybowe ,,3418,925,3486,535,939,2731,1613,1942,1430,1372,1438,2553,22382
Złotkowo,POLREGIO Spółka Akcyjna,1947,641,1167,365,517,1231,849,1053,901,904,753,1801,12129
Złotkowo,Koleje Wielkopolskie Sp. z o.o.,1637,306,2757,159,423,1325,798,872,537,353,708,814,10689
Złotkowo ,,3584,947,3924,524,940,2556,1647,1925,1438,1257,1461,2615,22818
Chludowo,POLREGIO Spółka Akcyjna,1927,638,1176,358,516,1225,840,1053,903,901,758,1803,12098
Chludowo,Koleje Wielkopolskie Sp. z o.o.,1625,276,2795,160,397,1339,789,905,558,353,783,825,10805
Chludowo ,,3552,914,3971,518,913,2564,1629,1958,1461,1254,1541,2628,22903
Żary,POLREGIO Spółka Akcyjna,1274,718,1153,1028,619,1107,1109,2488,7270,5769,5823,4723,33081
Żary,Koleje Dolnośląskie S.A.,626,192,268,248,533,340,768,228,1521,899,779,600,7002
Żary,PKP INTERCITY Spółka Akcyjna ,276,22,358,179,84,199,89,181,393,216,186,735,2918
Żary,CARGO Master Spółka z o.o.,,,,,,,,,,,,,
Żary ,,2176,932,1779,1455,1236,1646,1966,2897,9184,6884,6788,6058,43001
Borowa Oleśnicka,POLREGIO Spółka Akcyjna,2065,1301,1329,907,1035,908,1509,996,2032,1156,936,1280,15454
Borowa Oleśnicka,Koleje Dolnośląskie S.A.,600,230,134,679,212,235,697,333,627,294,390,320,4751
Borowa Oleśnicka ,,2665,1531,1463,1586,1247,1143,2206,1329,2659,1450,1326,1600,20205
Brzeźnica,Koleje Małopolskie Sp. z o.o.,878,321,691,614,481,638,721,922,1304,477,367,551,7965
Brzeźnica,PKP CARGO S.A. w restrukturyzacji,,,,,,,,,,,,,
Brzeźnica ,,878,321,691,614,481,638,721,922,1304,477,367,551,7965
Cierpice Kąkol,POLREGIO Spółka Akcyjna,1485,749,777,905,750,880,1205,2535,851,1453,1772,908,14270
Cierpice Kąkol ,,1485,749,777,905,750,880,1205,2535,851,1453,1772,908,14270
Zator Park Rozrywki,Koleje Małopolskie Sp. z o.o.,1048,350,769,700,456,647,770,1031,1176,457,429,464,8297
Zator Park Rozrywki,PKP INTERCITY Spółka Akcyjna ,,,,,,,,,,,,,
Zator Park Rozrywki ,,1048,350,769,700,456,647,770,1031,1176,457,429,464,8297
Jaśkowice,Koleje Małopolskie Sp. z o.o.,1520,422,790,634,618,810,937,1228,1607,493,386,558,10003
Jaśkowice ,,1520,422,790,634,618,810,937,1228,1607,493,386,558,10003
Zelczyna,Koleje Małopolskie Sp. z o.o.,1518,415,785,636,603,781,900,1241,1506,528,375,532,9820
Zelczyna ,,1518,415,785,636,603,781,900,1241,1506,528,375,532,9820
Wielkie Drogi,Koleje Małopolskie Sp. z o.o.,1532,428,787,644,600,805,921,1232,1535,510,386,548,9928
Wielkie Drogi ,,1532,428,787,644,600,805,921,1232,1535,510,386,548,9928
Skawina Zachodnia,Koleje Małopolskie Sp. z o.o.,1423,349,914,612,590,651,739,1075,1064,457,371,475,8720
Skawina Zachodnia ,,1423,349,914,612,590,651,739,1075,1064,457,371,475,8720
Podbory Skawińskie,Koleje Małopolskie Sp. z o.o.,1404,349,763,610,575,648,732,1049,1078,460,360,441,8469
Podbory Skawińskie ,,1404,349,763,610,575,648,732,1049,1078,460,360,441,8469
Goczałkowice-Zdrój,Koleje Śląskie Spółka z o.o.,4587,1789,2968,3405,1784,4942,5042,2089,3014,4607,4121,5697,44045
Goczałkowice-Zdrój ,,4587,1789,2968,3405,1784,4942,5042,2089,3014,4607,4121,5697,44045
Dwory,Koleje Małopolskie Sp. z o.o.,948,305,753,692,400,583,707,952,1038,479,493,455,7805
Dwory ,,948,305,753,692,400,583,707,952,1038,479,493,455,7805
Przeciszów,Koleje Małopolskie Sp. z o.o.,1022,351,794,670,413,673,810,1016,1144,448,393,438,8172
Przeciszów ,,1022,351,794,670,413,673,810,1016,1144,448,393,438,8172
Włosienica,Koleje Małopolskie Sp. z o.o.,967,341,814,743,430,659,833,1024,1138,576,419,479,8423
Włosienica ,,967,341,814,743,430,659,833,1024,1138,576,419,479,8423
Spytkowice,Koleje Małopolskie Sp. z o.o.,937,300,720,670,434,632,712,1008,959,461,391,456,7680
Spytkowice,PKP CARGO S.A. w restrukturyzacji,,,,,,,,,,,,,
Spytkowice ,,937,300,720,670,434,632,712,1008,959,461,391,456,7680
Czerwionka Dębieńsko,Koleje Śląskie Spółka z o.o.,1224,859,1030,1226,946,1437,2685,2743,2113,1386,2614,919,19182
Czerwionka Dębieńsko ,,1224,859,1030,1226,946,1437,2685,2743,2113,1386,2614,919,19182
Zator,Koleje Małopolskie Sp. z o.o.,1008,340,765,700,448,639,760,1023,1149,467,420,480,8199
Zator ,,1008,340,765,700,448,639,760,1023,1149,467,420,480,8199
Spytkowice Kępki,Koleje Małopolskie Sp. z o.o.,966,355,689,752,540,651,761,1045,987,530,406,496,8178
Spytkowice Kępki ,,966,355,689,752,540,651,761,1045,987,530,406,496,8178
Ryczów,Koleje Małopolskie Sp. z o.o.,949,362,668,718,564,661,769,1071,994,538,408,516,8218
Ryczów ,,949,362,668,718,564,661,769,1071,994,538,408,516,8218
Półwieś,Koleje Małopolskie Sp. z o.o.,906,380,667,701,614,662,748,1024,955,517,383,523,8080
Półwieś ,,906,380,667,701,614,662,748,1024,955,517,383,523,8080
Dzierżoniów Śląski,Koleje Dolnośląskie S.A.,3520,1371,1790,1562,1850,1431,2759,2724,2407,3115,2971,1932,27432
Dzierżoniów Śląski,PKP INTERCITY Spółka Akcyjna ,603,153,140,56,214,148,354,501,265,392,659,558,4043
Dzierżoniów Śląski ,,4123,1524,1930,1618,2064,1579,3113,3225,2672,3507,3630,2490,31475
Różyny,POLREGIO Spółka Akcyjna,3070,847,1258,974,1302,1716,3440,3116,1408,1881,1636,1902,22550
Różyny ,,3070,847,1258,974,1302,1716,3440,3116,1408,1881,1636,1902,22550
Skowarcz,POLREGIO Spółka Akcyjna,3067,826,1259,953,1298,1691,3476,3083,1444,1890,1635,1908,22530
Skowarcz ,,3067,826,1259,953,1298,1691,3476,3083,1444,1890,1635,1908,22530
Przecza,POLREGIO Spółka Akcyjna,3666,1737,2042,1647,2720,2299,2671,2465,4188,3402,4729,2272,33838
Przecza ,,3666,1737,2042,1647,2720,2299,2671,2465,4188,3402,4729,2272,33838
Dąbrowa Niemodlińska,POLREGIO Spółka Akcyjna,3802,1789,2074,1668,2710,2255,2707,2513,4231,3759,4934,2298,34740
Dąbrowa Niemodlińska ,,3802,1789,2074,1668,2710,2255,2707,2513,4231,3759,4934,2298,34740
Chróścina Opolska,POLREGIO Spółka Akcyjna,3611,1781,2011,1661,2667,2209,2547,2371,3807,3615,4782,2275,33337
Chróścina Opolska ,,3611,1781,2011,1661,2667,2209,2547,2371,3807,3615,4782,2275,33337
Łosiów,POLREGIO Spółka Akcyjna,3706,1711,2023,1589,2655,2600,2890,2519,3970,3579,4804,2260,34306
Łosiów ,,3706,1711,2023,1589,2655,2600,2890,2519,3970,3579,4804,2260,34306
Lewin Brzeski,POLREGIO Spółka Akcyjna,3587,1724,1984,1628,2720,2341,2632,2401,4151,3411,4749,2247,33575
Lewin Brzeski ,,3587,1724,1984,1628,2720,2341,2632,2401,4151,3411,4749,2247,33575
Rogoźnica koło Rzeszowa,POLREGIO Spółka Akcyjna,2342,993,1977,482,531,676,1120,830,557,1034,508,1063,12113
Rogoźnica koło Rzeszowa ,,2342,993,1977,482,531,676,1120,830,557,1034,508,1063,12113
Głogów Małopolski Niwa,POLREGIO Spółka Akcyjna,2344,987,1993,497,531,687,1125,839,571,1054,517,1068,12213
Głogów Małopolski Niwa ,,2344,987,1993,497,531,687,1125,839,571,1054,517,1068,12213
Głogów Małopolski,POLREGIO Spółka Akcyjna,2100,913,1844,443,461,668,1091,815,495,929,449,1014,11222
Głogów Małopolski ,,2100,913,1844,443,461,668,1091,815,495,929,449,1014,11222
Goleszów,Koleje Śląskie Spółka z o.o.,2866,1052,1827,2494,2183,3190,2357,1559,3016,1705,2566,2584,27399
Goleszów,PKP INTERCITY Spółka Akcyjna ,249,46,100,69,94,169,33,79,56,35,109,97,1136
Goleszów ,,3115,1098,1927,2563,2277,3359,2390,1638,3072,1740,2675,2681,28535
Kolbuszowa Górna,POLREGIO Spółka Akcyjna,2281,1016,1847,426,530,796,1127,558,568,1057,503,1113,11822
Kolbuszowa Górna ,,2281,1016,1847,426,530,796,1127,558,568,1057,503,1113,11822
Widełka,POLREGIO Spółka Akcyjna,2295,1003,1836,425,525,776,1127,558,575,1043,505,1106,11774
Widełka ,,2295,1003,1836,425,525,776,1127,558,575,1043,505,1106,11774
Budy Głogowskie,POLREGIO Spółka Akcyjna,2148,932,1953,400,514,682,1113,497,537,963,470,1068,11277
Budy Głogowskie ,,2148,932,1953,400,514,682,1113,497,537,963,470,1068,11277
Prostyń,Koleje Mazowieckie - KM Spółka z o.o.,1202,265,379,250,431,470,1006,532,698,539,583,335,6690
Prostyń,CARGO Master Spółka z o.o.,,,,,,,,,,,,,
Prostyń ,,1202,265,379,250,431,470,1006,532,698,539,583,335,6690
Topór,Koleje Mazowieckie - KM Spółka z o.o.,1213,267,454,284,398,495,1042,531,717,601,602,362,6966
Topór ,,1213,267,454,284,398,495,1042,531,717,601,602,362,6966
Sadowne Węgrowskie,Koleje Mazowieckie - KM Spółka z o.o.,1199,265,446,279,435,482,1023,522,711,601,602,342,6907
Sadowne Węgrowskie ,,1199,265,446,279,435,482,1023,522,711,601,602,342,6907
Ostrówek Węgrowski,Koleje Mazowieckie - KM Spółka z o.o.,1242,271,469,301,426,500,1069,541,757,597,605,358,7136
Ostrówek Węgrowski ,,1242,271,469,301,426,500,1069,541,757,597,605,358,7136
Poznań Karolin,Koleje Wielkopolskie Sp. z o.o.,1119,356,1047,313,289,4410,1091,406,621,510,453,572,11187
Poznań Karolin ,,1119,356,1047,313,289,4410,1091,406,621,510,453,572,11187
Wrocław Osobowice,POLREGIO Spółka Akcyjna,1320,1024,812,556,566,1520,1795,852,1278,1028,1029,1188,12968
Wrocław Osobowice,Koleje Dolnośląskie S.A.,1483,226,491,385,493,361,1389,970,570,563,3652,1719,12302
Wrocław Osobowice,CARGO Master Spółka z o.o.,,,,,21,,,,,,,,21
Wrocław Osobowice,LEO Express Global a.s.,,,,,,,,,,,,,
Wrocław Osobowice ,,2803,1250,1303,941,1080,1881,3184,1822,1848,1591,4681,2907,25291
Zgierz Północ,Łódzka Kolej Aglomeracyjna Sp. z o.o.,166,477,633,539,303,410,484,1370,458,460,963,448,6711
Zgierz Północ,POLREGIO Spółka Akcyjna,128,109,145,102,39,158,196,552,244,89,308,99,2169
Zgierz Północ ,,294,586,778,641,342,568,680,1922,702,549,1271,547,8880
Wrocław Różanka,POLREGIO Spółka Akcyjna,1576,1271,948,669,667,1616,1809,912,1421,1119,1117,1294,14419
Wrocław Różanka,Koleje Dolnośląskie S.A.,1586,285,533,405,522,397,1384,996,616,614,3718,1791,12847
Wrocław Różanka ,,3162,1556,1481,1074,1189,2013,3193,1908,2037,1733,4835,3085,27266
Wrocław Popowice,POLREGIO Spółka Akcyjna,1564,1234,938,659,625,1569,1728,897,1343,1106,1115,1269,14047
Wrocław Popowice,Koleje Dolnośląskie S.A.,1550,291,528,405,521,371,1353,995,594,601,3698,1782,12689
Wrocław Popowice ,,3114,1525,1466,1064,1146,1940,3081,1892,1937,1707,4813,3051,26736
Szewce,POLREGIO Spółka Akcyjna,1462,1165,890,609,621,1613,2000,918,1394,1149,1107,1324,14252
Szewce,Koleje Dolnośląskie S.A.,1543,282,524,377,514,417,1531,1005,587,640,3702,1835,12957
Szewce ,,3005,1447,1414,986,1135,2030,3531,1923,1981,1789,4809,3159,27209
Pęgów,POLREGIO Spółka Akcyjna,1462,1188,906,596,597,1635,2007,903,1379,1142,1062,1307,14184
Pęgów,Koleje Dolnośląskie S.A.,1486,287,525,374,514,404,1550,958,570,631,3643,1776,12718
Pęgów ,,2948,1475,1431,970,1111,2039,3557,1861,1949,1773,4705,3083,26902
Wrocław Świniary,POLREGIO Spółka Akcyjna,1470,1152,889,601,621,1613,1971,918,1392,1152,1100,1328,14207
Wrocław Świniary,Koleje Dolnośląskie S.A.,1546,280,529,375,524,414,1512,1006,586,630,3717,1836,12955
Wrocław Świniary ,,3016,1432,1418,976,1145,2027,3483,1924,1978,1782,4817,3164,27162
Korzeńsko,POLREGIO Spółka Akcyjna,1490,1347,779,599,914,1412,1708,826,1426,1192,1128,1531,14352
Korzeńsko,Koleje Dolnośląskie S.A.,1469,294,446,370,578,365,1167,923,549,667,3561,1721,12110
Korzeńsko ,,2959,1641,1225,969,1492,1777,2875,1749,1975,1859,4689,3252,26462
Garbce,POLREGIO Spółka Akcyjna,1512,1381,813,608,908,1424,1750,874,1425,1190,1135,1534,14554
Garbce,Koleje Dolnośląskie S.A.,1484,324,444,380,576,372,1203,957,566,682,3574,1748,12310
Garbce ,,2996,1705,1257,988,1484,1796,2953,1831,1991,1872,4709,3282,26864
Zielone Wzgórza,Koleje Wielkopolskie Sp. z o.o.,995,391,1132,265,447,3640,882,426,644,545,512,632,10511
Zielone Wzgórza ,,995,391,1132,265,447,3640,882,426,644,545,512,632,10511
Skokowa,POLREGIO Spółka Akcyjna,1384,989,810,619,580,1507,1848,842,1292,1109,1021,1233,13234
Skokowa,Koleje Dolnośląskie S.A.,1380,255,459,355,506,356,1273,904,588,659,3513,1603,11851
Skokowa ,,2764,1244,1269,974,1086,1863,3121,1746,1880,1768,4534,2836,25085
Osola,POLREGIO Spółka Akcyjna,1494,1135,947,622,676,1606,1998,889,1374,1184,1137,1269,14331
Osola,Koleje Dolnośląskie S.A.,1524,327,502,403,546,397,1416,964,643,693,3591,1669,12675
Osola ,,3018,1462,1449,1025,1222,2003,3414,1853,2017,1877,4728,2938,27006
Wągrowiec,Koleje Wielkopolskie Sp. z o.o.,1106,318,731,160,379,3396,1045,221,508,335,335,697,9231
Wągrowiec,PKP INTERCITY Spółka Akcyjna ,,,,,,,,,,,16,,16
Wągrowiec,CARGO Master Spółka z o.o.,,,,,,,,,,,,,
Wągrowiec ,,1106,318,731,160,379,3396,1045,221,508,335,351,697,9247
Sława Wielkopolska,Koleje Wielkopolskie Sp. z o.o.,1078,376,881,145,383,3269,1049,332,646,429,447,745,9780
Sława Wielkopolska,CARGO Master Spółka z o.o.,,,,,,,,,,,,,
Sława Wielkopolska ,,1078,376,881,145,383,3269,1049,332,646,429,447,745,9780
Tychy Żwaków,Koleje Śląskie Spółka z o.o.,4195,1666,3040,2848,1465,4430,4576,1861,2382,3531,3754,4037,37785
Tychy Żwaków ,,4195,1666,3040,2848,1465,4430,4576,1861,2382,3531,3754,4037,37785
Przebędowo,Koleje Wielkopolskie Sp. z o.o.,1195,440,996,190,469,3433,1129,388,750,565,552,788,10895
Przebędowo ,,1195,440,996,190,469,3433,1129,388,750,565,552,788,10895
Skoki,Koleje Wielkopolskie Sp. z o.o.,1332,344,948,159,489,3460,1165,300,574,400,384,833,10388
Skoki ,,1332,344,948,159,489,3460,1165,300,574,400,384,833,10388
Pietrzykowice Żywieckie,Koleje Śląskie Spółka z o.o.,4315,1843,2690,2553,1399,4249,6138,2115,2026,2730,590,817,31465
Pietrzykowice Żywieckie ,,4315,1843,2690,2553,1399,4249,6138,2115,2026,2730,590,817,31465
Strzałkowo,Koleje Wielkopolskie Sp. z o.o.,1061,747,982,964,2083,2383,1385,1292,1357,2090,1242,1399,16985
Strzałkowo ,,1061,747,982,964,2083,2383,1385,1292,1357,2090,1242,1399,16985
Luzino,POLREGIO Spółka Akcyjna,2660,566,1120,794,983,2350,5047,4100,822,1142,1226,3537,24347
Luzino,PKP Szybka Kolej Miejska w Trójmieście sp. z o.o.,612,206,389,195,376,366,1605,935,265,526,403,678,6556
Luzino ,,3272,772,1509,989,1359,2716,6652,5035,1087,1668,1629,4215,30903
Gościcino Wejherowskie,POLREGIO Spółka Akcyjna,2614,600,1137,766,899,2234,4966,3949,878,1200,1216,3487,23946
Gościcino Wejherowskie,PKP Szybka Kolej Miejska w Trójmieście sp. z o.o.,621,200,364,212,283,364,1539,933,286,440,374,663,6279
Gościcino Wejherowskie ,,3235,800,1501,978,1182,2598,6505,4882,1164,1640,1590,4150,30225
Oleśnica Rataje,PKP INTERCITY Spółka Akcyjna ,1464,1067,884,984,1103,1036,1281,2488,1614,993,1473,1490,15877
Oleśnica Rataje,POLREGIO Spółka Akcyjna,728,1117,1070,576,654,538,827,519,1673,399,456,781,9338
Oleśnica Rataje,Koleje Dolnośląskie S.A.,866,675,223,541,407,376,1030,1063,832,505,737,648,7903
Oleśnica Rataje ,,3058,2859,2177,2101,2164,1950,3138,4070,4119,1897,2666,2919,33118
Szczedrzykowice,Koleje Dolnośląskie S.A.,3037,1165,1387,1284,1755,1060,2549,1102,3721,2524,1415,1773,22772
Szczedrzykowice ,,3037,1165,1387,1284,1755,1060,2549,1102,3721,2524,1415,1773,22772
Jaśkowice Legnickie,Koleje Dolnośląskie S.A.,3005,1117,1355,1275,1731,1065,2551,1115,3707,2436,1424,1775,22556
Jaśkowice Legnickie ,,3005,1117,1355,1275,1731,1065,2551,1115,3707,2436,1424,1775,22556
Konin Zachód,Koleje Wielkopolskie Sp. z o.o.,1366,895,1208,1196,2796,2490,1416,1032,1536,1936,1316,1486,18673
Konin Zachód ,,1366,895,1208,1196,2796,2490,1416,1032,1536,1936,1316,1486,18673
Przedmoście Święte,Koleje Dolnośląskie S.A.,3217,1386,1708,1424,1894,1143,2661,1347,3396,2401,1642,2016,24235
Przedmoście Święte ,,3217,1386,1708,1424,1894,1143,2661,1347,3396,2401,1642,2016,24235
Mrozów,Koleje Dolnośląskie S.A.,3233,1294,1718,1360,1852,1022,2572,1357,3323,2310,1702,2078,23821
Mrozów ,,3233,1294,1718,1360,1852,1022,2572,1357,3323,2310,1702,2078,23821
Zgierz Jaracza,Łódzka Kolej Aglomeracyjna Sp. z o.o.,181,478,686,555,315,429,535,1393,496,475,991,489,7023
Zgierz Jaracza,POLREGIO Spółka Akcyjna,120,47,133,97,30,175,199,571,246,89,321,87,2115
Zgierz Jaracza ,,301,525,819,652,345,604,734,1964,742,564,1312,576,9138
Wrocław Żerniki,Koleje Dolnośląskie S.A.,2998,1147,1519,1262,1706,967,2704,1176,2891,2079,1623,1907,21979
Wrocław Żerniki ,,2998,1147,1519,1262,1706,967,2704,1176,2891,2079,1623,1907,21979
Kalety,Koleje Śląskie Spółka z o.o.,371,190,186,75,81,196,72,74,387,166,305,443,2546
Kalety,POLREGIO Spółka Akcyjna,261,13,14,45,105,315,148,245,72,234,292,146,1890
Kalety ,,632,203,200,120,186,511,220,319,459,400,597,589,4436
Miasteczko Śląskie,Koleje Śląskie Spółka z o.o.,349,182,189,87,106,211,66,68,382,179,358,456,2633
Miasteczko Śląskie,POLREGIO Spółka Akcyjna,276,19,31,47,107,318,148,261,67,245,316,157,1992
Miasteczko Śląskie ,,625,201,220,134,213,529,214,329,449,424,674,613,4625
Bolesławiec,Koleje Dolnośląskie S.A.,2966,1065,1242,1054,1461,1112,2968,1244,4218,2314,1400,2140,23184
Bolesławiec,PKP INTERCITY Spółka Akcyjna ,170,27,71,37,136,50,101,425,175,134,201,126,1653
Bolesławiec,POLREGIO Spółka Akcyjna,,,,,,,,,,,,,
Bolesławiec ,,3136,1092,1313,1091,1597,1162,3069,1669,4393,2448,1601,2266,24837
Czersk,POLREGIO Spółka Akcyjna,2121,763,733,1504,1547,1620,1578,2267,1379,1405,887,896,16700
Czersk,Arriva RP Sp. z o.o.,279,96,39,253,87,320,383,153,603,150,446,576,3385
Czersk,PKP INTERCITY Spółka Akcyjna ,243,76,34,139,111,303,53,95,31,430,58,74,1647
Czersk,CARGO Master Spółka z o.o.,,,,,,,,,,,,,
Czersk ,,2643,935,806,1896,1745,2243,2014,2515,2013,1985,1391,1546,21732
Głowno,Łódzka Kolej Aglomeracyjna Sp. z o.o.,206,61,196,633,188,311,172,222,205,336,1485,247,4262
Głowno ,,206,61,196,633,188,311,172,222,205,336,1485,247,4262
Stryków,Łódzka Kolej Aglomeracyjna Sp. z o.o.,190,65,187,647,153,295,166,254,227,364,1486,283,4317
Stryków ,,190,65,187,647,153,295,166,254,227,364,1486,283,4317
Małowice Wołowskie,Koleje Dolnośląskie S.A.,3681,1615,1188,1317,3229,1244,1929,778,2087,1506,2915,1831,23320
Małowice Wołowskie,POLREGIO Spółka Akcyjna,,,380,945,1109,747,555,560,1649,753,990,250,7938
Małowice Wołowskie ,,3681,1615,1568,2262,4338,1991,2484,1338,3736,2259,3905,2081,31258
Orzeszków,Koleje Dolnośląskie S.A.,3604,1589,1192,1344,3251,1296,2019,808,2147,1539,3021,1861,23671
Orzeszków,POLREGIO Spółka Akcyjna,,,379,943,1110,755,557,621,1651,744,1036,257,8053
Orzeszków ,,3604,1589,1571,2287,4361,2051,2576,1429,3798,2283,4057,2118,31724
Bardo Śląskie,Koleje Dolnośląskie S.A.,3888,1352,1802,1396,2367,1790,4061,3528,421,1505,9539,6597,38246
Bardo Śląskie,PKP INTERCITY Spółka Akcyjna ,516,241,288,191,111,378,933,651,192,361,1138,596,5596
Bardo Śląskie,POLREGIO Spółka Akcyjna,155,79,338,49,28,71,72,110,209,218,262,413,2004
Bardo Śląskie ,,4559,1672,2428,1636,2506,2239,5066,4289,822,2084,10939,7606,45846
Świdnica Zawiszów,Koleje Dolnośląskie S.A.,3924,1779,2242,2424,2204,1898,3193,2893,3663,5382,3609,2409,35620
Świdnica Zawiszów ,,3924,1779,2242,2424,2204,1898,3193,2893,3663,5382,3609,2409,35620
Stalowa Wola Rozwadów,PKP INTERCITY Spółka Akcyjna ,2135,827,498,674,649,895,1873,1880,1058,1039,1024,1858,14410
Stalowa Wola Rozwadów,POLREGIO Spółka Akcyjna,1911,884,1554,555,661,1158,1741,1024,774,1026,737,1395,13420
Stalowa Wola Rozwadów ,,4046,1711,2052,1229,1310,2053,3614,2904,1832,2065,1761,3253,27830
Gorzkowice,POLREGIO Spółka Akcyjna,1302,605,1025,489,588,470,1529,1561,1166,389,1065,609,10798
Gorzkowice,Łódzka Kolej Aglomeracyjna Sp. z o.o.,376,131,87,337,236,355,811,249,374,185,424,417,3982
Gorzkowice,PKP INTERCITY Spółka Akcyjna ,400,98,107,441,72,83,113,475,152,38,205,45,2229
Gorzkowice ,,2078,834,1219,1267,896,908,2453,2285,1692,612,1694,1071,17009
Szepietowo,PKP INTERCITY Spółka Akcyjna ,3035,1346,1622,1202,1626,1993,2705,2550,2061,1978,2136,1671,23925
Szepietowo,POLREGIO Spółka Akcyjna,1275,582,845,225,475,313,510,458,495,161,104,32,5475
Szepietowo ,,4310,1928,2467,1427,2101,2306,3215,3008,2556,2139,2240,1703,29400
Boreczek,Koleje Dolnośląskie S.A.,3220,908,1074,767,1051,1377,2995,3407,1975,1900,11935,5416,36025
Boreczek,POLREGIO Spółka Akcyjna,194,67,14,,,32,49,26,35,56,380,86,939
Boreczek ,,3414,975,1088,767,1051,1409,3044,3433,2010,1956,12315,5502,36964
Żórawina,Koleje Dolnośląskie S.A.,3235,914,1027,815,1056,1355,3032,3397,2016,1798,10018,4939,33602
Żórawina,POLREGIO Spółka Akcyjna,192,68,15,,,17,65,102,47,71,307,89,973
Żórawina ,,3427,982,1042,815,1056,1372,3097,3499,2063,1869,10325,5028,34575
Libiąż,Koleje Małopolskie Sp. z o.o.,1229,468,529,240,289,387,376,676,438,794,646,334,6406
Libiąż,POLREGIO Spółka Akcyjna,1400,703,253,316,293,302,194,642,184,660,515,677,6139
Libiąż ,,2629,1171,782,556,582,689,570,1318,622,1454,1161,1011,12545
Chełmek,Koleje Małopolskie Sp. z o.o.,1184,551,517,224,288,475,367,662,428,785,631,357,6469
Chełmek,POLREGIO Spółka Akcyjna,1266,701,258,307,374,257,196,645,180,653,519,664,6020
Chełmek ,,2450,1252,775,531,662,732,563,1307,608,1438,1150,1021,12489
Gorzów Chrzanowski,Koleje Małopolskie Sp. z o.o.,1188,539,527,227,304,470,370,656,435,782,633,357,6488
Gorzów Chrzanowski,POLREGIO Spółka Akcyjna,1266,698,259,318,382,255,184,631,167,649,505,643,5957
Gorzów Chrzanowski ,,2454,1237,786,545,686,725,554,1287,602,1431,1138,1000,12445
Chrzanów,Koleje Małopolskie Sp. z o.o.,1220,453,522,240,304,366,381,653,432,814,650,339,6374
Chrzanów,POLREGIO Spółka Akcyjna,1405,695,261,317,286,303,193,625,201,682,500,673,6141
Chrzanów ,,2625,1148,783,557,590,669,574,1278,633,1496,1150,1012,12515
Mietków,Koleje Dolnośląskie S.A.,3015,1615,1378,1261,1228,1182,2402,1503,2341,2950,2930,2841,24646
Mietków,POLREGIO Spółka Akcyjna,569,163,99,126,77,168,242,50,248,215,180,122,2259
Mietków ,,3584,1778,1477,1387,1305,1350,2644,1553,2589,3165,3110,2963,26905
Glinnik,Łódzka Kolej Aglomeracyjna Sp. z o.o.,165,55,196,623,132,256,154,261,204,345,1456,311,4158
Glinnik ,,165,55,196,623,132,256,154,261,204,345,1456,311,4158
Spławie,Koleje Wielkopolskie Sp. z o.o.,1373,904,1167,1152,2612,2463,1457,1038,1448,1899,1369,1524,18406
Spławie ,,1373,904,1167,1152,2612,2463,1457,1038,1448,1899,1369,1524,18406
Kawnice,Koleje Wielkopolskie Sp. z o.o.,1368,894,1152,1163,2651,2454,1406,1024,1445,1836,1317,1497,18207
Kawnice ,,1368,894,1152,1163,2651,2454,1406,1024,1445,1836,1317,1497,18207
Cienin Kościelny,Koleje Wielkopolskie Sp. z o.o.,1384,921,1164,1160,2635,2502,1491,1051,1464,1930,1397,1572,18671
Cienin Kościelny ,,1384,921,1164,1160,2635,2502,1491,1051,1464,1930,1397,1572,18671
Wólka,Koleje Wielkopolskie Sp. z o.o.,1164,869,1178,1202,2276,2486,1503,1344,1585,2258,1386,1770,19021
Wólka ,,1164,869,1178,1202,2276,2486,1503,1344,1585,2258,1386,1770,19021
Otoczna,Koleje Wielkopolskie Sp. z o.o.,1142,869,1148,1190,2230,2473,1493,1353,1585,2239,1399,1781,18902
Otoczna ,,1142,869,1148,1190,2230,2473,1493,1353,1585,2239,1399,1781,18902
Gutowo Wielkopolskie,Koleje Wielkopolskie Sp. z o.o.,1118,863,1132,1176,2210,2451,1500,1360,1575,2235,1405,1793,18818
Gutowo Wielkopolskie ,,1118,863,1132,1176,2210,2451,1500,1360,1575,2235,1405,1793,18818
Cienin,Koleje Wielkopolskie Sp. z o.o.,1214,847,1042,958,2395,2318,1349,998,1287,1689,1229,1357,16683
Cienin ,,1214,847,1042,958,2395,2318,1349,998,1287,1689,1229,1357,16683
Drawski Młyn,POLREGIO Spółka Akcyjna,2995,934,944,1187,640,1721,719,537,778,771,1032,1126,13384
Drawski Młyn,Koleje Wielkopolskie Sp. z o.o.,267,,195,360,674,753,132,254,178,207,309,672,4001
Drawski Młyn ,,3262,934,1139,1547,1314,2474,851,791,956,978,1341,1798,17385
Gliwice Łabędy,POLREGIO Spółka Akcyjna,2075,697,1120,797,1076,1810,2181,1752,2188,2116,2210,1287,19309
Gliwice Łabędy ,,2075,697,1120,797,1076,1810,2181,1752,2188,2116,2210,1287,19309
Jaworzno Ciężkowice,POLREGIO Spółka Akcyjna,2076,1177,1177,851,743,744,723,1445,1381,1939,1909,1394,15559
Jaworzno Ciężkowice,Koleje Śląskie Spółka z o.o.,494,192,178,229,438,241,308,319,301,573,760,375,4408
Jaworzno Ciężkowice ,,2570,1369,1355,1080,1181,985,1031,1764,1682,2512,2669,1769,19967
Sieradz Męka,POLREGIO Spółka Akcyjna,535,173,254,572,554,754,1229,1645,1067,709,1059,492,9043
Sieradz Męka,Łódzka Kolej Aglomeracyjna Sp. z o.o.,624,95,237,224,108,239,332,521,378,380,360,298,3796
Sieradz Męka,PKP INTERCITY Spółka Akcyjna ,,,,,,,,,,,,,
Sieradz Męka ,,1159,268,491,796,662,993,1561,2166,1445,1089,1419,790,12839
Sieradz Warta,POLREGIO Spółka Akcyjna,541,166,263,572,560,759,1231,1638,1057,704,1064,490,9045
Sieradz Warta,Łódzka Kolej Aglomeracyjna Sp. z o.o.,621,86,243,222,99,239,323,487,379,378,358,290,3725
Sieradz Warta ,,1162,252,506,794,659,998,1554,2125,1436,1082,1422,780,12770
Męcka Wola,POLREGIO Spółka Akcyjna,528,179,275,565,533,750,1219,1675,1077,724,1063,492,9080
Męcka Wola,Łódzka Kolej Aglomeracyjna Sp. z o.o.,617,98,243,228,99,242,337,553,385,372,371,307,3852
Męcka Wola ,,1145,277,518,793,632,992,1556,2228,1462,1096,1434,799,12932
Nowy Sącz,POLREGIO Spółka Akcyjna,2970,713,1182,355,502,670,1100,1678,1578,414,780,612,12554
Nowy Sącz,PKP INTERCITY Spółka Akcyjna ,733,214,359,228,682,361,466,959,749,202,231,502,5686
Nowy Sącz,Koleje Małopolskie Sp. z o.o.,65,214,115,19,9,25,44,39,53,43,97,48,771
Nowy Sącz,PKP CARGO S.A. w restrukturyzacji,,,,,,,,,10,,,,10
Nowy Sącz ,,3768,1141,1656,602,1193,1056,1610,2676,2390,659,1108,1162,19021
Strzebielino Morskie,POLREGIO Spółka Akcyjna,2492,574,1048,692,897,2354,4727,3677,807,1079,1167,3384,22898
Strzebielino Morskie,PKP Szybka Kolej Miejska w Trójmieście sp. z o.o.,682,226,372,220,346,394,1548,963,295,558,436,575,6615
Strzebielino Morskie ,,3174,800,1420,912,1243,2748,6275,4640,1102,1637,1603,3959,29513
Bożepole Wielkie,POLREGIO Spółka Akcyjna,2571,571,1124,722,963,2277,4485,3553,737,1056,1157,3283,22499
Bożepole Wielkie,PKP Szybka Kolej Miejska w Trójmieście sp. z o.o.,714,201,388,203,351,376,1380,825,310,517,393,559,6217
Bożepole Wielkie ,,3285,772,1512,925,1314,2653,5865,4378,1047,1573,1550,3842,28716
Sierpc,Koleje Mazowieckie - KM Spółka z o.o.,3391,1095,677,1515,527,1851,1335,901,919,423,,425,13059
Sierpc,Arriva RP Sp. z o.o.,769,558,381,240,708,567,462,392,350,265,552,532,5776
Sierpc,PKP INTERCITY Spółka Akcyjna ,317,82,299,139,311,133,475,290,398,305,603,298,3650
Sierpc,CARGO Master Spółka z o.o.,,,,,12,,,,,,,,12
Sierpc ,,4477,1735,1357,1894,1558,2551,2272,1583,1667,993,1155,1255,22497
Godętowo,POLREGIO Spółka Akcyjna,2553,593,985,544,977,2354,4518,3818,859,1082,1103,3447,22833
Godętowo,PKP Szybka Kolej Miejska w Trójmieście sp. z o.o.,754,192,412,210,365,407,1363,869,322,578,470,556,6498
Godętowo ,,3307,785,1397,754,1342,2761,5881,4687,1181,1660,1573,4003,29331
Lębork Mosty,POLREGIO Spółka Akcyjna,2584,599,749,467,963,2413,4662,4188,930,1134,1061,3554,23304
Lębork Mosty,PKP Szybka Kolej Miejska w Trójmieście sp. z o.o.,709,176,398,197,288,448,1336,871,271,509,306,504,6013
Lębork Mosty ,,3293,775,1147,664,1251,2861,5998,5059,1201,1643,1367,4058,29317
Chełmża,Arriva RP Sp. z o.o.,1210,780,1770,803,1626,2003,1414,725,1754,1079,1791,897,15852
Chełmża,CARGO Master Spółka z o.o.,,,8,19,,,,,,,,,27
Chełmża ,,1210,780,1778,822,1626,2003,1414,725,1754,1079,1791,897,15879
Zwardoń,Koleje Śląskie Spółka z o.o.,3376,1647,1882,2036,1003,2849,3504,302,132,46,85,471,17333
Zwardoń,PKP INTERCITY Spółka Akcyjna ,,,,,,,,,,,,,
Zwardoń ,,3376,1647,1882,2036,1003,2849,3504,302,132,46,85,471,17333
Strzelce Opolskie,PKP INTERCITY Spółka Akcyjna ,5068,2074,2677,2154,3146,5306,5026,3599,3545,3389,3957,4900,44841
Strzelce Opolskie,POLREGIO Spółka Akcyjna,1067,280,526,570,712,1050,1032,726,775,976,1152,657,9523
Strzelce Opolskie ,,6135,2354,3203,2724,3858,6356,6058,4325,4320,4365,5109,5557,54364
Gryfów Śląski,Koleje Dolnośląskie S.A.,2552,605,625,1069,1560,913,1858,1444,2750,4155,3305,1610,22446
Gryfów Śląski,POLREGIO Spółka Akcyjna,29,,,178,99,,6,15,115,43,289,234,1008
Gryfów Śląski ,,2581,605,625,1247,1659,913,1864,1459,2865,4198,3594,1844,23454
Żakowice Południowe,POLREGIO Spółka Akcyjna,594,176,143,154,149,275,990,1070,622,186,491,413,5263
Żakowice Południowe,Łódzka Kolej Aglomeracyjna Sp. z o.o.,163,106,92,757,281,332,1113,454,221,125,465,227,4336
Żakowice Południowe ,,757,282,235,911,430,607,2103,1524,843,311,956,640,9599
Żagań,POLREGIO Spółka Akcyjna,895,373,685,291,449,925,785,2054,5088,4766,6441,4351,27103
Żagań,Koleje Dolnośląskie S.A.,597,250,246,220,520,344,725,196,1445,825,743,553,6664
Żagań,PKP INTERCITY Spółka Akcyjna ,255,21,352,170,77,189,89,168,180,252,201,580,2534
Żagań,CARGO Master Spółka z o.o.,,,54,,,,,,,,,,54
Żagań ,,1747,644,1337,681,1046,1458,1599,2418,6713,5843,7385,5484,36355
Bratoszewice,Łódzka Kolej Aglomeracyjna Sp. z o.o.,172,76,181,637,145,291,158,209,180,329,1489,268,4135
Bratoszewice ,,172,76,181,637,145,291,158,209,180,329,1489,268,4135
Łopuchowo,Koleje Wielkopolskie Sp. z o.o.,1075,417,966,173,439,3250,1116,350,679,538,492,683,10178
Łopuchowo ,,1075,417,966,173,439,3250,1116,350,679,538,492,683,10178
Zgierz Rudunki,Łódzka Kolej Aglomeracyjna Sp. z o.o.,172,53,188,602,134,228,167,236,240,356,1424,336,4136
Zgierz Rudunki ,,172,53,188,602,134,228,167,236,240,356,1424,336,4136
Smardzew,Łódzka Kolej Aglomeracyjna Sp. z o.o.,172,55,189,617,142,229,162,219,240,354,1424,331,4134
Smardzew ,,172,55,189,617,142,229,162,219,240,354,1424,331,4134
Glinnik Wieś,Łódzka Kolej Aglomeracyjna Sp. z o.o.,169,56,194,618,154,229,162,220,233,353,1421,319,4128
Glinnik Wieś ,,169,56,194,618,154,229,162,220,233,353,1421,319,4128
Swędów,Łódzka Kolej Aglomeracyjna Sp. z o.o.,160,67,177,633,126,260,159,217,212,356,1263,296,3926
Swędów ,,160,67,177,633,126,260,159,217,212,356,1263,296,3926
Gomunice,POLREGIO Spółka Akcyjna,1309,607,1027,497,597,517,1525,1643,1074,413,1088,695,10992
Gomunice,Łódzka Kolej Aglomeracyjna Sp. z o.o.,365,134,84,329,237,307,756,214,338,186,402,344,3696
Gomunice ,,1674,741,1111,826,834,824,2281,1857,1412,599,1490,1039,14688
Dobryszyce koło Radomska,POLREGIO Spółka Akcyjna,1332,618,1033,490,599,508,1561,1636,1112,447,1102,699,11137
Dobryszyce koło Radomska,Łódzka Kolej Aglomeracyjna Sp. z o.o.,400,135,85,338,236,314,734,214,336,181,407,334,3714
Dobryszyce koło Radomska ,,1732,753,1118,828,835,822,2295,1850,1448,628,1509,1033,14851
Rozprza,POLREGIO Spółka Akcyjna,1294,601,1050,505,614,511,1530,1523,1252,418,1067,843,11208
Rozprza,Łódzka Kolej Aglomeracyjna Sp. z o.o.,364,133,101,332,257,383,813,230,361,201,446,439,4060
Rozprza ,,1658,734,1151,837,871,894,2343,1753,1613,619,1513,1282,15268
Milejów,POLREGIO Spółka Akcyjna,1313,613,1074,520,644,561,1558,1543,1274,426,1096,839,11461
Milejów,Łódzka Kolej Aglomeracyjna Sp. z o.o.,367,134,107,333,257,456,829,240,373,209,467,443,4215
Milejów ,,1680,747,1181,853,901,1017,2387,1783,1647,635,1563,1282,15676
Wilkoszewice,POLREGIO Spółka Akcyjna,1314,622,1073,531,611,511,1544,1544,1256,427,1082,640,11155
Wilkoszewice,Łódzka Kolej Aglomeracyjna Sp. z o.o.,392,142,103,349,250,395,814,252,367,205,463,440,4172
Wilkoszewice ,,1706,764,1176,880,861,906,2358,1796,1623,632,1545,1080,15327
Luciążanka,POLREGIO Spółka Akcyjna,1309,613,1061,520,636,508,1547,1561,1259,421,1069,638,11142
Luciążanka,Łódzka Kolej Aglomeracyjna Sp. z o.o.,383,144,101,339,256,401,815,255,369,205,462,449,4179
Luciążanka ,,1692,757,1162,859,892,909,2362,1816,1628,626,1531,1087,15321
Gorzędów,POLREGIO Spółka Akcyjna,1310,631,1041,502,599,516,1583,1659,1166,405,1098,611,11121
Gorzędów,Łódzka Kolej Aglomeracyjna Sp. z o.o.,393,152,117,354,282,349,847,252,388,200,429,397,4160
Gorzędów ,,1703,783,1158,856,881,865,2430,1911,1554,605,1527,1008,15281
Kamieńsk,POLREGIO Spółka Akcyjna,1308,628,1040,496,595,519,1579,1669,1183,415,1109,618,11159
Kamieńsk,Łódzka Kolej Aglomeracyjna Sp. z o.o.,393,151,116,355,287,347,836,260,380,192,435,388,4140
Kamieńsk ,,1701,779,1156,851,882,866,2415,1929,1563,607,1544,1006,15299
Szklarska Poręba Górna,Koleje Dolnośląskie S.A.,1215,513,310,456,662,641,918,537,924,1655,1032,1283,10146
Szklarska Poręba Górna,PKP INTERCITY Spółka Akcyjna ,459,238,47,36,,345,340,280,24,54,75,504,2402
Szklarska Poręba Górna,POLREGIO Spółka Akcyjna,107,57,78,111,,104,14,32,168,235,53,114,1073
Szklarska Poręba Górna ,,1781,808,435,603,662,1090,1272,849,1116,1944,1160,1901,13621
Zielona Góra Stary Kisielin,POLREGIO Spółka Akcyjna,2861,1387,1618,1685,2272,1884,1131,1468,3267,1404,1825,815,21617
Zielona Góra Stary Kisielin,Koleje Dolnośląskie S.A.,,,440,578,1506,776,446,340,1226,682,1006,1460,8460
Zielona Góra Stary Kisielin ,,2861,1387,2058,2263,3778,2660,1577,1808,4493,2086,2831,2275,30077
Zielona Góra Nowy Kisielin,POLREGIO Spółka Akcyjna,2851,1412,1648,1742,2313,1919,1166,1499,3298,1415,1818,817,21898
Zielona Góra Nowy Kisielin,Koleje Dolnośląskie S.A.,,,464,598,1525,794,452,338,1261,697,1022,1514,8665
Zielona Góra Nowy Kisielin ,,2851,1412,2112,2340,3838,2713,1618,1837,4559,2112,2840,2331,30563
Niedoradz,POLREGIO Spółka Akcyjna,2767,1398,1654,1761,2305,1883,1173,1468,3279,1385,1758,810,21641
Niedoradz,Koleje Dolnośląskie S.A.,,,464,582,1509,791,442,340,1213,687,1015,1515,8558
Niedoradz ,,2767,1398,2118,2343,3814,2674,1615,1808,4492,2072,2773,2325,30199
Świdnik Wschód,POLREGIO Spółka Akcyjna,1229,394,620,419,851,1028,2767,1687,984,808,1139,1284,13210
Świdnik Wschód ,,1229,394,620,419,851,1028,2767,1687,984,808,1139,1284,13210
Kanie,POLREGIO Spółka Akcyjna,1137,371,621,405,1021,898,2149,1851,951,728,1516,1314,12962
Kanie ,,1137,371,621,405,1021,898,2149,1851,951,728,1516,1314,12962
Roszkowo Wągrowieckie,Koleje Wielkopolskie Sp. z o.o.,1168,306,929,167,478,3284,1148,300,506,358,366,702,9712
Roszkowo Wągrowieckie ,,1168,306,929,167,478,3284,1148,300,506,358,366,702,9712
Przysieczyn,Koleje Wielkopolskie Sp. z o.o.,1166,311,919,168,440,3284,1137,289,501,348,373,687,9623
Przysieczyn ,,1166,311,919,168,440,3284,1137,289,501,348,373,687,9623
Wałbrzych Centrum,Koleje Dolnośląskie S.A.,3318,1476,1900,1860,1794,1469,2294,1892,2760,4220,3485,2936,29404
Wałbrzych Centrum,POLREGIO Spółka Akcyjna,405,163,129,170,87,185,311,93,398,367,262,260,2830
Wałbrzych Centrum ,,3723,1639,2029,2030,1881,1654,2605,1985,3158,4587,3747,3196,32234
Łopuchowo Osiedle,Koleje Wielkopolskie Sp. z o.o.,1073,422,972,170,440,3253,1110,346,660,513,466,684,10109
Łopuchowo Osiedle ,,1073,422,972,170,440,3253,1110,346,660,513,466,684,10109
Płyćwia,Łódzka Kolej Aglomeracyjna Sp. z o.o.,651,331,285,585,675,539,1892,888,466,710,601,869,8492
Płyćwia ,,651,331,285,585,675,539,1892,888,466,710,601,869,8492
Sitkówka Nowiny,POLREGIO Spółka Akcyjna,4064,1137,1390,647,1157,1339,2613,2175,1443,1525,2343,1194,21027
Sitkówka Nowiny ,,4064,1137,1390,647,1157,1339,2613,2175,1443,1525,2343,1194,21027
Kielce Białogon,POLREGIO Spółka Akcyjna,4069,1123,1325,715,1065,1365,2466,2170,1498,1545,2302,1209,20852
Kielce Białogon ,,4069,1123,1325,715,1065,1365,2466,2170,1498,1545,2302,1209,20852
Kielce Słowik,POLREGIO Spółka Akcyjna,4089,1172,1415,681,1182,1405,2488,2223,1558,1563,2365,1275,21416
Kielce Słowik ,,4089,1172,1415,681,1182,1405,2488,2223,1558,1563,2365,1275,21416
Chociwel,PKP INTERCITY Spółka Akcyjna ,3931,1233,1101,1372,1501,3181,3397,3442,1085,1375,1928,3874,27420
Chociwel,POLREGIO Spółka Akcyjna,1592,484,1258,574,901,816,910,893,830,748,624,1298,10928
Chociwel ,,5523,1717,2359,1946,2402,3997,4307,4335,1915,2123,2552,5172,38348
Gdańsk Lipce,POLREGIO Spółka Akcyjna,2758,772,1153,798,1162,1622,3244,2914,1385,1683,1604,1648,20743
Gdańsk Lipce ,,2758,772,1153,798,1162,1622,3244,2914,1385,1683,1604,1648,20743
Raszowa,POLREGIO Spółka Akcyjna,3357,1666,1445,1388,2057,2319,2114,1793,2825,2784,4538,2139,28425
Raszowa ,,3357,1666,1445,1388,2057,2319,2114,1793,2825,2784,4538,2139,28425
Miały,POLREGIO Spółka Akcyjna,3088,970,970,1334,631,1726,666,495,746,722,1065,1167,13580
Miały,Koleje Wielkopolskie Sp. z o.o.,262,20,173,355,659,724,139,122,142,178,287,633,3694
Miały ,,3350,990,1143,1689,1290,2450,805,617,888,900,1352,1800,17274
Przywory Opolskie,POLREGIO Spółka Akcyjna,3296,1664,1329,1189,1807,2067,2093,1656,2812,2590,4293,2050,26846
Przywory Opolskie ,,3296,1664,1329,1189,1807,2067,2093,1656,2812,2590,4293,2050,26846
Górażdże,POLREGIO Spółka Akcyjna,3217,1655,1305,1200,1828,2133,2099,1715,2825,2615,4249,2038,26879
Górażdże ,,3217,1655,1305,1200,1828,2133,2099,1715,2825,2615,4249,2038,26879
Mokrz,POLREGIO Spółka Akcyjna,2940,940,1047,1385,662,1771,730,540,784,822,1144,1216,13981
Mokrz,Koleje Wielkopolskie Sp. z o.o.,273,24,245,274,671,749,173,180,119,208,298,655,3869
Mokrz ,,3213,964,1292,1659,1333,2520,903,720,903,1030,1442,1871,17850
Jasiona,POLREGIO Spółka Akcyjna,3274,1587,1458,1312,1955,2271,2165,1819,2845,2791,4509,2136,28122
Jasiona ,,3274,1587,1458,1312,1955,2271,2165,1819,2845,2791,4509,2136,28122
Opole Grotowice,POLREGIO Spółka Akcyjna,3363,1669,1363,1198,1822,2102,2081,1700,2911,2617,4326,2091,27243
Opole Grotowice ,,3363,1669,1363,1198,1822,2102,2081,1700,2911,2617,4326,2091,27243
Sulechów,POLREGIO Spółka Akcyjna,4206,3305,2510,2443,3758,2776,3009,3457,1988,2199,2805,4313,36769
Sulechów,PKP INTERCITY Spółka Akcyjna ,1482,409,933,1488,1470,1189,1373,1619,1251,1442,828,2115,15599
Sulechów ,,5688,3714,3443,3931,5228,3965,4382,5076,3239,3641,3633,6428,52368
Babimost,POLREGIO Spółka Akcyjna,3952,2994,2424,2232,3481,2732,2856,3551,2042,2363,2895,4202,35724
Babimost,PKP INTERCITY Spółka Akcyjna ,1500,389,924,1415,1275,1216,1409,1657,1302,1422,805,1961,15275
Babimost ,,5452,3383,3348,3647,4756,3948,4265,5208,3344,3785,3700,6163,50999
Stęszew,Koleje Wielkopolskie Sp. z o.o.,644,382,508,580,419,2290,549,330,661,722,668,908,8661
Stęszew,Parowozownia Wolsztyn,,,,,,,,,,,,,
Stęszew ,,644,382,508,580,419,2290,549,330,661,722,668,908,8661
Szreniawa,Koleje Wielkopolskie Sp. z o.o.,697,393,582,602,479,2379,551,391,651,723,717,872,9037
Szreniawa,Parowozownia Wolsztyn,,,,,,,,,,,,,
Szreniawa ,,697,393,582,602,479,2379,551,391,651,723,717,872,9037
Wiry,Koleje Wielkopolskie Sp. z o.o.,713,385,553,564,472,2735,616,398,718,724,789,878,9545
Wiry ,,713,385,553,564,472,2735,616,398,718,724,789,878,9545
Trzebaw Rosnówko,Koleje Wielkopolskie Sp. z o.o.,701,390,568,636,483,2446,592,404,671,761,706,944,9302
Trzebaw Rosnówko ,,701,390,568,636,483,2446,592,404,671,761,706,944,9302
Zawadówka,POLREGIO Spółka Akcyjna,704,251,574,396,388,675,1638,851,628,380,804,1074,8363
Zawadówka ,,704,251,574,396,388,675,1638,851,628,380,804,1074,8363
Grodzisk Wielkopolski,Koleje Wielkopolskie Sp. z o.o.,634,563,450,570,462,2198,505,347,579,571,519,909,8307
Grodzisk Wielkopolski,POLREGIO Spółka Akcyjna,,,,,6,,,,,,,,6
Grodzisk Wielkopolski,CARGO Master Spółka z o.o.,,,,,,,,,,,,,
Grodzisk Wielkopolski,Parowozownia Wolsztyn,,,,,,,,,,,,,
Grodzisk Wielkopolski ,,634,563,450,570,468,2198,505,347,579,571,519,909,8313
Granowo,Koleje Wielkopolskie Sp. z o.o.,639,452,488,574,429,2282,532,284,572,684,591,913,8440
Granowo,Parowozownia Wolsztyn,,,,,,,,,,,,,
Granowo ,,639,452,488,574,429,2282,532,284,572,684,591,913,8440
Ptaszkowo,Koleje Wielkopolskie Sp. z o.o.,660,523,475,680,433,2374,519,307,649,664,542,973,8799
Ptaszkowo ,,660,523,475,680,433,2374,519,307,649,664,542,973,8799
Zebrzydowa,Koleje Dolnośląskie S.A.,2831,1009,1207,914,1338,988,2663,1176,3653,2084,1316,1986,21165
Zebrzydowa ,,2831,1009,1207,914,1338,988,2663,1176,3653,2084,1316,1986,21165
Kotowo,Koleje Wielkopolskie Sp. z o.o.,666,503,479,684,432,2369,520,300,649,686,561,970,8819
Kotowo ,,666,503,479,684,432,2369,520,300,649,686,561,970,8819
Grąblewo,Koleje Wielkopolskie Sp. z o.o.,660,535,459,668,418,2360,518,297,635,653,537,977,8717
Grąblewo ,,660,535,459,668,418,2360,518,297,635,653,537,977,8717
Strykowo Poznańskie,Koleje Wielkopolskie Sp. z o.o.,618,431,521,571,437,2312,581,318,668,726,706,977,8866
Strykowo Poznańskie ,,618,431,521,571,437,2312,581,318,668,726,706,977,8866
Parkowo,POLREGIO Spółka Akcyjna,2046,759,1165,422,488,1432,1169,1337,882,936,775,2000,13411
Parkowo,Koleje Wielkopolskie Sp. z o.o.,2039,479,2621,340,540,1695,1095,1089,546,577,879,1102,13002
Parkowo ,,4085,1238,3786,762,1028,3127,2264,2426,1428,1513,1654,3102,26413
Rożnowo,POLREGIO Spółka Akcyjna,2050,755,1177,428,488,1427,1165,1336,880,937,771,2004,13418
Rożnowo,Koleje Wielkopolskie Sp. z o.o.,2045,469,2608,345,539,1697,1098,1092,551,581,880,1108,13013
Rożnowo ,,4095,1224,3785,773,1027,3124,2263,2428,1431,1518,1651,3112,26431
Pstroszyce,POLREGIO Spółka Akcyjna,2625,978,1120,606,667,780,1880,2996,1178,898,1581,843,16152
Pstroszyce,Koleje Małopolskie Sp. z o.o.,1085,179,238,264,332,332,610,2410,306,150,381,378,6665
Pstroszyce ,,3710,1157,1358,870,999,1112,2490,5406,1484,1048,1962,1221,22817
Czerwieńsk,POLREGIO Spółka Akcyjna,3797,3369,1662,2770,3508,2428,3122,2508,4501,4806,3690,4248,40409
Czerwieńsk,PKP INTERCITY Spółka Akcyjna ,,,,,,,,,27,,,,27
Czerwieńsk ,,3797,3369,1662,2770,3508,2428,3122,2508,4528,4806,3690,4248,40436
Miłobądz,POLREGIO Spółka Akcyjna,2529,665,1065,751,1101,1458,3218,2786,1198,1614,1342,1934,19661
Miłobądz ,,2529,665,1065,751,1101,1458,3218,2786,1198,1614,1342,1934,19661
Zgorzelec Miasto,POLREGIO Spółka Akcyjna,394,287,503,488,252,952,374,1319,4667,3029,5068,2864,20197
Zgorzelec Miasto,Koleje Dolnośląskie S.A.,1757,615,593,463,833,517,1663,705,1970,1238,875,1010,12239
Zgorzelec Miasto,PKP INTERCITY Spółka Akcyjna ,173,19,94,30,106,46,117,410,174,127,230,64,1590
Zgorzelec Miasto ,,2324,921,1190,981,1191,1515,2154,2434,6811,4394,6173,3938,34026
Pieńsk,POLREGIO Spółka Akcyjna,392,276,485,487,252,946,365,1316,4632,2995,5031,2859,20036
Pieńsk,Koleje Dolnośląskie S.A.,1658,615,576,473,790,521,1611,662,1947,1206,828,985,11872
Pieńsk,PKP INTERCITY Spółka Akcyjna ,177,20,93,29,107,46,118,412,174,121,221,104,1622
Pieńsk ,,2227,911,1154,989,1149,1513,2094,2390,6753,4322,6080,3948,33530
Sobolew,Koleje Mazowieckie - KM Spółka z o.o.,1508,837,929,858,1283,1979,2562,1116,823,808,1197,1039,14939
Sobolew,PKP INTERCITY Spółka Akcyjna ,637,300,305,165,273,400,503,546,316,163,308,414,4330
Sobolew ,,2145,1137,1234,1023,1556,2379,3065,1662,1139,971,1505,1453,19269
Kielce Piaski,POLREGIO Spółka Akcyjna,2663,758,830,702,1032,697,1733,1700,812,988,1879,988,14782
Kielce Piaski,Łódzka Kolej Aglomeracyjna Sp. z o.o.,,,,,,,,,,,,51,51
Kielce Piaski ,,2663,758,830,702,1032,697,1733,1700,812,988,1879,1039,14833
Zagnańsk,POLREGIO Spółka Akcyjna,2967,850,856,787,1096,800,2021,2146,990,1127,2192,1195,17027
Zagnańsk,Łódzka Kolej Aglomeracyjna Sp. z o.o.,,,,,,,,,,,,50,50
Zagnańsk ,,2967,850,856,787,1096,800,2021,2146,990,1127,2192,1245,17077
Tumlin,POLREGIO Spółka Akcyjna,3027,884,869,783,1139,830,2127,2243,1026,1222,2488,1185,17823
Tumlin,Łódzka Kolej Aglomeracyjna Sp. z o.o.,,,,,,,,,,,,53,53
Tumlin ,,3027,884,869,783,1139,830,2127,2243,1026,1222,2488,1238,17876
Łączna,POLREGIO Spółka Akcyjna,3048,826,792,776,1088,811,1849,2047,1020,1115,2212,1391,16975
Łączna,Łódzka Kolej Aglomeracyjna Sp. z o.o.,,,,,,,,,,,,50,50
Łączna ,,3048,826,792,776,1088,811,1849,2047,1020,1115,2212,1441,17025
Suchedniów Północny,POLREGIO Spółka Akcyjna,3150,728,772,731,1170,899,1890,2190,996,1072,2208,1467,17273
Suchedniów Północny,Łódzka Kolej Aglomeracyjna Sp. z o.o.,,,,,,,,,,,,63,63
Suchedniów Północny ,,3150,728,772,731,1170,899,1890,2190,996,1072,2208,1530,17336
Skarżysko Zachodnie,POLREGIO Spółka Akcyjna,3129,697,775,758,1173,901,1906,2151,1006,1089,2219,1478,17282
Skarżysko Zachodnie,Łódzka Kolej Aglomeracyjna Sp. z o.o.,,,,,,,,,,,,63,63
Skarżysko Zachodnie ,,3129,697,775,758,1173,901,1906,2151,1006,1089,2219,1541,17345
Berezów,POLREGIO Spółka Akcyjna,3119,819,790,789,1142,897,1879,2082,1069,1118,2252,1522,17478
Berezów,Łódzka Kolej Aglomeracyjna Sp. z o.o.,,,,,,,,,,,,50,50
Berezów ,,3119,819,790,789,1142,897,1879,2082,1069,1118,2252,1572,17528
Przyłęk Duży,Łódzka Kolej Aglomeracyjna Sp. z o.o.,714,362,343,624,701,561,1997,910,491,668,636,920,8927
Przyłęk Duży ,,714,362,343,624,701,561,1997,910,491,668,636,920,8927
Maków,Łódzka Kolej Aglomeracyjna Sp. z o.o.,677,363,311,646,673,664,1914,853,541,829,621,847,8939
Maków ,,677,363,311,646,673,664,1914,853,541,829,621,847,8939
Krosnowa,Łódzka Kolej Aglomeracyjna Sp. z o.o.,719,352,340,632,707,562,1994,907,498,663,634,909,8917
Krosnowa ,,719,352,340,632,707,562,1994,907,498,663,634,909,8917
Dąbrowice Skierniewickie,Łódzka Kolej Aglomeracyjna Sp. z o.o.,665,360,302,647,670,656,1883,847,510,812,599,838,8789
Dąbrowice Skierniewickie ,,665,360,302,647,670,656,1883,847,510,812,599,838,8789
Wągry,Łódzka Kolej Aglomeracyjna Sp. z o.o.,586,304,287,604,715,527,1960,853,452,636,573,892,8389
Wągry ,,586,304,287,604,715,527,1960,853,452,636,573,892,8389
Jaszczów,POLREGIO Spółka Akcyjna,1023,344,573,401,907,911,2643,1663,889,673,1288,1200,12515
Jaszczów ,,1023,344,573,401,907,911,2643,1663,889,673,1288,1200,12515
Minkowice,POLREGIO Spółka Akcyjna,1117,384,602,380,796,1016,2781,1700,1000,724,1064,1181,12745
Minkowice ,,1117,384,602,380,796,1016,2781,1700,1000,724,1064,1181,12745
Witaszyce,POLREGIO Spółka Akcyjna,423,263,143,597,679,1094,1029,1719,1113,999,984,720,9763
Witaszyce,Koleje Wielkopolskie Sp. z o.o.,390,176,543,559,317,1837,1050,1014,353,460,665,345,7709
Witaszyce ,,813,439,686,1156,996,2931,2079,2733,1466,1459,1649,1065,17472
Kotlin,POLREGIO Spółka Akcyjna,447,287,181,635,696,1081,1013,1719,1136,1007,994,702,9898
Kotlin,Koleje Wielkopolskie Sp. z o.o.,389,175,565,558,342,1840,1085,996,377,315,704,380,7726
Kotlin ,,836,462,746,1193,1038,2921,2098,2715,1513,1322,1698,1082,17624
Bronów,POLREGIO Spółka Akcyjna,425,295,174,654,693,1101,1039,1613,1168,1051,1055,676,9944
Bronów,Koleje Wielkopolskie Sp. z o.o.,409,171,565,655,411,1667,1032,1049,460,333,713,373,7838
Bronów ,,834,466,739,1309,1104,2768,2071,2662,1628,1384,1768,1049,17782
Biniew,POLREGIO Spółka Akcyjna,423,309,165,650,680,1097,1047,1594,1173,990,1090,700,9918
Biniew,Koleje Wielkopolskie Sp. z o.o.,408,156,522,647,397,1689,1014,1067,425,353,742,402,7822
Biniew ,,831,465,687,1297,1077,2786,2061,2661,1598,1343,1832,1102,17740
Taczanów,POLREGIO Spółka Akcyjna,449,307,178,708,718,1117,1060,1654,1178,1061,1084,710,10224
Taczanów,Koleje Wielkopolskie Sp. z o.o.,432,173,606,691,435,1725,1134,1113,473,370,739,402,8293
Taczanów ,,881,480,784,1399,1153,2842,2194,2767,1651,1431,1823,1112,18517
Jarosty,POLREGIO Spółka Akcyjna,1238,582,860,577,564,436,1327,1408,1014,483,1011,762,10262
Jarosty,Łódzka Kolej Aglomeracyjna Sp. z o.o.,331,135,141,339,229,450,942,151,357,197,516,542,4330
Jarosty ,,1569,717,1001,916,793,886,2269,1559,1371,680,1527,1304,14592
Moszczenica,POLREGIO Spółka Akcyjna,1234,589,858,595,553,442,1296,1410,1005,478,1039,769,10268
Moszczenica,Łódzka Kolej Aglomeracyjna Sp. z o.o.,328,136,143,339,211,439,934,149,360,196,514,543,4292
Moszczenica ,,1562,725,1001,934,764,881,2230,1559,1365,674,1553,1312,14560
Baby,POLREGIO Spółka Akcyjna,1193,590,860,572,542,442,1284,1408,1010,463,1015,767,10146
Baby,Łódzka Kolej Aglomeracyjna Sp. z o.o.,276,136,110,306,181,409,927,128,352,195,489,523,4032
Baby ,,1469,726,970,878,723,851,2211,1536,1362,658,1504,1290,14178
Wolbórka,POLREGIO Spółka Akcyjna,1278,585,857,602,573,452,1282,1417,953,349,793,834,9975
Wolbórka,Łódzka Kolej Aglomeracyjna Sp. z o.o.,254,140,121,345,198,364,1024,141,386,233,436,576,4218
Wolbórka ,,1532,725,978,947,771,816,2306,1558,1339,582,1229,1410,14193
Rokiciny,POLREGIO Spółka Akcyjna,1285,570,863,604,582,449,1291,1441,921,323,788,850,9967
Rokiciny,Łódzka Kolej Aglomeracyjna Sp. z o.o.,271,105,122,295,172,364,860,145,369,228,372,566,3869
Rokiciny ,,1556,675,985,899,754,813,2151,1586,1290,551,1160,1416,13836
Łaznów,POLREGIO Spółka Akcyjna,1275,587,858,608,574,441,1280,1470,943,341,795,857,10029
Łaznów,Łódzka Kolej Aglomeracyjna Sp. z o.o.,260,142,125,345,199,381,1018,143,386,233,428,578,4238
Łaznów ,,1535,729,983,953,773,822,2298,1613,1329,574,1223,1435,14267
Chrusty Nowe,POLREGIO Spółka Akcyjna,1317,573,873,637,587,467,1301,1425,879,301,733,839,9932
Chrusty Nowe,Łódzka Kolej Aglomeracyjna Sp. z o.o.,265,87,120,330,178,355,801,170,381,227,354,622,3890
Chrusty Nowe ,,1582,660,993,967,765,822,2102,1595,1260,528,1087,1461,13822
Smardzów Wrocławski,Koleje Dolnośląskie S.A.,2943,731,937,746,905,1138,2519,3120,2059,1720,8753,4548,30119
Smardzów Wrocławski,POLREGIO Spółka Akcyjna,194,67,20,,,16,71,103,47,73,310,96,997
Smardzów Wrocławski,LEO Express Global a.s.,,,12,,,,,,,,,,12
Smardzów Wrocławski,CARGO Master Spółka z o.o.,,,,,,,,,,,,,
Smardzów Wrocławski ,,3137,798,969,746,905,1154,2590,3223,2106,1793,9063,4644,31128
Iwiny,Koleje Dolnośląskie S.A.,2917,720,920,744,894,1142,2469,3077,1847,1671,8755,4718,29874
Iwiny,POLREGIO Spółka Akcyjna,197,68,21,,,17,71,104,39,72,311,126,1026
Iwiny ,,3114,788,941,744,894,1159,2540,3181,1886,1743,9066,4844,30900
Węgry,Koleje Dolnośląskie S.A.,2976,847,956,822,945,1169,2784,3478,1635,1647,9318,4616,31193
Węgry,POLREGIO Spółka Akcyjna,197,68,14,,,27,73,76,42,56,353,87,993
Węgry ,,3173,915,970,822,945,1196,2857,3554,1677,1703,9671,4703,32186
Warkocz,Koleje Dolnośląskie S.A.,3024,868,1006,775,971,1144,2599,2939,1587,1685,10613,4795,32006
Warkocz,POLREGIO Spółka Akcyjna,197,67,13,,,36,31,12,35,72,377,87,927
Warkocz ,,3221,935,1019,775,971,1180,2630,2951,1622,1757,10990,4882,32933
Podzamcze,POLREGIO Spółka Akcyjna,1107,390,606,454,804,871,1993,1132,976,780,1148,1256,11517
Podzamcze ,,1107,390,606,454,804,871,1993,1132,976,780,1148,1256,11517
Dominów,POLREGIO Spółka Akcyjna,1077,400,604,449,843,872,1989,1145,969,769,1231,1276,11624
Dominów ,,1077,400,604,449,843,872,1989,1145,969,769,1231,1276,11624
Biskupice,POLREGIO Spółka Akcyjna,1064,353,604,415,902,844,2220,1160,942,695,1362,1267,11828
Biskupice ,,1064,353,604,415,902,844,2220,1160,942,695,1362,1267,11828
Wólka Kańska,POLREGIO Spółka Akcyjna,1045,380,586,382,929,808,1420,1254,912,685,1431,1255,11087
Wólka Kańska ,,1045,380,586,382,929,808,1420,1254,912,685,1431,1255,11087
Bojanowo,POLREGIO Spółka Akcyjna,1447,1373,713,510,754,1440,1577,941,1331,1208,948,1490,13732
Bojanowo,Koleje Wielkopolskie Sp. z o.o.,373,766,211,29,433,170,110,27,249,185,306,266,3125
Bojanowo ,,1820,2139,924,539,1187,1610,1687,968,1580,1393,1254,1756,16857
Czeremcha,POLREGIO Spółka Akcyjna,798,618,416,275,532,655,894,706,720,541,706,594,7455
Czeremcha,Koleje Mazowieckie - KM Spółka z o.o.,416,242,142,53,604,707,1136,1041,459,467,845,383,6495
Czeremcha,PKP INTERCITY Spółka Akcyjna ,694,278,342,179,296,305,337,466,264,314,688,733,4896
Czeremcha ,,1908,1138,900,507,1432,1667,2367,2213,1443,1322,2239,1710,18846
Zalesie Krasieńskie,POLREGIO Spółka Akcyjna,1054,358,655,377,896,822,1449,1257,919,755,1462,1249,11253
Zalesie Krasieńskie ,,1054,358,655,377,896,822,1449,1257,919,755,1462,1249,11253
Domaniewice,Łódzka Kolej Aglomeracyjna Sp. z o.o.,159,38,133,481,176,358,143,172,202,309,1064,235,3470
Domaniewice ,,159,38,133,481,176,358,143,172,202,309,1064,235,3470
Munina,POLREGIO Spółka Akcyjna,1890,410,719,568,482,582,2104,1127,588,873,693,694,10730
Munina,PKP INTERCITY Spółka Akcyjna ,,,,,,,,,,,,,
Munina ,,1890,410,719,568,482,582,2104,1127,588,873,693,694,10730
Włoszczowa,PKP INTERCITY Spółka Akcyjna ,1741,927,1164,709,1524,970,1006,1208,2351,1265,1586,1477,15928
Włoszczowa,POLREGIO Spółka Akcyjna,976,401,517,359,450,401,927,422,886,539,281,212,6371
Włoszczowa ,,2717,1328,1681,1068,1974,1371,1933,1630,3237,1804,1867,1689,22299
Prabuty,PKP INTERCITY Spółka Akcyjna ,6088,2264,1300,2368,2377,4640,6087,6162,2852,2413,2539,6481,45571
Prabuty,POLREGIO Spółka Akcyjna,1398,213,299,294,195,472,612,874,392,326,413,522,6010
Prabuty,Koleje Mazowieckie - KM Spółka z o.o.,,,,,,176,742,653,21,,,,1592
Prabuty ,,7486,2477,1599,2662,2572,5288,7441,7689,3265,2739,2952,7003,53173
Choszczno,PKP INTERCITY Spółka Akcyjna ,2976,1464,1666,1541,1481,2489,2004,2145,2148,2370,2114,2673,25071
Choszczno,POLREGIO Spółka Akcyjna,1300,422,576,610,494,1004,339,391,615,630,507,742,7630
Choszczno ,,4276,1886,2242,2151,1975,3493,2343,2536,2763,3000,2621,3415,32701
Mława Miasto,Koleje Mazowieckie - KM Spółka z o.o.,2714,500,450,426,559,1062,1658,1276,609,687,837,1019,11797
Mława Miasto,PKP INTERCITY Spółka Akcyjna ,,,,,,,,,,,,6450,6450
Mława Miasto ,,2714,500,450,426,559,1062,1658,1276,609,687,837,7469,18247
Nysa,POLREGIO Spółka Akcyjna,2159,905,1247,1132,1026,1029,1108,1066,1596,733,2228,1265,15494
Nysa,PKP INTERCITY Spółka Akcyjna ,1120,388,374,295,272,278,655,413,350,521,1195,1191,7052
Nysa,CARGO Master Spółka z o.o.,,,,,,,,,,,,,
Nysa ,,3279,1293,1621,1427,1298,1307,1763,1479,1946,1254,3423,2456,22546
Pełkinie,POLREGIO Spółka Akcyjna,1925,473,893,629,563,720,2016,986,644,849,761,653,11112
Pełkinie ,,1925,473,893,629,563,720,2016,986,644,849,761,653,11112
Opoczno Południe,PKP INTERCITY Spółka Akcyjna ,10158,4025,3732,3683,4424,6036,6167,8523,4718,4331,6116,5032,66945
Opoczno Południe,POLREGIO Spółka Akcyjna,,,,,,,,,,,,27,27
Opoczno Południe ,,10158,4025,3732,3683,4424,6036,6167,8523,4718,4331,6116,5059,66972
Ostróda,PKP INTERCITY Spółka Akcyjna ,1935,741,476,921,634,1716,1957,1319,571,774,1263,1382,13689
Ostróda,POLREGIO Spółka Akcyjna,2140,538,515,504,334,608,602,1107,840,738,805,633,9364
Ostróda ,,4075,1279,991,1425,968,2324,2559,2426,1411,1512,2068,2015,23053
Łódź Andrzejów Szosa,POLREGIO Spółka Akcyjna,697,355,432,195,264,97,605,161,286,247,531,397,4267
Łódź Andrzejów Szosa,Łódzka Kolej Aglomeracyjna Sp. z o.o.,177,153,277,297,259,27,103,41,125,104,110,69,1742
Łódź Andrzejów Szosa ,,874,508,709,492,523,124,708,202,411,351,641,466,6009
Władysławowo,POLREGIO Spółka Akcyjna,188,362,317,454,3596,7683,8573,10411,4982,913,1038,1280,39797
Władysławowo,PKP INTERCITY Spółka Akcyjna ,,,,10,134,1568,4115,3022,133,,,,8982
Władysławowo,CARGO Master Spółka z o.o.,,,,,,,,,,,,,
Władysławowo ,,188,362,317,464,3730,9251,12688,13433,5115,913,1038,1280,48779
Łódź Olechów Wschód,POLREGIO Spółka Akcyjna,715,347,442,191,176,87,619,163,286,269,440,395,4130
Łódź Olechów Wschód,Łódzka Kolej Aglomeracyjna Sp. z o.o.,252,149,265,282,166,27,98,34,109,87,126,77,1672
Łódź Olechów Wschód ,,967,496,707,473,342,114,717,197,395,356,566,472,5802
Łódź Olechów Wiadukt,POLREGIO Spółka Akcyjna,760,367,458,195,180,87,625,179,306,273,513,416,4359
Łódź Olechów Wiadukt,Łódzka Kolej Aglomeracyjna Sp. z o.o.,386,150,273,233,169,26,92,28,117,99,332,99,2004
Łódź Olechów Wiadukt ,,1146,517,731,428,349,113,717,207,423,372,845,515,6363
Łódź Olechów Zachód,POLREGIO Spółka Akcyjna,750,366,456,194,179,87,621,176,302,271,483,396,4281
Łódź Olechów Zachód,Łódzka Kolej Aglomeracyjna Sp. z o.o.,395,150,274,239,172,27,94,27,117,98,312,98,2003
Łódź Olechów Zachód ,,1145,516,730,433,351,114,715,203,419,369,795,494,6284
Dziewule,Koleje Mazowieckie - KM Spółka z o.o.,823,373,338,746,741,1619,1179,1654,844,1513,1282,507,11619
Dziewule,POLREGIO Spółka Akcyjna,250,182,68,85,56,134,151,143,96,248,157,78,1648
Dziewule,PKP INTERCITY Spółka Akcyjna ,,,,,,,,,,,,,
Dziewule ,,1073,555,406,831,797,1753,1330,1797,940,1761,1439,585,13267
Siedlce Wschodnie,Koleje Mazowieckie - KM Spółka z o.o.,901,436,381,833,879,1649,1206,1650,900,1536,1320,562,12253
Siedlce Wschodnie,POLREGIO Spółka Akcyjna,247,165,54,65,80,142,161,153,101,271,165,85,1689
Siedlce Wschodnie ,,1148,601,435,898,959,1791,1367,1803,1001,1807,1485,647,13942
Radomyśl,Koleje Mazowieckie - KM Spółka z o.o.,805,397,333,732,780,1630,1196,1605,837,1512,1331,516,11674
Radomyśl,POLREGIO Spółka Akcyjna,255,188,68,87,69,133,164,144,96,245,158,78,1685
Radomyśl ,,1060,585,401,819,849,1763,1360,1749,933,1757,1489,594,13359
Kosiorki,Koleje Mazowieckie - KM Spółka z o.o.,849,386,353,788,807,1652,1201,1663,893,1562,1318,551,12023
Kosiorki,POLREGIO Spółka Akcyjna,243,164,66,79,70,136,164,152,99,271,170,85,1699
Kosiorki ,,1092,550,419,867,877,1788,1365,1815,992,1833,1488,636,13722
Białki Siedleckie,Koleje Mazowieckie - KM Spółka z o.o.,865,400,361,806,843,1643,1204,1657,897,1564,1328,552,12120
Białki Siedleckie,POLREGIO Spółka Akcyjna,248,165,66,76,76,142,167,153,101,271,170,85,1720
Białki Siedleckie ,,1113,565,427,882,919,1785,1371,1810,998,1835,1498,637,13840
Borki-Kosy,Koleje Mazowieckie - KM Spółka z o.o.,839,378,336,755,755,1635,1193,1663,872,1548,1300,528,11802
Borki-Kosy,POLREGIO Spółka Akcyjna,248,182,68,78,56,135,160,150,98,261,157,79,1672
Borki-Kosy ,,1087,560,404,833,811,1770,1353,1813,970,1809,1457,607,13474
Krynka Łukowska,Koleje Mazowieckie - KM Spółka z o.o.,795,396,337,728,772,1620,1196,1601,831,1518,1340,514,11648
Krynka Łukowska,POLREGIO Spółka Akcyjna,248,190,66,86,69,132,170,144,101,245,158,78,1687
Krynka Łukowska ,,1043,586,403,814,841,1752,1366,1745,932,1763,1498,592,13335
Stary Sącz,POLREGIO Spółka Akcyjna,2602,576,885,267,327,584,1024,1582,1411,388,551,513,10710
Stary Sącz,PKP INTERCITY Spółka Akcyjna ,685,208,360,189,571,338,447,958,716,181,176,444,5273
Stary Sącz,Koleje Małopolskie Sp. z o.o.,,,,,,,7,30,,,,,37
Stary Sącz,PKP CARGO S.A. w restrukturyzacji,,,,,,,,,10,,,,10
Stary Sącz ,,3287,784,1245,456,898,922,1478,2570,2137,569,727,957,16030
Wyrzysk Osiek,PKP INTERCITY Spółka Akcyjna ,1580,402,456,185,386,879,1732,1765,514,563,630,1808,10900
Wyrzysk Osiek,POLREGIO Spółka Akcyjna,871,758,242,306,534,812,797,829,699,922,910,521,8201
Wyrzysk Osiek,Koleje Wielkopolskie Sp. z o.o.,29,,551,27,110,149,119,31,75,40,,10,1141
Wyrzysk Osiek ,,2480,1160,1249,518,1030,1840,2648,2625,1288,1525,1540,2339,20242
Rytro,POLREGIO Spółka Akcyjna,2673,551,898,239,342,598,1013,1457,1357,361,617,538,10644
Rytro,PKP INTERCITY Spółka Akcyjna ,728,209,378,195,582,365,466,967,709,202,185,455,5441
Rytro,Koleje Małopolskie Sp. z o.o.,,,,,,,7,32,,,,,39
Rytro,PKP CARGO S.A. w restrukturyzacji,,,,,,,,,7,,,,7
Rytro ,,3401,760,1276,434,924,963,1486,2456,2073,563,802,993,16131
Rydzyna,POLREGIO Spółka Akcyjna,1331,1301,663,398,742,1466,1576,824,1099,1130,931,1448,12909
Rydzyna,Koleje Wielkopolskie Sp. z o.o.,409,777,238,60,435,196,169,72,244,217,309,305,3431
Rydzyna ,,1740,2078,901,458,1177,1662,1745,896,1343,1347,1240,1753,16340
Kaczkowo,POLREGIO Spółka Akcyjna,1357,1333,681,420,770,1481,1611,848,1127,1156,982,1502,13268
Kaczkowo,Koleje Wielkopolskie Sp. z o.o.,407,771,233,54,442,187,157,71,252,211,315,299,3399
Kaczkowo ,,1764,2104,914,474,1212,1668,1768,919,1379,1367,1297,1801,16667
Garwolin,Koleje Mazowieckie - KM Spółka z o.o.,1477,862,1030,883,1272,1968,2583,1099,881,850,1243,1107,15255
Garwolin ,,1477,862,1030,883,1272,1968,2583,1099,881,850,1243,1107,15255
Wola Rowska,Koleje Mazowieckie - KM Spółka z o.o.,1502,835,1059,960,1298,2028,2623,1163,885,869,1251,1101,15574
Wola Rowska ,,1502,835,1059,960,1298,2028,2623,1163,885,869,1251,1101,15574
Ruda Talubska,Koleje Mazowieckie - KM Spółka z o.o.,1490,849,1059,928,1285,2004,2596,1128,892,865,1249,1103,15448
Ruda Talubska ,,1490,849,1059,928,1285,2004,2596,1128,892,865,1249,1103,15448
Łaskarzew,Koleje Mazowieckie - KM Spółka z o.o.,1487,799,1005,935,1288,2000,2607,1178,870,854,1238,1099,15360
Łaskarzew ,,1487,799,1005,935,1288,2000,2607,1178,870,854,1238,1099,15360
Leokadia,Koleje Mazowieckie - KM Spółka z o.o.,1529,806,954,891,1289,2015,2593,1175,854,839,1218,1065,15228
Leokadia ,,1529,806,954,891,1289,2015,2593,1175,854,839,1218,1065,15228
Piwniczna-Zdrój,POLREGIO Spółka Akcyjna,2438,566,1012,280,392,687,1126,1572,1373,371,622,601,11040
Piwniczna-Zdrój,PKP INTERCITY Spółka Akcyjna ,703,201,395,199,552,371,507,988,684,205,199,458,5462
Piwniczna-Zdrój,Koleje Małopolskie Sp. z o.o.,,,,,,,7,39,,,,,46
Piwniczna-Zdrój,PKP CARGO S.A. w restrukturyzacji,,,,,,,,,,,,,
Piwniczna-Zdrój ,,3141,767,1407,479,944,1058,1640,2599,2057,576,821,1059,16548
Smętowo,POLREGIO Spółka Akcyjna,3768,415,689,484,854,979,1701,1509,802,1032,1169,732,14134
Smętowo,PKP INTERCITY Spółka Akcyjna ,2810,460,653,601,715,706,1813,1806,521,634,630,759,12108
Smętowo ,,6578,875,1342,1085,1569,1685,3514,3315,1323,1666,1799,1491,26242
Chociszew,Łódzka Kolej Aglomeracyjna Sp. z o.o.,222,498,629,542,317,453,645,1644,503,420,823,388,7084
Chociszew,POLREGIO Spółka Akcyjna,123,106,154,108,36,148,200,598,267,114,339,99,2292
Chociszew ,,345,604,783,650,353,601,845,2242,770,534,1162,487,9376
Zgierz Kontrewers,Łódzka Kolej Aglomeracyjna Sp. z o.o.,192,430,637,568,270,414,492,1428,452,401,857,366,6507
Zgierz Kontrewers,POLREGIO Spółka Akcyjna,134,112,156,101,44,157,195,560,255,96,324,88,2222
Zgierz Kontrewers ,,326,542,793,669,314,571,687,1988,707,497,1181,454,8729
Jedlicze koło Zgierza,Łódzka Kolej Aglomeracyjna Sp. z o.o.,243,506,703,609,310,480,586,1698,540,438,878,417,7408
Jedlicze koło Zgierza,POLREGIO Spółka Akcyjna,135,112,166,115,44,159,210,589,263,88,337,106,2324
Jedlicze koło Zgierza ,,378,618,869,724,354,639,796,2287,803,526,1215,523,9732
Grotniki,Łódzka Kolej Aglomeracyjna Sp. z o.o.,244,572,699,612,317,478,586,1703,539,438,877,417,7482
Grotniki,POLREGIO Spółka Akcyjna,134,113,164,114,42,160,209,588,257,88,336,106,2311
Grotniki ,,378,685,863,726,359,638,795,2291,796,526,1213,523,9793
Chełmek Wołowski,Koleje Dolnośląskie S.A.,3503,1447,1054,1305,4349,1161,1675,712,1961,1482,3057,2112,23818
Chełmek Wołowski,POLREGIO Spółka Akcyjna,,,432,1006,1648,803,618,630,1595,738,1107,283,8860
Chełmek Wołowski ,,3503,1447,1486,2311,5997,1964,2293,1342,3556,2220,4164,2395,32678
Ozorków Nowe Miasto,Łódzka Kolej Aglomeracyjna Sp. z o.o.,258,527,658,552,345,412,629,999,638,480,869,426,6793
Ozorków Nowe Miasto,POLREGIO Spółka Akcyjna,112,100,165,111,46,153,145,656,237,111,346,101,2283
Ozorków Nowe Miasto ,,370,627,823,663,391,565,774,1655,875,591,1215,527,9076
Imbramowice,Koleje Dolnośląskie S.A.,2776,1482,1197,1091,1046,1077,2175,1345,2149,2687,2723,2660,22408
Imbramowice,POLREGIO Spółka Akcyjna,334,39,,33,15,82,53,24,11,24,106,17,738
Imbramowice ,,3110,1521,1197,1124,1061,1159,2228,1369,2160,2711,2829,2677,23146
Głogów Huta,POLREGIO Spółka Akcyjna,2191,1185,1328,1466,2182,1468,963,1118,2435,1327,1484,670,17817
Głogów Huta,Koleje Dolnośląskie S.A.,1098,626,596,610,1676,771,559,364,1457,848,985,1633,11223
Głogów Huta ,,3289,1811,1924,2076,3858,2239,1522,1482,3892,2175,2469,2303,29040
Głogów Wróblin,POLREGIO Spółka Akcyjna,2171,1183,1285,1437,2181,1465,976,1121,2417,1311,1494,678,17719
Głogów Wróblin,Koleje Dolnośląskie S.A.,1064,614,534,607,1644,766,533,364,1432,853,987,1625,11023
Głogów Wróblin ,,3235,1797,1819,2044,3825,2231,1509,1485,3849,2164,2481,2303,28742
Brzeg Głogowski,POLREGIO Spółka Akcyjna,2310,1227,1362,1497,2222,1520,990,1208,2484,1363,1538,692,18413
Brzeg Głogowski,Koleje Dolnośląskie S.A.,1087,633,603,608,1687,802,533,364,1438,880,995,1642,11272
Brzeg Głogowski ,,3397,1860,1965,2105,3909,2322,1523,1572,3922,2243,2533,2334,29685
Czerna,POLREGIO Spółka Akcyjna,2278,1217,1362,1502,2217,1528,989,1165,2483,1343,1529,686,18299
Czerna,Koleje Dolnośląskie S.A.,1099,637,598,609,1673,793,528,363,1431,882,998,1671,11282
Czerna ,,3377,1854,1960,2111,3890,2321,1517,1528,3914,2225,2527,2357,29581
Kamień Łowicki,Łódzka Kolej Aglomeracyjna Sp. z o.o.,126,64,133,485,174,338,159,166,171,309,964,258,3347
Kamień Łowicki ,,126,64,133,485,174,338,159,166,171,309,964,258,3347
Szczecin Podjuchy,POLREGIO Spółka Akcyjna,505,485,901,302,783,487,408,300,599,345,1021,675,6811
Szczecin Podjuchy,PKP INTERCITY Spółka Akcyjna ,,7,,,,,,,,,,,7
Szczecin Podjuchy ,,505,492,901,302,783,487,408,300,599,345,1021,675,6818
Daleszewo,POLREGIO Spółka Akcyjna,532,409,1018,486,1024,546,422,397,677,434,1042,692,7679
Daleszewo ,,532,409,1018,486,1024,546,422,397,677,434,1042,692,7679
Czepino,POLREGIO Spółka Akcyjna,579,434,1068,487,1025,555,459,404,650,436,1043,704,7844
Czepino ,,579,434,1068,487,1025,555,459,404,650,436,1043,704,7844
Leńcze,POLREGIO Spółka Akcyjna,4075,1526,1316,1330,1976,1434,2602,1870,1337,1489,1795,1698,22448
Leńcze ,,4075,1526,1316,1330,1976,1434,2602,1870,1337,1489,1795,1698,22448
Radziszów,POLREGIO Spółka Akcyjna,4104,1388,1356,1395,1941,1540,2547,2078,1246,1413,1743,1881,22632
Radziszów ,,4104,1388,1356,1395,1941,1540,2547,2078,1246,1413,1743,1881,22632
Wola Radziszowska Lipki,POLREGIO Spółka Akcyjna,4315,1561,1408,1366,2031,1539,2421,2163,1316,1515,1864,1915,23414
Wola Radziszowska Lipki ,,4315,1561,1408,1366,2031,1539,2421,2163,1316,1515,1864,1915,23414
Wola Radziszowska,POLREGIO Spółka Akcyjna,4303,1559,1414,1377,2051,1545,2424,2154,1317,1521,1870,1913,23448
Wola Radziszowska ,,4303,1559,1414,1377,2051,1545,2424,2154,1317,1521,1870,1913,23448
Rzozów Centrum,POLREGIO Spółka Akcyjna,4241,1499,1447,1460,1990,1591,2658,2251,1166,1244,1522,1901,22970
Rzozów Centrum ,,4241,1499,1447,1460,1990,1591,2658,2251,1166,1244,1522,1901,22970
Rzozów,POLREGIO Spółka Akcyjna,4243,1502,1464,1471,1993,1587,2668,2256,1174,1272,1534,1914,23078
Rzozów ,,4243,1502,1464,1471,1993,1587,2668,2256,1174,1272,1534,1914,23078
Radziszów Centrum,POLREGIO Spółka Akcyjna,4242,1511,1453,1465,2011,1593,2668,2271,1180,1288,1537,1911,23130
Radziszów Centrum ,,4242,1511,1453,1465,2011,1593,2668,2271,1180,1288,1537,1911,23130
Podolany,POLREGIO Spółka Akcyjna,4305,1558,1406,1364,2056,1538,2423,2146,1322,1531,1886,1900,23435
Podolany ,,4305,1558,1406,1364,2056,1538,2423,2146,1322,1531,1886,1900,23435
Krzepów,Koleje Dolnośląskie S.A.,3882,1641,1262,1555,4348,1469,1500,556,1478,1271,2537,1873,23372
Krzepów,POLREGIO Spółka Akcyjna,,,487,1191,1720,866,588,592,1573,690,929,267,8903
Krzepów ,,3882,1641,1749,2746,6068,2335,2088,1148,3051,1961,3466,2140,32275
Biały Dunajec,POLREGIO Spółka Akcyjna,3488,848,796,980,1011,1323,2707,1498,1143,624,269,1507,16194
Biały Dunajec,Koleje Śląskie Spółka z o.o.,48,22,,,119,20,138,44,,,,13,404
Biały Dunajec ,,3536,870,796,980,1130,1343,2845,1542,1143,624,269,1520,16598
Puck,POLREGIO Spółka Akcyjna,221,402,295,466,3740,7110,7825,8974,4888,987,1133,1133,37174
Puck,PKP INTERCITY Spółka Akcyjna ,,,,14,112,1517,4011,2793,135,,,,8582
Puck,CARGO Master Spółka z o.o.,,,,,,,,,,,,,
Puck ,,221,402,295,480,3852,8627,11836,11767,5023,987,1133,1133,45756
Domaniewice Centrum,Łódzka Kolej Aglomeracyjna Sp. z o.o.,119,56,127,485,173,340,150,165,171,310,961,258,3315
Domaniewice Centrum ,,119,56,127,485,173,340,150,165,171,310,961,258,3315
Przytkowice,POLREGIO Spółka Akcyjna,4091,1703,1321,1537,1949,1518,2725,1944,1489,1568,1178,1808,22831
Przytkowice ,,4091,1703,1321,1537,1949,1518,2725,1944,1489,1568,1178,1808,22831
Szaflary,POLREGIO Spółka Akcyjna,3201,809,799,1010,1071,1392,2776,1533,1125,628,280,1621,16245
Szaflary ,,3201,809,799,1010,1071,1392,2776,1533,1125,628,280,1621,16245
Szaflary Centrum,POLREGIO Spółka Akcyjna,3655,868,852,1044,1055,1447,2938,1587,1206,658,285,1674,17269
Szaflary Centrum ,,3655,868,852,1044,1055,1447,2938,1587,1206,658,285,1674,17269
Bańska Niżna,POLREGIO Spółka Akcyjna,3638,859,841,1041,1056,1426,2927,1590,1202,646,290,1660,17176
Bańska Niżna ,,3638,859,841,1041,1056,1426,2927,1590,1202,646,290,1660,17176
Ulikowo,POLREGIO Spółka Akcyjna,2235,620,1657,979,949,1160,1019,988,1646,1964,1304,2063,16584
Ulikowo ,,2235,620,1657,979,949,1160,1019,988,1646,1964,1304,2063,16584
Ziębice,Koleje Dolnośląskie S.A.,3429,1016,1030,925,1752,1533,3194,3193,,,9140,5280,30492
Ziębice,PKP INTERCITY Spółka Akcyjna ,247,48,68,117,34,336,493,635,,,974,464,3416
Ziębice ,,3676,1064,1098,1042,1786,1869,3687,3828,,,10114,5744,33908
Poronin Misiagi,POLREGIO Spółka Akcyjna,2822,647,927,722,840,1332,2848,1525,1077,663,327,1554,15284
Poronin Misiagi ,,2822,647,927,722,840,1332,2848,1525,1077,663,327,1554,15284
Wyszyny,Koleje Mazowieckie - KM Spółka z o.o.,2788,528,478,431,552,919,1027,730,613,701,944,1083,10794
Wyszyny ,,2788,528,478,431,552,919,1027,730,613,701,944,1083,10794
Stupsk Mazowiecki,Koleje Mazowieckie - KM Spółka z o.o.,2782,545,483,455,543,934,1042,749,634,680,1014,1075,10936
Stupsk Mazowiecki ,,2782,545,483,455,543,934,1042,749,634,680,1014,1075,10936
Konopki,Koleje Mazowieckie - KM Spółka z o.o.,2675,616,443,396,668,972,1050,769,501,634,1051,1071,10846
Konopki ,,2675,616,443,396,668,972,1050,769,501,634,1051,1071,10846
Krośnice Mazowieckie,Koleje Mazowieckie - KM Spółka z o.o.,2797,698,485,435,686,993,1163,852,581,678,887,1117,11372
Krośnice Mazowieckie ,,2797,698,485,435,686,993,1163,852,581,678,887,1117,11372
Czeruchy,Koleje Mazowieckie - KM Spółka z o.o.,3112,726,498,440,703,998,1180,860,582,662,893,1141,11795
Czeruchy ,,3112,726,498,440,703,998,1180,860,582,662,893,1141,11795
Międzyzdroje,PKP INTERCITY Spółka Akcyjna ,2469,920,745,892,1052,2316,1625,2245,718,1158,982,2049,17171
Międzyzdroje,POLREGIO Spółka Akcyjna,326,396,237,274,327,748,736,892,631,725,502,870,6664
Międzyzdroje,Koleje Dolnośląskie S.A.,,,,,,12,9,19,,,,,40
Międzyzdroje ,,2795,1316,982,1166,1379,3076,2370,3156,1349,1883,1484,2919,23875
Świnoujście,PKP INTERCITY Spółka Akcyjna ,2279,816,664,825,951,2229,1509,2157,653,1111,881,1964,16039
Świnoujście,POLREGIO Spółka Akcyjna,258,374,150,238,239,686,656,778,592,669,461,654,5755
Świnoujście,Koleje Dolnośląskie S.A.,,,,,,11,9,12,,,,,32
Świnoujście ,,2537,1190,814,1063,1190,2926,2174,2947,1245,1780,1342,2618,21826
Tuchów,POLREGIO Spółka Akcyjna,2861,759,1093,366,633,674,1221,1518,1320,570,830,447,12292
Tuchów,PKP INTERCITY Spółka Akcyjna ,1459,562,657,474,932,808,1324,2252,1267,173,474,905,11287
Tuchów,Koleje Małopolskie Sp. z o.o.,176,237,122,22,6,22,55,13,51,118,104,43,969
Tuchów,PKP CARGO S.A. w restrukturyzacji,,,,,,,,,,,,,
Tuchów ,,4496,1558,1872,862,1571,1504,2600,3783,2638,861,1408,1395,24548
Bogoniowice Ciężkowice,POLREGIO Spółka Akcyjna,2909,735,958,282,476,549,1119,1593,1199,486,709,443,11458
Bogoniowice Ciężkowice,PKP INTERCITY Spółka Akcyjna ,1361,508,643,476,931,773,1342,2349,1381,166,502,801,11233
Bogoniowice Ciężkowice,Koleje Małopolskie Sp. z o.o.,144,241,116,22,,14,35,21,38,109,80,42,862
Bogoniowice Ciężkowice ,,4414,1484,1717,780,1407,1336,2496,3963,2618,761,1291,1286,23553
Sierpów,Łódzka Kolej Aglomeracyjna Sp. z o.o.,323,585,645,635,448,593,868,1406,698,604,943,494,8242
Sierpów,POLREGIO Spółka Akcyjna,130,143,102,82,60,136,175,691,269,137,344,104,2373
Sierpów ,,453,728,747,717,508,729,1043,2097,967,741,1287,598,10615
Drzewica,Koleje Mazowieckie - KM Spółka z o.o.,271,89,21,196,194,196,125,100,395,223,553,199,2562
Drzewica,PKP INTERCITY Spółka Akcyjna ,214,217,78,111,,196,166,118,316,496,376,117,2405
Drzewica,Łódzka Kolej Aglomeracyjna Sp. z o.o.,80,47,34,218,65,345,484,240,50,180,542,116,2401
Drzewica ,,565,353,133,525,259,737,775,458,761,899,1471,432,7368
Łódź Zarzew,Łódzka Kolej Aglomeracyjna Sp. z o.o.,,,,,,,,,1268,1053,1957,828,5106
Łódź Zarzew,POLREGIO Spółka Akcyjna,,,,,,,,,558,348,483,248,1637
Łódź Zarzew,PKP INTERCITY Spółka Akcyjna ,,,,,,,,,,,1077,299,1376
Łódź Zarzew ,,,,,,,,,,1826,1401,3517,1375,8119
Bielany Wrocławskie,Koleje Dolnośląskie S.A.,1663,529,375,710,570,577,792,917,2172,973,1597,1283,12158
Bielany Wrocławskie ,,1663,529,375,710,570,577,792,917,2172,973,1597,1283,12158
Wrocław Partynice,Koleje Dolnośląskie S.A.,1814,549,420,759,605,612,853,927,2261,1016,1745,1370,12931
Wrocław Partynice ,,1814,549,420,759,605,612,853,927,2261,1016,1745,1370,12931
Kobierzyce,Koleje Dolnośląskie S.A.,1658,551,389,737,612,625,808,960,2172,960,1557,1274,12303
Kobierzyce ,,1658,551,389,737,612,625,808,960,2172,960,1557,1274,12303
Wodzisław Śląski Radlin,Koleje Śląskie Spółka z o.o.,1011,656,637,819,561,1067,1561,1516,1353,1259,1438,752,12630
Wodzisław Śląski Radlin ,,1011,656,637,819,561,1067,1561,1516,1353,1259,1438,752,12630
Rybnik Rymer,Koleje Śląskie Spółka z o.o.,1032,656,619,782,555,1020,1537,1483,1349,1261,1461,754,12509
Rybnik Rymer ,,1032,656,619,782,555,1020,1537,1483,1349,1261,1461,754,12509
Radlin Obszary,Koleje Śląskie Spółka z o.o.,982,643,616,790,550,1024,1535,1486,1340,1229,1433,731,12359
Radlin Obszary ,,982,643,616,790,550,1024,1535,1486,1340,1229,1433,731,12359
Międzyrzec Podlaski,PKP INTERCITY Spółka Akcyjna ,758,306,800,492,744,721,728,687,772,1169,1407,1103,9687
Międzyrzec Podlaski,POLREGIO Spółka Akcyjna,717,367,92,150,241,255,474,303,347,568,379,457,4350
Międzyrzec Podlaski ,,1475,673,892,642,985,976,1202,990,1119,1737,1786,1560,14037
Biała Podlaska,PKP INTERCITY Spółka Akcyjna ,662,281,817,438,722,704,695,653,775,985,1458,1094,9284
Biała Podlaska,POLREGIO Spółka Akcyjna,664,358,135,92,235,128,454,248,305,436,397,449,3901
Biała Podlaska ,,1326,639,952,530,957,832,1149,901,1080,1421,1855,1543,13185
Rokitki,Koleje Dolnośląskie S.A.,1168,406,345,450,743,466,1204,334,1954,1032,971,662,9735
Rokitki,PKP INTERCITY Spółka Akcyjna ,373,45,403,269,137,257,129,229,192,351,251,534,3170
Rokitki ,,1541,451,748,719,880,723,1333,563,2146,1383,1222,1196,12905
Zegrze Południowe,Szybka Kolej Miejska Sp. z o.o.,1310,653,508,498,375,990,799,458,608,473,365,681,7718
Zegrze Południowe ,,1310,653,508,498,375,990,799,458,608,473,365,681,7718
Wieliszew Centrum,Szybka Kolej Miejska Sp. z o.o.,1371,689,520,535,403,1022,835,416,638,523,409,727,8088
Wieliszew Centrum ,,1371,689,520,535,403,1022,835,416,638,523,409,727,8088
Jastrząb,Koleje Mazowieckie - KM Spółka z o.o.,1827,571,677,1045,651,710,1240,1288,814,471,615,646,10555
Jastrząb,POLREGIO Spółka Akcyjna,,,6,54,81,26,113,149,112,86,20,94,741
Jastrząb,PKP INTERCITY Spółka Akcyjna ,,,,,,,,,,,,,
Jastrząb ,,1827,571,683,1099,732,736,1353,1437,926,557,635,740,11296
Rożki,Koleje Mazowieckie - KM Spółka z o.o.,1696,553,697,1092,655,728,1256,1284,852,470,616,668,10567
Rożki,POLREGIO Spółka Akcyjna,,,6,46,54,23,29,131,110,76,15,43,533
Rożki ,,1696,553,703,1138,709,751,1285,1415,962,546,631,711,11100
Radom Południowy,Koleje Mazowieckie - KM Spółka z o.o.,1708,583,705,1123,688,754,1277,1336,880,456,682,693,10885
Radom Południowy,POLREGIO Spółka Akcyjna,,,6,54,63,26,52,141,117,68,32,43,602
Radom Południowy ,,1708,583,711,1177,751,780,1329,1477,997,524,714,736,11487
Szydłowiec,Koleje Mazowieckie - KM Spółka z o.o.,1837,590,684,1036,685,737,1243,1273,835,479,587,645,10631
Szydłowiec,POLREGIO Spółka Akcyjna,,,12,47,89,27,203,135,113,78,34,93,831
Szydłowiec ,,1837,590,696,1083,774,764,1446,1408,948,557,621,738,11462
Lipowe Pole,Koleje Mazowieckie - KM Spółka z o.o.,1868,604,682,1020,692,753,1256,1274,853,493,589,648,10732
Lipowe Pole,POLREGIO Spółka Akcyjna,,,12,47,95,33,313,117,114,78,34,96,939
Lipowe Pole ,,1868,604,694,1067,787,786,1569,1391,967,571,623,744,11671
Gąsawy Plebańskie,Koleje Mazowieckie - KM Spółka z o.o.,1841,597,688,1042,667,732,1273,1304,851,507,631,656,10789
Gąsawy Plebańskie,POLREGIO Spółka Akcyjna,,,12,51,81,27,183,156,113,100,26,93,842
Gąsawy Plebańskie ,,1841,597,700,1093,748,759,1456,1460,964,607,657,749,11631
Wola Lipieniecka,Koleje Mazowieckie - KM Spółka z o.o.,1816,566,702,1203,712,713,1265,1294,840,471,606,693,10881
Wola Lipieniecka,POLREGIO Spółka Akcyjna,,,6,66,103,25,104,149,112,86,25,45,721
Wola Lipieniecka ,,1816,566,708,1269,815,738,1369,1443,952,557,631,738,11602
Ruda Wielka,Koleje Mazowieckie - KM Spółka z o.o.,1804,560,720,1205,726,742,1279,1314,852,477,620,706,11005
Ruda Wielka,POLREGIO Spółka Akcyjna,,,6,72,106,25,93,149,112,86,18,45,712
Ruda Wielka ,,1804,560,726,1277,832,767,1372,1463,964,563,638,751,11717
Życzyn,Koleje Mazowieckie - KM Spółka z o.o.,1273,856,806,729,1092,1671,2301,874,750,767,1154,998,13271
Życzyn ,,1273,856,806,729,1092,1671,2301,874,750,767,1154,998,13271
Wygoda,Koleje Mazowieckie - KM Spółka z o.o.,1394,890,856,830,1256,1747,2389,962,808,790,1199,1017,14138
Wygoda ,,1394,890,856,830,1256,1747,2389,962,808,790,1199,1017,14138
Mika,Koleje Mazowieckie - KM Spółka z o.o.,1363,875,850,818,1253,1742,2363,944,801,792,1187,1059,14047
Mika ,,1363,875,850,818,1253,1742,2363,944,801,792,1187,1059,14047
Grabniak,Koleje Mazowieckie - KM Spółka z o.o.,1419,887,857,837,1262,1764,2410,1006,809,792,1206,1029,14278
Grabniak ,,1419,887,857,837,1262,1764,2410,1006,809,792,1206,1029,14278
Rokitnia Stara,Koleje Mazowieckie - KM Spółka z o.o.,1242,968,799,731,1013,1644,2306,906,753,681,1117,1028,13188
Rokitnia Stara ,,1242,968,799,731,1013,1644,2306,906,753,681,1117,1028,13188
Pionki,Koleje Mazowieckie - KM Spółka z o.o.,464,518,333,630,437,1049,1345,672,714,477,559,413,7611
Pionki ,,464,518,333,630,437,1049,1345,672,714,477,559,413,7611
Jedlnia-Letnisko,Koleje Mazowieckie - KM Spółka z o.o.,428,526,328,639,441,981,1300,677,699,422,551,350,7342
Jedlnia-Letnisko ,,428,526,328,639,441,981,1300,677,699,422,551,350,7342
Jedlnia Kościelna,Koleje Mazowieckie - KM Spółka z o.o.,477,551,344,654,453,1079,1353,707,733,480,583,409,7823
Jedlnia Kościelna ,,477,551,344,654,453,1079,1353,707,733,480,583,409,7823
Dąbrówka Zabłotnia,Koleje Mazowieckie - KM Spółka z o.o.,1752,552,723,1200,692,742,1298,1320,874,472,630,710,10965
Dąbrówka Zabłotnia,POLREGIO Spółka Akcyjna,,,6,72,115,25,65,140,112,74,18,43,670
Dąbrówka Zabłotnia ,,1752,552,729,1272,807,767,1363,1460,986,546,648,753,11635
Rajec Poduchowny,Koleje Mazowieckie - KM Spółka z o.o.,428,507,298,556,421,971,1278,644,665,431,558,354,7111
Rajec Poduchowny ,,428,507,298,556,421,971,1278,644,665,431,558,354,7111
Groszowice Wrzosów,Koleje Mazowieckie - KM Spółka z o.o.,467,536,329,591,467,1014,1317,675,721,447,560,352,7476
Groszowice Wrzosów ,,467,536,329,591,467,1014,1317,675,721,447,560,352,7476
Antoniówka,Koleje Mazowieckie - KM Spółka z o.o.,431,515,301,557,429,995,1273,660,671,430,560,361,7183
Antoniówka ,,431,515,301,557,429,995,1273,660,671,430,560,361,7183
Witonia,Łódzka Kolej Aglomeracyjna Sp. z o.o.,427,589,631,616,390,794,864,1576,761,584,708,412,8352
Witonia,POLREGIO Spółka Akcyjna,165,167,118,84,60,118,230,671,271,184,412,107,2587
Witonia ,,592,756,749,700,450,912,1094,2247,1032,768,1120,519,10939
Rakoniewice,Koleje Wielkopolskie Sp. z o.o.,397,557,418,466,365,1889,502,333,404,454,1054,818,7657
Rakoniewice,Parowozownia Wolsztyn,,,,,,,,,,,,,
Rakoniewice ,,397,557,418,466,365,1889,502,333,404,454,1054,818,7657
Gawrony,Łódzka Kolej Aglomeracyjna Sp. z o.o.,538,715,795,764,563,714,1008,1804,916,684,1068,574,10143
Gawrony,POLREGIO Spółka Akcyjna,197,213,125,92,65,200,199,637,286,182,416,93,2705
Gawrony ,,735,928,920,856,628,914,1207,2441,1202,866,1484,667,12848
Ruchocice,Koleje Wielkopolskie Sp. z o.o.,513,562,456,556,449,2000,544,370,522,518,626,876,7992
Ruchocice ,,513,562,456,556,449,2000,544,370,522,518,626,876,7992
Drzymałowo,Koleje Wielkopolskie Sp. z o.o.,480,558,439,552,403,1955,528,373,498,522,617,874,7799
Drzymałowo ,,480,558,439,552,403,1955,528,373,498,522,617,874,7799
Kępno,PKP INTERCITY Spółka Akcyjna ,1658,552,535,404,736,1909,1893,2870,1630,1062,1473,1383,16105
Kępno,Koleje Wielkopolskie Sp. z o.o.,18,16,97,505,204,593,439,517,226,59,194,89,2957
Kępno,POLREGIO Spółka Akcyjna,91,75,127,224,64,92,119,160,242,514,251,222,2181
Kępno,Koleje Śląskie Spółka z o.o.,,,,,,10,,,,,,,10
Kępno,CARGO Master Spółka z o.o.,,,10,,,,,,,,,,10
Kępno,Koleje Dolnośląskie S.A.,,,,,,,,,,,,,
Kępno,Łódzka Kolej Aglomeracyjna Sp. z o.o.,,,,,,,,,,,,,
Kępno ,,1767,643,769,1133,1004,2604,2451,3547,2098,1635,1918,1694,21263
Hel,POLREGIO Spółka Akcyjna,90,215,334,430,2752,6853,6659,8712,4617,620,522,947,32751
Hel,PKP INTERCITY Spółka Akcyjna ,,,,,79,1335,3344,2379,82,,,,7219
Hel,CARGO Master Spółka z o.o.,,,,,,,,,,,,,
Hel ,,90,215,334,430,2831,8188,10003,11091,4699,620,522,947,39970
Chabówka Stadion,PKP INTERCITY Spółka Akcyjna ,4297,1162,1003,734,1241,1179,2266,3511,1478,521,667,2946,21005
Chabówka Stadion,POLREGIO Spółka Akcyjna,2718,801,824,887,1027,1310,2227,1205,1077,613,290,2024,15003
Chabówka Stadion,Koleje Śląskie Spółka z o.o.,27,25,,,115,27,161,91,,,,57,503
Chabówka Stadion,Koleje Małopolskie Sp. z o.o.,174,,,,6,23,23,29,,,,12,267
Chabówka Stadion ,,7216,1988,1827,1621,2389,2539,4677,4836,2555,1134,957,5039,36778
Jurata,POLREGIO Spółka Akcyjna,145,259,356,524,3125,7488,7695,10123,5146,798,726,1060,37445
Jurata,PKP INTERCITY Spółka Akcyjna ,,,,,85,1450,3593,2672,88,,,,7888
Jurata ,,145,259,356,524,3210,8938,11288,12795,5234,798,726,1060,45333
Jastarnia,POLREGIO Spółka Akcyjna,146,260,334,507,3114,7174,7567,9680,4964,767,709,1052,36274
Jastarnia,PKP INTERCITY Spółka Akcyjna ,,,,,52,1450,3675,2753,111,,,,8041
Jastarnia ,,146,260,334,507,3166,8624,11242,12433,5075,767,709,1052,44315
Kuźnica (Hel),POLREGIO Spółka Akcyjna,146,247,331,507,3093,7154,7401,9985,4857,778,731,1078,36308
Kuźnica (Hel),PKP INTERCITY Spółka Akcyjna ,,,,,106,1511,4000,3106,118,,,,8841
Kuźnica (Hel) ,,146,247,331,507,3199,8665,11401,13091,4975,778,731,1078,45149
Chałupy,POLREGIO Spółka Akcyjna,168,337,375,545,3578,8024,8909,11589,5240,968,917,1209,41859
Chałupy,PKP INTERCITY Spółka Akcyjna ,,,,,123,1659,4303,3385,125,,,,9595
Chałupy ,,168,337,375,545,3701,9683,13212,14974,5365,968,917,1209,51454
Rostarzewo,Koleje Wielkopolskie Sp. z o.o.,373,362,340,411,312,1890,519,307,360,429,769,802,6874
Rostarzewo ,,373,362,340,411,312,1890,519,307,360,429,769,802,6874
Adamowo,Koleje Wielkopolskie Sp. z o.o.,392,333,337,390,281,1886,485,296,338,386,429,758,6311
Adamowo ,,392,333,337,390,281,1886,485,296,338,386,429,758,6311
Tłoki,Koleje Wielkopolskie Sp. z o.o.,390,335,333,397,276,1891,499,297,339,403,425,764,6349
Tłoki ,,390,335,333,397,276,1891,499,297,339,403,425,764,6349
Zaosie,Łódzka Kolej Aglomeracyjna Sp. z o.o.,365,191,230,640,353,486,979,642,393,361,618,392,5650
Zaosie,POLREGIO Spółka Akcyjna,8,,12,8,,83,44,51,91,61,83,72,513
Zaosie ,,373,191,242,648,353,569,1023,693,484,422,701,464,6163
Wykno,Łódzka Kolej Aglomeracyjna Sp. z o.o.,367,198,241,658,359,471,997,665,432,357,623,390,5758
Wykno,POLREGIO Spółka Akcyjna,9,,12,8,,77,52,51,91,61,83,72,516
Wykno ,,376,198,253,666,359,548,1049,716,523,418,706,462,6274
Skrzynki,Łódzka Kolej Aglomeracyjna Sp. z o.o.,348,166,212,634,343,460,923,590,282,277,565,341,5141
Skrzynki,POLREGIO Spółka Akcyjna,8,,12,8,,83,36,45,88,49,79,70,478
Skrzynki ,,356,166,224,642,343,543,959,635,370,326,644,411,5619
Nowa Sucha,Koleje Mazowieckie - KM Spółka z o.o.,969,565,430,830,688,1585,4314,1848,1266,1344,1569,1028,16436
Nowa Sucha ,,969,565,430,830,688,1585,4314,1848,1266,1344,1569,1028,16436
Kęszyce,Koleje Mazowieckie - KM Spółka z o.o.,968,555,370,798,697,1567,4291,1823,1212,1296,1547,1010,16134
Kęszyce ,,968,555,370,798,697,1567,4291,1823,1212,1296,1547,1010,16134
Kornelin,Koleje Mazowieckie - KM Spółka z o.o.,972,570,436,833,694,1593,4329,1860,1293,1367,1578,1030,16555
Kornelin ,,972,570,436,833,694,1593,4329,1860,1293,1367,1578,1030,16555
Jasionna Łowicka,Koleje Mazowieckie - KM Spółka z o.o.,977,554,362,799,692,1560,4269,1810,1199,1276,1527,988,16013
Jasionna Łowicka ,,977,554,362,799,692,1560,4269,1810,1199,1276,1527,988,16013
Bednary,Koleje Mazowieckie - KM Spółka z o.o.,927,531,293,670,453,1413,4079,1601,991,1092,1420,790,14260
Bednary ,,927,531,293,670,453,1413,4079,1601,991,1092,1420,790,14260
Mysłaków,Koleje Mazowieckie - KM Spółka z o.o.,904,528,294,674,464,1411,4078,1585,963,1161,1565,838,14465
Mysłaków ,,904,528,294,674,464,1411,4078,1585,963,1161,1565,838,14465
Żurawica Rozrządowa,POLREGIO Spółka Akcyjna,1485,435,718,528,540,546,1340,648,523,732,592,585,8672
Żurawica Rozrządowa,PKP INTERCITY Spółka Akcyjna ,,,,,,,,,,,,,
Żurawica Rozrządowa ,,1485,435,718,528,540,546,1340,648,523,732,592,585,8672
Żurawica Osobowa,POLREGIO Spółka Akcyjna,1485,447,733,518,527,563,1324,632,515,759,592,574,8669
Żurawica Osobowa ,,1485,447,733,518,527,563,1324,632,515,759,592,574,8669
Walawa,POLREGIO Spółka Akcyjna,1548,427,699,524,562,528,1349,648,521,676,554,586,8622
Walawa ,,1548,427,699,524,562,528,1349,648,521,676,554,586,8622
Sośnica Jarosławska,POLREGIO Spółka Akcyjna,1495,409,658,511,539,493,1367,618,518,637,517,579,8341
Sośnica Jarosławska ,,1495,409,658,511,539,493,1367,618,518,637,517,579,8341
Niziny,POLREGIO Spółka Akcyjna,1524,436,685,534,556,505,1355,632,523,645,542,577,8514
Niziny ,,1524,436,685,534,556,505,1355,632,523,645,542,577,8514
Ostrów koło Radymna,POLREGIO Spółka Akcyjna,1546,400,643,517,437,436,1431,524,493,703,481,548,8159
Ostrów koło Radymna ,,1546,400,643,517,437,436,1431,524,493,703,481,548,8159
Słotwiny,Łódzka Kolej Aglomeracyjna Sp. z o.o.,355,178,205,574,314,437,914,597,250,240,547,350,4961
Słotwiny,POLREGIO Spółka Akcyjna,9,,12,14,,78,50,46,48,47,69,41,414
Słotwiny ,,364,178,217,588,314,515,964,643,298,287,616,391,5375
Marciszów,Koleje Dolnośląskie S.A.,2353,966,1031,1067,984,822,1821,1413,1829,2950,2269,1893,19398
Marciszów,POLREGIO Spółka Akcyjna,417,111,90,155,93,88,205,,259,209,168,150,1945
Marciszów ,,2770,1077,1121,1222,1077,910,2026,1413,2088,3159,2437,2043,21343
Boguszów-Gorce,Koleje Dolnośląskie S.A.,2333,950,1035,1093,945,850,1810,1460,1753,3018,2389,2079,19715
Boguszów-Gorce,POLREGIO Spółka Akcyjna,399,122,91,149,82,126,208,25,287,245,202,165,2101
Boguszów-Gorce,LEO Express Global a.s.,,,,,,,,,,,,,
Boguszów-Gorce ,,2732,1072,1126,1242,1027,976,2018,1485,2040,3263,2591,2244,21816
Łowicz Przedmieście,Łódzka Kolej Aglomeracyjna Sp. z o.o.,155,42,132,482,163,451,129,,162,282,1083,239,3320
Łowicz Przedmieście,PKP INTERCITY Spółka Akcyjna ,,,,,,,,,,,,,
Łowicz Przedmieście ,,155,42,132,482,163,451,129,,162,282,1083,239,3320
Wierzchucin,Arriva RP Sp. z o.o.,1227,312,359,945,462,882,1364,456,1318,127,660,1128,9240
Wierzchucin,CARGO Master Spółka z o.o.,,,,,,,,,,,,,
Wierzchucin ,,1227,312,359,945,462,882,1364,456,1318,127,660,1128,9240
Nędza Wieś,Koleje Śląskie Spółka z o.o.,1067,596,548,451,443,701,1214,1337,1102,735,1534,939,10667
Nędza Wieś ,,1067,596,548,451,443,701,1214,1337,1102,735,1534,939,10667
Górki Śląskie,Koleje Śląskie Spółka z o.o.,1051,596,528,463,439,681,1239,1388,1105,698,1587,908,10683
Górki Śląskie ,,1051,596,528,463,439,681,1239,1388,1105,698,1587,908,10683
Sumina,Koleje Śląskie Spółka z o.o.,973,539,507,466,432,702,1224,1313,1824,692,1557,737,10966
Sumina ,,973,539,507,466,432,702,1224,1313,1824,692,1557,737,10966
Szymocice,Koleje Śląskie Spółka z o.o.,1067,598,544,448,450,679,1216,1356,1098,707,1599,888,10650
Szymocice ,,1067,598,544,448,450,679,1216,1356,1098,707,1599,888,10650
Starachowice Wschodnie,POLREGIO Spółka Akcyjna,2020,614,573,484,1043,636,1426,1555,692,883,1540,806,12272
Starachowice Wschodnie,PKP INTERCITY Spółka Akcyjna ,674,336,185,364,423,296,772,510,277,170,580,569,5156
Starachowice Wschodnie ,,2694,950,758,848,1466,932,2198,2065,969,1053,2120,1375,17428
Ostrowiec Świętokrzyski,POLREGIO Spółka Akcyjna,1930,536,495,459,1012,563,1320,1564,578,771,1464,740,11432
Ostrowiec Świętokrzyski,PKP INTERCITY Spółka Akcyjna ,533,344,177,355,408,295,828,514,301,151,586,636,5128
Ostrowiec Świętokrzyski ,,2463,880,672,814,1420,858,2148,2078,879,922,2050,1376,16560
Góra Kalwaria,Koleje Mazowieckie - KM Spółka z o.o.,1361,608,469,930,243,1119,1027,100,632,146,144,709,7488
Góra Kalwaria,PKP INTERCITY Spółka Akcyjna ,,,,,,,,,,,,,
Góra Kalwaria ,,1361,608,469,930,243,1119,1027,100,632,146,144,709,7488
Czachówek Wschodni,Koleje Mazowieckie - KM Spółka z o.o.,1421,663,536,913,303,1147,1150,135,659,173,221,789,8110
Czachówek Wschodni ,,1421,663,536,913,303,1147,1150,135,659,173,221,789,8110
Bytom,Koleje Śląskie Spółka z o.o.,81,94,61,206,70,91,43,154,213,122,194,519,1848
Bytom ,,81,94,61,206,70,91,43,154,213,122,194,519,1848
Skarżysko Kościelne,POLREGIO Spółka Akcyjna,2050,602,580,602,1049,683,1413,1581,699,993,1589,989,12830
Skarżysko Kościelne,PKP INTERCITY Spółka Akcyjna ,690,284,203,381,434,300,805,503,283,190,572,386,5031
Skarżysko Kościelne ,,2740,886,783,983,1483,983,2218,2084,982,1183,2161,1375,17861
Ostaszewo Toruńskie,Arriva RP Sp. z o.o.,1343,811,1603,544,1440,1737,1126,598,1741,842,1740,761,14286
Ostaszewo Toruńskie ,,1343,811,1603,544,1440,1737,1126,598,1741,842,1740,761,14286
Łysomice,Arriva RP Sp. z o.o.,1313,766,1656,540,1450,1749,1187,660,1765,874,1706,824,14490
Łysomice ,,1313,766,1656,540,1450,1749,1187,660,1765,874,1706,824,14490
Nakło nad Notecią,PKP INTERCITY Spółka Akcyjna ,1607,398,443,201,387,789,1842,1860,662,676,726,1858,11449
Nakło nad Notecią,POLREGIO Spółka Akcyjna,931,732,327,280,517,803,884,977,649,798,876,635,8409
Nakło nad Notecią,CARGO Master Spółka z o.o.,,,,12,,,,,,,,,12
Nakło nad Notecią ,,2538,1130,770,493,904,1592,2726,2837,1311,1474,1602,2493,19870
Budzyń,POLREGIO Spółka Akcyjna,2412,625,1330,348,470,1357,908,1155,706,682,681,2031,12705
Budzyń,Koleje Wielkopolskie Sp. z o.o.,1013,245,1971,249,357,1360,689,884,568,330,698,767,9131
Budzyń ,,3425,870,3301,597,827,2717,1597,2039,1274,1012,1379,2798,21836
Ostrówki koło Chodzieży,POLREGIO Spółka Akcyjna,2531,737,1452,506,535,1509,1048,1320,784,758,771,2274,14225
Ostrówki koło Chodzieży,Koleje Wielkopolskie Sp. z o.o.,1097,292,1949,342,497,1601,936,1177,638,422,827,1035,10813
Ostrówki koło Chodzieży ,,3628,1029,3401,848,1032,3110,1984,2497,1422,1180,1598,3309,25038
Dziembówko,POLREGIO Spółka Akcyjna,2287,617,1287,440,472,1269,1068,1298,636,732,775,2374,13255
Dziembówko,Koleje Wielkopolskie Sp. z o.o.,898,224,1785,274,370,1427,836,1065,391,273,765,889,9197
Dziembówko ,,3185,841,3072,714,842,2696,1904,2363,1027,1005,1540,3263,22452
Grzywna,Arriva RP Sp. z o.o.,1374,799,1649,600,1507,1822,1227,675,1777,863,1791,847,14931
Grzywna ,,1374,799,1649,600,1507,1822,1227,675,1777,863,1791,847,14931
Piła Kalina,POLREGIO Spółka Akcyjna,2303,616,1310,474,527,1303,1093,1322,663,780,789,2415,13595
Piła Kalina,Koleje Wielkopolskie Sp. z o.o.,888,218,1789,274,456,1452,839,1056,392,266,796,880,9306
Piła Kalina ,,3191,834,3099,748,983,2755,1932,2378,1055,1046,1585,3295,22901
Milcz,POLREGIO Spółka Akcyjna,2367,648,1405,500,518,1304,1131,1375,659,755,825,2422,13909
Milcz,Koleje Wielkopolskie Sp. z o.o.,917,251,1841,288,428,1490,932,1136,512,300,822,1027,9944
Milcz ,,3284,899,3246,788,946,2794,2063,2511,1171,1055,1647,3449,23853
Tarnowo Rogozińskie,POLREGIO Spółka Akcyjna,1757,730,1426,427,529,1510,984,1309,829,814,764,2037,13116
Tarnowo Rogozińskie,Koleje Wielkopolskie Sp. z o.o.,998,393,2066,307,446,1559,873,1033,614,420,804,957,10470
Tarnowo Rogozińskie ,,2755,1123,3492,734,975,3069,1857,2342,1443,1234,1568,2994,23586
Sokołowo Budzyńskie,POLREGIO Spółka Akcyjna,1760,734,1430,427,531,1514,989,1307,829,814,762,2035,13132
Sokołowo Budzyńskie,Koleje Wielkopolskie Sp. z o.o.,980,393,2057,291,454,1560,859,1031,610,408,811,952,10406
Sokołowo Budzyńskie ,,2740,1127,3487,718,985,3074,1848,2338,1439,1222,1573,2987,23538
Krotoszyn,PKP INTERCITY Spółka Akcyjna ,301,479,179,300,216,392,577,1253,330,521,613,638,5799
Krotoszyn,Koleje Wielkopolskie Sp. z o.o.,305,194,218,106,522,808,480,284,634,337,668,392,4948
Krotoszyn,Koleje Dolnośląskie S.A.,204,132,129,122,143,121,452,473,244,118,332,369,2839
Krotoszyn ,,810,805,526,528,881,1321,1509,2010,1208,976,1613,1399,13586
Hagenwerder,ODEG Ostdeutsche Eisenbahn GmbH,,,254,486,1022,1396,1438,950,1448,1254,784,334,9366
Hagenwerder,Die Länderbahn Gmbh DLB,,,,,,,,,12,,,,12
Hagenwerder ,,,,254,486,1022,1396,1438,950,1460,1254,784,334,9378
Krzewina Zgorzelecka,ODEG Ostdeutsche Eisenbahn GmbH,,,247,483,992,1452,1464,957,1458,1270,783,311,9417
Krzewina Zgorzelecka ,,,,247,483,992,1452,1464,957,1458,1270,783,311,9417
Zittau,ODEG Ostdeutsche Eisenbahn GmbH,,,226,349,847,1363,1076,776,1204,1161,718,267,7987
Zittau,Die Länderbahn Gmbh DLB,,,,,,,,,,,,,
Zittau ,,,,226,349,847,1363,1076,776,1204,1161,718,267,7987
Hirschfelde,ODEG Ostdeutsche Eisenbahn GmbH,,,266,482,1000,1503,1219,882,1378,1364,811,341,9246
Hirschfelde ,,,,266,482,1000,1503,1219,882,1378,1364,811,341,9246
Balin,POLREGIO Spółka Akcyjna,2055,1161,1215,858,723,722,711,1442,1379,1933,1877,1220,15296
Balin,Koleje Śląskie Spółka z o.o.,,,,,,,,,,,,36,36
Balin ,,2055,1161,1215,858,723,722,711,1442,1379,1933,1877,1256,15332
Ostrzeszów,PKP INTERCITY Spółka Akcyjna ,1248,474,505,427,734,1673,1534,2986,1913,1062,1458,1372,15386
Ostrzeszów,Koleje Wielkopolskie Sp. z o.o.,40,24,121,562,221,508,454,516,233,61,234,126,3100
Ostrzeszów,POLREGIO Spółka Akcyjna,98,61,134,293,79,88,100,155,273,492,236,211,2220
Ostrzeszów,Łódzka Kolej Aglomeracyjna Sp. z o.o.,,,,,,,,,,,,,
Ostrzeszów ,,1386,559,760,1282,1034,2269,2088,3657,2419,1615,1928,1709,20706
Wrocław Pawłowice,Koleje Dolnośląskie S.A.,645,229,289,602,344,405,469,679,1574,454,1068,1445,8203
Wrocław Pawłowice ,,645,229,289,602,344,405,469,679,1574,454,1068,1445,8203
Wrocław Zakrzów,Koleje Dolnośląskie S.A.,651,230,292,610,346,407,473,716,1581,461,1089,1458,8314
Wrocław Zakrzów ,,651,230,292,610,346,407,473,716,1581,461,1089,1458,8314
Mrzezino,POLREGIO Spółka Akcyjna,319,455,287,463,3665,7191,7772,8138,5020,955,1122,1228,36615
Mrzezino ,,319,455,287,463,3665,7191,7772,8138,5020,955,1122,1228,36615
Pasikurowice,Koleje Dolnośląskie S.A.,609,222,286,595,337,404,417,450,1573,459,1037,1429,7818
Pasikurowice ,,609,222,286,595,337,404,417,450,1573,459,1037,1429,7818
Grybów,POLREGIO Spółka Akcyjna,2493,700,991,260,484,723,1132,1398,1352,421,620,596,11170
Grybów,PKP INTERCITY Spółka Akcyjna ,766,205,361,217,701,360,502,961,810,210,222,520,5835
Grybów,Koleje Małopolskie Sp. z o.o.,74,217,129,21,65,29,47,25,78,66,105,54,910
Grybów,PKP CARGO S.A. w restrukturyzacji,,,,,,,,,,,,,
Grybów ,,3333,1122,1481,498,1250,1112,1681,2384,2240,697,947,1170,17915
Stróże,POLREGIO Spółka Akcyjna,2465,682,978,278,474,700,1147,1392,1283,426,615,539,10979
Stróże,PKP INTERCITY Spółka Akcyjna ,768,205,361,212,688,362,500,955,824,210,223,533,5841
Stróże,Koleje Małopolskie Sp. z o.o.,74,217,129,21,8,29,39,23,70,60,111,54,835
Stróże,PKP CARGO S.A. w restrukturyzacji,,,,,,,,,,,,,
Stróże ,,3307,1104,1468,511,1170,1091,1686,2370,2177,696,949,1126,17655
Ramiszów,Koleje Dolnośląskie S.A.,629,224,284,600,341,404,452,488,1573,453,1047,1436,7931
Ramiszów ,,629,224,284,600,341,404,452,488,1573,453,1047,1436,7931
Zagajnik,Koleje Dolnośląskie S.A.,1845,736,971,651,1033,741,2141,822,2739,1441,1054,1657,15831
Zagajnik ,,1845,736,971,651,1033,741,2141,822,2739,1441,1054,1657,15831
Wąbrzeźno,PKP INTERCITY Spółka Akcyjna ,961,334,488,375,279,1320,1572,954,968,1100,1060,1042,10453
Wąbrzeźno,POLREGIO Spółka Akcyjna,1761,389,571,544,504,708,631,1236,505,538,639,547,8573
Wąbrzeźno,CARGO Master Spółka z o.o.,,,,,,,,,,,,,
Wąbrzeźno ,,2722,723,1059,919,783,2028,2203,2190,1473,1638,1699,1589,19026
Kowalewo Pomorskie,PKP INTERCITY Spółka Akcyjna ,912,327,500,374,280,1309,1589,966,973,1095,1065,1062,10452
Kowalewo Pomorskie,POLREGIO Spółka Akcyjna,1832,414,567,543,517,730,625,1270,489,559,642,635,8823
Kowalewo Pomorskie,CARGO Master Spółka z o.o.,,,,,,,,,,,,,
Kowalewo Pomorskie ,,2744,741,1067,917,797,2039,2214,2236,1462,1654,1707,1697,19275
Jędrzychowice,POLREGIO Spółka Akcyjna,409,289,506,496,256,953,376,1329,4664,3015,5048,2855,20196
Jędrzychowice,Koleje Dolnośląskie S.A.,715,252,340,230,477,346,1095,441,1193,575,542,629,6835
Jędrzychowice ,,1124,541,846,726,733,1299,1471,1770,5857,3590,5590,3484,27031
Jezierzany,Koleje Dolnośląskie S.A.,1175,298,404,512,733,411,1197,328,2068,1134,944,805,10009
Jezierzany ,,1175,298,404,512,733,411,1197,328,2068,1134,944,805,10009
Wyszków,Koleje Mazowieckie - KM Spółka z o.o.,1688,419,301,597,483,427,789,679,586,943,1446,196,8554
Wyszków,PKP INTERCITY Spółka Akcyjna ,,,,,,,,,,,,,
Wyszków ,,1688,419,301,597,483,427,789,679,586,943,1446,196,8554
Bobowa-Miasto,POLREGIO Spółka Akcyjna,2666,758,986,277,514,718,1149,1177,1251,476,684,518,11174
Bobowa-Miasto,PKP INTERCITY Spółka Akcyjna ,803,216,379,267,697,381,509,976,903,213,235,554,6133
Bobowa-Miasto,Koleje Małopolskie Sp. z o.o.,95,227,151,21,8,37,50,20,66,83,100,58,916
Bobowa-Miasto ,,3564,1201,1516,565,1219,1136,1708,2173,2220,772,1019,1130,18223
Mostówka,Koleje Mazowieckie - KM Spółka z o.o.,1655,418,343,633,526,366,774,584,642,761,1138,217,8057
Mostówka ,,1655,418,343,633,526,366,774,584,642,761,1138,217,8057
Chotyłów,PKP INTERCITY Spółka Akcyjna ,641,211,797,453,586,700,632,629,819,913,1304,1040,8725
Chotyłów,POLREGIO Spółka Akcyjna,565,307,128,100,232,150,258,169,99,413,323,124,2868
Chotyłów ,,1206,518,925,553,818,850,890,798,918,1326,1627,1164,11593
Terespol,PKP INTERCITY Spółka Akcyjna ,634,183,789,411,508,680,630,616,796,844,1221,951,8263
Terespol,POLREGIO Spółka Akcyjna,436,212,130,76,239,126,225,163,67,366,236,76,2352
Terespol ,,1070,395,919,487,747,806,855,779,863,1210,1457,1027,10615
Małaszewicze,PKP INTERCITY Spółka Akcyjna ,668,237,817,442,547,707,644,605,836,911,1284,1005,8703
Małaszewicze,POLREGIO Spółka Akcyjna,468,243,140,91,242,151,249,182,99,400,278,92,2635
Małaszewicze ,,1136,480,957,533,789,858,893,787,935,1311,1562,1097,11338
Włocławek Zazamcze,POLREGIO Spółka Akcyjna,927,516,507,699,635,659,1266,2092,859,1280,976,757,11173
Włocławek Zazamcze ,,927,516,507,699,635,659,1266,2092,859,1280,976,757,11173
Turzno Kujawskie,POLREGIO Spółka Akcyjna,1066,513,495,700,647,761,1203,2055,903,1310,1051,751,11455
Turzno Kujawskie ,,1066,513,495,700,647,761,1203,2055,903,1310,1051,751,11455
Otłoczyn,POLREGIO Spółka Akcyjna,1129,473,489,689,585,756,1184,1976,903,1403,1048,684,11319
Otłoczyn ,,1129,473,489,689,585,756,1184,1976,903,1403,1048,684,11319
Nieszawa Waganiec,POLREGIO Spółka Akcyjna,951,490,474,665,581,716,1167,2019,866,1209,1013,709,10860
Nieszawa Waganiec ,,951,490,474,665,581,716,1167,2019,866,1209,1013,709,10860
Lubanie,POLREGIO Spółka Akcyjna,968,530,476,682,613,709,1240,2059,891,1196,971,737,11072
Lubanie ,,968,530,476,682,613,709,1240,2059,891,1196,971,737,11072
Brzezie,POLREGIO Spółka Akcyjna,955,525,483,684,616,670,1252,2067,878,1198,957,744,11029
Brzezie ,,955,525,483,684,616,670,1252,2067,878,1198,957,744,11029
Toruń Czerniewice,POLREGIO Spółka Akcyjna,1087,480,488,674,590,737,1114,1947,946,1446,1046,676,11231
Toruń Czerniewice ,,1087,480,488,674,590,737,1114,1947,946,1446,1046,676,11231
Dobiegniew,PKP INTERCITY Spółka Akcyjna ,2463,1454,1327,1378,1128,2186,1826,2230,2017,1915,1904,2490,22318
Dobiegniew,POLREGIO Spółka Akcyjna,931,372,534,478,490,957,354,254,521,468,485,684,6528
Dobiegniew ,,3394,1826,1861,1856,1618,3143,2180,2484,2538,2383,2389,3174,28846
Płock,Koleje Mazowieckie - KM Spółka z o.o.,1608,2840,717,1744,660,1387,1568,1380,1221,945,469,806,15345
Płock,PKP INTERCITY Spółka Akcyjna ,464,258,469,498,394,424,610,1210,542,353,684,334,6240
Płock,CARGO Master Spółka z o.o.,,,,,15,,,,,,,,15
Płock ,,2072,3098,1186,2242,1069,1811,2178,2590,1763,1298,1153,1140,21600
Rurka,POLREGIO Spółka Akcyjna,678,949,619,288,512,1066,821,784,701,495,1346,745,9004
Rurka ,,678,949,619,288,512,1066,821,784,701,495,1346,745,9004
Tomaszów Bolesławiecki,Koleje Dolnośląskie S.A.,1946,789,998,631,1016,786,2204,954,2729,1402,1052,1587,16094
Tomaszów Bolesławiecki ,,1946,789,998,631,1016,786,2204,954,2729,1402,1052,1587,16094
Osetnica,Koleje Dolnośląskie S.A.,2006,812,1029,700,1044,789,2122,973,2712,1407,1021,1569,16184
Osetnica ,,2006,812,1029,700,1044,789,2122,973,2712,1407,1021,1569,16184
Okmiany,Koleje Dolnośląskie S.A.,1868,708,939,638,993,770,2160,939,2635,1369,980,1515,15514
Okmiany ,,1868,708,939,638,993,770,2160,939,2635,1369,980,1515,15514
Witnica,POLREGIO Spółka Akcyjna,5878,1990,2133,2515,1818,1563,2590,1597,1928,2229,3585,3034,30860
Witnica,PKP INTERCITY Spółka Akcyjna ,114,34,30,44,78,146,31,147,45,154,177,47,1047
Witnica ,,5992,2024,2163,2559,1896,1709,2621,1744,1973,2383,3762,3081,31907
Bąkowiec,Koleje Mazowieckie - KM Spółka z o.o.,403,531,292,580,409,945,1238,530,665,454,564,387,6998
Bąkowiec,PKP INTERCITY Spółka Akcyjna ,,,,,,,,,,,,,
Bąkowiec ,,403,531,292,580,409,945,1238,530,665,454,564,387,6998
Żytkowice,Koleje Mazowieckie - KM Spółka z o.o.,410,588,311,581,444,923,1347,653,757,455,560,389,7418
Żytkowice ,,410,588,311,581,444,923,1347,653,757,455,560,389,7418
Zajezierze koło Dęblina,Koleje Mazowieckie - KM Spółka z o.o.,386,515,291,555,474,1440,1272,539,849,459,581,398,7759
Zajezierze koło Dęblina,PKP INTERCITY Spółka Akcyjna ,,,,,,,,,,,,,
Zajezierze koło Dęblina ,,386,515,291,555,474,1440,1272,539,849,459,581,398,7759
Garbatka-Letnisko,Koleje Mazowieckie - KM Spółka z o.o.,400,540,304,581,422,896,1314,555,655,475,552,383,7077
Garbatka-Letnisko ,,400,540,304,581,422,896,1314,555,655,475,552,383,7077
Potok,POLREGIO Spółka Akcyjna,4556,1014,1168,643,929,1105,2049,2116,1562,1464,2033,1136,19775
Potok ,,4556,1014,1168,643,929,1105,2049,2116,1562,1464,2033,1136,19775
Miąsowa,POLREGIO Spółka Akcyjna,4013,1155,1189,630,861,1118,2168,2131,1343,1366,2105,1109,19188
Miąsowa ,,4013,1155,1189,630,861,1118,2168,2131,1343,1366,2105,1109,19188
Krzcięcice,POLREGIO Spółka Akcyjna,4563,1004,1162,629,929,1070,1982,2083,1522,1455,2003,1123,19525
Krzcięcice ,,4563,1004,1162,629,929,1070,1982,2083,1522,1455,2003,1123,19525
Wolica,POLREGIO Spółka Akcyjna,3778,1090,1221,663,840,1138,2212,2131,1318,1296,2040,1095,18822
Wolica ,,3778,1090,1221,663,840,1138,2212,2131,1318,1296,2040,1095,18822
Sobków,POLREGIO Spółka Akcyjna,3839,1079,1076,667,833,1115,2192,2139,1304,1362,2067,1113,18786
Sobków ,,3839,1079,1076,667,833,1115,2192,2139,1304,1362,2067,1113,18786
Radkowice,POLREGIO Spółka Akcyjna,3760,1103,1254,660,835,1333,2222,2127,1308,1330,2094,1118,19144
Radkowice ,,3760,1103,1254,660,835,1333,2222,2127,1308,1330,2094,1118,19144
Częstochowa Aniołów,POLREGIO Spółka Akcyjna,1354,573,1006,539,657,658,1519,1702,1089,671,1038,704,11510
Częstochowa Aniołów,Łódzka Kolej Aglomeracyjna Sp. z o.o.,,,,,,,,,,,,30,30
Częstochowa Aniołów ,,1354,573,1006,539,657,658,1519,1702,1089,671,1038,734,11540
Rybienko,Koleje Mazowieckie - KM Spółka z o.o.,1707,446,311,623,499,276,819,567,618,983,1387,192,8428
Rybienko ,,1707,446,311,623,499,276,819,567,618,983,1387,192,8428
Lucynów,Koleje Mazowieckie - KM Spółka z o.o.,1708,432,320,639,510,280,827,568,630,991,1380,200,8485
Lucynów ,,1708,432,320,639,510,280,827,568,630,991,1380,200,8485
Świebodzin,PKP INTERCITY Spółka Akcyjna ,5607,4367,4629,2997,2742,8148,3481,4385,3560,4766,3429,3469,51580
Świebodzin,POLREGIO Spółka Akcyjna,4483,2705,4811,3103,2865,4138,2447,2510,3328,3019,3916,1989,39314
Świebodzin ,,10090,7072,9440,6100,5607,12286,5928,6895,6888,7785,7345,5458,90894
Sumina Wieś,Koleje Śląskie Spółka z o.o.,1020,569,570,475,450,529,1210,1366,644,797,1736,831,10197
Sumina Wieś ,,1020,569,570,475,450,529,1210,1366,644,797,1736,831,10197
Rydułtowy,Koleje Śląskie Spółka z o.o.,1012,550,583,458,414,561,1155,1331,608,739,1741,777,9929
Rydułtowy ,,1012,550,583,458,414,561,1155,1331,608,739,1741,777,9929
Łuków Śląski,Koleje Śląskie Spółka z o.o.,1021,568,590,490,440,545,1210,1352,645,787,1745,879,10272
Łuków Śląski ,,1021,568,590,490,440,545,1210,1352,645,787,1745,879,10272
Rybnik Niedobczyce,Koleje Śląskie Spółka z o.o.,985,586,608,467,413,560,1188,1331,621,730,1789,709,9987
Rybnik Niedobczyce ,,985,586,608,467,413,560,1188,1331,621,730,1789,709,9987
Rybnik Niewiadom,Koleje Śląskie Spółka z o.o.,962,570,596,480,412,557,1184,1312,619,726,1723,679,9820
Rybnik Niewiadom ,,962,570,596,480,412,557,1184,1312,619,726,1723,679,9820
Jarzębia Łąka,Koleje Mazowieckie - KM Spółka z o.o.,1632,451,395,658,525,323,781,577,678,813,1140,242,8215
Jarzębia Łąka ,,1632,451,395,658,525,323,781,577,678,813,1140,242,8215
Grzegorzewo,Koleje Mazowieckie - KM Spółka z o.o.,1634,456,396,657,527,323,776,583,672,802,1131,238,8195
Grzegorzewo ,,1634,456,396,657,527,323,776,583,672,802,1131,238,8195
Żelistrzewo,POLREGIO Spółka Akcyjna,270,410,300,516,3545,7123,7168,8177,5052,1069,1216,1168,36014
Żelistrzewo ,,270,410,300,516,3545,7123,7168,8177,5052,1069,1216,1168,36014
Starogard Gdański,POLREGIO Spółka Akcyjna,1991,782,716,1409,1631,1841,1496,2201,1519,1369,924,978,16857
Starogard Gdański,PKP INTERCITY Spółka Akcyjna ,239,83,52,134,130,329,54,111,64,449,89,58,1792
Starogard Gdański,CARGO Master Spółka z o.o.,,,,,,,,,,,,,
Starogard Gdański ,,2230,865,768,1543,1761,2170,1550,2312,1583,1818,1013,1036,18649
Sobótka,Koleje Dolnośląskie S.A.,1892,621,417,820,667,770,880,1037,1623,1103,1651,1278,12759
Sobótka,PKP INTERCITY Spółka Akcyjna ,,,,,,,,,,,,,
Sobótka ,,1892,621,417,820,667,770,880,1037,1623,1103,1651,1278,12759
Kościerzyna,POLREGIO Spółka Akcyjna,491,306,650,601,450,515,1186,852,681,708,477,581,7498
Kościerzyna,CARGO Master Spółka z o.o.,,,,22,,,,,,,,,22
Kościerzyna ,,491,306,650,623,450,515,1186,852,681,708,477,581,7520
Łobez,PKP INTERCITY Spółka Akcyjna ,3951,1328,1132,1411,1494,2822,3332,3462,1214,1489,2037,3941,27613
Łobez,POLREGIO Spółka Akcyjna,1251,217,785,414,571,535,502,813,708,583,374,973,7726
Łobez ,,5202,1545,1917,1825,2065,3357,3834,4275,1922,2072,2411,4914,35339
Nowy Sącz Dąbrówka,POLREGIO Spółka Akcyjna,2488,742,903,323,357,688,970,1576,1324,327,631,545,10874
Nowy Sącz Dąbrówka ,,2488,742,903,323,357,688,970,1576,1324,327,631,545,10874
Nowy Sącz Biegonice,POLREGIO Spółka Akcyjna,2469,599,910,263,314,639,936,1514,1302,342,604,528,10420
Nowy Sącz Biegonice ,,2469,599,910,263,314,639,936,1514,1302,342,604,528,10420
Barcice,POLREGIO Spółka Akcyjna,2674,572,957,226,350,621,1097,1605,1386,403,609,559,11059
Barcice ,,2674,572,957,226,350,621,1097,1605,1386,403,609,559,11059
Piwniczna,POLREGIO Spółka Akcyjna,2433,541,1017,268,384,621,1070,1494,1333,367,589,512,10629
Piwniczna,PKP CARGO S.A. w restrukturyzacji,,,,,,,,,,,,,
Piwniczna ,,2433,541,1017,268,384,621,1070,1494,1333,367,589,512,10629
Zabrzeg,Koleje Śląskie Spółka z o.o.,2554,1216,1752,2289,1928,3001,2077,1390,2454,1679,2228,2634,25202
Zabrzeg ,,2554,1216,1752,2289,1928,3001,2077,1390,2454,1679,2228,2634,25202
Kuźnia Raciborska,PKP INTERCITY Spółka Akcyjna ,1814,426,1057,275,520,1431,1376,1733,786,531,1227,2314,13490
Kuźnia Raciborska,POLREGIO Spółka Akcyjna,1276,751,508,739,695,1110,591,637,1141,962,1445,1010,10865
Kuźnia Raciborska ,,3090,1177,1565,1014,1215,2541,1967,2370,1927,1493,2672,3324,24355
Młodów,POLREGIO Spółka Akcyjna,2452,576,1011,263,404,691,1140,1585,1380,382,639,616,11139
Młodów ,,2452,576,1011,263,404,691,1140,1585,1380,382,639,616,11139
Pyskowice,PKP INTERCITY Spółka Akcyjna ,2524,634,1109,935,1158,3085,2981,1683,1722,1413,2406,724,20374
Pyskowice,POLREGIO Spółka Akcyjna,977,313,463,467,807,1089,1154,800,890,1032,1232,743,9967
Pyskowice ,,3501,947,1572,1402,1965,4174,4135,2483,2612,2445,3638,1467,30341
Widzów Teklinów,POLREGIO Spółka Akcyjna,1466,622,1010,621,708,594,1464,1672,1264,677,1038,741,11877
Widzów Teklinów ,,1466,622,1010,621,708,594,1464,1672,1264,677,1038,741,11877
Jacków,POLREGIO Spółka Akcyjna,1555,653,1014,591,747,656,1536,1718,1283,733,1086,752,12324
Jacków ,,1555,653,1014,591,747,656,1536,1718,1283,733,1086,752,12324
Rudniki koło Częstochowy,POLREGIO Spółka Akcyjna,1349,562,1019,534,669,578,1483,1752,1109,669,1021,672,11417
Rudniki koło Częstochowy ,,1349,562,1019,534,669,578,1483,1752,1109,669,1021,672,11417
Rzerzęczyce,POLREGIO Spółka Akcyjna,1445,562,1026,555,728,594,1550,1748,1140,689,1103,744,11884
Rzerzęczyce ,,1445,562,1026,555,728,594,1550,1748,1140,689,1103,744,11884
Kłomnice,POLREGIO Spółka Akcyjna,1527,614,977,556,704,629,1501,1672,1235,729,1083,718,11945
Kłomnice ,,1527,614,977,556,704,629,1501,1672,1235,729,1083,718,11945
Bobry,POLREGIO Spółka Akcyjna,1560,625,1027,612,731,590,1542,1720,1255,668,1076,825,12231
Bobry ,,1560,625,1027,612,731,590,1542,1720,1255,668,1076,825,12231
Stare Pole,POLREGIO Spółka Akcyjna,1969,653,779,578,680,1038,2584,1882,1037,1281,1113,1061,14655
Stare Pole ,,1969,653,779,578,680,1038,2584,1882,1037,1281,1113,1061,14655
Królewo Malborskie,POLREGIO Spółka Akcyjna,2005,677,789,608,720,1110,2695,1990,1069,1314,1135,1098,15210
Królewo Malborskie ,,2005,677,789,608,720,1110,2695,1990,1069,1314,1135,1098,15210
Gronowo Elbląskie,POLREGIO Spółka Akcyjna,1987,632,750,589,670,1019,2569,1737,1157,1288,1074,1062,14534
Gronowo Elbląskie ,,1987,632,750,589,670,1019,2569,1737,1157,1288,1074,1062,14534
Fiszewo,POLREGIO Spółka Akcyjna,1986,662,797,591,682,1044,2637,1853,1150,1310,1110,1080,14902
Fiszewo ,,1986,662,797,591,682,1044,2637,1853,1150,1310,1110,1080,14902
Swarzewo,POLREGIO Spółka Akcyjna,239,390,326,499,3737,7280,7291,8883,5216,1021,1173,1175,37230
Swarzewo ,,239,390,326,499,3737,7280,7291,8883,5216,1021,1173,1175,37230
Jasionka Lotnisko,POLREGIO Spółka Akcyjna,357,32,173,71,7,39,34,32,101,74,55,105,1080
Jasionka Lotnisko ,,357,32,173,71,7,39,34,32,101,74,55,105,1080
Głogów Małopolski Południowy,POLREGIO Spółka Akcyjna,392,41,181,71,7,46,40,46,108,83,55,121,1191
Głogów Małopolski Południowy ,,392,41,181,71,7,46,40,46,108,83,55,121,1191
Bukowno,POLREGIO Spółka Akcyjna,2796,397,434,930,1156,1590,663,741,842,865,1553,887,12854
Bukowno ,,2796,397,434,930,1156,1590,663,741,842,865,1553,887,12854
Bielsk Podlaski,POLREGIO Spółka Akcyjna,1455,732,704,713,909,880,1100,1359,1363,738,985,933,11871
Bielsk Podlaski,PKP INTERCITY Spółka Akcyjna ,653,202,369,173,310,287,308,315,275,368,654,706,4620
Bielsk Podlaski ,,2108,934,1073,886,1219,1167,1408,1674,1638,1106,1639,1639,16491
Olkusz,POLREGIO Spółka Akcyjna,2812,391,377,770,1139,1720,734,851,809,807,1610,1095,13115
Olkusz ,,2812,391,377,770,1139,1720,734,851,809,807,1610,1095,13115
Wola Rzędzińska,POLREGIO Spółka Akcyjna,1887,785,932,394,544,337,853,898,683,734,744,788,9579
Wola Rzędzińska ,,1887,785,932,394,544,337,853,898,683,734,744,788,9579
Wałki,POLREGIO Spółka Akcyjna,1918,825,946,417,626,396,923,914,705,810,795,832,10107
Wałki ,,1918,825,946,417,626,396,923,914,705,810,795,832,10107
Czarna Tarnowska,POLREGIO Spółka Akcyjna,1880,809,940,402,589,384,905,889,674,771,750,811,9804
Czarna Tarnowska ,,1880,809,940,402,589,384,905,889,674,771,750,811,9804
Grabiny,POLREGIO Spółka Akcyjna,1871,787,902,388,591,392,879,871,660,767,713,807,9628
Grabiny ,,1871,787,902,388,591,392,879,871,660,767,713,807,9628
Wrocławki,Arriva RP Sp. z o.o.,992,669,1619,611,1529,1840,1277,626,1636,780,1601,752,13932
Wrocławki ,,992,669,1619,611,1529,1840,1277,626,1636,780,1601,752,13932
Kornatowo,Arriva RP Sp. z o.o.,931,667,1499,533,1337,1723,1266,599,1504,590,1353,588,12590
Kornatowo ,,931,667,1499,533,1337,1723,1266,599,1504,590,1353,588,12590
Firlus,Arriva RP Sp. z o.o.,977,664,1599,583,1512,1839,1291,637,1627,747,1559,747,13782
Firlus ,,977,664,1599,583,1512,1839,1291,637,1627,747,1559,747,13782
Nowe Drezdenko,POLREGIO Spółka Akcyjna,5453,1596,1683,2144,1647,1442,2323,1385,1659,1872,3566,2597,27367
Nowe Drezdenko,PKP INTERCITY Spółka Akcyjna ,557,115,370,275,289,676,887,782,329,333,356,290,5259
Nowe Drezdenko ,,6010,1711,2053,2419,1936,2118,3210,2167,1988,2205,3922,2887,32626
Rusinowice,Koleje Śląskie Spółka z o.o.,405,223,221,87,75,178,72,80,401,194,416,454,2806
Rusinowice ,,405,223,221,87,75,178,72,80,401,194,416,454,2806
Koszęcin,Koleje Śląskie Spółka z o.o.,389,223,187,81,66,174,92,78,464,196,356,447,2753
Koszęcin ,,389,223,187,81,66,174,92,78,464,196,356,447,2753
Wrocław Swojczyce,Koleje Dolnośląskie S.A.,868,326,545,308,220,215,527,317,705,431,539,546,5547
Wrocław Swojczyce ,,868,326,545,308,220,215,527,317,705,431,539,546,5547
Wrocław Popiele,Koleje Dolnośląskie S.A.,949,353,563,344,205,239,553,377,753,468,572,594,5970
Wrocław Popiele ,,949,353,563,344,205,239,553,377,753,468,572,594,5970
Wrocław Kowale,Koleje Dolnośląskie S.A.,970,360,570,347,213,249,557,383,775,478,584,617,6103
Wrocław Kowale ,,970,360,570,347,213,249,557,383,775,478,584,617,6103
Świdwin,PKP INTERCITY Spółka Akcyjna ,3971,1316,1104,1429,1476,3300,3326,3503,1132,1373,2080,4028,28038
Świdwin,POLREGIO Spółka Akcyjna,1422,123,647,513,601,664,470,710,613,610,470,1018,7861
Świdwin ,,5393,1439,1751,1942,2077,3964,3796,4213,1745,1983,2550,5046,35899
Gorzów Wielkopolski Wschodni,POLREGIO Spółka Akcyjna,5685,1879,1899,1847,1726,1519,2299,1397,1726,1969,3623,2750,28319
Gorzów Wielkopolski Wschodni,PKP INTERCITY Spółka Akcyjna ,677,122,335,186,307,748,904,785,361,358,344,284,5411
Gorzów Wielkopolski Wschodni ,,6362,2001,2234,2033,2033,2267,3203,2182,2087,2327,3967,3034,33730
Tuchola,Arriva RP Sp. z o.o.,994,190,265,701,442,879,1049,380,1053,108,424,639,7124
Tuchola,POLREGIO Spółka Akcyjna,,,,,,,,,,,,,
Tuchola ,,994,190,265,701,442,879,1049,380,1053,108,424,639,7124
Wrocław Strachocin,Koleje Dolnośląskie S.A.,956,394,652,353,236,237,518,314,715,430,553,460,5818
Wrocław Strachocin ,,956,394,652,353,236,237,518,314,715,430,553,460,5818
Wrocław Wojnów,Koleje Dolnośląskie S.A.,942,399,656,342,235,236,515,305,721,415,538,461,5765
Wrocław Wojnów ,,942,399,656,342,235,236,515,305,721,415,538,461,5765
Wrocław Wojnów Wschodni,Koleje Dolnośląskie S.A.,920,405,649,340,235,236,512,302,723,414,531,463,5730
Wrocław Wojnów Wschodni ,,920,405,649,340,235,236,512,302,723,414,531,463,5730
Dobrzykowice Wrocławskie,Koleje Dolnośląskie S.A.,874,399,571,311,227,210,464,256,656,377,464,444,5253
Dobrzykowice Wrocławskie ,,874,399,571,311,227,210,464,256,656,377,464,444,5253
Nadolice Wielkie,Koleje Dolnośląskie S.A.,832,405,581,381,257,290,474,263,641,473,412,433,5442
Nadolice Wielkie ,,832,405,581,381,257,290,474,263,641,473,412,433,5442
Chrząstawa Mała,Koleje Dolnośląskie S.A.,839,395,569,386,258,291,469,263,661,487,411,433,5462
Chrząstawa Mała ,,839,395,569,386,258,291,469,263,661,487,411,433,5462
Nadolice Małe,Koleje Dolnośląskie S.A.,817,410,597,373,254,290,477,263,643,433,398,430,5385
Nadolice Małe ,,817,410,597,373,254,290,477,263,643,433,398,430,5385
Kalwaria Zebrzydowska Lanckorona,PKP INTERCITY Spółka Akcyjna ,3518,959,887,782,1257,1447,2186,2903,1519,554,877,1942,18831
Kalwaria Zebrzydowska Lanckorona,POLREGIO Spółka Akcyjna,2122,801,853,845,1136,627,1823,1296,877,588,623,793,12384
Kalwaria Zebrzydowska Lanckorona,Koleje Małopolskie Sp. z o.o.,186,,,,19,,38,37,10,,,15,305
Kalwaria Zebrzydowska Lanckorona,Koleje Śląskie Spółka z o.o.,,,,,,,,,,,,61,61
Kalwaria Zebrzydowska Lanckorona ,,5826,1760,1740,1627,2412,2074,4047,4236,2406,1142,1500,2811,31581
Chojna,PKP INTERCITY Spółka Akcyjna ,2205,988,1167,1134,2284,1772,1628,1237,2526,1490,1959,1611,20001
Chojna,POLREGIO Spółka Akcyjna,520,374,820,336,715,470,505,300,464,447,803,629,6383
Chojna ,,2725,1362,1987,1470,2999,2242,2133,1537,2990,1937,2762,2240,26384
Dobroszyce,POLREGIO Spółka Akcyjna,700,1043,1028,504,623,593,790,469,1664,392,446,683,8935
Dobroszyce,Koleje Dolnośląskie S.A.,829,645,219,453,400,329,969,1030,744,507,680,679,7484
Dobroszyce ,,1529,1688,1247,957,1023,922,1759,1499,2408,899,1126,1362,16419
Kraśnik,PKP INTERCITY Spółka Akcyjna ,2038,861,873,524,577,1156,2389,1862,1167,1156,876,1636,15115
Kraśnik,POLREGIO Spółka Akcyjna,765,282,855,355,302,931,1358,668,472,590,433,524,7535
Kraśnik ,,2803,1143,1728,879,879,2087,3747,2530,1639,1746,1309,2160,22650
Grabowno Wielkie,POLREGIO Spółka Akcyjna,731,655,917,529,623,624,786,475,1447,408,433,666,8294
Grabowno Wielkie,Koleje Dolnośląskie S.A.,838,334,204,443,373,330,961,975,813,492,694,713,7170
Grabowno Wielkie ,,1569,989,1121,972,996,954,1747,1450,2260,900,1127,1379,15464
Bohumin,PKP INTERCITY Spółka Akcyjna ,5559,3085,3314,4138,3811,6173,6001,5775,3359,4453,6873,3209,55750
Bohumin,Koleje Śląskie Spółka z o.o.,446,428,203,387,430,358,554,675,333,154,551,210,4729
Bohumin ,,6005,3513,3517,4525,4241,6531,6555,6450,3692,4607,7424,3419,60479
Kramsk,Koleje Wielkopolskie Sp. z o.o.,804,753,970,1009,1722,1688,858,658,652,1123,766,894,11897
Kramsk ,,804,753,970,1009,1722,1688,858,658,652,1123,766,894,11897
Budki Nowe,Koleje Wielkopolskie Sp. z o.o.,910,824,1087,1185,1946,1778,918,678,771,1267,985,1013,13362
Budki Nowe ,,910,824,1087,1185,1946,1778,918,678,771,1267,985,1013,13362
Rzeszotary,Koleje Dolnośląskie S.A.,3919,1042,1288,1791,2616,1177,2375,1091,2199,1706,2242,1584,23030
Rzeszotary ,,3919,1042,1288,1791,2616,1177,2375,1091,2199,1706,2242,1584,23030
Raszówka,Koleje Dolnośląskie S.A.,3668,987,1084,1639,2622,1108,2218,997,2099,1478,2159,1454,21513
Raszówka ,,3668,987,1084,1639,2622,1108,2218,997,2099,1478,2159,1454,21513
Gorzelin,Koleje Dolnośląskie S.A.,3816,958,1212,1808,2957,1052,2292,1151,2171,1647,2126,1501,22691
Gorzelin ,,3816,958,1212,1808,2957,1052,2292,1151,2171,1647,2126,1501,22691
Chróstnik,Koleje Dolnośląskie S.A.,3785,956,1193,1797,2977,1046,2301,1151,2159,1637,2135,1499,22636
Chróstnik ,,3785,956,1193,1797,2977,1046,2301,1151,2159,1637,2135,1499,22636
Grupa,Arriva RP Sp. z o.o.,522,395,303,629,598,612,988,868,983,526,677,529,7630
Grupa,CARGO Master Spółka z o.o.,,,,8,,,,,,,,,8
Grupa ,,522,395,303,637,598,612,988,868,983,526,677,529,7638
Jeżewo,Arriva RP Sp. z o.o.,495,404,351,651,647,647,1046,882,1103,566,738,608,8138
Jeżewo ,,495,404,351,651,647,647,1046,882,1103,566,738,608,8138
Dubielno,Arriva RP Sp. z o.o.,505,391,343,654,644,655,1046,885,1085,530,727,591,8056
Dubielno ,,505,391,343,654,644,655,1046,885,1085,530,727,591,8056
Nowiny Wielkie,POLREGIO Spółka Akcyjna,5919,1980,2097,2487,1806,1581,2591,1609,1920,2224,3602,3050,30866
Nowiny Wielkie ,,5919,1980,2097,2487,1806,1581,2591,1609,1920,2224,3602,3050,30866
Bogdaniec,POLREGIO Spółka Akcyjna,5910,1916,2070,2447,1867,1587,2575,1631,1931,2239,3622,3074,30869
Bogdaniec ,,5910,1916,2070,2447,1867,1587,2575,1631,1931,2239,3622,3074,30869
Kamień Mały,POLREGIO Spółka Akcyjna,5998,2019,2139,2554,1839,1577,2619,1612,1947,2264,3606,3076,31250
Kamień Mały ,,5998,2019,2139,2554,1839,1577,2619,1612,1947,2264,3606,3076,31250
Dąbroszyn,POLREGIO Spółka Akcyjna,6018,2051,2160,2572,1863,1578,2622,1631,1968,2273,3601,3101,31438
Dąbroszyn ,,6018,2051,2160,2572,1863,1578,2622,1631,1968,2273,3601,3101,31438
Łupowo,POLREGIO Spółka Akcyjna,5902,1944,2107,2451,1876,1577,2560,1623,1959,2111,3626,3109,30845
Łupowo ,,5902,1944,2107,2451,1876,1577,2560,1623,1959,2111,3626,3109,30845
Gorzów Wielkopolski Wieprzyce,POLREGIO Spółka Akcyjna,5819,1887,2020,2325,1817,1564,2583,1564,1918,2087,3618,3114,30316
Gorzów Wielkopolski Wieprzyce ,,5819,1887,2020,2325,1817,1564,2583,1564,1918,2087,3618,3114,30316
Stalowa Wola Centrum,PKP INTERCITY Spółka Akcyjna ,1626,667,316,532,529,683,1398,1102,804,634,649,1729,10669
Stalowa Wola Centrum,POLREGIO Spółka Akcyjna,886,456,704,297,335,403,859,524,505,535,499,624,6627
Stalowa Wola Centrum ,,2512,1123,1020,829,864,1086,2257,1626,1309,1169,1148,2353,17296
Pelplin,POLREGIO Spółka Akcyjna,4346,633,737,672,1145,1319,2083,1987,1053,1217,1266,932,17390
Pelplin,PKP INTERCITY Spółka Akcyjna ,909,155,165,279,201,204,857,470,139,290,162,222,4053
Pelplin,CARGO Master Spółka z o.o.,,,,,,,,,,,,,
Pelplin ,,5255,788,902,951,1346,1523,2940,2457,1192,1507,1428,1154,21443
Maków Podhalański,PKP INTERCITY Spółka Akcyjna ,4075,1118,958,774,1237,1375,2550,3641,1512,572,882,404,19098
Maków Podhalański,POLREGIO Spółka Akcyjna,2204,810,671,675,797,704,1292,906,914,508,356,721,10558
Maków Podhalański,Koleje Śląskie Spółka z o.o.,,23,,,124,36,199,149,,,,58,589
Maków Podhalański,Koleje Małopolskie Sp. z o.o.,191,,,,,6,41,42,,,,20,300
Maków Podhalański,PKP CARGO S.A.,,,,,,,,,,,,,
Maków Podhalański ,,6470,1951,1629,1449,2158,2121,4082,4738,2426,1080,1238,1203,30545
Kaliska,POLREGIO Spółka Akcyjna,2158,822,745,1411,1563,1733,1544,2241,1481,1484,925,913,17020
Kaliska,PKP INTERCITY Spółka Akcyjna ,257,89,48,131,123,327,62,107,60,435,75,54,1768
Kaliska ,,2415,911,793,1542,1686,2060,1606,2348,1541,1919,1000,967,18788
Czarna Woda,POLREGIO Spółka Akcyjna,2180,799,762,1463,1566,1650,1535,2260,1369,1457,918,902,16861
Czarna Woda,PKP INTERCITY Spółka Akcyjna ,287,82,35,137,113,318,57,97,36,422,73,54,1711
Czarna Woda,CARGO Master Spółka z o.o.,,,,,,,,,,,,,
Czarna Woda ,,2467,881,797,1600,1679,1968,1592,2357,1405,1879,991,956,18572
Łąg,POLREGIO Spółka Akcyjna,2244,832,774,1513,1570,1662,1590,2302,1404,1457,934,915,17197
Łąg,PKP INTERCITY Spółka Akcyjna ,288,83,35,138,112,323,55,98,38,424,73,65,1732
Łąg ,,2532,915,809,1651,1682,1985,1645,2400,1442,1881,1007,980,18929
Górna Grupa,Arriva RP Sp. z o.o.,519,395,322,646,606,682,992,861,937,484,649,483,7576
Górna Grupa ,,519,395,322,646,606,682,992,861,937,484,649,483,7576
Dragacz,Arriva RP Sp. z o.o.,471,402,311,635,597,662,951,833,929,479,627,457,7354
Dragacz ,,471,402,311,635,597,662,951,833,929,479,627,457,7354
Zarzecze,POLREGIO Spółka Akcyjna,2617,361,292,688,873,1450,743,616,638,673,1509,857,11317
Zarzecze ,,2617,361,292,688,873,1450,743,616,638,673,1509,857,11317
Wolbrom,POLREGIO Spółka Akcyjna,2590,342,268,677,870,1439,740,596,602,682,1494,810,11110
Wolbrom ,,2590,342,268,677,870,1439,740,596,602,682,1494,810,11110
Wolbrom Zachodni,POLREGIO Spółka Akcyjna,2617,350,275,680,859,1442,746,601,637,667,1510,840,11224
Wolbrom Zachodni ,,2617,350,275,680,859,1442,746,601,637,667,1510,840,11224
Jaroszowiec Olkuski,POLREGIO Spółka Akcyjna,2692,358,313,704,904,1442,755,660,634,683,1487,861,11493
Jaroszowiec Olkuski ,,2692,358,313,704,904,1442,755,660,634,683,1487,861,11493
Chrząstowice Olkuskie,POLREGIO Spółka Akcyjna,2659,358,307,704,891,1465,759,632,640,683,1509,878,11485
Chrząstowice Olkuskie ,,2659,358,307,704,891,1465,759,632,640,683,1509,878,11485
Gostynin,Koleje Mazowieckie - KM Spółka z o.o.,1287,2756,683,1996,825,1472,1582,1458,979,1221,500,703,15462
Gostynin,PKP INTERCITY Spółka Akcyjna ,606,375,585,525,495,495,631,1206,601,259,629,379,6786
Gostynin,CARGO Master Spółka z o.o.,,,,,21,,,,,,,,21
Gostynin ,,1893,3131,1268,2521,1341,1967,2213,2664,1580,1480,1129,1082,22269
Swarożyn,POLREGIO Spółka Akcyjna,1914,795,720,1446,1587,1828,1494,2153,1535,1497,993,1025,16987
Swarożyn ,,1914,795,720,1446,1587,1828,1494,2153,1535,1497,993,1025,16987
Reda Rekowo,POLREGIO Spółka Akcyjna,455,508,322,528,3218,6289,5728,5936,4936,1099,1263,1358,31640
Reda Rekowo ,,455,508,322,528,3218,6289,5728,5936,4936,1099,1263,1358,31640
Kotomierz,POLREGIO Spółka Akcyjna,2721,381,668,330,324,475,726,770,456,471,494,502,8318
Kotomierz,Arriva RP Sp. z o.o.,362,110,263,343,388,405,723,375,827,290,505,669,5260
Kotomierz ,,3083,491,931,673,712,880,1449,1145,1283,761,999,1171,13578
Pruszcz Pomorski,POLREGIO Spółka Akcyjna,2761,375,659,331,333,474,696,814,412,437,443,488,8223
Pruszcz Pomorski,Arriva RP Sp. z o.o.,368,115,257,410,381,418,706,371,828,361,549,680,5444
Pruszcz Pomorski,PKP INTERCITY Spółka Akcyjna ,,,,,,,,,,,,,
Pruszcz Pomorski ,,3129,490,916,741,714,892,1402,1185,1240,798,992,1168,13667
Parlin,POLREGIO Spółka Akcyjna,2778,378,934,340,355,492,700,778,404,406,431,502,8498
Parlin,Arriva RP Sp. z o.o.,392,126,278,417,385,422,710,404,773,321,545,647,5420
Parlin ,,3170,504,1212,757,740,914,1410,1182,1177,727,976,1149,13918
Terespol Pomorski,POLREGIO Spółka Akcyjna,2596,346,666,332,334,482,693,747,383,366,430,515,7890
Terespol Pomorski,Arriva RP Sp. z o.o.,381,127,258,437,388,431,700,358,710,293,516,578,5177
Terespol Pomorski ,,2977,473,924,769,722,913,1393,1105,1093,659,946,1093,13067
Kwidzyn,POLREGIO Spółka Akcyjna,646,236,580,137,320,463,1349,866,137,311,260,351,5656
Kwidzyn,PKP INTERCITY Spółka Akcyjna ,286,86,357,241,241,128,526,665,,,743,348,3621
Kwidzyn,CARGO Master Spółka z o.o.,,,,,,,,,,,,,
Kwidzyn ,,932,322,937,378,561,591,1875,1531,137,311,1003,699,9277
Sztum,POLREGIO Spółka Akcyjna,719,276,500,198,298,413,1342,833,183,359,350,482,5953
Sztum,PKP INTERCITY Spółka Akcyjna ,300,96,353,243,270,133,544,684,,,924,355,3902
Sztum ,,1019,372,853,441,568,546,1886,1517,183,359,1274,837,9855
Wąchock,POLREGIO Spółka Akcyjna,2026,613,560,464,1031,646,1410,1551,695,894,1539,829,12258
Wąchock ,,2026,613,560,464,1031,646,1410,1551,695,894,1539,829,12258
Marcinków,POLREGIO Spółka Akcyjna,2033,601,557,582,1033,648,1403,1565,701,994,1601,991,12709
Marcinków ,,2033,601,557,582,1033,648,1403,1565,701,994,1601,991,12709
Starachowice,POLREGIO Spółka Akcyjna,2058,620,580,476,1041,646,1439,1580,715,914,1560,829,12458
Starachowice ,,2058,620,580,476,1041,646,1439,1580,715,914,1560,829,12458
Kunów,POLREGIO Spółka Akcyjna,2001,601,526,502,1059,612,1363,1595,647,995,1540,774,12215
Kunów ,,2001,601,526,502,1059,612,1363,1595,647,995,1540,774,12215
Boksycka,POLREGIO Spółka Akcyjna,1996,586,532,498,1052,610,1359,1609,632,844,1538,766,12022
Boksycka ,,1996,586,532,498,1052,610,1359,1609,632,844,1538,766,12022
Staw Kunowski,POLREGIO Spółka Akcyjna,2015,601,536,507,1064,616,1453,1593,657,881,1561,800,12284
Staw Kunowski ,,2015,601,536,507,1064,616,1453,1593,657,881,1561,800,12284
Styków Iłżecki,POLREGIO Spółka Akcyjna,2024,618,559,509,1090,639,1485,1618,703,911,1570,822,12548
Styków Iłżecki ,,2024,618,559,509,1090,639,1485,1618,703,911,1570,822,12548
Starachowice Michałów,POLREGIO Spółka Akcyjna,2022,614,566,524,1083,638,1486,1612,708,914,1565,830,12562
Starachowice Michałów ,,2022,614,566,524,1083,638,1486,1612,708,914,1565,830,12562
Brody Iłżeckie,POLREGIO Spółka Akcyjna,2018,610,547,519,1094,631,1462,1610,682,888,1557,818,12436
Brody Iłżeckie ,,2018,610,547,519,1094,631,1462,1610,682,888,1557,818,12436
Trzemeszno,POLREGIO Spółka Akcyjna,1150,561,514,694,552,883,694,534,1117,1571,958,493,9721
Trzemeszno,Koleje Wielkopolskie Sp. z o.o.,414,312,153,269,278,766,343,314,290,353,614,429,4535
Trzemeszno,RAILPOLONIA Sp. z o.o. (przewozy pasażerskie),,,,,,,,,,,,6,6
Trzemeszno ,,1564,873,667,963,830,1649,1037,848,1407,1924,1572,928,14262
Wydartowo,POLREGIO Spółka Akcyjna,1151,553,517,714,553,873,699,606,1200,1637,959,503,9965
Wydartowo,Koleje Wielkopolskie Sp. z o.o.,407,314,147,272,253,698,318,306,351,376,611,412,4465
Wydartowo ,,1558,867,664,986,806,1571,1017,912,1551,2013,1570,915,14430
Jankowo Dolne,POLREGIO Spółka Akcyjna,1202,568,511,707,562,911,808,538,1152,1649,982,492,10082
Jankowo Dolne,Koleje Wielkopolskie Sp. z o.o.,417,314,177,305,290,919,411,329,308,339,609,440,4858
Jankowo Dolne ,,1619,882,688,1012,852,1830,1219,867,1460,1988,1591,932,14940
Przetycz,Koleje Mazowieckie - KM Spółka z o.o.,1486,467,273,444,426,448,727,724,502,1002,1377,227,8103
Przetycz ,,1486,467,273,444,426,448,727,724,502,1002,1377,227,8103
Zabrzeg Czarnolesie,Koleje Śląskie Spółka z o.o.,2335,1200,1668,2137,1697,2834,2068,1371,2273,1521,1983,2493,23580
Zabrzeg Czarnolesie ,,2335,1200,1668,2137,1697,2834,2068,1371,2273,1521,1983,2493,23580
Sosnowiec Południowy,PKP INTERCITY Spółka Akcyjna ,408,346,169,150,1050,1426,1387,992,1489,756,1451,707,10331
Sosnowiec Południowy,POLREGIO Spółka Akcyjna,2021,80,174,689,716,949,391,398,395,260,637,447,7157
Sosnowiec Południowy,Koleje Śląskie Spółka z o.o.,,,,,,6,,,110,67,6,17,206
Sosnowiec Południowy ,,2429,426,343,839,1766,2381,1778,1390,1994,1083,2094,1171,17694
Cekcyn,Arriva RP Sp. z o.o.,1160,241,306,797,494,940,1149,456,1167,110,513,740,8073
Cekcyn ,,1160,241,306,797,494,940,1149,456,1167,110,513,740,8073
Wałbrzych Fabryczny,Koleje Dolnośląskie S.A.,2702,1107,1199,949,1135,939,1952,1432,2200,3184,2701,2122,21622
Wałbrzych Fabryczny ,,2702,1107,1199,949,1135,939,1952,1432,2200,3184,2701,2122,21622
Jastrowie,PKP INTERCITY Spółka Akcyjna ,6765,1238,2441,1595,1619,4658,5585,5161,859,890,1028,6316,38155
Jastrowie,POLREGIO Spółka Akcyjna,2539,929,1578,740,881,2444,2103,2025,821,863,758,3008,18689
Jastrowie ,,9304,2167,4019,2335,2500,7102,7688,7186,1680,1753,1786,9324,56844
Świdnica Przedmieście,Koleje Dolnośląskie S.A.,1465,497,393,653,539,676,827,612,1922,1060,1348,899,10891
Świdnica Przedmieście ,,1465,497,393,653,539,676,827,612,1922,1060,1348,899,10891
Marcinowice Świdnickie,Koleje Dolnośląskie S.A.,1519,505,391,676,575,683,826,635,1915,1079,1394,888,11086
Marcinowice Świdnickie ,,1519,505,391,676,575,683,826,635,1915,1079,1394,888,11086
Jedlina-Zdrój,Koleje Dolnośląskie S.A.,1838,1046,1251,1650,1381,1093,1610,1597,2202,4519,2078,1582,21847
Jedlina-Zdrój,PKP INTERCITY Spółka Akcyjna ,299,172,212,138,101,91,211,63,172,323,564,619,2965
Jedlina-Zdrój,CARGO Master Spółka z o.o.,,,,13,,,,,,,,,13
Jedlina-Zdrój ,,2137,1218,1463,1801,1482,1184,1821,1660,2374,4842,2642,2201,24825
Zygmuntowo Mazowieckie,Koleje Mazowieckie - KM Spółka z o.o.,1389,505,313,609,482,385,780,803,575,1149,1503,248,8741
Zygmuntowo Mazowieckie ,,1389,505,313,609,482,385,780,803,575,1149,1503,248,8741
Leszczydół,Koleje Mazowieckie - KM Spółka z o.o.,1396,457,322,611,480,376,805,761,579,1115,1507,252,8661
Leszczydół ,,1396,457,322,611,480,376,805,761,579,1115,1507,252,8661
Dalekie,Koleje Mazowieckie - KM Spółka z o.o.,1403,492,321,613,481,379,796,779,580,1125,1517,250,8736
Dalekie ,,1403,492,321,613,481,379,796,779,580,1125,1517,250,8736
Jawor,Koleje Dolnośląskie S.A.,2440,1370,1646,1413,1656,1130,1511,840,1198,2572,2783,1449,20008
Jawor ,,2440,1370,1646,1413,1656,1130,1511,840,1198,2572,2783,1449,20008
Tuchola Rudzki Most,Arriva RP Sp. z o.o.,1113,239,293,775,487,929,1135,452,1141,115,494,727,7900
Tuchola Rudzki Most ,,1113,239,293,775,487,929,1135,452,1141,115,494,727,7900
Mysłowice Brzęczkowice,Koleje Śląskie Spółka z o.o.,1362,408,357,209,322,598,701,511,524,561,877,355,6785
Mysłowice Brzęczkowice ,,1362,408,357,209,322,598,701,511,524,561,877,355,6785
Mysłowice Brzezinka,Koleje Śląskie Spółka z o.o.,1332,364,335,203,331,590,653,500,502,555,875,360,6600
Mysłowice Brzezinka ,,1332,364,335,203,331,590,653,500,502,555,875,360,6600
Mysłowice Kosztowy,Koleje Śląskie Spółka z o.o.,1339,298,300,214,292,537,601,465,463,563,878,327,6277
Mysłowice Kosztowy ,,1339,298,300,214,292,537,601,465,463,563,878,327,6277
Nowy Bieruń,Koleje Śląskie Spółka z o.o.,1201,276,330,214,308,541,542,474,400,563,769,333,5951
Nowy Bieruń ,,1201,276,330,214,308,541,542,474,400,563,769,333,5951
Imielin,Koleje Śląskie Spółka z o.o.,1301,286,293,215,313,562,603,464,412,568,868,345,6230
Imielin ,,1301,286,293,215,313,562,603,464,412,568,868,345,6230
Chełm Śląski,Koleje Śląskie Spółka z o.o.,1196,267,321,183,300,544,596,444,379,550,898,329,6007
Chełm Śląski ,,1196,267,321,183,300,544,596,444,379,550,898,329,6007
Henryków,Koleje Dolnośląskie S.A.,3182,944,1018,750,1143,1095,2652,3285,,,7820,4485,26374
Henryków ,,3182,944,1018,750,1143,1095,2652,3285,,,7820,4485,26374
Biały Kościół,Koleje Dolnośląskie S.A.,3062,872,962,712,771,1063,2547,2822,,,7767,4427,25005
Biały Kościół ,,3062,872,962,712,771,1063,2547,2822,,,7767,4427,25005
Serock,Arriva RP Sp. z o.o.,997,293,349,865,414,714,1138,371,841,135,476,903,7496
Serock,CARGO Master Spółka z o.o.,,,,9,,,,,,,,,9
Serock ,,997,293,349,874,414,714,1138,371,841,135,476,903,7505
Koniecpol,PKP INTERCITY Spółka Akcyjna ,2556,753,957,1563,1874,1335,1207,1844,2289,1232,1969,1064,18643
Koniecpol,POLREGIO Spółka Akcyjna,418,150,315,167,134,278,684,141,412,459,218,134,3510
Koniecpol ,,2974,903,1272,1730,2008,1613,1891,1985,2701,1691,2187,1198,22153
Olsztyn Dajtki,POLREGIO Spółka Akcyjna,2140,535,536,507,297,579,541,1040,1033,1099,1010,506,9823
Olsztyn Dajtki ,,2140,535,536,507,297,579,541,1040,1033,1099,1010,506,9823
Piekoszów,POLREGIO Spółka Akcyjna,1107,349,536,400,433,518,1947,385,1006,572,358,321,7932
Piekoszów ,,1107,349,536,400,433,518,1947,385,1006,572,358,321,7932
Wrocław Wojszyce,Koleje Dolnośląskie S.A.,1423,350,289,556,424,409,497,606,1508,688,1191,900,8841
Wrocław Wojszyce ,,1423,350,289,556,424,409,497,606,1508,688,1191,900,8841
Domasław,Koleje Dolnośląskie S.A.,1432,380,274,521,407,397,479,631,1460,717,1134,858,8690
Domasław ,,1432,380,274,521,407,397,479,631,1460,717,1134,858,8690
Sztumska Wieś,POLREGIO Spółka Akcyjna,778,301,524,215,342,461,1405,897,190,394,368,476,6351
Sztumska Wieś ,,778,301,524,215,342,461,1405,897,190,394,368,476,6351
Ryjewo,POLREGIO Spółka Akcyjna,742,289,490,161,338,443,1385,874,192,327,308,393,5942
Ryjewo ,,742,289,490,161,338,443,1385,874,192,327,308,393,5942
Gościszewo,POLREGIO Spółka Akcyjna,877,339,562,213,356,508,1617,1054,221,443,443,650,7283
Gościszewo ,,877,339,562,213,356,508,1617,1054,221,443,443,650,7283
Goleniów Park Przemysłowy,POLREGIO Spółka Akcyjna,,,525,104,669,1154,975,923,1208,568,1536,1303,8965
Goleniów Park Przemysłowy ,,,,525,104,669,1154,975,923,1208,568,1536,1303,8965
Brachlewo,POLREGIO Spółka Akcyjna,769,287,503,150,371,478,1425,918,208,336,307,387,6139
Brachlewo ,,769,287,503,150,371,478,1425,918,208,336,307,387,6139
Grudziądz Mniszek,Arriva RP Sp. z o.o.,875,684,1515,342,1173,1411,435,221,1628,582,1330,561,10757
Grudziądz Mniszek ,,875,684,1515,342,1173,1411,435,221,1628,582,1330,561,10757
Grudziądz Śródmieście,Arriva RP Sp. z o.o.,,399,298,614,601,662,938,815,921,455,607,436,6746
Grudziądz Śródmieście ,,,399,298,614,601,662,938,815,921,455,607,436,6746
Hajnówka,POLREGIO Spółka Akcyjna,907,720,549,477,647,602,993,819,975,518,646,923,8776
Hajnówka,PKP INTERCITY Spółka Akcyjna ,679,297,324,198,307,306,316,434,256,382,729,741,4969
Hajnówka ,,1586,1017,873,675,954,908,1309,1253,1231,900,1375,1664,13745
Rębiszów,Koleje Dolnośląskie S.A.,1852,524,456,761,1323,811,1437,1119,2170,3134,2510,1404,17501
Rębiszów,POLREGIO Spółka Akcyjna,44,,,182,100,,,18,70,54,316,222,1006
Rębiszów ,,1896,524,456,943,1423,811,1437,1137,2240,3188,2826,1626,18507
Władysławowo Port,POLREGIO Spółka Akcyjna,180,361,365,531,2847,6426,5943,6854,4657,982,917,1290,31353
Władysławowo Port ,,180,361,365,531,2847,6426,5943,6854,4657,982,917,1290,31353
Węgierska Górka,Koleje Śląskie Spółka z o.o.,3334,1648,1947,2279,1057,3125,4459,1687,1294,1797,315,597,23539
Węgierska Górka,PKP INTERCITY Spółka Akcyjna ,,,,,,,,,,,,,
Węgierska Górka ,,3334,1648,1947,2279,1057,3125,4459,1687,1294,1797,315,597,23539
Jastarnia Wczasy,POLREGIO Spółka Akcyjna,153,290,350,527,2676,6150,5646,6518,4750,807,741,1102,29710
Jastarnia Wczasy ,,153,290,350,527,2676,6150,5646,6518,4750,807,741,1102,29710
Radziechowy Wieprz,Koleje Śląskie Spółka z o.o.,3334,1717,1937,2325,1058,3195,4655,1710,1367,1882,332,651,24163
Radziechowy Wieprz ,,3334,1717,1937,2325,1058,3195,4655,1710,1367,1882,332,651,24163
Cięcina Dolna,Koleje Śląskie Spółka z o.o.,3418,1760,1953,2337,1099,3205,4703,1727,1352,1869,331,671,24425
Cięcina Dolna ,,3418,1760,1953,2337,1099,3205,4703,1727,1352,1869,331,671,24425
Cięcina,Koleje Śląskie Spółka z o.o.,3445,1774,1973,2336,1111,3236,4714,1719,1332,1841,319,672,24472
Cięcina ,,3445,1774,1973,2336,1111,3236,4714,1719,1332,1841,319,672,24472
Stara Kamienica,Koleje Dolnośląskie S.A.,1911,480,425,761,1302,736,1344,1136,2152,2958,2020,1390,16615
Stara Kamienica,POLREGIO Spółka Akcyjna,68,,,183,97,,13,10,70,55,207,222,925
Stara Kamienica ,,1979,480,425,944,1399,736,1357,1146,2222,3013,2227,1612,17540
Zblewo,POLREGIO Spółka Akcyjna,2043,772,715,1381,1532,1691,1468,2220,1447,1446,916,947,16578
Zblewo ,,2043,772,715,1381,1532,1691,1468,2220,1447,1446,916,947,16578
Rytel Wieś,POLREGIO Spółka Akcyjna,2082,824,777,1621,1583,1705,1563,2245,1427,1460,940,923,17150
Rytel Wieś ,,2082,824,777,1621,1583,1705,1563,2245,1427,1460,940,923,17150
Piesienice,POLREGIO Spółka Akcyjna,2004,799,722,1435,1535,1686,1457,2226,1414,1392,942,985,16597
Piesienice ,,2004,799,722,1435,1535,1686,1457,2226,1414,1392,942,985,16597
Pinczyn,POLREGIO Spółka Akcyjna,2025,811,727,1369,1536,1674,1481,2229,1430,1410,938,955,16585
Pinczyn ,,2025,811,727,1369,1536,1674,1481,2229,1430,1410,938,955,16585
Przyłubie,POLREGIO Spółka Akcyjna,917,494,514,465,437,644,843,1538,502,651,973,621,8599
Przyłubie ,,917,494,514,465,437,644,843,1538,502,651,973,621,8599
Morąg,PKP INTERCITY Spółka Akcyjna ,3215,707,1048,819,1076,2436,2610,2684,489,965,1759,2083,19891
Morąg,POLREGIO Spółka Akcyjna,879,136,265,158,258,274,502,367,153,698,698,196,4584
Morąg ,,4094,843,1313,977,1334,2710,3112,3051,642,1663,2457,2279,24475
Wudzyn,Arriva RP Sp. z o.o.,933,264,431,801,409,773,1188,398,828,201,580,991,7797
Wudzyn ,,933,264,431,801,409,773,1188,398,828,201,580,991,7797
Stronno,Arriva RP Sp. z o.o.,932,271,454,822,411,769,1130,408,840,207,582,1002,7828
Stronno ,,932,271,454,822,411,769,1130,408,840,207,582,1002,7828
Rokitki Tczewskie,POLREGIO Spółka Akcyjna,1699,751,637,1246,1158,1338,1346,1787,1126,1245,853,882,14068
Rokitki Tczewskie ,,1699,751,637,1246,1158,1338,1346,1787,1126,1245,853,882,14068
Szpęgawsk,POLREGIO Spółka Akcyjna,1811,754,680,1349,1232,1342,1407,1894,1172,1260,863,889,14653
Szpęgawsk ,,1811,754,680,1349,1232,1342,1407,1894,1172,1260,863,889,14653
Zawada,POLREGIO Spółka Akcyjna,913,255,306,332,1233,1254,3839,3449,2579,1310,861,668,16999
Zawada,PKP INTERCITY Spółka Akcyjna ,1535,808,640,447,707,783,991,1215,634,919,1010,1266,10955
Zawada ,,2448,1063,946,779,1940,2037,4830,4664,3213,2229,1871,1934,27954
Świekatowo,Arriva RP Sp. z o.o.,1123,270,356,882,459,800,1271,383,878,115,473,972,7982
Świekatowo ,,1123,270,356,882,459,800,1271,383,878,115,473,972,7982
Błądzim,Arriva RP Sp. z o.o.,1134,292,371,896,447,825,1285,422,950,116,483,970,8191
Błądzim ,,1134,292,371,896,447,825,1285,422,950,116,483,970,8191
Wierzchucin Stary,Arriva RP Sp. z o.o.,1053,216,299,747,482,869,1090,437,1117,116,511,749,7686
Wierzchucin Stary ,,1053,216,299,747,482,869,1090,437,1117,116,511,749,7686
Boguszów-Gorce Wschód,Koleje Dolnośląskie S.A.,2152,817,970,796,984,792,1624,1216,1623,2770,1943,1734,17421
Boguszów-Gorce Wschód,POLREGIO Spółka Akcyjna,210,16,,47,13,78,65,31,81,111,113,17,782
Boguszów-Gorce Wschód ,,2362,833,970,843,997,870,1689,1247,1704,2881,2056,1751,18203
Grudziądz Przedmieście,Arriva RP Sp. z o.o.,866,698,1506,127,1148,1413,440,220,1571,566,1332,522,10409
Grudziądz Przedmieście ,,866,698,1506,127,1148,1413,440,220,1571,566,1332,522,10409
Nowe Skalmierzyce,POLREGIO Spółka Akcyjna,664,230,287,563,764,758,1048,1512,1026,865,1004,471,9192
Nowe Skalmierzyce,Koleje Wielkopolskie Sp. z o.o.,62,68,206,78,331,625,311,208,565,235,257,167,3113
Nowe Skalmierzyce,Łódzka Kolej Aglomeracyjna Sp. z o.o.,12,,14,92,6,23,93,151,15,12,,43,461
Nowe Skalmierzyce,PKP INTERCITY Spółka Akcyjna ,,,,,,,,,,,,,
Nowe Skalmierzyce ,,738,298,507,733,1101,1406,1452,1871,1606,1112,1261,681,12766
Lipienica,Arriva RP Sp. z o.o.,1073,273,350,882,446,801,1279,393,903,115,468,967,7950
Lipienica ,,1073,273,350,882,446,801,1279,393,903,115,468,967,7950
Lubania-Lipiny,Arriva RP Sp. z o.o.,1089,268,355,876,468,803,1273,381,852,116,487,982,7950
Lubania-Lipiny ,,1089,268,355,876,468,803,1273,381,852,116,487,982,7950
Pasieki,Koleje Mazowieckie - KM Spółka z o.o.,1531,401,264,471,464,148,476,718,452,994,1445,209,7573
Pasieki ,,1531,401,264,471,464,148,476,718,452,994,1445,209,7573
Chorzele,Koleje Mazowieckie - KM Spółka z o.o.,648,922,136,406,216,1111,989,415,145,88,385,95,5556
Chorzele,POLREGIO Spółka Akcyjna,336,305,108,222,247,164,269,162,130,129,268,82,2422
Chorzele,PKP INTERCITY Spółka Akcyjna ,,,,,,,,,,,,,
Chorzele ,,984,1227,244,628,463,1275,1258,577,275,217,653,177,7978
Lewki,POLREGIO Spółka Akcyjna,1408,962,766,758,947,925,1224,1302,1382,654,934,998,12260
Lewki ,,1408,962,766,758,947,925,1224,1302,1382,654,934,998,12260
Czarnca,POLREGIO Spółka Akcyjna,1027,416,529,356,456,405,830,416,868,611,282,214,6410
Czarnca ,,1027,416,529,356,456,405,830,416,868,611,282,214,6410
Kielce Herbskie,POLREGIO Spółka Akcyjna,1062,339,421,226,282,493,1858,320,847,524,334,202,6908
Kielce Herbskie,PKP INTERCITY Spółka Akcyjna ,,,,,,,,,,,,,
Kielce Herbskie ,,1062,339,421,226,282,493,1858,320,847,524,334,202,6908
Kielce Ślichowice,POLREGIO Spółka Akcyjna,1084,339,449,335,368,501,1878,326,931,530,368,210,7319
Kielce Ślichowice ,,1084,339,449,335,368,501,1878,326,931,530,368,210,7319
Górki Szczukowskie,POLREGIO Spółka Akcyjna,1117,372,508,361,416,501,1956,319,959,533,372,211,7625
Górki Szczukowskie ,,1117,372,508,361,416,501,1956,319,959,533,372,211,7625
Rykoszyn,POLREGIO Spółka Akcyjna,1071,346,494,343,362,528,2001,381,894,540,323,184,7467
Rykoszyn ,,1071,346,494,343,362,528,2001,381,894,540,323,184,7467
Ludynia,POLREGIO Spółka Akcyjna,1040,358,523,345,410,544,1435,399,877,556,296,194,6977
Ludynia ,,1040,358,523,345,410,544,1435,399,877,556,296,194,6977
Ludynia Dwór,POLREGIO Spółka Akcyjna,1061,396,547,347,455,514,1459,493,997,553,289,210,7321
Ludynia Dwór ,,1061,396,547,347,455,514,1459,493,997,553,289,210,7321
Małogoszcz,POLREGIO Spółka Akcyjna,1079,338,498,344,420,567,1101,369,873,535,257,179,6560
Małogoszcz ,,1079,338,498,344,420,567,1101,369,873,535,257,179,6560
Wierna Rzeka,POLREGIO Spółka Akcyjna,1074,351,492,345,364,540,1283,385,897,540,271,178,6720
Wierna Rzeka ,,1074,351,492,345,364,540,1283,385,897,540,271,178,6720
Boguszów-Gorce Zachód,Koleje Dolnośląskie S.A.,2176,793,1001,745,837,637,1516,1139,1589,2783,1940,1728,16884
Boguszów-Gorce Zachód,POLREGIO Spółka Akcyjna,212,16,,47,14,77,67,24,37,99,103,17,713
Boguszów-Gorce Zachód ,,2388,809,1001,792,851,714,1583,1163,1626,2882,2043,1745,17597
Skoczów,Koleje Śląskie Spółka z o.o.,1952,778,1192,1729,1501,2296,1767,1163,2184,1127,1676,1718,19083
Skoczów,PKP INTERCITY Spółka Akcyjna ,262,49,99,99,146,177,49,83,72,36,107,88,1267
Skoczów ,,2214,827,1291,1828,1647,2473,1816,1246,2256,1163,1783,1806,20350
Witków Śląski,Koleje Dolnośląskie S.A.,2151,859,947,749,857,650,1513,1148,1597,2834,1935,1737,16977
Witków Śląski,POLREGIO Spółka Akcyjna,214,18,,50,14,77,65,23,37,96,97,11,702
Witków Śląski ,,2365,877,947,799,871,727,1578,1171,1634,2930,2032,1748,17679
Bukowa,POLREGIO Spółka Akcyjna,1086,348,541,353,420,578,1115,407,836,540,259,192,6675
Bukowa ,,1086,348,541,353,420,578,1115,407,836,540,259,192,6675
Legnica Piekary,Koleje Dolnośląskie S.A.,2213,1325,1404,1162,1717,949,1458,1036,1269,1969,2479,1309,18290
Legnica Piekary ,,2213,1325,1404,1162,1717,949,1458,1036,1269,1969,2479,1309,18290
Łęgowo Sulechowskie,POLREGIO Spółka Akcyjna,4329,3292,2726,2550,3928,3006,3191,3819,2252,2485,3013,4714,39305
Łęgowo Sulechowskie ,,4329,3292,2726,2550,3928,3006,3191,3819,2252,2485,3013,4714,39305
Stare Bielice,POLREGIO Spółka Akcyjna,5411,1614,1722,2125,1639,1444,2300,1370,1643,1872,3534,2577,27251
Stare Bielice ,,5411,1614,1722,2125,1639,1444,2300,1370,1643,1872,3534,2577,27251
Stare Kurowo,POLREGIO Spółka Akcyjna,5533,1579,1691,2155,1680,1482,2278,1419,1685,1939,3605,2627,27673
Stare Kurowo ,,5533,1579,1691,2155,1680,1482,2278,1419,1685,1939,3605,2627,27673
Sarbiewo,POLREGIO Spółka Akcyjna,5570,1705,1754,2166,1691,1498,2274,1405,1697,1964,3624,2671,28019
Sarbiewo ,,5570,1705,1754,2166,1691,1498,2274,1405,1697,1964,3624,2671,28019
Górki Noteckie,POLREGIO Spółka Akcyjna,5622,1819,1772,2157,1690,1476,2260,1368,1684,1934,3628,2650,28060
Górki Noteckie ,,5622,1819,1772,2157,1690,1476,2260,1368,1684,1934,3628,2650,28060
Olsztynek,PKP INTERCITY Spółka Akcyjna ,2089,682,321,933,846,1194,1660,1941,1324,1221,1576,2018,15805
Olsztynek,POLREGIO Spółka Akcyjna,642,135,74,39,55,95,231,319,157,427,336,233,2743
Olsztynek ,,2731,817,395,972,901,1289,1891,2260,1481,1648,1912,2251,18548
Santok,POLREGIO Spółka Akcyjna,5722,1949,1888,1788,1735,1514,2272,1363,1731,1952,3630,2678,28222
Santok ,,5722,1949,1888,1788,1735,1514,2272,1363,1731,1952,3630,2678,28222
Bydgoszcz Łęgnowo,POLREGIO Spółka Akcyjna,1052,518,393,455,424,643,834,1636,490,595,845,687,8572
Bydgoszcz Łęgnowo ,,1052,518,393,455,424,643,834,1636,490,595,845,687,8572
Nidzica,PKP INTERCITY Spółka Akcyjna ,2266,791,386,954,890,1217,1714,1852,1374,1366,1610,2179,16599
Nidzica,POLREGIO Spółka Akcyjna,488,111,61,110,70,83,270,339,209,443,410,260,2854
Nidzica ,,2754,902,447,1064,960,1300,1984,2191,1583,1809,2020,2439,19453
Brodnica,Arriva RP Sp. z o.o.,379,268,802,245,321,430,1168,479,329,282,574,525,5802
Brodnica,PKP INTERCITY Spółka Akcyjna ,321,82,286,127,309,141,1340,413,384,133,606,290,4432
Brodnica,CARGO Master Spółka z o.o.,,,,,,,,,,,,,
Brodnica ,,700,350,1088,372,630,571,2508,892,713,415,1180,815,10234
Prabuty Góry,Koleje Mazowieckie - KM Spółka z o.o.,1514,430,283,484,415,152,356,723,439,1050,1357,212,7415
Prabuty Góry ,,1514,430,283,484,415,152,356,723,439,1050,1357,212,7415
Strzegom,Koleje Dolnośląskie S.A.,2859,1367,1694,1499,1660,1277,2039,1614,1725,3338,2965,1425,23462
Strzegom ,,2859,1367,1694,1499,1660,1277,2039,1614,1725,3338,2965,1425,23462
Zamość,POLREGIO Spółka Akcyjna,971,215,245,234,763,1030,2629,2205,2515,1091,732,514,13144
Zamość,PKP INTERCITY Spółka Akcyjna ,1483,715,630,441,625,748,951,1172,653,845,960,1219,10442
Zamość ,,2454,930,875,675,1388,1778,3580,3377,3168,1936,1692,1733,23586
Bydgoszcz Zachód,POLREGIO Spółka Akcyjna,776,688,312,284,526,669,660,799,494,669,900,712,7489
Bydgoszcz Zachód,CARGO Master Spółka z o.o.,,,,,,,,,,,,,
Bydgoszcz Zachód ,,776,688,312,284,526,669,660,799,494,669,900,712,7489
Bydgoszcz Osowa Góra,POLREGIO Spółka Akcyjna,903,724,326,290,536,679,712,824,555,702,916,717,7884
Bydgoszcz Osowa Góra,CARGO Master Spółka z o.o.,,,,,,,,,,,,,
Bydgoszcz Osowa Góra ,,903,724,326,290,536,679,712,824,555,702,916,717,7884
Zielonczyn,POLREGIO Spółka Akcyjna,903,720,310,278,519,678,691,813,576,718,901,724,7831
Zielonczyn ,,903,720,310,278,519,678,691,813,576,718,901,724,7831
Zamość Starówka,POLREGIO Spółka Akcyjna,1028,241,254,234,758,1019,2599,2175,2508,1071,715,521,13123
Zamość Starówka,PKP INTERCITY Spółka Akcyjna ,1474,709,640,442,629,748,950,1168,583,835,956,1220,10354
Zamość Starówka ,,2502,950,894,676,1387,1767,3549,3343,3091,1906,1671,1741,23477
Zamość Wschód,POLREGIO Spółka Akcyjna,1014,241,255,232,730,1017,2567,2147,2471,1011,701,518,12904
Zamość Wschód,PKP INTERCITY Spółka Akcyjna ,1475,734,640,442,632,735,951,1170,589,828,953,1212,10361
Zamość Wschód ,,2489,975,895,674,1362,1752,3518,3317,3060,1839,1654,1730,23265
Ślesin,POLREGIO Spółka Akcyjna,992,761,332,286,536,739,786,885,688,915,1129,780,8829
Ślesin ,,992,761,332,286,536,739,786,885,688,915,1129,780,8829
Pawłówek,POLREGIO Spółka Akcyjna,916,719,330,289,537,686,721,825,569,717,919,728,7956
Pawłówek ,,916,719,330,289,537,686,721,825,569,717,919,728,7956
Trzebnica,Koleje Dolnośląskie S.A.,439,181,271,506,254,138,,,646,398,897,1246,4976
Trzebnica ,,439,181,271,506,254,138,,,646,398,897,1246,4976
Trzcianka,POLREGIO Spółka Akcyjna,624,461,256,546,720,536,605,606,485,431,712,593,6575
Trzcianka,PKP INTERCITY Spółka Akcyjna ,571,120,367,285,299,503,891,808,353,341,367,334,5239
Trzcianka,Koleje Wielkopolskie Sp. z o.o.,,,,,,,,,,,,30,30
Trzcianka ,,1195,581,623,831,1019,1039,1496,1414,838,772,1079,957,11844
Wieleń,POLREGIO Spółka Akcyjna,577,377,235,540,708,519,619,590,535,438,658,771,6567
Wieleń,PKP INTERCITY Spółka Akcyjna ,567,121,365,284,293,589,874,772,342,344,358,324,5233
Wieleń,Koleje Wielkopolskie Sp. z o.o.,,,,,,,,,,,,48,48
Wieleń ,,1144,498,600,824,1001,1108,1493,1362,877,782,1016,1143,11848
Łowczówek Pleśna,POLREGIO Spółka Akcyjna,2837,752,1101,361,624,706,1164,1572,1348,582,820,454,12321
Łowczówek Pleśna,Koleje Małopolskie Sp. z o.o.,181,237,126,18,,6,47,21,34,113,106,53,942
Łowczówek Pleśna,PKP CARGO S.A. w restrukturyzacji,,,,,,,,,6,,,,6
Łowczówek Pleśna ,,3018,989,1227,379,624,712,1211,1593,1388,695,926,507,13269
Gromnik,POLREGIO Spółka Akcyjna,2775,737,1032,344,598,525,1091,1543,1267,516,715,435,11578
Gromnik,Koleje Małopolskie Sp. z o.o.,166,236,117,22,6,14,24,20,42,116,80,43,886
Gromnik ,,2941,973,1149,366,604,539,1115,1563,1309,632,795,478,12464
Łowczów,POLREGIO Spółka Akcyjna,2815,758,1112,387,647,666,1201,1564,1353,578,832,440,12353
Łowczów,Koleje Małopolskie Sp. z o.o.,158,237,132,20,,13,55,21,50,118,110,57,971
Łowczów ,,2973,995,1244,407,647,679,1256,1585,1403,696,942,497,13324
Nowa Wieś Wielka,POLREGIO Spółka Akcyjna,783,439,128,523,373,1020,703,573,788,918,789,324,7361
Nowa Wieś Wielka,CARGO Master Spółka z o.o.,,,,,,,,,,,,,
Nowa Wieś Wielka ,,783,439,128,523,373,1020,703,573,788,918,789,324,7361
Jaksice,POLREGIO Spółka Akcyjna,653,369,157,540,376,1089,735,585,746,910,755,338,7253
Jaksice,CARGO Master Spółka z o.o.,,,,,,,,,,,,,
Jaksice ,,653,369,157,540,376,1089,735,585,746,910,755,338,7253
Trzciniec,POLREGIO Spółka Akcyjna,799,425,138,607,395,968,701,603,860,920,856,350,7622
Trzciniec,CARGO Master Spółka z o.o.,,,,,,,,,,,,,
Trzciniec ,,799,425,138,607,395,968,701,603,860,920,856,350,7622
Brzoza Bydgoska,POLREGIO Spółka Akcyjna,805,456,157,511,408,1054,706,614,815,929,838,306,7599
Brzoza Bydgoska,CARGO Master Spółka z o.o.,,,,15,,,,,,,,,15
Brzoza Bydgoska ,,805,456,157,526,408,1054,706,614,815,929,838,306,7614
Bydgoszcz Błonie,POLREGIO Spółka Akcyjna,859,481,163,604,426,994,756,638,878,976,885,385,8045
Bydgoszcz Błonie,CARGO Master Spółka z o.o.,,,,15,,,,,,,,,15
Bydgoszcz Błonie ,,859,481,163,619,426,994,756,638,878,976,885,385,8060
Złotniki Kujawskie,POLREGIO Spółka Akcyjna,724,385,132,526,385,1038,733,558,776,915,797,322,7291
Złotniki Kujawskie ,,724,385,132,526,385,1038,733,558,776,915,797,322,7291
Chmielniki Bydgoskie,POLREGIO Spółka Akcyjna,828,472,148,540,399,1070,728,606,820,940,842,336,7729
Chmielniki Bydgoskie ,,828,472,148,540,399,1070,728,606,820,940,842,336,7729
Siedlec Trzebnicki,Koleje Dolnośląskie S.A.,576,219,290,579,327,145,,,1562,453,995,1408,6554
Siedlec Trzebnicki ,,576,219,290,579,327,145,,,1562,453,995,1408,6554
Pierwoszów Miłocin,Koleje Dolnośląskie S.A.,572,217,287,573,330,144,,,1559,450,978,1413,6523
Pierwoszów Miłocin ,,572,217,287,573,330,144,,,1559,450,978,1413,6523
Brochocin Trzebnicki,Koleje Dolnośląskie S.A.,556,217,288,565,320,143,,,1546,452,968,1399,6454
Brochocin Trzebnicki ,,556,217,288,565,320,143,,,1546,452,968,1399,6454
Lubin Stadion,Koleje Dolnośląskie S.A.,2962,1005,966,1635,3372,1194,1958,721,1772,1358,2042,1411,20396
Lubin Stadion,PKP INTERCITY Spółka Akcyjna ,,,,,,,,,,,,,
Lubin Stadion ,,2962,1005,966,1635,3372,1194,1958,721,1772,1358,2042,1411,20396
Sokółka,POLREGIO Spółka Akcyjna,2282,845,386,247,625,466,756,1019,780,528,1199,255,9388
Sokółka,PKP INTERCITY Spółka Akcyjna ,622,250,216,182,636,663,564,586,485,269,472,584,5529
Sokółka ,,2904,1095,602,429,1261,1129,1320,1605,1265,797,1671,839,14917
Jasło,POLREGIO Spółka Akcyjna,435,161,428,511,717,343,328,163,503,600,637,314,5140
Jasło,PKP INTERCITY Spółka Akcyjna ,657,388,345,301,198,216,615,901,541,424,236,279,5101
Jasło,Koleje Małopolskie Sp. z o.o.,25,122,215,,8,8,13,25,,,6,12,434
Jasło ,,1117,671,988,812,923,567,956,1089,1044,1024,879,605,10675
Niewodnica,POLREGIO Spółka Akcyjna,1413,897,1012,314,544,392,574,1094,1107,443,610,498,8898
Niewodnica ,,1413,897,1012,314,544,392,574,1094,1107,443,610,498,8898
Klepacze,POLREGIO Spółka Akcyjna,1453,917,1006,317,544,396,578,1101,1119,454,611,491,8987
Klepacze ,,1453,917,1006,317,544,396,578,1101,1119,454,611,491,8987
Trypucie,POLREGIO Spółka Akcyjna,1390,870,1026,315,600,408,606,1101,1119,440,617,495,8987
Trypucie ,,1390,870,1026,315,600,408,606,1101,1119,440,617,495,8987
Uhowo,POLREGIO Spółka Akcyjna,1438,829,1039,315,623,412,545,1142,1273,443,628,506,9193
Uhowo ,,1438,829,1039,315,623,412,545,1142,1273,443,628,506,9193
Bojary,POLREGIO Spółka Akcyjna,1443,837,1045,315,600,394,538,1124,1263,441,622,500,9122
Bojary ,,1443,837,1045,315,600,394,538,1124,1263,441,622,500,9122
Baciuty,POLREGIO Spółka Akcyjna,1403,809,974,305,590,396,525,1083,1047,430,610,489,8661
Baciuty ,,1403,809,974,305,590,396,525,1083,1047,430,610,489,8661
Głuszyca,Koleje Dolnośląskie S.A.,1796,966,1231,1584,1273,918,1729,1429,2406,4836,2038,1561,21767
Głuszyca,CARGO Master Spółka z o.o.,,,,12,,,,,,,,,12
Głuszyca,PKP INTERCITY Spółka Akcyjna ,,,,,,,,,,,,,
Głuszyca ,,1796,966,1231,1596,1273,918,1729,1429,2406,4836,2038,1561,21779
Ustka,PKP INTERCITY Spółka Akcyjna ,763,283,415,411,467,2217,2479,2154,26,,,,9215
Ustka,POLREGIO Spółka Akcyjna,147,300,143,250,391,473,677,1205,,,,,3586
Ustka,Koleje Mazowieckie - KM Spółka z o.o.,,,,,,261,572,497,9,,,,1339
Ustka,CARGO Master Spółka z o.o.,,,,,,,,,,,,,
Ustka,Freightliner PL Spółka z o.o.,,,,,,,,,,,,,
Ustka ,,910,583,558,661,858,2951,3728,3856,35,,,,14140
Bielawa Zachodnia,Koleje Dolnośląskie S.A.,1236,518,508,318,839,525,951,754,654,915,844,654,8716
Bielawa Zachodnia ,,1236,518,508,318,839,525,951,754,654,915,844,654,8716
Bielawa Centralna,Koleje Dolnośląskie S.A.,1371,589,601,417,912,654,1058,835,762,1018,1031,738,9986
Bielawa Centralna ,,1371,589,601,417,912,654,1058,835,762,1018,1031,738,9986
Rogoźnica,Koleje Dolnośląskie S.A.,2883,1497,1766,1480,1731,1298,2022,1408,1588,3109,3013,1370,23165
Rogoźnica ,,2883,1497,1766,1480,1731,1298,2022,1408,1588,3109,3013,1370,23165
Pasłęk,PKP INTERCITY Spółka Akcyjna ,3134,811,1116,903,1125,2624,3014,3095,653,947,1804,2145,21371
Pasłęk,POLREGIO Spółka Akcyjna,957,180,231,63,155,134,541,531,430,427,560,187,4396
Pasłęk ,,4091,991,1347,966,1280,2758,3555,3626,1083,1374,2364,2332,25767
Rytel,POLREGIO Spółka Akcyjna,1817,773,732,1473,1353,1371,1534,2001,1216,1279,831,741,15121
Rytel ,,1817,773,732,1473,1353,1371,1534,2001,1216,1279,831,741,15121
Wałdowo Szlacheckie,Arriva RP Sp. z o.o.,936,706,1568,353,1276,691,,,1691,622,1375,583,9801
Wałdowo Szlacheckie ,,936,706,1568,353,1276,691,,,1691,622,1375,583,9801
Kołodziejewo,POLREGIO Spółka Akcyjna,1367,589,544,762,566,1020,953,718,1270,1894,1133,657,11473
Kołodziejewo ,,1367,589,544,762,566,1020,953,718,1270,1894,1133,657,11473
Janikowo,POLREGIO Spółka Akcyjna,1338,577,542,731,560,981,980,706,1271,1869,1115,679,11349
Janikowo ,,1338,577,542,731,560,981,980,706,1271,1869,1115,679,11349
Gorzuchowo Chełmińskie,Arriva RP Sp. z o.o.,968,708,1574,354,1326,723,,,1725,621,1398,581,9978
Gorzuchowo Chełmińskie ,,968,708,1574,354,1326,723,,,1725,621,1398,581,9978
Subkowy Centrum,POLREGIO Spółka Akcyjna,3944,621,766,635,1163,1417,2158,2082,1060,1251,1347,948,17392
Subkowy Centrum ,,3944,621,766,635,1163,1417,2158,2082,1060,1251,1347,948,17392
Subkowy,POLREGIO Spółka Akcyjna,3998,636,779,637,1145,1373,2206,2035,1058,1250,1289,945,17351
Subkowy ,,3998,636,779,637,1145,1373,2206,2035,1058,1250,1289,945,17351
Morzeszczyn,POLREGIO Spółka Akcyjna,4529,730,707,602,1066,1165,1937,1835,1039,1190,1260,919,16979
Morzeszczyn ,,4529,730,707,602,1066,1165,1937,1835,1039,1190,1260,919,16979
Kulice Tczewskie,POLREGIO Spółka Akcyjna,4613,661,768,691,1164,1302,2097,1986,1071,1277,1302,974,17906
Kulice Tczewskie ,,4613,661,768,691,1164,1302,2097,1986,1071,1277,1302,974,17906
Czarlin,POLREGIO Spółka Akcyjna,3935,603,758,635,1166,1400,2142,2091,1070,1252,1334,970,17356
Czarlin ,,3935,603,758,635,1166,1400,2142,2091,1070,1252,1334,970,17356
Olszyna Lubańska,Koleje Dolnośląskie S.A.,2192,602,612,980,1203,762,1661,1331,2219,3794,3175,1417,19948
Olszyna Lubańska,POLREGIO Spółka Akcyjna,25,,,184,101,,,14,117,53,334,235,1063
Olszyna Lubańska ,,2217,602,612,1164,1304,762,1661,1345,2336,3847,3509,1652,21011
Majewo,POLREGIO Spółka Akcyjna,4015,591,775,583,1033,1166,1926,1784,925,1157,1285,865,16105
Majewo ,,4015,591,775,583,1033,1166,1926,1784,925,1157,1285,865,16105
Bolesławice Świdnickie,Koleje Dolnośląskie S.A.,2374,1047,1393,1411,1350,1121,2032,2027,2284,2464,2182,1406,21091
Bolesławice Świdnickie ,,2374,1047,1393,1411,1350,1121,2032,2027,2284,2464,2182,1406,21091
Goczałków,Koleje Dolnośląskie S.A.,2898,1510,1782,1525,1737,1327,2109,1591,1733,3163,3059,1412,23846
Goczałków ,,2898,1510,1782,1525,1737,1327,2109,1591,1733,3163,3059,1412,23846
Olsztyn Gutkowo,POLREGIO Spółka Akcyjna,1721,556,438,538,359,404,918,619,381,717,856,408,7915
Olsztyn Gutkowo ,,1721,556,438,538,359,404,918,619,381,717,856,408,7915
Olsztyn Likusy,POLREGIO Spółka Akcyjna,1755,572,435,554,402,388,942,671,406,748,879,244,7996
Olsztyn Likusy ,,1755,572,435,554,402,388,942,671,406,748,879,244,7996
Olsztyn Jezioro Ukiel,POLREGIO Spółka Akcyjna,1868,611,466,555,432,423,969,732,414,766,917,270,8423
Olsztyn Jezioro Ukiel ,,1868,611,466,555,432,423,969,732,414,766,917,270,8423
Gierwaty,Koleje Mazowieckie - KM Spółka z o.o.,1199,357,185,390,287,166,320,651,427,868,1366,184,6400
Gierwaty ,,1199,357,185,390,287,166,320,651,427,868,1366,184,6400
Olsztyn Redykajny,POLREGIO Spółka Akcyjna,1747,573,479,562,394,428,974,669,405,736,898,247,8112
Olsztyn Redykajny ,,1747,573,479,562,394,428,974,669,405,736,898,247,8112
Goworowo,Koleje Mazowieckie - KM Spółka z o.o.,1290,358,220,418,292,166,331,650,431,979,1412,202,6749
Goworowo ,,1290,358,220,418,292,166,331,650,431,979,1412,202,6749
Gołubie Kaszubskie,POLREGIO Spółka Akcyjna,384,199,561,277,414,281,873,694,545,580,305,340,5453
Gołubie Kaszubskie ,,384,199,561,277,414,281,873,694,545,580,305,340,5453
Wieżyca,POLREGIO Spółka Akcyjna,397,203,570,290,432,292,866,703,558,591,320,437,5659
Wieżyca ,,397,203,570,290,432,292,866,703,558,591,320,437,5659
Somonino,POLREGIO Spółka Akcyjna,420,253,565,315,412,338,848,647,592,581,338,474,5783
Somonino ,,420,253,565,315,412,338,848,647,592,581,338,474,5783
Sławki,POLREGIO Spółka Akcyjna,394,203,571,297,434,306,864,696,569,582,320,444,5680
Sławki ,,394,203,571,297,434,306,864,696,569,582,320,444,5680
Skorzewo,POLREGIO Spółka Akcyjna,374,187,558,277,414,285,873,714,542,638,304,334,5500
Skorzewo ,,374,187,558,277,414,285,873,714,542,638,304,334,5500
Krzeszna,POLREGIO Spółka Akcyjna,402,203,569,292,434,292,877,709,560,599,323,418,5678
Krzeszna ,,402,203,569,292,434,292,877,709,560,599,323,418,5678
Kiełpino Kartuskie,POLREGIO Spółka Akcyjna,441,265,617,335,422,406,909,755,660,647,378,561,6396
Kiełpino Kartuskie ,,441,265,617,335,422,406,909,755,660,647,378,561,6396
Babi Dół,POLREGIO Spółka Akcyjna,451,279,613,337,412,402,900,761,661,642,387,573,6418
Babi Dół ,,451,279,613,337,412,402,900,761,661,642,387,573,6418
Stanowice,Koleje Dolnośląskie S.A.,2878,1365,1707,1420,1663,1159,2137,1638,1764,3478,2893,1357,23459
Stanowice ,,2878,1365,1707,1420,1663,1159,2137,1638,1764,3478,2893,1357,23459
Krojanty,POLREGIO Spółka Akcyjna,1891,786,731,1462,1156,1347,1512,1962,1185,1296,816,804,14948
Krojanty ,,1891,786,731,1462,1156,1347,1512,1962,1185,1296,816,804,14948
Gutowiec,POLREGIO Spółka Akcyjna,1870,767,709,1457,1190,1300,1498,2025,1163,1328,838,740,14885
Gutowiec ,,1870,767,709,1457,1190,1300,1498,2025,1163,1328,838,740,14885
Bytonia,POLREGIO Spółka Akcyjna,2029,826,725,1315,1189,1287,1482,1985,1166,1397,885,802,15088
Bytonia ,,2029,826,725,1315,1189,1287,1482,1985,1166,1397,885,802,15088
Kamienna Karczma,POLREGIO Spółka Akcyjna,2071,848,731,1375,1223,1304,1485,1969,1124,1400,872,791,15193
Kamienna Karczma ,,2071,848,731,1375,1223,1304,1485,1969,1124,1400,872,791,15193
Mościsko Dzierżoniowskie,Koleje Dolnośląskie S.A.,2660,858,1424,1200,1279,921,1857,1893,1777,2323,1948,1322,19462
Mościsko Dzierżoniowskie ,,2660,858,1424,1200,1279,921,1857,1893,1777,2323,1948,1322,19462
Krzyżowa,Koleje Dolnośląskie S.A.,2838,967,1546,1322,1479,1051,1988,1977,1952,2618,2145,1434,21317
Krzyżowa ,,2838,967,1546,1322,1479,1051,1988,1977,1952,2618,2145,1434,21317
Strzelce Kujawskie,Koleje Mazowieckie - KM Spółka z o.o.,1341,2643,659,1916,746,1448,1584,1567,954,1298,542,596,15294
Strzelce Kujawskie ,,1341,2643,659,1916,746,1448,1584,1567,954,1298,542,596,15294
Łąck,Koleje Mazowieckie - KM Spółka z o.o.,1367,2786,728,2019,838,1406,1577,1414,891,1115,522,682,15345
Łąck ,,1367,2786,728,2019,838,1406,1577,1414,891,1115,522,682,15345
Tworków,Koleje Śląskie Spółka z o.o.,330,198,247,39,261,280,214,721,290,519,616,182,3897
Tworków ,,330,198,247,39,261,280,214,721,290,519,616,182,3897
Sucha Beskidzka,POLREGIO Spółka Akcyjna,2609,904,944,917,1112,746,1414,1097,1035,598,653,850,12879
Sucha Beskidzka,PKP INTERCITY Spółka Akcyjna ,216,91,,,,25,361,861,,,,,1554
Sucha Beskidzka,Koleje Śląskie Spółka z o.o.,,27,,,115,36,196,147,,,,,521
Sucha Beskidzka,PKP CARGO S.A.,,,,,,,,,,,,,
Sucha Beskidzka ,,2825,1022,944,917,1227,807,1971,2105,1035,598,653,850,14954
Roszków Raciborski,Koleje Śląskie Spółka z o.o.,271,171,270,39,251,274,216,716,254,515,620,165,3762
Roszków Raciborski ,,271,171,270,39,251,274,216,716,254,515,620,165,3762
Krzyżanowice,Koleje Śląskie Spółka z o.o.,266,175,232,39,257,276,204,714,250,495,610,165,3683
Krzyżanowice ,,266,175,232,39,257,276,204,714,250,495,610,165,3683
Zielonka Bankowa,Koleje Mazowieckie - KM Spółka z o.o.,563,130,265,197,207,427,1946,586,568,724,1619,767,7999
Zielonka Bankowa ,,563,130,265,197,207,427,1946,586,568,724,1619,767,7999
Warszawa Mokry Ług,Koleje Mazowieckie - KM Spółka z o.o.,584,129,276,213,229,427,1960,605,566,796,1648,757,8190
Warszawa Mokry Ług ,,584,129,276,213,229,427,1960,605,566,796,1648,757,8190
Milicz,Koleje Dolnośląskie S.A.,762,247,146,382,343,220,783,1029,657,383,530,663,6145
Milicz,PKP INTERCITY Spółka Akcyjna ,313,460,168,297,204,364,437,1284,379,437,477,656,5476
Milicz,Koleje Wielkopolskie Sp. z o.o.,15,9,29,18,52,359,183,,,,,,665
Milicz ,,1090,716,343,697,599,943,1403,2313,1036,820,1007,1319,12286
Biała Górna,Koleje Dolnośląskie S.A.,641,238,161,264,383,128,602,140,975,475,505,446,4958
Biała Górna ,,641,238,161,264,383,128,602,140,975,475,505,446,4958
Chabówka,POLREGIO Spółka Akcyjna,2955,896,827,918,1071,1160,2049,1202,1066,669,478,1609,14900
Chabówka,PKP INTERCITY Spółka Akcyjna ,,,,,,,,,26,,329,,355
Chabówka,PKP CARGO S.A.,,,,,,,,,,,,,
Chabówka ,,2955,896,827,918,1071,1160,2049,1202,1092,669,807,1609,15255
Jadwiżyn,POLREGIO Spółka Akcyjna,894,723,288,292,537,784,760,808,621,752,882,531,7872
Jadwiżyn ,,894,723,288,292,537,784,760,808,621,752,882,531,7872
Samostrzel,POLREGIO Spółka Akcyjna,933,724,303,289,541,787,805,864,661,772,893,528,8100
Samostrzel ,,933,724,303,289,541,787,805,864,661,772,893,528,8100
Anieliny,POLREGIO Spółka Akcyjna,943,726,316,285,534,773,799,891,668,812,901,538,8186
Anieliny ,,943,726,316,285,534,773,799,891,668,812,901,538,8186
Patrzyków,Koleje Wielkopolskie Sp. z o.o.,,,1080,1343,2107,1866,946,639,753,1279,892,996,11901
Patrzyków ,,,,1080,1343,2107,1866,946,639,753,1279,892,996,11901
Trąbki,POLREGIO Spółka Akcyjna,1507,425,951,535,622,712,723,841,838,749,654,1154,9711
Trąbki ,,1507,425,951,535,622,712,723,841,838,749,654,1154,9711
Sobótka Zachodnia,Koleje Dolnośląskie S.A.,1263,322,221,463,324,445,399,564,1247,646,909,563,7366
Sobótka Zachodnia,PKP INTERCITY Spółka Akcyjna ,,,,,,,,,,,,,
Sobótka Zachodnia ,,1263,322,221,463,324,445,399,564,1247,646,909,563,7366
Cieszyno Łobeskie,POLREGIO Spółka Akcyjna,1510,429,1097,547,630,712,743,797,853,747,660,1165,9890
Cieszyno Łobeskie ,,1510,429,1097,547,630,712,743,797,853,747,660,1165,9890
Pyrzowice Lotnisko,Koleje Śląskie Spółka z o.o.,367,495,854,538,670,301,181,144,434,143,309,175,4611
Pyrzowice Lotnisko,PKP INTERCITY Spółka Akcyjna ,,,,,,,,,,,,,
Pyrzowice Lotnisko ,,367,495,854,538,670,301,181,144,434,143,309,175,4611
Miasteczko Śląskie Centrum,Koleje Śląskie Spółka z o.o.,423,532,896,531,738,379,182,111,371,161,337,125,4786
Miasteczko Śląskie Centrum ,,423,532,896,531,738,379,182,111,371,161,337,125,4786
Siewierz,Koleje Śląskie Spółka z o.o.,349,425,802,483,606,327,164,139,447,150,355,195,4442
Siewierz ,,349,425,802,483,606,327,164,139,447,150,355,195,4442
Mierzęcice,Koleje Śląskie Spółka z o.o.,407,494,861,533,648,336,219,146,435,157,353,202,4791
Mierzęcice ,,407,494,861,533,648,336,219,146,435,157,353,202,4791
Przybyłowice,Koleje Dolnośląskie S.A.,2085,1203,1394,1055,1521,868,1342,888,1262,1875,2184,1153,16830
Przybyłowice ,,2085,1203,1394,1055,1521,868,1342,888,1262,1875,2184,1153,16830
Legnica Strefa,Koleje Dolnośląskie S.A.,2077,1230,1374,1114,1646,873,1422,911,1272,1912,2233,1136,17200
Legnica Strefa ,,2077,1230,1374,1114,1646,873,1422,911,1272,1912,2233,1136,17200
Stary Jawor,Koleje Dolnośląskie S.A.,2194,1284,1429,1116,1448,967,1368,889,1240,1909,2280,1200,17324
Stary Jawor ,,2194,1284,1429,1116,1448,967,1368,889,1240,1909,2280,1200,17324
Poręba,Koleje Śląskie Spółka z o.o.,203,315,789,493,684,364,157,162,473,171,341,196,4348
Poręba ,,203,315,789,493,684,364,157,162,473,171,341,196,4348
Pustków Żurawski,Koleje Dolnośląskie S.A.,1417,371,237,573,404,549,486,750,1035,736,1087,735,8380
Pustków Żurawski,PKP INTERCITY Spółka Akcyjna ,,,,,,,,,,,,,
Pustków Żurawski ,,1417,371,237,573,404,549,486,750,1035,736,1087,735,8380
Rogów Sobócki,Koleje Dolnośląskie S.A.,1418,357,237,573,397,537,487,766,1031,741,1088,741,8373
Rogów Sobócki,PKP INTERCITY Spółka Akcyjna ,,,,,,,,,,,,,
Rogów Sobócki ,,1418,357,237,573,397,537,487,766,1031,741,1088,741,8373
Wierzbice,Koleje Dolnośląskie S.A.,1415,380,237,578,409,549,486,756,1036,734,1123,742,8445
Wierzbice ,,1415,380,237,578,409,549,486,756,1036,734,1123,742,8445
Gierałtów Wykroty,Koleje Dolnośląskie S.A.,1039,316,276,260,544,426,1013,496,1783,797,732,927,8609
Gierałtów Wykroty ,,1039,316,276,260,544,426,1013,496,1783,797,732,927,8609
Ciechanowice,Koleje Dolnośląskie S.A.,1996,663,781,612,730,523,1327,837,1356,2519,1783,1552,14679
Ciechanowice,POLREGIO Spółka Akcyjna,122,7,,51,22,65,58,,49,80,69,11,534
Ciechanowice ,,2118,670,781,663,752,588,1385,837,1405,2599,1852,1563,15213
Gierałtów,Koleje Dolnośląskie S.A.,1062,327,344,329,570,407,1030,535,1642,944,858,949,8997
Gierałtów ,,1062,327,344,329,570,407,1030,535,1642,944,858,949,8997
Skalite Serafinov,Koleje Śląskie Spółka z o.o.,314,256,195,184,159,158,146,94,154,49,95,8,1812
Skalite Serafinov,PKP INTERCITY Spółka Akcyjna ,,,,,,,,,,,,,
Skalite Serafinov ,,314,256,195,184,159,158,146,94,154,49,95,8,1812
Skalite,Koleje Śląskie Spółka z o.o.,421,351,239,216,215,229,205,144,218,91,153,46,2528
Skalite,PKP INTERCITY Spółka Akcyjna ,,,,,,,,,,,,,
Skalite ,,421,351,239,216,215,229,205,144,218,91,153,46,2528
Skalite pod Polanou,Koleje Śląskie Spółka z o.o.,392,325,234,217,196,217,192,113,204,72,137,35,2334
Skalite pod Polanou ,,392,325,234,217,196,217,192,113,204,72,137,35,2334
Skalite Kudlov,Koleje Śląskie Spółka z o.o.,362,303,225,203,176,202,169,108,185,71,110,21,2135
Skalite Kudlov ,,362,303,225,203,176,202,169,108,185,71,110,21,2135
Olesno Śląskie,PKP INTERCITY Spółka Akcyjna ,556,416,527,205,383,1135,1336,1672,1414,793,1022,1007,10466
Olesno Śląskie,POLREGIO Spółka Akcyjna,1004,265,649,370,302,259,551,408,520,501,309,345,5483
Olesno Śląskie ,,1560,681,1176,575,685,1394,1887,2080,1934,1294,1331,1352,15949
Frankfurt/Oder,PKP INTERCITY Spółka Akcyjna ,3785,5545,4245,2657,3343,8766,5259,5030,4927,6535,4404,5308,59804
Frankfurt/Oder,POLREGIO Spółka Akcyjna,356,29,342,37,337,159,89,138,167,126,,,1780
Frankfurt/Oder ,,4141,5574,4587,2694,3680,8925,5348,5168,5094,6661,4404,5308,61584
Ubocze,Koleje Dolnośląskie S.A.,2193,601,603,987,1216,763,1654,1303,2207,3829,3198,1430,19984
Ubocze ,,2193,601,603,987,1216,763,1654,1303,2207,3829,3198,1430,19984
Tarnów Opolski,POLREGIO Spółka Akcyjna,1130,318,553,605,548,1060,1028,690,842,968,1359,705,9806
Tarnów Opolski ,,1130,318,553,605,548,1060,1028,690,842,968,1359,705,9806
Szymiszów,POLREGIO Spółka Akcyjna,1147,307,579,617,630,1074,1062,819,877,1033,1357,745,10247
Szymiszów ,,1147,307,579,617,630,1074,1062,819,877,1033,1357,745,10247
Otmice,POLREGIO Spółka Akcyjna,1137,312,573,607,560,1073,1034,791,854,986,1355,730,10012
Otmice ,,1137,312,573,607,560,1073,1034,791,854,986,1355,730,10012
Najmowo,Arriva RP Sp. z o.o.,435,290,838,293,339,462,1206,536,360,298,625,608,6290
Najmowo ,,435,290,838,293,339,462,1206,536,360,298,625,608,6290
Konojady,Arriva RP Sp. z o.o.,438,292,842,300,341,468,1203,539,367,303,628,599,6320
Konojady ,,438,292,842,300,341,468,1203,539,367,303,628,599,6320
Stare Grudze,Łódzka Kolej Aglomeracyjna Sp. z o.o.,,,,481,154,466,126,,180,299,1099,247,3052
Stare Grudze ,,,,,481,154,466,126,,180,299,1099,247,3052
Radzymin,Szybka Kolej Miejska Sp. z o.o.,435,356,246,286,365,1094,682,391,483,287,215,459,5299
Radzymin,Koleje Mazowieckie - KM Spółka z o.o.,1676,1104,412,288,216,532,,,,20,44,151,4443
Radzymin,CARGO Master Spółka z o.o.,,,,,,,,,,,,,
Radzymin ,,2111,1460,658,574,581,1626,682,391,483,307,259,610,9742
Nieporęt,Szybka Kolej Miejska Sp. z o.o.,474,366,242,275,403,1125,722,432,525,296,211,476,5547
Nieporęt,Koleje Mazowieckie - KM Spółka z o.o.,1762,1115,571,280,219,592,,,,18,45,159,4761
Nieporęt ,,2236,1481,813,555,622,1717,722,432,525,314,256,635,10308
Dąbkowizna,Szybka Kolej Miejska Sp. z o.o.,463,366,248,284,376,1119,712,406,516,284,208,482,5464
Dąbkowizna,Koleje Mazowieckie - KM Spółka z o.o.,1767,1125,567,288,217,596,,,,18,45,159,4782
Dąbkowizna ,,2230,1491,815,572,593,1715,712,406,516,302,253,641,10246
Namysłów,POLREGIO Spółka Akcyjna,1527,373,619,586,692,452,914,630,708,819,583,639,8542
Namysłów ,,1527,373,619,586,692,452,914,630,708,819,583,639,8542
Sierakowice Skierniewickie,Łódzka Kolej Aglomeracyjna Sp. z o.o.,307,88,134,507,199,213,282,400,252,467,188,392,3429
Sierakowice Skierniewickie ,,307,88,134,507,199,213,282,400,252,467,188,392,3429
Mokra,Łódzka Kolej Aglomeracyjna Sp. z o.o.,306,85,132,505,198,211,280,393,242,465,187,385,3389
Mokra ,,306,85,132,505,198,211,280,393,242,465,187,385,3389
Bełchów,Łódzka Kolej Aglomeracyjna Sp. z o.o.,310,87,125,509,200,236,283,396,254,469,174,382,3425
Bełchów ,,310,87,125,509,200,236,283,396,254,469,174,382,3425
Bobrowniki,Łódzka Kolej Aglomeracyjna Sp. z o.o.,314,108,130,516,211,223,291,403,252,480,201,374,3503
Bobrowniki ,,314,108,130,516,211,223,291,403,252,480,201,374,3503
Olza,Koleje Śląskie Spółka z o.o.,986,793,652,888,767,722,1143,1316,1298,1305,1274,649,11793
Olza ,,986,793,652,888,767,722,1143,1316,1298,1305,1274,649,11793
Wodzisław Śląski Centrum,Koleje Śląskie Spółka z o.o.,1110,897,678,991,832,885,1220,1490,1277,1362,1409,662,12813
Wodzisław Śląski Centrum ,,1110,897,678,991,832,885,1220,1490,1277,1362,1409,662,12813
Czyżowice,Koleje Śląskie Spółka z o.o.,1126,925,695,1014,864,906,1219,1509,1303,1429,1423,675,13088
Czyżowice ,,1126,925,695,1014,864,906,1219,1509,1303,1429,1423,675,13088
Bełsznica,Koleje Śląskie Spółka z o.o.,1110,905,690,1001,861,899,1217,1501,1305,1439,1411,674,13013
Bełsznica ,,1110,905,690,1001,861,899,1217,1501,1305,1439,1411,674,13013
Lisowo,POLREGIO Spółka Akcyjna,1463,403,972,541,661,718,734,825,844,769,598,1072,9600
Lisowo ,,1463,403,972,541,661,718,734,825,844,769,598,1072,9600
Młyńsko,Koleje Dolnośląskie S.A.,1727,525,460,748,1268,674,1337,1111,1959,2773,2242,1392,16216
Młyńsko ,,1727,525,460,748,1268,674,1337,1111,1959,2773,2242,1392,16216
Kwieciszowice,Koleje Dolnośląskie S.A.,1792,474,396,754,1251,755,1225,1094,1993,2752,2000,1434,15920
Kwieciszowice ,,1792,474,396,754,1251,755,1225,1094,1993,2752,2000,1434,15920
Żychlin,Łódzka Kolej Aglomeracyjna Sp. z o.o.,220,52,88,602,323,281,360,564,283,430,204,393,3800
Żychlin,PKP INTERCITY Spółka Akcyjna ,163,25,112,194,164,223,138,330,157,116,374,542,2538
Żychlin ,,383,77,200,796,487,504,498,894,440,546,578,935,6338
Rybnica,Koleje Dolnośląskie S.A.,1416,463,433,613,646,724,1117,700,1782,2643,1787,1341,13665
Rybnica ,,1416,463,433,613,646,724,1117,700,1782,2643,1787,1341,13665
Mieszkowice,PKP INTERCITY Spółka Akcyjna ,1620,835,1047,1028,1885,1487,1505,1192,2063,1460,1786,1363,17271
Mieszkowice,POLREGIO Spółka Akcyjna,497,329,582,292,613,447,476,268,463,444,661,603,5675
Mieszkowice ,,2117,1164,1629,1320,2498,1934,1981,1460,2526,1904,2447,1966,22946
Klementowice,POLREGIO Spółka Akcyjna,504,234,165,151,171,440,444,509,475,407,801,481,4782
Klementowice ,,504,234,165,151,171,440,444,509,475,407,801,481,4782
Sadurki,POLREGIO Spółka Akcyjna,526,254,187,166,170,410,441,483,454,449,722,412,4674
Sadurki ,,526,254,187,166,170,410,441,483,454,449,722,412,4674
Miłocin Lubelski,POLREGIO Spółka Akcyjna,531,254,219,154,175,417,448,501,463,447,724,414,4747
Miłocin Lubelski ,,531,254,219,154,175,417,448,501,463,447,724,414,4747
Pyzówka,POLREGIO Spółka Akcyjna,2959,871,786,939,998,1361,2419,1448,1237,675,357,2136,16186
Pyzówka,Koleje Śląskie Spółka z o.o.,42,34,,,118,27,172,81,,,,38,512
Pyzówka ,,3001,905,786,939,1116,1388,2591,1529,1237,675,357,2174,16698
Ełk,PKP INTERCITY Spółka Akcyjna ,1772,619,707,297,721,767,1150,743,526,600,848,966,9716
Ełk,POLREGIO Spółka Akcyjna,1221,732,462,92,426,260,802,922,224,495,680,507,6823
Ełk ,,2993,1351,1169,389,1147,1027,1952,1665,750,1095,1528,1473,16539
Łopatki,POLREGIO Spółka Akcyjna,515,250,175,151,194,453,471,512,473,417,807,483,4901
Łopatki ,,515,250,175,151,194,453,471,512,473,417,807,483,4901
Gołąb,POLREGIO Spółka Akcyjna,512,230,149,172,177,405,409,512,447,354,723,502,4592
Gołąb ,,512,230,149,172,177,405,409,512,447,354,723,502,4592
Szczytno,PKP INTERCITY Spółka Akcyjna ,1550,149,637,302,756,621,1030,863,346,516,1282,793,8845
Szczytno,POLREGIO Spółka Akcyjna,795,832,589,482,496,668,1011,614,378,377,521,495,7258
Szczytno,Koleje Mazowieckie - KM Spółka z o.o.,,,,,,,,,,,,71,71
Szczytno ,,2345,981,1226,784,1252,1289,2041,1477,724,893,1803,1359,16174
Matysy,POLREGIO Spółka Akcyjna,787,373,92,255,230,243,499,304,388,570,413,492,4646
Matysy ,,787,373,92,255,230,243,499,304,388,570,413,492,4646
Szachy,POLREGIO Spółka Akcyjna,723,361,143,132,243,235,491,305,366,560,393,472,4424
Szachy ,,723,361,143,132,243,235,491,305,366,560,393,472,4424
Porosiuki,POLREGIO Spółka Akcyjna,690,360,143,99,248,212,476,287,334,444,408,472,4173
Porosiuki ,,690,360,143,99,248,212,476,287,334,444,408,472,4173
Budachów,POLREGIO Spółka Akcyjna,1626,2265,1043,1871,2116,1662,2422,1661,2526,1932,2366,2903,24393
Budachów ,,1626,2265,1043,1871,2116,1662,2422,1661,2526,1932,2366,2903,24393
Radnica,POLREGIO Spółka Akcyjna,1653,2325,1057,1833,2087,1698,2447,1654,2553,1956,2381,2933,24577
Radnica ,,1653,2325,1057,1833,2087,1698,2447,1654,2553,1956,2381,2933,24577
Skoki - Borowa,POLREGIO Spółka Akcyjna,466,223,134,144,178,404,387,444,432,340,719,489,4360
Skoki - Borowa ,,466,223,134,144,178,404,387,444,432,340,719,489,4360
Puławy,POLREGIO Spółka Akcyjna,470,216,119,155,164,417,422,457,438,384,783,476,4501
Puławy ,,470,216,119,155,164,417,422,457,438,384,783,476,4501
Puławy Chemia,POLREGIO Spółka Akcyjna,519,228,137,180,181,422,439,508,456,357,804,486,4717
Puławy Chemia ,,519,228,137,180,181,422,439,508,456,357,804,486,4717
Końskowola,POLREGIO Spółka Akcyjna,480,233,135,154,170,438,443,490,486,409,809,475,4722
Końskowola ,,480,233,135,154,170,438,443,490,486,409,809,475,4722
Motycz Leśny,POLREGIO Spółka Akcyjna,524,251,209,141,166,412,459,490,459,443,720,421,4695
Motycz Leśny ,,524,251,209,141,166,412,459,490,459,443,720,421,4695
Czesławice,POLREGIO Spółka Akcyjna,535,318,178,164,178,416,456,486,458,455,747,424,4815
Czesławice ,,535,318,178,164,178,416,456,486,458,455,747,424,4815
Motycz,POLREGIO Spółka Akcyjna,489,230,194,140,161,378,417,476,435,408,715,421,4464
Motycz ,,489,230,194,140,161,378,417,476,435,408,715,421,4464
Stasin Polny,POLREGIO Spółka Akcyjna,516,232,199,159,150,386,429,482,468,402,753,324,4500
Stasin Polny ,,516,232,199,159,150,386,429,482,468,402,753,324,4500
Jerzmanice Lubuskie,POLREGIO Spółka Akcyjna,1734,2309,1028,1730,2007,1530,2370,1588,2738,2048,2352,2927,24361
Jerzmanice Lubuskie,PKP INTERCITY Spółka Akcyjna ,,,,,33,,,,201,,,,234
Jerzmanice Lubuskie ,,1734,2309,1028,1730,2040,1530,2370,1588,2939,2048,2352,2927,24595
Szaniawy,POLREGIO Spółka Akcyjna,760,364,82,164,229,261,497,282,380,560,410,477,4466
Szaniawy,PKP INTERCITY Spółka Akcyjna ,,,,,,,,,,,,,
Szaniawy ,,760,364,82,164,229,261,497,282,380,560,410,477,4466
Brzozowica,POLREGIO Spółka Akcyjna,756,368,86,165,239,256,492,283,387,570,410,472,4484
Brzozowica,PKP INTERCITY Spółka Akcyjna ,,,,,,,,,,,,,
Brzozowica ,,756,368,86,165,239,256,492,283,387,570,410,472,4484
Sitno,POLREGIO Spółka Akcyjna,732,369,149,141,251,253,483,285,358,558,387,472,4438
Sitno,PKP INTERCITY Spółka Akcyjna ,,,,,,,,,,,,,
Sitno ,,732,369,149,141,251,253,483,285,358,558,387,472,4438
Łuków Zapowiednik,POLREGIO Spółka Akcyjna,792,374,97,252,229,248,498,271,393,569,412,492,4627
Łuków Zapowiednik ,,792,374,97,252,229,248,498,271,393,569,412,492,4627
Misie,POLREGIO Spółka Akcyjna,743,371,94,167,243,246,484,289,383,577,419,472,4488
Misie ,,743,371,94,167,243,246,484,289,383,577,419,472,4488
Sokule,POLREGIO Spółka Akcyjna,696,353,138,107,242,212,485,269,341,538,402,475,4258
Sokule ,,696,353,138,107,242,212,485,269,341,538,402,475,4258
Rokiciny Podhalańskie,POLREGIO Spółka Akcyjna,2815,837,836,919,1040,1321,2239,1248,1080,616,281,2054,15286
Rokiciny Podhalańskie ,,2815,837,836,919,1040,1321,2239,1248,1080,616,281,2054,15286
Raba Wyżna,POLREGIO Spółka Akcyjna,2745,838,840,918,1020,1254,2229,1177,1130,637,293,2085,15166
Raba Wyżna ,,2745,838,840,918,1020,1254,2229,1177,1130,637,293,2085,15166
Lasek,POLREGIO Spółka Akcyjna,2703,798,744,916,945,1320,2352,1338,1061,587,327,1604,14695
Lasek ,,2703,798,744,916,945,1320,2352,1338,1061,587,327,1604,14695
Blachownia,POLREGIO Spółka Akcyjna,375,194,489,203,140,123,259,219,224,176,152,220,2774
Blachownia,Koleje Śląskie Spółka z o.o.,304,141,173,95,104,61,240,154,281,268,353,355,2529
Blachownia ,,679,335,662,298,244,184,499,373,505,444,505,575,5303
Sieniawa,POLREGIO Spółka Akcyjna,2796,866,823,904,866,1176,2142,1174,1111,613,302,2039,14812
Sieniawa ,,2796,866,823,904,866,1176,2142,1174,1111,613,302,2039,14812
Twardogóra,PKP INTERCITY Spółka Akcyjna ,982,965,517,693,837,626,841,1458,1218,548,1046,813,10544
Twardogóra,POLREGIO Spółka Akcyjna,701,1134,899,532,629,652,789,430,1451,436,401,645,8699
Twardogóra,Koleje Dolnośląskie S.A.,,,,,,,,,,,,,
Twardogóra ,,1683,2099,1416,1225,1466,1278,1630,1888,2669,984,1447,1458,19243
Ustroń Zdrój,Koleje Śląskie Spółka z o.o.,2030,773,1232,1616,1505,2240,1685,1074,1972,1131,1573,1688,18519
Ustroń Zdrój,PKP INTERCITY Spółka Akcyjna ,263,42,109,62,73,193,48,91,53,43,113,110,1200
Ustroń Zdrój ,,2293,815,1341,1678,1578,2433,1733,1165,2025,1174,1686,1798,19719
Przysucha,Koleje Mazowieckie - KM Spółka z o.o.,293,130,77,320,338,368,186,176,441,284,700,145,3458
Przysucha,PKP INTERCITY Spółka Akcyjna ,222,229,71,111,8,206,137,152,291,471,383,120,2401
Przysucha,Łódzka Kolej Aglomeracyjna Sp. z o.o.,,,,156,16,,14,6,,58,31,,281
Przysucha ,,515,359,148,587,362,574,337,334,732,813,1114,265,6140
Herby Stare,POLREGIO Spółka Akcyjna,392,159,436,229,96,122,242,191,211,141,124,180,2523
Herby Stare,Koleje Śląskie Spółka z o.o.,269,115,175,85,74,106,239,130,251,212,301,312,2269
Herby Stare ,,661,274,611,314,170,228,481,321,462,353,425,492,4792
Ustroń Polana,Koleje Śląskie Spółka z o.o.,1989,775,1178,1563,1425,2148,1656,899,1938,1076,1512,1594,17753
Ustroń Polana,PKP INTERCITY Spółka Akcyjna ,257,41,108,50,73,194,48,106,50,37,109,104,1177
Ustroń Polana ,,2246,816,1286,1613,1498,2342,1704,1005,1988,1113,1621,1698,18930
Piechowice,Koleje Dolnośląskie S.A.,1040,404,271,514,606,390,853,708,786,1678,1215,974,9439
Piechowice,PKP INTERCITY Spółka Akcyjna ,692,259,56,36,,370,383,377,11,166,85,449,2884
Piechowice,POLREGIO Spółka Akcyjna,264,51,92,120,,65,14,37,160,235,83,142,1263
Piechowice ,,1996,714,419,670,606,825,1250,1122,957,2079,1383,1565,13586
Wisła Uzdrowisko,Koleje Śląskie Spółka z o.o.,2118,861,1257,1649,1569,2199,1701,861,1811,1087,1517,1575,18205
Wisła Uzdrowisko,PKP INTERCITY Spółka Akcyjna ,261,46,108,57,74,195,49,117,53,37,110,107,1214
Wisła Uzdrowisko ,,2379,907,1365,1706,1643,2394,1750,978,1864,1124,1627,1682,19419
Jelenia Góra Cieplice,Koleje Dolnośląskie S.A.,1092,426,281,563,595,419,858,755,824,1771,1290,971,9845
Jelenia Góra Cieplice,PKP INTERCITY Spółka Akcyjna ,700,277,63,27,,373,395,446,11,187,95,472,3046
Jelenia Góra Cieplice,POLREGIO Spółka Akcyjna,301,54,103,143,,79,31,32,194,306,77,160,1480
Jelenia Góra Cieplice ,,2093,757,447,733,595,871,1284,1233,1029,2264,1462,1603,14371
Solniki Wielkie,POLREGIO Spółka Akcyjna,1610,359,508,520,678,538,979,721,687,980,722,799,9101
Solniki Wielkie ,,1610,359,508,520,678,538,979,721,687,980,722,799,9101
Bierutów,POLREGIO Spółka Akcyjna,1548,349,466,496,664,537,857,668,677,928,658,706,8554
Bierutów ,,1548,349,466,496,664,537,857,668,677,928,658,706,8554
Pliszka,POLREGIO Spółka Akcyjna,1731,2311,1094,1866,2104,1636,2446,1572,2554,2056,2430,2990,24790
Pliszka ,,1731,2311,1094,1866,2104,1636,2446,1572,2554,2056,2430,2990,24790
Gądków Wielki,POLREGIO Spółka Akcyjna,1640,2224,1054,1796,2034,1531,2392,1521,2514,2004,2334,2959,24003
Gądków Wielki ,,1640,2224,1054,1796,2034,1531,2392,1521,2514,2004,2334,2959,24003
Bytnica,POLREGIO Spółka Akcyjna,1697,2366,1093,1856,2093,1626,2449,1594,2625,1975,2459,3000,24833
Bytnica ,,1697,2366,1093,1856,2093,1626,2449,1594,2625,1975,2459,3000,24833
Nietkowice,POLREGIO Spółka Akcyjna,1727,2379,1080,1861,2073,1647,2426,1518,2626,1937,2391,2939,24604
Nietkowice ,,1727,2379,1080,1861,2073,1647,2426,1518,2626,1937,2391,2939,24604
Goleszów Górny,Koleje Śląskie Spółka z o.o.,1096,410,758,959,722,1064,789,506,1139,688,1126,1009,10266
Goleszów Górny ,,1096,410,758,959,722,1064,789,506,1139,688,1126,1009,10266
Cieszyn Uniwersytet,Koleje Śląskie Spółka z o.o.,1107,404,752,954,714,1053,780,506,1144,710,1085,948,10157
Cieszyn Uniwersytet ,,1107,404,752,954,714,1053,780,506,1144,710,1085,948,10157
Będów,POLREGIO Spółka Akcyjna,1719,2393,1093,1857,2079,1663,2453,1533,2631,1965,2384,2960,24730
Będów ,,1719,2393,1093,1857,2079,1663,2453,1533,2631,1965,2384,2960,24730
Bażanowice,Koleje Śląskie Spółka z o.o.,1105,412,753,960,719,1054,781,506,1144,710,1098,965,10207
Bażanowice ,,1105,412,753,960,719,1054,781,506,1144,710,1098,965,10207
Samborowo,POLREGIO Spółka Akcyjna,2055,570,541,475,321,537,590,1062,797,624,763,495,8830
Samborowo ,,2055,570,541,475,321,537,590,1062,797,624,763,495,8830
Biesal,POLREGIO Spółka Akcyjna,1870,616,562,464,297,619,491,968,959,636,694,539,8715
Biesal ,,1870,616,562,464,297,619,491,968,959,636,694,539,8715
Unieszewo,POLREGIO Spółka Akcyjna,1972,635,567,469,299,621,489,979,956,742,706,549,8984
Unieszewo ,,1972,635,567,469,299,621,489,979,956,742,706,549,8984
Stare Jabłonki,POLREGIO Spółka Akcyjna,1910,455,498,473,301,460,505,979,1037,661,709,560,8548
Stare Jabłonki ,,1910,455,498,473,301,460,505,979,1037,661,709,560,8548
Toszek,POLREGIO Spółka Akcyjna,1073,308,529,558,831,1083,1129,807,838,1003,1193,719,10071
Toszek ,,1073,308,529,558,831,1083,1129,807,838,1003,1193,719,10071
Paczyna,POLREGIO Spółka Akcyjna,1103,320,503,576,862,1088,1147,806,880,1006,1257,737,10285
Paczyna ,,1103,320,503,576,862,1088,1147,806,880,1006,1257,737,10285
Ligota Toszecka,POLREGIO Spółka Akcyjna,1092,330,550,576,859,1096,1128,817,870,1028,1237,756,10339
Ligota Toszecka ,,1092,330,550,576,859,1096,1128,817,870,1028,1237,756,10339
Kotulin,POLREGIO Spółka Akcyjna,1092,327,547,570,851,1099,1117,826,866,1024,1227,738,10284
Kotulin ,,1092,327,547,570,851,1099,1117,826,866,1024,1227,738,10284
Błotnica Strzelecka,POLREGIO Spółka Akcyjna,1087,321,544,564,852,1095,1099,801,861,1016,1208,720,10168
Błotnica Strzelecka ,,1087,321,544,564,852,1095,1099,801,861,1016,1208,720,10168
Szklarska Poręba Średnia,Koleje Dolnośląskie S.A.,1030,402,281,491,569,444,666,540,593,1549,1099,1003,8667
Szklarska Poręba Średnia,PKP INTERCITY Spółka Akcyjna ,474,249,54,36,,358,347,306,24,93,76,520,2537
Szklarska Poręba Średnia,POLREGIO Spółka Akcyjna,110,56,92,119,,107,14,32,177,244,78,140,1169
Szklarska Poręba Średnia ,,1614,707,427,646,569,909,1027,878,794,1886,1253,1663,12373
Szklarska Poręba Dolna,Koleje Dolnośląskie S.A.,1038,406,285,524,579,454,683,549,604,1586,1135,1019,8862
Szklarska Poręba Dolna,PKP INTERCITY Spółka Akcyjna ,482,255,61,36,,358,356,320,24,131,77,521,2621
Szklarska Poręba Dolna,POLREGIO Spółka Akcyjna,110,54,95,120,,107,14,31,180,238,83,141,1173
Szklarska Poręba Dolna ,,1630,715,441,680,579,919,1053,900,808,1955,1295,1681,12656
Rokita,POLREGIO Spółka Akcyjna,395,453,283,286,330,687,613,551,698,631,663,1009,6599
Rokita ,,395,453,283,286,330,687,613,551,698,631,663,1009,6599
Łoźnica,POLREGIO Spółka Akcyjna,411,452,285,292,334,716,623,581,688,650,700,1031,6763
Łoźnica ,,411,452,285,292,334,716,623,581,688,650,700,1031,6763
Białuń,POLREGIO Spółka Akcyjna,427,432,285,283,324,713,636,589,678,612,688,1027,6694
Białuń ,,427,432,285,283,324,713,636,589,678,612,688,1027,6694
Gliwice Kuźnica,POLREGIO Spółka Akcyjna,1103,310,503,508,839,1166,1094,864,976,1238,1450,843,10894
Gliwice Kuźnica ,,1103,310,503,508,839,1166,1094,864,976,1238,1450,843,10894
Włoszakowice,Koleje Wielkopolskie Sp. z o.o.,139,60,252,104,122,330,265,433,193,102,415,500,2915
Włoszakowice,Parowozownia Wolsztyn,,,,,8,,,,,,,,8
Włoszakowice ,,139,60,252,104,130,330,265,433,193,102,415,500,2923
Wilkowice,Koleje Wielkopolskie Sp. z o.o.,171,70,252,108,149,341,281,442,197,107,442,496,3056
Wilkowice ,,171,70,252,108,149,341,281,442,197,107,442,496,3056
Krzycko Wielkie,Koleje Wielkopolskie Sp. z o.o.,164,69,262,108,147,341,279,443,194,110,442,503,3062
Krzycko Wielkie ,,164,69,262,108,147,341,279,443,194,110,442,503,3062
Nowogard,POLREGIO Spółka Akcyjna,1038,242,675,420,847,1423,1407,1233,1251,444,1626,926,11532
Nowogard,PKP INTERCITY Spółka Akcyjna ,,,,,,110,392,627,8,,,,1137
Nowogard ,,1038,242,675,420,847,1533,1799,1860,1259,444,1626,926,12669
Nosówko,POLREGIO Spółka Akcyjna,2587,276,759,788,684,1033,915,1269,842,578,555,1744,12030
Nosówko ,,2587,276,759,788,684,1033,915,1269,842,578,555,1744,12030
Białośliwie,POLREGIO Spółka Akcyjna,784,469,219,240,372,637,624,659,498,1022,833,470,6827
Białośliwie,Koleje Wielkopolskie Sp. z o.o.,62,17,567,30,120,163,135,47,83,73,33,44,1374
Białośliwie,CARGO Master Spółka z o.o.,,,,9,,,,,,,,,9
Białośliwie ,,846,486,786,279,492,800,759,706,581,1095,866,514,8210
Miasteczko Krajeńskie,POLREGIO Spółka Akcyjna,811,513,237,289,420,651,589,639,471,1046,910,523,7099
Miasteczko Krajeńskie,Koleje Wielkopolskie Sp. z o.o.,53,24,565,38,123,165,136,48,83,61,45,69,1410
Miasteczko Krajeńskie ,,864,537,802,327,543,816,725,687,554,1107,955,592,8509
Kaczory,POLREGIO Spółka Akcyjna,731,485,219,288,416,653,571,578,456,1003,881,493,6774
Kaczory,Koleje Wielkopolskie Sp. z o.o.,62,24,561,39,117,167,133,48,70,60,47,68,1396
Kaczory ,,793,509,780,327,533,820,704,626,526,1063,928,561,8170
Krostkowo,POLREGIO Spółka Akcyjna,806,547,221,256,376,647,649,722,512,844,801,479,6860
Krostkowo,Koleje Wielkopolskie Sp. z o.o.,45,8,567,30,118,160,133,47,82,71,14,35,1310
Krostkowo ,,851,555,788,286,494,807,782,769,594,915,815,514,8170
Opoczno,Łódzka Kolej Aglomeracyjna Sp. z o.o.,432,216,200,600,154,211,422,455,91,98,279,259,3417
Opoczno,POLREGIO Spółka Akcyjna,27,,10,10,9,79,,62,38,20,71,53,379
Opoczno ,,459,216,210,610,163,290,422,517,129,118,350,312,3796
Rajsk,POLREGIO Spółka Akcyjna,1367,662,714,810,975,918,908,1317,1325,982,1154,737,11869
Rajsk ,,1367,662,714,810,975,918,908,1317,1325,982,1154,737,11869
Orzechowicze,POLREGIO Spółka Akcyjna,1373,646,708,832,951,921,929,1379,1325,881,1139,723,11807
Orzechowicze ,,1373,646,708,832,951,921,929,1379,1325,881,1139,723,11807
Strabla,POLREGIO Spółka Akcyjna,1332,657,689,771,900,729,824,1206,1023,960,1075,723,10889
Strabla ,,1332,657,689,771,900,729,824,1206,1023,960,1075,723,10889
Lewickie,POLREGIO Spółka Akcyjna,1298,669,692,729,734,718,877,1355,944,861,943,690,10510
Lewickie ,,1298,669,692,729,734,718,877,1355,944,861,943,690,10510
Białystok Nowe Miasto,POLREGIO Spółka Akcyjna,1389,641,699,709,719,671,811,1312,917,837,976,670,10351
Białystok Nowe Miasto ,,1389,641,699,709,719,671,811,1312,917,837,976,670,10351
Białystok Stadion,POLREGIO Spółka Akcyjna,1404,656,703,734,744,662,828,1344,931,844,999,679,10528
Białystok Stadion ,,1404,656,703,734,744,662,828,1344,931,844,999,679,10528
Zimnochy,POLREGIO Spółka Akcyjna,1417,721,709,814,917,779,924,1357,1009,1024,1098,748,11517
Zimnochy ,,1417,721,709,814,917,779,924,1357,1009,1024,1098,748,11517
Hryniewicze,POLREGIO Spółka Akcyjna,1408,658,723,755,740,663,833,1351,952,876,999,685,10643
Hryniewicze ,,1408,658,723,755,740,663,833,1351,952,876,999,685,10643
Hołówki Duże,POLREGIO Spółka Akcyjna,1420,715,710,805,899,777,927,1353,1041,1043,1115,745,11550
Hołówki Duże ,,1420,715,710,805,899,777,927,1353,1041,1043,1115,745,11550
Częstochowa Gnaszyn,POLREGIO Spółka Akcyjna,365,170,451,205,92,121,229,166,218,127,142,199,2485
Częstochowa Gnaszyn,Koleje Śląskie Spółka z o.o.,304,148,176,91,111,54,206,158,250,267,347,370,2482
Częstochowa Gnaszyn ,,669,318,627,296,203,175,435,324,468,394,489,569,4967
Muszyna,POLREGIO Spółka Akcyjna,1357,247,404,136,165,389,577,1012,853,152,109,275,5676
Muszyna,PKP INTERCITY Spółka Akcyjna ,644,118,383,144,472,306,438,733,616,193,139,411,4597
Muszyna,Koleje Małopolskie Sp. z o.o.,,,,,,187,244,237,,,,,668
Muszyna,PKP CARGO S.A. w restrukturyzacji,,,,,,,,,,,,,
Muszyna ,,2001,365,787,280,637,882,1259,1982,1469,345,248,686,10941
Bierawa,POLREGIO Spółka Akcyjna,1265,788,515,727,663,1153,601,675,1131,883,2630,988,12019
Bierawa ,,1265,788,515,727,663,1153,601,675,1131,883,2630,988,12019
Racibory,POLREGIO Spółka Akcyjna,1256,600,866,248,497,339,422,511,624,152,103,35,5653
Racibory ,,1256,600,866,248,497,339,422,511,624,152,103,35,5653
Szymbory,POLREGIO Spółka Akcyjna,1295,619,926,235,491,342,569,527,511,166,104,55,5840
Szymbory ,,1295,619,926,235,491,342,569,527,511,166,104,55,5840
Jabłoń Kościelna,POLREGIO Spółka Akcyjna,1285,627,931,234,491,326,571,520,509,170,103,55,5822
Jabłoń Kościelna ,,1285,627,931,234,491,326,571,520,509,170,103,55,5822
Zdrody Nowe,POLREGIO Spółka Akcyjna,1269,735,834,386,408,339,406,661,638,154,105,66,6001
Zdrody Nowe ,,1269,735,834,386,408,339,406,661,638,154,105,66,6001
Łapy Osse,POLREGIO Spółka Akcyjna,1261,757,835,387,439,352,410,653,635,156,104,66,6055
Łapy Osse ,,1261,757,835,387,439,352,410,653,635,156,104,66,6055
Kędzierzyn-Koźle Azoty,POLREGIO Spółka Akcyjna,1343,820,507,771,707,1176,661,721,1138,958,2691,1040,12533
Kędzierzyn-Koźle Azoty ,,1343,820,507,771,707,1176,661,721,1138,958,2691,1040,12533
Wilków Namysłowski,POLREGIO Spółka Akcyjna,1547,395,490,526,675,520,810,612,722,903,605,659,8464
Wilków Namysłowski ,,1547,395,490,526,675,520,810,612,722,903,605,659,8464
Koźlice,Koleje Dolnośląskie S.A.,2457,766,804,1391,2702,924,1580,560,1286,1166,1713,1007,16356
Koźlice ,,2457,766,804,1391,2702,924,1580,560,1286,1166,1713,1007,16356
Końskie,Łódzka Kolej Aglomeracyjna Sp. z o.o.,444,272,203,588,204,162,199,317,134,59,152,219,2953
Końskie,POLREGIO Spółka Akcyjna,47,13,25,53,87,156,,186,106,23,186,86,968
Końskie ,,491,285,228,641,291,318,199,503,240,82,338,305,3921
Rynarcice,Koleje Dolnośląskie S.A.,2652,874,852,1402,3010,994,1647,580,1369,1239,1822,1119,17560
Rynarcice ,,2652,874,852,1402,3010,994,1647,580,1369,1239,1822,1119,17560
Szczecin Żydowce,POLREGIO Spółka Akcyjna,,,,,,319,423,396,663,398,1053,704,3956
Szczecin Żydowce ,,,,,,,319,423,396,663,398,1053,704,3956
Skoczów Bładnice,Koleje Śląskie Spółka z o.o.,2004,763,1316,1770,1415,2168,1493,1144,2040,1134,1503,1667,18417
Skoczów Bładnice ,,2004,763,1316,1770,1415,2168,1493,1144,2040,1134,1503,1667,18417
Kochanowice,Koleje Śląskie Spółka z o.o.,368,98,193,74,57,145,180,154,269,226,308,312,2384
Kochanowice,POLREGIO Spółka Akcyjna,279,142,406,220,93,118,236,127,179,122,109,139,2170
Kochanowice,PKP INTERCITY Spółka Akcyjna ,,,,,,206,,,,,,,206
Kochanowice ,,647,240,599,294,150,469,416,281,448,348,417,451,4760
Dziergowice,POLREGIO Spółka Akcyjna,1297,771,570,752,704,1140,612,674,1146,947,1436,1031,11080
Dziergowice ,,1297,771,570,752,704,1140,612,674,1146,947,1436,1031,11080
Lisów,Koleje Śląskie Spółka z o.o.,328,129,201,83,74,141,213,154,278,209,303,309,2422
Lisów,POLREGIO Spółka Akcyjna,293,151,426,228,102,127,229,128,178,131,132,155,2280
Lisów ,,621,280,627,311,176,268,442,282,456,340,435,464,4702
Siemiatycze,Koleje Mazowieckie - KM Spółka z o.o.,427,246,191,89,613,683,1078,1083,505,576,1057,474,7022
Siemiatycze,PKP INTERCITY Spółka Akcyjna ,701,370,351,184,292,327,348,480,269,361,788,709,5180
Siemiatycze,POLREGIO Spółka Akcyjna,175,15,68,66,131,164,283,201,67,211,348,235,1964
Siemiatycze ,,1303,631,610,339,1036,1174,1709,1764,841,1148,2193,1418,14166
Nurzec,Koleje Mazowieckie - KM Spółka z o.o.,422,250,178,73,630,692,1088,1076,488,532,1006,424,6859
Nurzec,PKP INTERCITY Spółka Akcyjna ,725,366,334,180,282,323,338,481,267,318,711,706,5031
Nurzec,POLREGIO Spółka Akcyjna,166,13,67,68,139,163,291,194,76,238,339,234,1988
Nurzec ,,1313,629,579,321,1051,1178,1717,1751,831,1088,2056,1364,13878
Zaklików,PKP INTERCITY Spółka Akcyjna ,1980,852,844,570,514,1160,2165,1879,1136,1115,982,1564,14761
Zaklików,POLREGIO Spółka Akcyjna,558,278,645,320,314,849,936,678,494,561,291,588,6512
Zaklików ,,2538,1130,1489,890,828,2009,3101,2557,1630,1676,1273,2152,21273
Sarnaki,Koleje Mazowieckie - KM Spółka z o.o.,406,229,170,75,590,717,1061,1096,511,588,1093,467,7003
Sarnaki,PKP INTERCITY Spółka Akcyjna ,722,370,356,197,295,295,374,496,328,363,803,719,5318
Sarnaki,POLREGIO Spółka Akcyjna,190,16,57,59,126,162,294,207,79,215,344,237,1986
Sarnaki ,,1318,615,583,331,1011,1174,1729,1799,918,1166,2240,1423,14307
Niemojki,Koleje Mazowieckie - KM Spółka z o.o.,397,219,138,81,549,702,1049,1118,420,590,1084,451,6798
Niemojki,PKP INTERCITY Spółka Akcyjna ,721,370,353,187,294,258,371,506,317,356,807,722,5262
Niemojki,POLREGIO Spółka Akcyjna,191,16,57,59,136,141,296,201,81,210,293,245,1926
Niemojki ,,1309,605,548,327,979,1101,1716,1825,818,1156,2184,1418,13986
Osina,POLREGIO Spółka Akcyjna,1104,260,682,419,892,1538,1608,1461,1163,420,1778,1021,12346
Osina ,,1104,260,682,419,892,1538,1608,1461,1163,420,1778,1021,12346
Zebrzydowice,PKP INTERCITY Spółka Akcyjna ,3037,2225,1077,822,924,2368,2226,3176,1123,1848,2559,1979,23364
Zebrzydowice,Koleje Śląskie Spółka z o.o.,485,291,419,394,300,429,339,111,383,282,500,720,4653
Zebrzydowice ,,3522,2516,1496,1216,1224,2797,2565,3287,1506,2130,3059,2699,28017
Ptaszkowa,POLREGIO Spółka Akcyjna,1484,367,641,182,352,674,831,1158,932,260,451,476,7808
Ptaszkowa,Koleje Małopolskie Sp. z o.o.,74,215,128,20,15,29,39,18,71,53,106,54,822
Ptaszkowa,PKP CARGO S.A. w restrukturyzacji,,,,,,,,,,,,,
Ptaszkowa ,,1558,582,769,202,367,703,870,1176,1003,313,557,530,8630
Mszalnica,POLREGIO Spółka Akcyjna,1488,359,643,158,358,733,912,1166,986,261,455,500,8019
Mszalnica,Koleje Małopolskie Sp. z o.o.,74,215,128,20,15,29,39,18,79,53,106,54,830
Mszalnica ,,1562,574,771,178,373,762,951,1184,1065,314,561,554,8849
Nowy Sącz Jamnica,POLREGIO Spółka Akcyjna,1556,376,620,130,346,713,903,1196,1011,238,435,506,8030
Nowy Sącz Jamnica,Koleje Małopolskie Sp. z o.o.,73,216,125,19,14,28,38,17,76,50,105,53,814
Nowy Sącz Jamnica ,,1629,592,745,149,360,741,941,1213,1087,288,540,559,8844
Nowy Sącz Gorzków,POLREGIO Spółka Akcyjna,1589,374,616,124,325,696,890,1186,1042,234,427,487,7990
Nowy Sącz Gorzków,Koleje Małopolskie Sp. z o.o.,74,216,124,19,8,28,38,17,68,47,104,52,795
Nowy Sącz Gorzków ,,1663,590,740,143,333,724,928,1203,1110,281,531,539,8785
Kamionka Wielka,POLREGIO Spółka Akcyjna,1477,359,622,146,349,746,920,1192,1010,257,446,500,8024
Kamionka Wielka,Koleje Małopolskie Sp. z o.o.,73,216,126,19,14,28,38,17,78,50,106,53,818
Kamionka Wielka ,,1550,575,748,165,363,774,958,1209,1088,307,552,553,8842
Żegiestów-Zdrój,POLREGIO Spółka Akcyjna,1501,285,485,153,169,409,536,762,1068,238,208,296,6110
Żegiestów-Zdrój,PKP INTERCITY Spółka Akcyjna ,674,195,410,147,481,350,494,794,642,239,186,440,5052
Żegiestów-Zdrój,Koleje Małopolskie Sp. z o.o.,,,,,,,17,30,,,,,47
Żegiestów-Zdrój ,,2175,480,895,300,650,759,1047,1586,1710,477,394,736,11209
Łomnica-Zdrój,POLREGIO Spółka Akcyjna,1470,374,544,162,292,347,628,758,881,225,232,283,6196
Łomnica-Zdrój,PKP INTERCITY Spółka Akcyjna ,632,191,355,154,507,368,514,775,669,206,200,471,5042
Łomnica-Zdrój,Koleje Małopolskie Sp. z o.o.,,,,,,,7,29,,,,,36
Łomnica-Zdrój ,,2102,565,899,316,799,715,1149,1562,1550,431,432,754,11274
Gryfice,POLREGIO Spółka Akcyjna,1021,173,592,478,946,1610,1503,1255,1274,526,1716,818,11912
Gryfice,PKP INTERCITY Spółka Akcyjna ,,,,,,128,466,696,14,,,,1304
Gryfice ,,1021,173,592,478,946,1738,1969,1951,1288,526,1716,818,13216
Narzym,Koleje Mazowieckie - KM Spółka z o.o.,2141,203,127,212,431,540,436,273,276,314,547,544,6044
Narzym ,,2141,203,127,212,431,540,436,273,276,314,547,544,6044
Iłowo,Koleje Mazowieckie - KM Spółka z o.o.,2143,204,119,194,434,524,425,236,283,297,520,536,5915
Iłowo ,,2143,204,119,194,434,524,425,236,283,297,520,536,5915
Ustronie Morskie,PKP INTERCITY Spółka Akcyjna ,1640,608,215,210,855,1821,2180,3013,362,269,549,1464,13186
Ustronie Morskie,POLREGIO Spółka Akcyjna,1159,156,403,316,663,904,825,950,435,266,675,1128,7880
Ustronie Morskie ,,2799,764,618,526,1518,2725,3005,3963,797,535,1224,2592,21066
Trzebiatów,POLREGIO Spółka Akcyjna,979,187,548,479,1013,1383,1336,1272,1210,551,1625,830,11413
Trzebiatów,PKP INTERCITY Spółka Akcyjna ,,,,,,128,421,616,8,,,,1173
Trzebiatów ,,979,187,548,479,1013,1511,1757,1888,1218,551,1625,830,12586
Ustroń,Koleje Śląskie Spółka z o.o.,1882,717,1159,1554,1450,2115,1602,1122,1901,1070,1565,1597,17734
Ustroń,PKP INTERCITY Spółka Akcyjna ,,,,,,,,,,,,,
Ustroń ,,1882,717,1159,1554,1450,2115,1602,1122,1901,1070,1565,1597,17734
Wierchomla Wielka,POLREGIO Spółka Akcyjna,1432,362,527,157,301,357,677,763,970,227,180,268,6221
Wierchomla Wielka,PKP INTERCITY Spółka Akcyjna ,628,192,393,157,505,367,510,802,670,206,186,452,5068
Wierchomla Wielka ,,2060,554,920,314,806,724,1187,1565,1640,433,366,720,11289
Ustroń Brzegi,Koleje Śląskie Spółka z o.o.,2034,791,1237,1637,1500,2213,1695,1042,1975,1135,1568,1674,18501
Ustroń Brzegi ,,2034,791,1237,1637,1500,2213,1695,1042,1975,1135,1568,1674,18501
Wisła Jawornik,Koleje Śląskie Spółka z o.o.,2186,909,1356,1760,1640,2310,1794,991,1931,1151,1579,1686,19293
Wisła Jawornik ,,2186,909,1356,1760,1640,2310,1794,991,1931,1151,1579,1686,19293
Wilczyska,POLREGIO Spółka Akcyjna,1514,344,600,212,328,633,836,1120,835,317,447,405,7591
Wilczyska,Koleje Małopolskie Sp. z o.o.,94,224,151,21,8,37,49,25,64,72,99,51,895
Wilczyska ,,1608,568,751,233,336,670,885,1145,899,389,546,456,8486
Nowawieś Mochy,Koleje Wielkopolskie Sp. z o.o.,106,47,224,114,118,421,318,415,156,84,324,340,2667
Nowawieś Mochy,Parowozownia Wolsztyn,,,,,10,,,,,,,,10
Nowawieś Mochy,CARGO Master Spółka z o.o.,,,,,,,,,,,,,
Nowawieś Mochy ,,106,47,224,114,128,421,318,415,156,84,324,340,2677
Wisła Głębce,Koleje Śląskie Spółka z o.o.,2025,788,1197,1614,1507,1895,1589,856,1741,1063,1408,1446,17129
Wisła Głębce,PKP INTERCITY Spółka Akcyjna ,,,,,,,,,,,,,
Wisła Głębce ,,2025,788,1197,1614,1507,1895,1589,856,1741,1063,1408,1446,17129
Wisła Dziechcinka,Koleje Śląskie Spółka z o.o.,2163,857,1279,1650,1560,1925,1622,885,1810,1107,1468,1544,17870
Wisła Dziechcinka ,,2163,857,1279,1650,1560,1925,1622,885,1810,1107,1468,1544,17870
Wisła Kopydło,Koleje Śląskie Spółka z o.o.,2146,846,1267,1658,1566,1929,1620,891,1794,1092,1446,1526,17781
Wisła Kopydło ,,2146,846,1267,1658,1566,1929,1620,891,1794,1092,1446,1526,17781
Wołczyn,POLREGIO Spółka Akcyjna,1397,372,760,644,650,397,929,531,741,775,555,665,8416
Wołczyn ,,1397,372,760,644,650,397,929,531,741,775,555,665,8416
Smardy,POLREGIO Spółka Akcyjna,1451,386,783,660,663,408,941,520,776,762,565,663,8578
Smardy ,,1451,386,783,660,663,408,941,520,776,762,565,663,8578
Gręboszów,POLREGIO Spółka Akcyjna,1433,389,669,653,676,396,930,529,730,782,585,676,8448
Gręboszów ,,1433,389,669,653,676,396,930,529,730,782,585,676,8448
Domaszowice,POLREGIO Spółka Akcyjna,1410,380,652,657,652,392,898,525,722,768,570,643,8269
Domaszowice ,,1410,380,652,657,652,392,898,525,722,768,570,643,8269
Wierzbica Górna,POLREGIO Spółka Akcyjna,1426,390,757,664,671,409,912,534,753,782,572,662,8532
Wierzbica Górna ,,1426,390,757,664,671,409,912,534,753,782,572,662,8532
Gogolewo,POLREGIO Spółka Akcyjna,1262,278,927,356,456,629,501,613,696,671,575,925,7889
Gogolewo ,,1262,278,927,356,456,629,501,613,696,671,575,925,7889
Wojanów,Koleje Dolnośląskie S.A.,1676,543,594,428,,481,1227,789,1277,2578,1758,1486,12837
Wojanów,POLREGIO Spółka Akcyjna,119,7,,17,,65,51,6,49,55,60,11,440
Wojanów ,,1795,550,594,445,,546,1278,795,1326,2633,1818,1497,13277
Trzcińsko,Koleje Dolnośląskie S.A.,1943,700,718,487,,525,1256,816,1294,2591,1802,1523,13655
Trzcińsko,POLREGIO Spółka Akcyjna,120,7,,17,,65,51,,49,56,60,11,436
Trzcińsko ,,2063,707,718,504,,590,1307,816,1343,2647,1862,1534,14091
Boszkowo,Koleje Wielkopolskie Sp. z o.o.,149,62,238,114,114,402,335,433,183,94,407,370,2901
Boszkowo,Parowozownia Wolsztyn,,,,,9,,,,,,,,9
Boszkowo ,,149,62,238,114,123,402,335,433,183,94,407,370,2910
Wroniawy,Koleje Wielkopolskie Sp. z o.o.,112,47,256,132,150,486,319,416,156,85,312,407,2878
Wroniawy,CARGO Master Spółka z o.o.,,,,,,,,,,,,,
Wroniawy ,,112,47,256,132,150,486,319,416,156,85,312,407,2878
Nowy Solec,Koleje Wielkopolskie Sp. z o.o.,112,47,257,130,156,485,319,415,156,85,314,408,2884
Nowy Solec,CARGO Master Spółka z o.o.,,,,,,,,,,,,,
Nowy Solec ,,112,47,257,130,156,485,319,415,156,85,314,408,2884
Nowy Widzim,Koleje Wielkopolskie Sp. z o.o.,112,47,256,134,151,484,319,419,156,86,312,407,2883
Nowy Widzim,CARGO Master Spółka z o.o.,,,,,,,,,,,,,
Nowy Widzim ,,112,47,256,134,151,484,319,419,156,86,312,407,2883
Wolin,POLREGIO Spółka Akcyjna,334,402,242,278,349,749,784,883,671,704,530,979,6905
Wolin ,,334,402,242,278,349,749,784,883,671,704,530,979,6905
Starkowo,Koleje Wielkopolskie Sp. z o.o.,149,62,239,114,116,405,376,433,182,87,408,372,2943
Starkowo ,,149,62,239,114,116,405,376,433,182,87,408,372,2943
Perkowo,Koleje Wielkopolskie Sp. z o.o.,147,66,243,121,112,420,387,436,175,93,410,372,2982
Perkowo ,,147,66,243,121,112,420,387,436,175,93,410,372,2982
Mirsk,Koleje Dolnośląskie S.A.,998,79,232,162,727,319,574,458,974,1935,951,492,7901
Mirsk ,,998,79,232,162,727,319,574,458,974,1935,951,492,7901
Błotnica,Koleje Wielkopolskie Sp. z o.o.,144,68,241,121,117,406,377,435,182,87,409,378,2965
Błotnica ,,144,68,241,121,117,406,377,435,182,87,409,378,2965
Taciszów,POLREGIO Spółka Akcyjna,820,320,535,210,165,463,881,826,1075,702,628,474,7099
Taciszów ,,820,320,535,210,165,463,881,826,1075,702,628,474,7099
Sławięcice,POLREGIO Spółka Akcyjna,876,314,516,186,141,372,756,755,1052,611,564,434,6577
Sławięcice ,,876,314,516,186,141,372,756,755,1052,611,564,434,6577
Rudziniec Gliwicki,POLREGIO Spółka Akcyjna,825,331,527,216,153,418,753,818,1074,683,587,454,6839
Rudziniec Gliwicki ,,825,331,527,216,153,418,753,818,1074,683,587,454,6839
Rzeczyce Śląskie,POLREGIO Spółka Akcyjna,923,328,578,220,192,528,951,845,1163,760,726,475,7689
Rzeczyce Śląskie ,,923,328,578,220,192,528,951,845,1163,760,726,475,7689
Mokre,POLREGIO Spółka Akcyjna,1199,447,423,373,1036,1262,2748,2330,2590,1188,831,566,14993
Mokre ,,1199,447,423,373,1036,1262,2748,2330,2590,1188,831,566,14993
Niedrzwica,POLREGIO Spółka Akcyjna,743,302,898,343,287,933,1295,994,335,635,388,511,7664
Niedrzwica ,,743,302,898,343,287,933,1295,994,335,635,388,511,7664
Lublin Zemborzyce,POLREGIO Spółka Akcyjna,764,312,773,314,313,853,1361,942,357,604,374,485,7452
Lublin Zemborzyce ,,764,312,773,314,313,853,1361,942,357,604,374,485,7452
Majdan,POLREGIO Spółka Akcyjna,845,304,949,361,346,951,1442,1064,389,672,420,525,8268
Majdan ,,845,304,949,361,346,951,1442,1064,389,672,420,525,8268
Krężnica Jara,POLREGIO Spółka Akcyjna,852,303,950,380,334,942,1430,1055,381,680,401,524,8232
Krężnica Jara ,,852,303,950,380,334,942,1430,1055,381,680,401,524,8232
Wilkołaz,POLREGIO Spółka Akcyjna,740,306,868,380,307,949,1303,1008,350,584,382,449,7626
Wilkołaz ,,740,306,868,380,307,949,1303,1008,350,584,382,449,7626
Wilkołaz Wieś,POLREGIO Spółka Akcyjna,798,357,907,395,303,1054,1395,1137,417,706,439,568,8476
Wilkołaz Wieś ,,798,357,907,395,303,1054,1395,1137,417,706,439,568,8476
Niedrzwica Kościelna,POLREGIO Spółka Akcyjna,772,334,895,389,299,1016,1408,1129,416,707,439,564,8368
Niedrzwica Kościelna ,,772,334,895,389,299,1016,1408,1129,416,707,439,564,8368
Leśniczówka,POLREGIO Spółka Akcyjna,774,342,914,392,303,1061,1413,1147,420,707,446,572,8491
Leśniczówka ,,774,342,914,392,303,1061,1413,1147,420,707,446,572,8491
Świnoujście Warszów,POLREGIO Spółka Akcyjna,281,372,201,259,275,691,656,843,612,707,485,680,6062
Świnoujście Warszów ,,281,372,201,259,275,691,656,843,612,707,485,680,6062
Szczepanów,Koleje Dolnośląskie S.A.,1123,262,219,427,332,420,423,421,1244,635,859,431,6796
Szczepanów ,,1123,262,219,427,332,420,423,421,1244,635,859,431,6796
Pszenno,Koleje Dolnośląskie S.A.,1081,255,210,421,323,401,409,411,1238,627,885,437,6698
Pszenno ,,1081,255,210,421,323,401,409,411,1238,627,885,437,6698
Zaręby Kościelne,Koleje Mazowieckie - KM Spółka z o.o.,659,104,57,35,122,141,754,65,192,101,230,87,2547
Zaręby Kościelne ,,659,104,57,35,122,141,754,65,192,101,230,87,2547
Szulborze Wielkie,Koleje Mazowieckie - KM Spółka z o.o.,701,101,65,33,125,134,750,48,190,105,222,93,2567
Szulborze Wielkie ,,701,101,65,33,125,134,750,48,190,105,222,93,2567
Starczów,Koleje Dolnośląskie S.A.,1897,631,914,731,928,1126,2172,2216,,,6202,4019,20836
Starczów ,,1897,631,914,731,928,1126,2172,2216,,,6202,4019,20836
Kietlanka,Koleje Mazowieckie - KM Spółka z o.o.,679,103,57,35,121,141,761,65,191,107,229,87,2576
Kietlanka ,,679,103,57,35,121,141,761,65,191,107,229,87,2576
Stobno,POLREGIO Spółka Akcyjna,636,401,237,543,705,542,620,626,486,465,666,576,6503
Stobno,Koleje Wielkopolskie Sp. z o.o.,,,,,,,,,,,,30,30
Stobno ,,636,401,237,543,705,542,620,626,486,465,666,606,6533
Siedlisko Czarnkowskie,POLREGIO Spółka Akcyjna,585,375,266,564,717,535,610,613,494,440,673,630,6502
Siedlisko Czarnkowskie,Koleje Wielkopolskie Sp. z o.o.,,,,,,,,,,,,47,47
Siedlisko Czarnkowskie ,,585,375,266,564,717,535,610,613,494,440,673,677,6549
Biernatowo,POLREGIO Spółka Akcyjna,574,377,258,565,702,539,596,600,499,438,684,640,6472
Biernatowo,Koleje Wielkopolskie Sp. z o.o.,,,,,,,,,,,,47,47
Biernatowo ,,574,377,258,565,702,539,596,600,499,438,684,687,6519
Bobowa,POLREGIO Spółka Akcyjna,1556,368,677,189,333,608,813,1347,748,384,444,386,7853
Bobowa,Koleje Małopolskie Sp. z o.o.,53,164,34,21,8,37,23,14,67,71,98,43,633
Bobowa ,,1609,532,711,210,341,645,836,1361,815,455,542,429,8486
Biała Pilska,POLREGIO Spółka Akcyjna,667,432,243,555,705,536,626,637,494,466,664,591,6616
Biała Pilska,Koleje Wielkopolskie Sp. z o.o.,,,,,,,,,,,,30,30
Biała Pilska ,,667,432,243,555,705,536,626,637,494,466,664,621,6646
Ławica,Koleje Dolnośląskie S.A.,1832,608,952,767,927,866,2254,1932,,,6222,4657,21017
Ławica ,,1832,608,952,767,927,866,2254,1932,,,6222,4657,21017
Bardo Przyłęk,Koleje Dolnośląskie S.A.,1814,590,915,777,896,778,2254,1971,,,6418,4679,21092
Bardo Przyłęk ,,1814,590,915,777,896,778,2254,1971,,,6418,4679,21092
Rudnik nad Sanem,PKP INTERCITY Spółka Akcyjna ,1561,632,301,593,498,659,1379,1040,735,644,637,1305,9984
Rudnik nad Sanem,POLREGIO Spółka Akcyjna,391,100,83,53,72,118,401,70,215,181,285,222,2191
Rudnik nad Sanem ,,1952,732,384,646,570,777,1780,1110,950,825,922,1527,12175
Nisko,PKP INTERCITY Spółka Akcyjna ,1595,643,304,589,503,650,1380,1043,732,650,648,1312,10049
Nisko,POLREGIO Spółka Akcyjna,364,101,89,22,64,126,364,66,217,172,300,263,2148
Nisko ,,1959,744,393,611,567,776,1744,1109,949,822,948,1575,12197
Jankowa,POLREGIO Spółka Akcyjna,1554,387,613,214,349,664,861,1072,839,361,478,418,7810
Jankowa,Koleje Małopolskie Sp. z o.o.,58,163,34,21,8,38,30,14,65,62,100,57,650
Jankowa ,,1612,550,647,235,357,702,891,1086,904,423,578,475,8460
Linowo,Arriva RP Sp. z o.o.,348,305,690,353,309,225,859,508,241,204,616,505,5163
Linowo ,,348,305,690,353,309,225,859,508,241,204,616,505,5163
Mełno,Arriva RP Sp. z o.o.,287,287,605,315,278,216,830,443,196,185,537,431,4610
Mełno ,,287,287,605,315,278,216,830,443,196,185,537,431,4610
Boguszewo,Arriva RP Sp. z o.o.,339,305,681,335,303,223,866,511,242,202,593,510,5110
Boguszewo ,,339,305,681,335,303,223,866,511,242,202,593,510,5110
Bursztynowo,Arriva RP Sp. z o.o.,362,307,694,348,300,230,863,509,241,203,622,493,5172
Bursztynowo ,,362,307,694,348,300,230,863,509,241,203,622,493,5172
Zosinów,Łódzka Kolej Aglomeracyjna Sp. z o.o.,297,75,150,642,367,339,358,587,350,446,235,486,4332
Zosinów ,,297,75,150,642,367,339,358,587,350,446,235,486,4332
Złotniki Kutnowskie,Łódzka Kolej Aglomeracyjna Sp. z o.o.,232,47,128,609,366,321,394,597,346,455,217,409,4121
Złotniki Kutnowskie ,,232,47,128,609,366,321,394,597,346,455,217,409,4121
Sklęczki,Łódzka Kolej Aglomeracyjna Sp. z o.o.,205,63,127,567,242,309,395,583,319,351,173,378,3712
Sklęczki ,,205,63,127,567,242,309,395,583,319,351,173,378,3712
Niedźwiada Łowicka,Łódzka Kolej Aglomeracyjna Sp. z o.o.,292,85,138,513,347,285,361,632,379,438,252,401,4123
Niedźwiada Łowicka ,,292,85,138,513,347,285,361,632,379,438,252,401,4123
Jackowice,Łódzka Kolej Aglomeracyjna Sp. z o.o.,241,62,118,536,332,288,340,570,327,414,202,381,3811
Jackowice ,,241,62,118,536,332,288,340,570,327,414,202,381,3811
Nicwałd,Arriva RP Sp. z o.o.,295,295,602,326,305,257,970,494,224,176,513,451,4908
Nicwałd ,,295,295,602,326,305,257,970,494,224,176,513,451,4908
Pułankowice,POLREGIO Spółka Akcyjna,787,296,876,398,308,990,1374,706,471,609,405,409,7629
Pułankowice ,,787,296,876,398,308,990,1374,706,471,609,405,409,7629
Widuchowa,POLREGIO Spółka Akcyjna,566,349,712,351,752,431,473,278,496,577,834,641,6460
Widuchowa ,,566,349,712,351,752,431,473,278,496,577,834,641,6460
Krzywin Gryfiński,POLREGIO Spółka Akcyjna,533,336,719,356,728,436,465,278,490,523,832,637,6333
Krzywin Gryfiński ,,533,336,719,356,728,436,465,278,490,523,832,637,6333
Lisie Pole,POLREGIO Spółka Akcyjna,538,345,728,352,737,453,528,291,497,553,839,653,6514
Lisie Pole ,,538,345,728,352,737,453,528,291,497,553,839,653,6514
Dolna Odra,POLREGIO Spółka Akcyjna,538,344,693,349,732,411,467,266,484,541,854,613,6292
Dolna Odra ,,538,344,693,349,732,411,467,266,484,541,854,613,6292
Zieleń,POLREGIO Spółka Akcyjna,1843,430,583,550,533,736,650,1274,506,550,646,604,8905
Zieleń ,,1843,430,583,550,533,736,650,1274,506,550,646,604,8905
Turzno,POLREGIO Spółka Akcyjna,1930,424,579,544,489,684,671,1287,492,577,693,664,9034
Turzno ,,1930,424,579,544,489,684,671,1287,492,577,693,664,9034
Rychnowo Wielkie,POLREGIO Spółka Akcyjna,1862,410,575,556,511,717,638,1286,485,568,669,660,8937
Rychnowo Wielkie ,,1862,410,575,556,511,717,638,1286,485,568,669,660,8937
Papowo Toruńskie,POLREGIO Spółka Akcyjna,1860,395,563,558,471,679,629,1219,502,605,822,671,8974
Papowo Toruńskie ,,1860,395,563,558,471,679,629,1219,502,605,822,671,8974
Książki,POLREGIO Spółka Akcyjna,1804,380,546,545,505,678,637,1279,510,555,634,555,8628
Książki ,,1804,380,546,545,505,678,637,1279,510,555,634,555,8628
Kamionki Jezioro,POLREGIO Spółka Akcyjna,1915,435,582,556,497,707,640,1296,491,589,688,673,9069
Kamionki Jezioro ,,1915,435,582,556,497,707,640,1296,491,589,688,673,9069
Kołobrzeg Stadion,POLREGIO Spółka Akcyjna,917,189,604,454,1136,1479,1415,1325,1212,605,1683,896,11915
Kołobrzeg Stadion ,,917,189,604,454,1136,1479,1415,1325,1212,605,1683,896,11915
Czarna Białostocka,POLREGIO Spółka Akcyjna,2295,833,423,283,570,493,752,1055,651,555,1408,278,9596
Czarna Białostocka ,,2295,833,423,283,570,493,752,1055,651,555,1408,278,9596
Świnoujście Przytór,POLREGIO Spółka Akcyjna,289,371,208,269,295,664,594,823,639,722,496,725,6095
Świnoujście Przytór ,,289,371,208,269,295,664,594,823,639,722,496,725,6095
Wasilków,POLREGIO Spółka Akcyjna,2097,854,427,320,665,512,682,942,706,520,1368,281,9374
Wasilków,PKP INTERCITY Spółka Akcyjna ,,,,,,,,18,,,,,18
Wasilków ,,2097,854,427,320,665,512,682,960,706,520,1368,281,9392
Rozedranka,POLREGIO Spółka Akcyjna,2314,851,428,290,693,534,705,959,767,593,1334,300,9768
Rozedranka ,,2314,851,428,290,693,534,705,959,767,593,1334,300,9768
Machnacz,POLREGIO Spółka Akcyjna,2245,810,420,284,632,488,644,913,714,546,1326,274,9296
Machnacz ,,2245,810,420,284,632,488,644,913,714,546,1326,274,9296
Geniusze,POLREGIO Spółka Akcyjna,2308,852,438,302,658,553,711,977,787,616,1308,359,9869
Geniusze ,,2308,852,438,302,658,553,711,977,787,616,1308,359,9869
Wólka Ratowiecka,POLREGIO Spółka Akcyjna,2314,845,428,321,631,509,732,990,686,525,1457,337,9775
Wólka Ratowiecka ,,2314,845,428,321,631,509,732,990,686,525,1457,337,9775
Czarny Blok,POLREGIO Spółka Akcyjna,2135,849,416,321,630,494,697,981,694,517,1404,280,9418
Czarny Blok ,,2135,849,416,321,630,494,697,981,694,517,1404,280,9418
Płoty,POLREGIO Spółka Akcyjna,1001,241,524,450,877,1435,1516,1372,1281,483,1613,809,11602
Płoty,PKP INTERCITY Spółka Akcyjna ,,,,,,134,463,699,16,,,,1312
Płoty ,,1001,241,524,450,877,1569,1979,2071,1297,483,1613,809,12914
Ozimek,POLREGIO Spółka Akcyjna,457,197,305,292,265,174,422,542,1060,486,396,357,4953
Ozimek,PKP INTERCITY Spółka Akcyjna ,207,103,108,14,263,114,184,198,355,192,97,166,2001
Ozimek ,,664,300,413,306,528,288,606,740,1415,678,493,523,6954
Opatówek,POLREGIO Spółka Akcyjna,696,242,312,600,703,799,1113,1501,1041,865,1176,465,9513
Opatówek,Koleje Wielkopolskie Sp. z o.o.,19,47,13,44,59,23,87,299,164,24,115,23,917
Opatówek,Łódzka Kolej Aglomeracyjna Sp. z o.o.,13,,15,81,,23,105,213,20,33,13,28,544
Opatówek ,,728,289,340,725,762,845,1305,2013,1225,922,1304,516,10974
Kobylany,POLREGIO Spółka Akcyjna,480,237,138,85,242,150,250,181,92,385,278,93,2611
Kobylany ,,480,237,138,85,242,150,250,181,92,385,278,93,2611
Dobrynka,POLREGIO Spółka Akcyjna,566,277,140,84,248,151,267,181,99,407,274,132,2826
Dobrynka ,,566,277,140,84,248,151,267,181,99,407,274,132,2826
Charnowo Słupskie,POLREGIO Spółka Akcyjna,179,311,174,248,391,528,679,1256,,,,,3766
Charnowo Słupskie ,,179,311,174,248,391,528,679,1256,,,,,3766
Wolanów,Koleje Mazowieckie - KM Spółka z o.o.,277,142,115,325,327,304,216,154,414,272,646,176,3368
Wolanów,Łódzka Kolej Aglomeracyjna Sp. z o.o.,,,6,154,17,,6,,,56,,,239
Wolanów,PKP INTERCITY Spółka Akcyjna ,,,,,,,,,,,,,
Wolanów ,,277,142,121,479,344,304,222,154,414,328,646,176,3607
Strzelinko,POLREGIO Spółka Akcyjna,228,299,154,181,383,670,899,1412,,,,,4226
Strzelinko ,,228,299,154,181,383,670,899,1412,,,,,4226
Słupsk Północny,POLREGIO Spółka Akcyjna,240,304,159,180,392,704,936,1442,,,,,4357
Słupsk Północny ,,240,304,159,180,392,704,936,1442,,,,,4357
Gałęzinowo,POLREGIO Spółka Akcyjna,219,321,153,186,378,680,905,1433,,,,,4275
Gałęzinowo ,,219,321,153,186,378,680,905,1433,,,,,4275
Wieniawa,Koleje Mazowieckie - KM Spółka z o.o.,304,151,103,370,348,343,268,182,540,358,763,225,3955
Wieniawa,Łódzka Kolej Aglomeracyjna Sp. z o.o.,,,8,156,10,,14,6,,66,37,,297
Wieniawa ,,304,151,111,526,358,343,282,188,540,424,800,225,4252
Skrzynno,Koleje Mazowieckie - KM Spółka z o.o.,297,148,104,372,350,345,260,187,524,349,730,225,3891
Skrzynno,Łódzka Kolej Aglomeracyjna Sp. z o.o.,,,8,156,10,,14,6,,66,37,,297
Skrzynno ,,297,148,112,528,360,345,274,193,524,415,767,225,4188
Podbór,Koleje Mazowieckie - KM Spółka z o.o.,311,153,109,382,348,348,271,191,542,363,775,225,4018
Podbór,Łódzka Kolej Aglomeracyjna Sp. z o.o.,,,8,156,11,,14,6,6,67,37,,305
Podbór ,,311,153,117,538,359,348,285,197,548,430,812,225,4323
Chronów,Koleje Mazowieckie - KM Spółka z o.o.,312,153,108,391,349,326,268,185,557,376,800,223,4048
Chronów,Łódzka Kolej Aglomeracyjna Sp. z o.o.,,,8,156,17,,14,6,6,67,36,,310
Chronów ,,312,153,116,547,366,326,282,191,563,443,836,223,4358
Radom Potkanów,Koleje Mazowieckie - KM Spółka z o.o.,272,156,117,374,361,266,254,178,424,250,642,172,3466
Radom Potkanów,Łódzka Kolej Aglomeracyjna Sp. z o.o.,,,9,160,19,13,8,,8,58,,,275
Radom Potkanów ,,272,156,126,534,380,279,262,178,432,308,642,172,3741
Perkowice,POLREGIO Spółka Akcyjna,581,354,128,99,107,145,256,186,100,351,281,155,2743
Perkowice ,,581,354,128,99,107,145,256,186,100,351,281,155,2743
Ogrodniki,POLREGIO Spółka Akcyjna,576,364,129,101,107,146,233,181,106,315,289,163,2710
Ogrodniki ,,576,364,129,101,107,146,233,181,106,315,289,163,2710
Kończyce Radomskie,Koleje Mazowieckie - KM Spółka z o.o.,291,151,117,345,340,262,235,166,410,272,670,178,3437
Kończyce Radomskie,Łódzka Kolej Aglomeracyjna Sp. z o.o.,,,8,154,19,,7,,7,58,,,253
Kończyce Radomskie ,,291,151,125,499,359,262,242,166,417,330,670,178,3690
Kosów,Koleje Mazowieckie - KM Spółka z o.o.,283,151,117,345,339,261,242,165,396,245,651,172,3367
Kosów,Łódzka Kolej Aglomeracyjna Sp. z o.o.,,,8,153,19,,6,,7,59,,,252
Kosów ,,283,151,125,498,358,261,248,165,403,304,651,172,3619
Ustka Uroczysko,POLREGIO Spółka Akcyjna,147,301,138,244,391,467,685,1163,,,,,3536
Ustka Uroczysko ,,147,301,138,244,391,467,685,1163,,,,,3536
Wyszomierz,POLREGIO Spółka Akcyjna,985,233,485,420,876,1486,1509,1444,1097,406,1672,836,11449
Wyszomierz ,,985,233,485,420,876,1486,1509,1444,1097,406,1672,836,11449
Wrześnica,POLREGIO Spółka Akcyjna,2067,898,652,945,796,2468,1363,1942,397,536,936,869,13869
Wrześnica ,,2067,898,652,945,796,2468,1363,1942,397,536,936,869,13869
Sycewice,POLREGIO Spółka Akcyjna,2044,849,632,966,734,2432,1359,2134,437,655,929,877,14048
Sycewice ,,2044,849,632,966,734,2432,1359,2134,437,655,929,877,14048
Reblino,POLREGIO Spółka Akcyjna,2020,874,615,941,669,2400,1244,2032,399,604,856,821,13475
Reblino ,,2020,874,615,941,669,2400,1244,2032,399,604,856,821,13475
Cierpice,POLREGIO Spółka Akcyjna,356,168,224,216,210,311,425,703,258,277,465,504,4117
Cierpice ,,356,168,224,216,210,311,425,703,258,277,465,504,4117
Szadkowice,Łódzka Kolej Aglomeracyjna Sp. z o.o.,450,202,172,570,157,209,461,458,98,113,296,254,3440
Szadkowice,POLREGIO Spółka Akcyjna,24,,10,10,,73,,78,38,26,71,60,390
Szadkowice ,,474,202,182,580,157,282,461,536,136,139,367,314,3830
Tomaszówek,Łódzka Kolej Aglomeracyjna Sp. z o.o.,451,200,171,568,165,202,460,458,98,113,294,253,3433
Tomaszówek,POLREGIO Spółka Akcyjna,22,,9,10,,73,,78,38,27,72,61,390
Tomaszówek ,,473,200,180,578,165,275,460,536,136,140,366,314,3823
Słomianka,Łódzka Kolej Aglomeracyjna Sp. z o.o.,445,201,173,573,157,210,452,457,99,113,297,257,3434
Słomianka,POLREGIO Spółka Akcyjna,25,,10,10,,73,,87,38,26,71,53,393
Słomianka ,,470,201,183,583,157,283,452,544,137,139,368,310,3827
Bratków,Łódzka Kolej Aglomeracyjna Sp. z o.o.,355,124,149,537,161,170,450,403,98,112,259,245,3063
Bratków,POLREGIO Spółka Akcyjna,20,,9,10,,73,,77,38,34,67,60,388
Bratków ,,375,124,158,547,161,243,450,480,136,146,326,305,3451
Jeleń,Łódzka Kolej Aglomeracyjna Sp. z o.o.,254,87,131,515,151,136,471,428,69,105,257,246,2850
Jeleń,POLREGIO Spółka Akcyjna,8,,,,,79,9,29,38,21,62,59,305
Jeleń ,,262,87,131,515,151,215,480,457,107,126,319,305,3155
Stalowa Wola Południe,POLREGIO Spółka Akcyjna,786,376,632,264,301,365,806,491,497,515,457,577,6067
Stalowa Wola Południe,PKP INTERCITY Spółka Akcyjna ,,,,,,,,,62,,,,62
Stalowa Wola Południe ,,786,376,632,264,301,365,806,491,559,515,457,577,6129
Stalowa Wola,POLREGIO Spółka Akcyjna,882,441,699,291,334,387,852,527,503,533,500,602,6551
Stalowa Wola,PKP INTERCITY Spółka Akcyjna ,,,,,,,,,61,,,,61
Stalowa Wola ,,882,441,699,291,334,387,852,527,564,533,500,602,6612
Naterki,POLREGIO Spółka Akcyjna,1767,552,491,452,271,546,370,893,938,709,644,420,8053
Naterki ,,1767,552,491,452,271,546,370,893,938,709,644,420,8053
Płock Radziwie,Koleje Mazowieckie - KM Spółka z o.o.,1331,2571,658,1700,720,1267,1108,885,459,811,345,362,12217
Płock Radziwie,PKP INTERCITY Spółka Akcyjna ,,,22,,,,,,,,,,22
Płock Radziwie ,,1331,2571,680,1700,720,1267,1108,885,459,811,345,362,12239
Sierakówek,Koleje Mazowieckie - KM Spółka z o.o.,1236,2446,548,1624,645,1225,1234,987,491,949,340,333,12058
Sierakówek ,,1236,2446,548,1624,645,1225,1234,987,491,949,340,333,12058
Ząbkowice Śląskie,Koleje Dolnośląskie S.A.,1934,782,754,916,927,957,1713,1911,1453,1865,1981,1034,16227
Ząbkowice Śląskie,PKP INTERCITY Spółka Akcyjna ,578,159,119,56,197,118,339,495,226,327,625,504,3743
Ząbkowice Śląskie ,,2512,941,873,972,1124,1075,2052,2406,1679,2192,2606,1538,19970
Rogożew,Koleje Mazowieckie - KM Spółka z o.o.,1242,2573,599,1797,705,1262,1128,942,490,922,384,522,12566
Rogożew ,,1242,2573,599,1797,705,1262,1128,942,490,922,384,522,12566
Jelenia Góra Sobieszów,Koleje Dolnośląskie S.A.,1063,409,274,526,610,397,838,692,772,1669,1239,975,9464
Jelenia Góra Sobieszów,POLREGIO Spółka Akcyjna,249,38,93,110,,54,14,30,162,236,77,134,1197
Jelenia Góra Sobieszów ,,1312,447,367,636,610,451,852,722,934,1905,1316,1109,10661
Raciborów Kutnowski,Koleje Mazowieckie - KM Spółka z o.o.,1222,2260,569,1557,616,1265,1305,1049,535,838,433,415,12064
Raciborów Kutnowski ,,1222,2260,569,1557,616,1265,1305,1049,535,838,433,415,12064
Kutno Azory,Koleje Mazowieckie - KM Spółka z o.o.,1256,2234,513,1502,552,1203,1279,968,509,771,406,419,11612
Kutno Azory ,,1256,2234,513,1502,552,1203,1279,968,509,771,406,419,11612
Warnowo,POLREGIO Spółka Akcyjna,336,399,240,277,300,683,532,581,641,715,516,984,6204
Warnowo ,,336,399,240,277,300,683,532,581,641,715,516,984,6204
Ładzin,POLREGIO Spółka Akcyjna,352,401,242,279,306,701,553,584,654,720,527,972,6291
Ładzin ,,352,401,242,279,306,701,553,584,654,720,527,972,6291
Parłówko,POLREGIO Spółka Akcyjna,320,393,245,277,307,653,558,577,656,679,518,967,6150
Parłówko ,,320,393,245,277,307,653,558,577,656,679,518,967,6150
Warząchewka,POLREGIO Spółka Akcyjna,793,445,389,346,602,438,847,1921,825,978,744,486,8814
Warząchewka ,,793,445,389,346,602,438,847,1921,825,978,744,486,8814
Wiktorowo,POLREGIO Spółka Akcyjna,738,378,347,373,601,373,725,1631,703,895,752,518,8034
Wiktorowo ,,738,378,347,373,601,373,725,1631,703,895,752,518,8034
Kaliska Kujawskie,POLREGIO Spółka Akcyjna,666,340,321,372,590,367,666,1585,660,863,736,530,7696
Kaliska Kujawskie ,,666,340,321,372,590,367,666,1585,660,863,736,530,7696
Gołaszewo Kujawskie,POLREGIO Spółka Akcyjna,799,446,392,346,589,440,862,1902,833,918,755,499,8781
Gołaszewo Kujawskie ,,799,446,392,346,589,440,862,1902,833,918,755,499,8781
Czerniewice,POLREGIO Spółka Akcyjna,744,366,347,369,603,367,787,1757,676,867,747,499,8129
Czerniewice ,,744,366,347,369,603,367,787,1757,676,867,747,499,8129
Kęty,POLREGIO Spółka Akcyjna,2752,1087,678,636,1211,1312,1126,584,812,1008,213,1010,12429
Kęty,PKP INTERCITY Spółka Akcyjna ,590,216,,,,230,481,375,,,,,1892
Kęty ,,3342,1303,678,636,1211,1542,1607,959,812,1008,213,1010,14321
Chybie Mnich,Koleje Śląskie Spółka z o.o.,2116,959,1233,1841,1548,2429,1732,1262,2078,1284,1529,1866,19877
Chybie Mnich ,,2116,959,1233,1841,1548,2429,1732,1262,2078,1284,1529,1866,19877
Stryszów,POLREGIO Spółka Akcyjna,2344,745,804,780,958,534,1413,996,1027,589,600,845,11635
Stryszów,Koleje Śląskie Spółka z o.o.,,,,,,,,,,,,55,55
Stryszów,PKP INTERCITY Spółka Akcyjna ,,,,,,,,,38,,,,38
Stryszów ,,2344,745,804,780,958,534,1413,996,1065,589,600,900,11728
Stronie,POLREGIO Spółka Akcyjna,2373,798,798,783,979,585,1662,1136,950,603,625,850,12142
Stronie ,,2373,798,798,783,979,585,1662,1136,950,603,625,850,12142
Nowogród Osiedle,POLREGIO Spółka Akcyjna,795,477,704,974,331,834,568,1066,1898,3889,4741,5061,21338
Nowogród Osiedle,PKP INTERCITY Spółka Akcyjna ,263,16,359,178,88,208,,,,,,560,1672
Nowogród Osiedle ,,1058,493,1063,1152,419,1042,568,1066,1898,3889,4741,5621,23010
Czekanów,POLREGIO Spółka Akcyjna,641,249,241,554,672,748,1048,1500,1149,901,998,439,9140
Czekanów,Koleje Wielkopolskie Sp. z o.o.,24,6,76,30,161,246,8,32,248,6,32,18,887
Czekanów,PKP INTERCITY Spółka Akcyjna ,,,,,,,6,,,,,,6
Czekanów ,,665,255,317,584,833,994,1062,1532,1397,907,1030,457,10033
Zembrzyce,POLREGIO Spółka Akcyjna,2533,810,832,814,975,552,1311,987,1105,737,657,955,12268
Zembrzyce ,,2533,810,832,814,975,552,1311,987,1105,737,657,955,12268
Dąbrówka Jezioro Mucharskie,POLREGIO Spółka Akcyjna,2523,809,831,815,966,554,1329,1012,1099,740,658,955,12291
Dąbrówka Jezioro Mucharskie ,,2523,809,831,815,966,554,1329,1012,1099,740,658,955,12291
Ociąż,POLREGIO Spółka Akcyjna,674,252,286,577,767,777,1080,1546,1177,941,1031,472,9580
Ociąż,Koleje Wielkopolskie Sp. z o.o.,24,6,86,17,162,228,8,31,238,7,37,18,862
Ociąż ,,698,258,372,594,929,1005,1088,1577,1415,948,1068,490,10442
Kalisz Szczypiorno,POLREGIO Spółka Akcyjna,672,231,288,579,731,769,1061,1525,1031,909,1019,481,9296
Kalisz Szczypiorno,Koleje Wielkopolskie Sp. z o.o.,21,6,84,14,162,219,8,30,237,7,35,17,840
Kalisz Szczypiorno ,,693,237,372,593,893,988,1069,1555,1268,916,1054,498,10136
Troszyn,POLREGIO Spółka Akcyjna,340,398,247,278,308,661,551,567,664,691,529,971,6205
Troszyn ,,340,398,247,278,308,661,551,567,664,691,529,971,6205
Cesky Tesin,Koleje Śląskie Spółka z o.o.,30,13,41,54,50,630,149,72,96,88,74,101,1398
Cesky Tesin,PKP INTERCITY Spółka Akcyjna ,,,,,,,,,,,,,
Cesky Tesin ,,30,13,41,54,50,630,149,72,96,88,74,101,1398
Świnoujście Port,POLREGIO Spółka Akcyjna,211,360,122,228,185,553,398,458,545,594,398,536,4588
Świnoujście Port,PKP INTERCITY Spółka Akcyjna ,,,,,,,,,,,,,
Świnoujście Port ,,211,360,122,228,185,553,398,458,545,594,398,536,4588
Marzenin,Koleje Wielkopolskie Sp. z o.o.,538,77,229,37,344,606,153,288,198,114,650,447,3681
Marzenin ,,538,77,229,37,344,606,153,288,198,114,650,447,3681
Czerniejewo,Koleje Wielkopolskie Sp. z o.o.,505,76,231,46,361,617,168,295,193,113,571,501,3677
Czerniejewo ,,505,76,231,46,361,617,168,295,193,113,571,501,3677
Żerków,Koleje Wielkopolskie Sp. z o.o.,630,98,194,54,442,581,110,339,251,111,407,348,3565
Żerków ,,630,98,194,54,442,581,110,339,251,111,407,348,3565
Żydowo,Koleje Wielkopolskie Sp. z o.o.,489,76,232,45,404,627,158,305,183,103,585,481,3688
Żydowo ,,489,76,232,45,404,627,158,305,183,103,585,481,3688
Orzechowo,Koleje Wielkopolskie Sp. z o.o.,584,101,170,51,384,580,107,334,249,128,553,577,3818
Orzechowo ,,584,101,170,51,384,580,107,334,249,128,553,577,3818
Miłosław,Koleje Wielkopolskie Sp. z o.o.,626,119,192,48,364,576,138,341,247,151,581,478,3861
Miłosław ,,626,119,192,48,364,576,138,341,247,151,581,478,3861
Obłaczkowo,Koleje Wielkopolskie Sp. z o.o.,655,103,219,44,365,619,150,344,247,136,596,512,3990
Obłaczkowo ,,655,103,219,44,365,619,150,344,247,136,596,512,3990
Książno,Koleje Wielkopolskie Sp. z o.o.,655,110,203,51,372,606,151,346,250,147,595,534,4020
Książno ,,655,110,203,51,372,606,151,346,250,147,595,534,4020
Gębarzewo,Koleje Wielkopolskie Sp. z o.o.,459,76,232,43,398,625,153,307,179,95,565,465,3597
Gębarzewo ,,459,76,232,43,398,625,153,307,179,95,565,465,3597
Chwalibogowo,Koleje Wielkopolskie Sp. z o.o.,657,106,216,44,370,611,150,345,247,134,590,512,3982
Chwalibogowo ,,657,106,216,44,370,611,150,345,247,134,590,512,3982
Radlin Wielkopolski,Koleje Wielkopolskie Sp. z o.o.,608,119,193,57,265,576,147,385,254,108,458,345,3515
Radlin Wielkopolski ,,608,119,193,57,265,576,147,385,254,108,458,345,3515
Żabowo,POLREGIO Spółka Akcyjna,982,233,489,458,911,1488,1568,1420,1234,462,1530,683,11458
Żabowo ,,982,233,489,458,911,1488,1568,1420,1234,462,1530,683,11458
Baszewice,POLREGIO Spółka Akcyjna,1025,241,535,472,883,1478,1659,1467,1326,527,1659,727,11999
Baszewice ,,1025,241,535,472,883,1478,1659,1467,1326,527,1659,727,11999
Mścice,POLREGIO Spółka Akcyjna,1137,134,401,316,569,1020,1442,1579,395,237,574,1123,8927
Mścice ,,1137,134,401,316,569,1020,1442,1579,395,237,574,1123,8927
Mosty,POLREGIO Spółka Akcyjna,941,180,480,344,859,1319,1321,1260,973,398,1574,844,10493
Mosty ,,941,180,480,344,859,1319,1321,1260,973,398,1574,844,10493
Szczecin Gumieńce,POLREGIO Spółka Akcyjna,435,476,694,677,810,476,441,709,518,519,480,296,6531
Szczecin Gumieńce ,,435,476,694,677,810,476,441,709,518,519,480,296,6531
Loecknitz,POLREGIO Spółka Akcyjna,434,465,702,672,846,460,478,705,485,473,467,294,6481
Loecknitz ,,434,465,702,672,846,460,478,705,485,473,467,294,6481
Grambow,POLREGIO Spółka Akcyjna,433,471,708,672,846,460,480,717,491,478,473,294,6523
Grambow ,,433,471,708,672,846,460,480,717,491,478,473,294,6523
Pławna,POLREGIO Spółka Akcyjna,1632,333,611,214,330,518,833,1360,807,370,490,370,7868
Pławna,Koleje Małopolskie Sp. z o.o.,62,164,35,21,8,39,25,16,68,75,99,45,657
Pławna ,,1694,497,646,235,338,557,858,1376,875,445,589,415,8525
Kłokowa,POLREGIO Spółka Akcyjna,1659,360,620,191,296,584,859,1301,873,382,591,350,8066
Kłokowa,Koleje Małopolskie Sp. z o.o.,141,184,28,19,,6,47,20,36,102,105,53,741
Kłokowa ,,1800,544,648,210,296,590,906,1321,909,484,696,403,8807
Siedliska koło Tuchowa,POLREGIO Spółka Akcyjna,1414,347,619,185,321,502,845,1290,845,380,502,344,7594
Siedliska koło Tuchowa,Koleje Małopolskie Sp. z o.o.,130,178,17,22,6,16,25,20,42,84,98,43,681
Siedliska koło Tuchowa ,,1544,525,636,207,327,518,870,1310,887,464,600,387,8275
Chojnik,POLREGIO Spółka Akcyjna,1555,329,619,190,322,509,848,1316,843,405,526,346,7808
Chojnik,Koleje Małopolskie Sp. z o.o.,130,178,17,22,6,16,25,20,42,100,98,43,697
Chojnik ,,1685,507,636,212,328,525,873,1336,885,505,624,389,8505
Lubaszowa,POLREGIO Spółka Akcyjna,1406,364,621,209,348,602,874,1302,869,388,514,347,7844
Lubaszowa,Koleje Małopolskie Sp. z o.o.,137,178,18,22,6,22,55,13,57,101,104,43,756
Lubaszowa ,,1543,542,639,231,354,624,929,1315,926,489,618,390,8600
Żory,PKP INTERCITY Spółka Akcyjna ,2529,816,1639,763,814,2024,2656,3278,2003,1506,2560,2900,23488
Żory,Koleje Śląskie Spółka z o.o.,293,50,122,245,162,235,454,121,151,150,291,284,2558
Żory ,,2822,866,1761,1008,976,2259,3110,3399,2154,1656,2851,3184,26046
Charsznica,POLREGIO Spółka Akcyjna,1779,73,116,442,505,964,622,365,228,385,944,422,6845
Charsznica ,,1779,73,116,442,505,964,622,365,228,385,944,422,6845
Sosnowiec Dańdówka,POLREGIO Spółka Akcyjna,2053,98,175,643,740,896,383,408,411,287,631,505,7230
Sosnowiec Dańdówka,PKP INTERCITY Spółka Akcyjna ,,,,,,,,,66,,,,66
Sosnowiec Dańdówka,Koleje Śląskie Spółka z o.o.,,,,,,,,,,,,,
Sosnowiec Dańdówka ,,2053,98,175,643,740,896,383,408,477,287,631,505,7296
Jeżówka,POLREGIO Spółka Akcyjna,1834,79,110,457,613,965,618,360,213,384,947,440,7020
Jeżówka ,,1834,79,110,457,613,965,618,360,213,384,947,440,7020
Gajówka,POLREGIO Spółka Akcyjna,1838,73,108,439,624,963,615,365,213,382,952,422,6994
Gajówka ,,1838,73,108,439,624,963,615,365,213,382,952,422,6994
Sławków,POLREGIO Spółka Akcyjna,1903,64,161,656,744,940,409,356,400,294,686,504,7117
Sławków ,,1903,64,161,656,744,940,409,356,400,294,686,504,7117
Bukowno Przymiarki,POLREGIO Spółka Akcyjna,1920,74,144,655,751,934,393,364,439,284,698,509,7165
Bukowno Przymiarki ,,1920,74,144,655,751,934,393,364,439,284,698,509,7165
Małomice,Koleje Dolnośląskie S.A.,733,295,244,252,534,353,729,223,1500,894,848,550,7155
Małomice,POLREGIO Spółka Akcyjna,,104,32,,38,7,21,695,1886,636,90,234,3743
Małomice,PKP INTERCITY Spółka Akcyjna ,284,22,353,171,79,195,106,172,208,317,246,568,2721
Małomice ,,1017,421,629,423,651,555,856,1090,3594,1847,1184,1352,13619
Sosnowiec Porąbka,POLREGIO Spółka Akcyjna,2091,90,182,664,739,917,328,430,422,290,651,521,7325
Sosnowiec Porąbka ,,2091,90,182,664,739,917,328,430,422,290,651,521,7325
Sosnowiec Kazimierz,POLREGIO Spółka Akcyjna,2028,73,174,628,690,899,318,395,414,283,638,521,7061
Sosnowiec Kazimierz ,,2028,73,174,628,690,899,318,395,414,283,638,521,7061
Dąbrowa Górnicza Wschodnia,POLREGIO Spółka Akcyjna,1894,56,151,625,737,908,333,375,406,293,666,494,6938
Dąbrowa Górnicza Wschodnia ,,1894,56,151,625,737,908,333,375,406,293,666,494,6938
Dąbrowa Górnicza Strzemieszyce,POLREGIO Spółka Akcyjna,1932,69,167,624,750,940,329,378,404,284,670,504,7051
Dąbrowa Górnicza Strzemieszyce ,,1932,69,167,624,750,940,329,378,404,284,670,504,7051
Milówka,Koleje Śląskie Spółka z o.o.,3290,1638,1945,2179,1051,2967,4195,255,,,,529,18049
Milówka ,,3290,1638,1945,2179,1051,2967,4195,255,,,,529,18049
Rajcza,Koleje Śląskie Spółka z o.o.,3392,1743,1909,2149,888,2961,4171,243,,,,570,18026
Rajcza ,,3392,1743,1909,2149,888,2961,4171,243,,,,570,18026
Polana Jakuszycka,Koleje Dolnośląskie S.A.,368,160,66,124,220,300,351,100,528,361,62,376,3016
Polana Jakuszycka ,,368,160,66,124,220,300,351,100,528,361,62,376,3016
Milówka Zabawa,Koleje Śląskie Spółka z o.o.,3436,1772,1961,2002,900,2970,4194,248,,,,552,18035
Milówka Zabawa ,,3436,1772,1961,2002,900,2970,4194,248,,,,552,18035
Harrachov,Koleje Dolnośląskie S.A.,379,131,54,127,179,266,338,76,512,309,60,309,2740
Harrachov ,,379,131,54,127,179,266,338,76,512,309,60,309,2740
Szastarka,POLREGIO Spółka Akcyjna,764,327,867,380,330,939,796,673,503,700,464,515,7258
Szastarka ,,764,327,867,380,330,939,796,673,503,700,464,515,7258
Sulów,POLREGIO Spółka Akcyjna,820,346,898,398,341,977,829,727,565,732,491,522,7646
Sulów ,,820,346,898,398,341,977,829,727,565,732,491,522,7646
Cisiec,Koleje Śląskie Spółka z o.o.,3417,1699,2003,2238,1070,2965,4539,279,,,,566,18776
Cisiec ,,3417,1699,2003,2238,1070,2965,4539,279,,,,566,18776
Jerzmanki,Koleje Dolnośląskie S.A.,1710,409,363,634,982,636,1303,1117,1577,3427,3284,1364,16806
Jerzmanki ,,1710,409,363,634,982,636,1303,1117,1577,3427,3284,1364,16806
Sól,Koleje Śląskie Spółka z o.o.,3314,1592,1757,2102,925,2785,3592,239,,,,508,16814
Sól ,,3314,1592,1757,2102,925,2785,3592,239,,,,508,16814
Mikułowa,Koleje Dolnośląskie S.A.,1703,413,359,711,964,637,1305,1091,1566,3406,3153,1333,16641
Mikułowa ,,1703,413,359,711,964,637,1305,1091,1566,3406,3153,1333,16641
Zaręba,Koleje Dolnośląskie S.A.,1692,423,340,672,962,647,1291,1086,1579,3332,3055,1281,16360
Zaręba ,,1692,423,340,672,962,647,1291,1086,1579,3332,3055,1281,16360
Batowice Lubańskie,Koleje Dolnośląskie S.A.,1702,421,353,667,969,645,1298,1088,1566,3373,3093,1302,16477
Batowice Lubańskie ,,1702,421,353,667,969,645,1298,1088,1566,3373,3093,1302,16477
Szklarska Poręba Huta,Koleje Dolnośląskie S.A.,322,158,66,112,213,249,347,97,496,362,61,397,2880
Szklarska Poręba Huta ,,322,158,66,112,213,249,347,97,496,362,61,397,2880
Rycerka,Koleje Śląskie Spółka z o.o.,3383,1686,1901,1975,935,3000,3751,254,,,,567,17452
Rycerka ,,3383,1686,1901,1975,935,3000,3751,254,,,,567,17452
Rajcza Centrum,Koleje Śląskie Spółka z o.o.,3345,1640,1896,1980,932,2989,3733,251,,,,578,17344
Rajcza Centrum ,,3345,1640,1896,1980,932,2989,3733,251,,,,578,17344
Sól Kiczora,Koleje Śląskie Spółka z o.o.,3329,1557,1814,2023,952,2861,3578,243,,,,500,16857
Sól Kiczora ,,3329,1557,1814,2023,952,2861,3578,243,,,,500,16857
Laliki,Koleje Śląskie Spółka z o.o.,3292,1531,1789,2003,962,2853,3563,241,,,,500,16734
Laliki ,,3292,1531,1789,2003,962,2853,3563,241,,,,500,16734
Wadowice,POLREGIO Spółka Akcyjna,2732,982,451,469,990,1114,929,562,607,842,117,1044,10839
Wadowice,PKP INTERCITY Spółka Akcyjna ,559,178,,,,239,497,392,136,,,,2001
Wadowice ,,3291,1160,451,469,990,1353,1426,954,743,842,117,1044,12840
Andrychów,POLREGIO Spółka Akcyjna,3043,1170,597,519,1159,1235,950,555,742,929,177,924,12000
Andrychów,PKP INTERCITY Spółka Akcyjna ,610,235,,,,231,507,388,,,,,1971
Andrychów ,,3653,1405,597,519,1159,1466,1457,943,742,929,177,924,13971
Górzyca Reska,POLREGIO Spółka Akcyjna,917,188,622,521,970,1439,1410,1259,1305,561,1657,691,11540
Górzyca Reska ,,917,188,622,521,970,1439,1410,1259,1305,561,1657,691,11540
Gąbin,POLREGIO Spółka Akcyjna,939,195,633,527,994,1421,1442,1301,1332,571,1680,731,11766
Gąbin ,,939,195,633,527,994,1421,1442,1301,1332,571,1680,731,11766
Port Lotniczy Szczecin Goleniów,POLREGIO Spółka Akcyjna,753,269,379,296,527,838,689,642,974,291,1067,483,7208
Port Lotniczy Szczecin Goleniów ,,753,269,379,296,527,838,689,642,974,291,1067,483,7208
Rudzienice Suskie,POLREGIO Spółka Akcyjna,1627,486,442,358,321,364,518,853,715,532,714,335,7265
Rudzienice Suskie ,,1627,486,442,358,321,364,518,853,715,532,714,335,7265
Pikus,POLREGIO Spółka Akcyjna,1694,533,448,369,311,390,528,878,717,547,718,367,7500
Pikus ,,1694,533,448,369,311,390,528,878,717,547,718,367,7500
Łambinowice,POLREGIO Spółka Akcyjna,862,186,452,692,433,707,472,506,1160,308,923,488,7189
Łambinowice ,,862,186,452,692,433,707,472,506,1160,308,923,488,7189
Szydłów,POLREGIO Spółka Akcyjna,810,151,429,798,621,856,613,668,1291,346,1011,596,8190
Szydłów ,,810,151,429,798,621,856,613,668,1291,346,1011,596,8190
Tułowice,POLREGIO Spółka Akcyjna,872,164,453,863,636,855,652,687,1325,386,1079,611,8583
Tułowice ,,872,164,453,863,636,855,652,687,1325,386,1079,611,8583
Sowin,POLREGIO Spółka Akcyjna,885,180,462,871,637,879,652,708,1326,395,1091,611,8697
Sowin ,,885,180,462,871,637,879,652,708,1326,395,1091,611,8697
Goszczowice,POLREGIO Spółka Akcyjna,886,168,460,867,643,867,652,701,1334,390,1095,615,8678
Goszczowice ,,886,168,460,867,643,867,652,701,1334,390,1095,615,8678
Szydłów Centrum,POLREGIO Spółka Akcyjna,873,149,465,776,656,888,607,668,1296,348,1059,622,8407
Szydłów Centrum ,,873,149,465,776,656,888,607,668,1296,348,1059,622,8407
Opole Chmielowice,POLREGIO Spółka Akcyjna,873,109,460,739,632,857,586,627,1258,332,1017,601,8091
Opole Chmielowice ,,873,109,460,739,632,857,586,627,1258,332,1017,601,8091
Komprachcice,POLREGIO Spółka Akcyjna,874,147,464,762,659,878,590,645,1298,350,1040,601,8308
Komprachcice ,,874,147,464,762,659,878,590,645,1298,350,1040,601,8308
Wyszków Śląski,POLREGIO Spółka Akcyjna,901,162,450,701,422,579,358,450,829,293,806,380,6331
Wyszków Śląski ,,901,162,450,701,422,579,358,450,829,293,806,380,6331
Nysa Wschodnia,POLREGIO Spółka Akcyjna,897,162,444,697,414,568,353,446,824,291,792,381,6269
Nysa Wschodnia ,,897,162,444,697,414,568,353,446,824,291,792,381,6269
Mańkowice,POLREGIO Spółka Akcyjna,889,183,463,698,434,590,364,467,865,313,844,397,6507
Mańkowice ,,889,183,463,698,434,590,364,467,865,313,844,397,6507
Kubice,POLREGIO Spółka Akcyjna,875,163,452,706,427,579,362,452,842,295,801,379,6333
Kubice ,,875,163,452,706,427,579,362,452,842,295,801,379,6333
Jasienica Dolna,POLREGIO Spółka Akcyjna,895,184,486,718,447,597,369,474,886,316,851,398,6621
Jasienica Dolna ,,895,184,486,718,447,597,369,474,886,316,851,398,6621
Budziszowice,POLREGIO Spółka Akcyjna,902,196,486,720,448,602,402,486,892,317,848,398,6697
Budziszowice ,,902,196,486,720,448,602,402,486,892,317,848,398,6697
Tarnobrzeg,PKP INTERCITY Spółka Akcyjna ,834,396,461,272,359,633,909,1364,396,478,510,984,7596
Tarnobrzeg,POLREGIO Spółka Akcyjna,1300,699,1005,267,406,631,703,563,239,530,319,846,7508
Tarnobrzeg ,,2134,1095,1466,539,765,1264,1612,1927,635,1008,829,1830,15104
Domanin,Koleje Wielkopolskie Sp. z o.o.,28,18,145,305,187,534,240,415,218,70,165,105,2430
Domanin,POLREGIO Spółka Akcyjna,91,65,133,230,75,105,100,158,245,490,243,216,2151
Domanin ,,119,83,278,535,262,639,340,573,463,560,408,321,4581
Przygodzice,Koleje Wielkopolskie Sp. z o.o.,33,53,140,331,223,496,262,420,229,85,179,114,2565
Przygodzice,POLREGIO Spółka Akcyjna,107,63,134,200,73,93,97,189,277,463,237,209,2142
Przygodzice ,,140,116,274,531,296,589,359,609,506,548,416,323,4707
Niedźwiedź Wielkopolski,Koleje Wielkopolskie Sp. z o.o.,30,43,138,338,202,482,256,433,236,73,190,111,2532
Niedźwiedź Wielkopolski,POLREGIO Spółka Akcyjna,104,65,134,294,83,99,101,189,285,495,258,220,2327
Niedźwiedź Wielkopolski ,,134,108,272,632,285,581,357,622,521,568,448,331,4859
Antonin,Koleje Wielkopolskie Sp. z o.o.,17,30,139,335,213,495,261,439,228,97,180,104,2538
Antonin,POLREGIO Spółka Akcyjna,100,65,134,194,71,99,94,170,273,480,247,195,2122
Antonin ,,117,95,273,529,284,594,355,609,501,577,427,299,4660
Janków Przygodzki,Koleje Wielkopolskie Sp. z o.o.,34,58,154,329,228,500,268,441,230,96,210,128,2676
Janków Przygodzki,POLREGIO Spółka Akcyjna,111,66,145,203,75,97,105,228,293,468,249,213,2253
Janków Przygodzki ,,145,124,299,532,303,597,373,669,523,564,459,341,4929
Szczecin Trzebusz,POLREGIO Spółka Akcyjna,,,,,,882,947,885,1377,565,1511,1172,7339
Szczecin Trzebusz ,,,,,,,882,947,885,1377,565,1511,1172,7339
Nowa Dęba,POLREGIO Spółka Akcyjna,1240,611,758,354,368,608,864,633,396,510,308,826,7476
Nowa Dęba,PKP INTERCITY Spółka Akcyjna ,861,434,466,283,349,620,903,1297,418,508,480,608,7227
Nowa Dęba ,,2101,1045,1224,637,717,1228,1767,1930,814,1018,788,1434,14703
Jordanów,POLREGIO Spółka Akcyjna,2153,731,640,750,885,729,1357,889,880,542,429,835,10820
Jordanów,Koleje Śląskie Spółka z o.o.,,16,,,114,31,195,139,,,,58,553
Jordanów ,,2153,747,640,750,999,760,1552,1028,880,542,429,893,11373
Osielec,POLREGIO Spółka Akcyjna,2146,705,611,797,873,617,1292,899,910,564,432,754,10600
Osielec,Koleje Śląskie Spółka z o.o.,,15,,,128,32,197,143,,,,60,575
Osielec ,,2146,720,611,797,1001,649,1489,1042,910,564,432,814,11175
Kojszówka,POLREGIO Spółka Akcyjna,2344,764,671,735,914,626,1357,1012,963,633,429,684,11132
Kojszówka,Koleje Śląskie Spółka z o.o.,,15,,,128,50,203,150,,,,61,607
Kojszówka ,,2344,779,671,735,1042,676,1560,1162,963,633,429,745,11739
Odolanów,POLREGIO Spółka Akcyjna,599,1082,715,559,598,585,768,448,1104,422,356,566,7802
Odolanów,Koleje Wielkopolskie Sp. z o.o.,42,56,17,191,140,346,105,253,78,63,106,58,1455
Odolanów ,,641,1138,732,750,738,931,873,701,1182,485,462,624,9257
Topola-Osiedle,POLREGIO Spółka Akcyjna,541,1049,742,527,585,571,797,461,934,430,382,604,7623
Topola-Osiedle,Koleje Wielkopolskie Sp. z o.o.,65,56,40,194,133,355,128,250,58,47,105,50,1481
Topola-Osiedle ,,606,1105,782,721,718,926,925,711,992,477,487,654,9104
Tarchały Wielkie,POLREGIO Spółka Akcyjna,605,1094,745,591,591,578,804,475,975,445,408,603,7914
Tarchały Wielkie,Koleje Wielkopolskie Sp. z o.o.,64,64,37,195,150,356,132,255,87,79,127,69,1615
Tarchały Wielkie ,,669,1158,782,786,741,934,936,730,1062,524,535,672,9529
Chocianów,Koleje Dolnośląskie S.A.,258,64,28,141,159,57,247,27,238,68,212,150,1649
Chocianów ,,258,64,28,141,159,57,247,27,238,68,212,150,1649
Pacholęta,POLREGIO Spółka Akcyjna,502,307,516,329,714,397,464,265,488,499,730,619,5830
Pacholęta ,,502,307,516,329,714,397,464,265,488,499,730,619,5830
Proszówka,Koleje Dolnośląskie S.A.,856,75,219,156,635,311,506,431,820,1636,809,472,6926
Proszówka ,,856,75,219,156,635,311,506,431,820,1636,809,472,6926
Orłowice,Koleje Dolnośląskie S.A.,842,62,214,156,604,270,475,416,763,1500,700,419,6421
Orłowice ,,842,62,214,156,604,270,475,416,763,1500,700,419,6421
Mroczkowice,Koleje Dolnośląskie S.A.,847,61,219,156,612,292,504,429,800,1597,781,467,6765
Mroczkowice ,,847,61,219,156,612,292,504,429,800,1597,781,467,6765
Wadowice Osiedle Podhalanin,POLREGIO Spółka Akcyjna,3105,1193,655,533,1056,1220,963,599,743,944,164,1058,12233
Wadowice Osiedle Podhalanin ,,3105,1193,655,533,1056,1220,963,599,743,944,164,1058,12233
Inwałd,POLREGIO Spółka Akcyjna,3206,1220,598,526,1104,1243,983,620,741,956,159,1062,12418
Inwałd ,,3206,1220,598,526,1104,1243,983,620,741,956,159,1062,12418
Chocznia,POLREGIO Spółka Akcyjna,3173,1205,601,546,1096,1243,970,610,759,959,165,1058,12385
Chocznia ,,3173,1205,601,546,1096,1243,970,610,759,959,165,1058,12385
Chocznia Górna,POLREGIO Spółka Akcyjna,3195,1218,604,548,1109,1257,985,626,761,959,165,1067,12494
Chocznia Górna ,,3195,1218,604,548,1109,1257,985,626,761,959,165,1067,12494
Chrząstowice,POLREGIO Spółka Akcyjna,598,174,303,281,242,257,549,589,1084,511,438,458,5484
Chrząstowice ,,598,174,303,281,242,257,549,589,1084,511,438,458,5484
Zabiele Wielkie,Koleje Mazowieckie - KM Spółka z o.o.,644,821,160,323,219,1149,1404,515,201,133,419,93,6081
Zabiele Wielkie,POLREGIO Spółka Akcyjna,,,,,,,,,,,,13,13
Zabiele Wielkie,PKP INTERCITY Spółka Akcyjna ,,,,,,,,,,,,,
Zabiele Wielkie ,,644,821,160,323,219,1149,1404,515,201,133,419,106,6094
Krasiejów,POLREGIO Spółka Akcyjna,508,251,337,352,351,247,565,623,1058,475,472,429,5668
Krasiejów ,,508,251,337,352,351,247,565,623,1058,475,472,429,5668
Jastrząbka,Koleje Mazowieckie - KM Spółka z o.o.,641,818,163,354,221,1132,1354,495,198,119,413,91,5999
Jastrząbka,POLREGIO Spółka Akcyjna,,,,,,,,,,,,12,12
Jastrząbka ,,641,818,163,354,221,1132,1354,495,198,119,413,103,6011
Fosowskie,POLREGIO Spółka Akcyjna,366,187,158,262,313,159,441,465,734,294,306,279,3964
Fosowskie ,,366,187,158,262,313,159,441,465,734,294,306,279,3964
Nowa Wieś Kościelna,Koleje Mazowieckie - KM Spółka z o.o.,645,824,155,315,232,1181,1402,523,213,138,422,94,6144
Nowa Wieś Kościelna,POLREGIO Spółka Akcyjna,,,,,,,,,,,,13,13
Nowa Wieś Kościelna ,,645,824,155,315,232,1181,1402,523,213,138,422,107,6157
Grabowo,Koleje Mazowieckie - KM Spółka z o.o.,643,803,157,297,241,1100,1392,510,211,137,420,103,6014
Grabowo,POLREGIO Spółka Akcyjna,,,,,,,,,,,,13,13
Grabowo ,,643,803,157,297,241,1100,1392,510,211,137,420,116,6027
Raszujka,Koleje Mazowieckie - KM Spółka z o.o.,646,930,143,411,215,1128,986,435,161,99,387,98,5639
Raszujka,POLREGIO Spółka Akcyjna,,,,,,,,,,,,11,11
Raszujka ,,646,930,143,411,215,1128,986,435,161,99,387,109,5650
Parciaki,Koleje Mazowieckie - KM Spółka z o.o.,634,891,167,415,219,1205,1020,452,187,105,394,91,5780
Parciaki,POLREGIO Spółka Akcyjna,,,,,,,,,,,,12,12
Parciaki ,,634,891,167,415,219,1205,1020,452,187,105,394,103,5792
Olszewka,Koleje Mazowieckie - KM Spółka z o.o.,651,917,157,414,207,1172,995,436,171,100,387,99,5706
Olszewka,POLREGIO Spółka Akcyjna,,,,,,,,,,,,11,11
Olszewka ,,651,917,157,414,207,1172,995,436,171,100,387,110,5717
Ruszów,POLREGIO Spółka Akcyjna,989,591,736,823,450,1035,709,1511,4766,3000,5491,3505,23606
Ruszów ,,989,591,736,823,450,1035,709,1511,4766,3000,5491,3505,23606
Konin Żagański,POLREGIO Spółka Akcyjna,1024,614,749,914,459,1131,738,1588,5013,3341,6007,3693,25271
Konin Żagański ,,1024,614,749,914,459,1131,738,1588,5013,3341,6007,3693,25271
Iłowa Żagańska,POLREGIO Spółka Akcyjna,1034,617,756,911,473,1127,744,1586,5039,3341,6005,3689,25322
Iłowa Żagańska ,,1034,617,756,911,473,1127,744,1586,5039,3341,6005,3689,25322
Nowa Sarzyna,PKP INTERCITY Spółka Akcyjna ,1563,613,288,588,561,793,1505,1145,755,629,654,1312,10406
Nowa Sarzyna,POLREGIO Spółka Akcyjna,308,97,62,68,104,116,530,146,127,140,171,208,2077
Nowa Sarzyna ,,1871,710,350,656,665,909,2035,1291,882,769,825,1520,12483
Leżajsk,PKP INTERCITY Spółka Akcyjna ,1481,589,380,591,543,798,1505,1178,758,615,695,1209,10342
Leżajsk,POLREGIO Spółka Akcyjna,314,109,62,53,92,114,551,156,126,116,190,221,2104
Leżajsk ,,1795,698,442,644,635,912,2056,1334,884,731,885,1430,12446
Barłogi,Koleje Wielkopolskie Sp. z o.o.,396,433,525,701,1114,1281,592,512,458,773,558,513,7856
Barłogi ,,396,433,525,701,1114,1281,592,512,458,773,558,513,7856
Kłodawa,Koleje Wielkopolskie Sp. z o.o.,452,508,606,700,1099,1299,632,501,461,656,578,492,7984
Kłodawa ,,452,508,606,700,1099,1299,632,501,461,656,578,492,7984
Bystra Podhalańska,POLREGIO Spółka Akcyjna,2283,751,661,791,902,682,1445,937,921,573,463,911,11320
Bystra Podhalańska ,,2283,751,661,791,902,682,1445,937,921,573,463,911,11320
Skawa Środkowa,POLREGIO Spółka Akcyjna,2184,766,642,708,922,807,1224,900,924,568,434,967,11046
Skawa Środkowa ,,2184,766,642,708,922,807,1224,900,924,568,434,967,11046
Skawa,POLREGIO Spółka Akcyjna,2124,741,632,716,887,820,1158,875,901,560,443,846,10703
Skawa ,,2124,741,632,716,887,820,1158,875,901,560,443,846,10703
Juszczyn,POLREGIO Spółka Akcyjna,2352,772,669,726,912,631,1368,1011,956,625,412,686,11120
Juszczyn ,,2352,772,669,726,912,631,1368,1011,956,625,412,686,11120
Bieniów,POLREGIO Spółka Akcyjna,681,454,655,672,309,820,520,2188,6599,4085,4390,3490,24863
Bieniów,CARGO Master Spółka z o.o.,,,,,,,,,,,,,
Bieniów ,,681,454,655,672,309,820,520,2188,6599,4085,4390,3490,24863
Dolice,POLREGIO Spółka Akcyjna,1234,447,601,549,518,1018,365,466,606,716,546,725,7791
Dolice ,,1234,447,601,549,518,1018,365,466,606,716,546,725,7791
Bystrzyca Kłodzka,Koleje Dolnośląskie S.A.,1564,541,719,616,495,889,2121,1599,,,,2360,10904
Bystrzyca Kłodzka,PKP INTERCITY Spółka Akcyjna ,,,,,,,,,,,,1109,1109
Bystrzyca Kłodzka ,,1564,541,719,616,495,889,2121,1599,,,,3469,12013
Kolin,POLREGIO Spółka Akcyjna,1474,553,709,604,517,1035,375,534,561,719,530,712,8323
Kolin ,,1474,553,709,604,517,1035,375,534,561,719,530,712,8323
Zamek Bulowicki,POLREGIO Spółka Akcyjna,3121,1247,577,609,1210,1231,958,609,927,1081,217,1075,12862
Zamek Bulowicki ,,3121,1247,577,609,1210,1231,958,609,927,1081,217,1075,12862
Bulowice,POLREGIO Spółka Akcyjna,3138,1261,586,599,1339,1244,972,618,939,1091,217,1093,13097
Bulowice ,,3138,1261,586,599,1339,1244,972,618,939,1091,217,1093,13097
Andrychów Górnica,POLREGIO Spółka Akcyjna,3125,1240,573,599,1313,1232,964,616,937,1091,217,1092,12999
Andrychów Górnica ,,3125,1240,573,599,1313,1232,964,616,937,1091,217,1092,12999
Błaszki,POLREGIO Spółka Akcyjna,569,259,313,614,612,847,1132,1469,1059,811,1077,480,9242
Błaszki,Łódzka Kolej Aglomeracyjna Sp. z o.o.,6,,24,81,,23,103,213,23,34,14,31,552
Błaszki ,,575,259,337,695,612,870,1235,1682,1082,845,1091,511,9794
Gniewkowo,POLREGIO Spółka Akcyjna,1049,393,489,500,485,443,596,683,831,1316,782,470,8037
Gniewkowo,CARGO Master Spółka z o.o.,,,,,,,,,,,,,
Gniewkowo ,,1049,393,489,500,485,443,596,683,831,1316,782,470,8037
Wierzchosławice,POLREGIO Spółka Akcyjna,1038,408,474,507,479,454,626,683,820,1277,780,470,8016
Wierzchosławice ,,1038,408,474,507,479,454,626,683,820,1277,780,470,8016
Więcławice,POLREGIO Spółka Akcyjna,1014,389,456,504,479,449,647,663,817,1249,773,445,7885
Więcławice ,,1014,389,456,504,479,449,647,663,817,1249,773,445,7885
Suchatówka,POLREGIO Spółka Akcyjna,1106,459,519,529,504,457,625,711,838,1338,805,476,8367
Suchatówka ,,1106,459,519,529,504,457,625,711,838,1338,805,476,8367
Piła Fabryczna,POLREGIO Spółka Akcyjna,,,177,274,406,688,552,582,452,975,878,505,5489
Piła Fabryczna,Koleje Wielkopolskie Sp. z o.o.,,,562,39,113,169,130,50,70,60,46,69,1308
Piła Fabryczna ,,,,739,313,519,857,682,632,522,1035,924,574,6797
Pasym,POLREGIO Spółka Akcyjna,795,854,553,745,394,691,1085,698,371,362,505,512,7565
Pasym ,,795,854,553,745,394,691,1085,698,371,362,505,512,7565
Marcinkowo,POLREGIO Spółka Akcyjna,835,855,560,493,382,694,1276,741,355,329,592,536,7648
Marcinkowo,PKP INTERCITY Spółka Akcyjna ,,,,,,,,,,,,,
Marcinkowo ,,835,855,560,493,382,694,1276,741,355,329,592,536,7648
Klewki,POLREGIO Spółka Akcyjna,883,826,547,521,428,709,1313,882,390,378,742,572,8191
Klewki ,,883,826,547,521,428,709,1313,882,390,378,742,572,8191
Grom,POLREGIO Spółka Akcyjna,895,918,634,468,500,780,1172,765,422,426,565,523,8068
Grom ,,895,918,634,468,500,780,1172,765,422,426,565,523,8068
Kamień Pomorski,POLREGIO Spółka Akcyjna,111,49,37,97,81,70,33,63,83,113,607,163,1507
Kamień Pomorski,PKP INTERCITY Spółka Akcyjna ,,,,,,,,,,,,,
Kamień Pomorski ,,111,49,37,97,81,70,33,63,83,113,607,163,1507
Piława Górna,Koleje Dolnośląskie S.A.,2009,774,1013,889,921,861,1717,1843,1499,1895,2013,974,16408
Piława Górna ,,2009,774,1013,889,921,861,1717,1843,1499,1895,2013,974,16408
Międzylesie,Koleje Dolnośląskie S.A.,1252,446,497,401,331,798,1588,1450,,,,1986,8749
Międzylesie,PKP INTERCITY Spółka Akcyjna ,,,,,,,,,,,,1244,1244
Międzylesie,LEO Express Global a.s.,,,,,,,,,,,,,
Międzylesie ,,1252,446,497,401,331,798,1588,1450,,,,3230,9993
Mikołajki Pomorskie,POLREGIO Spółka Akcyjna,1179,225,355,329,230,518,731,989,417,310,392,613,6288
Mikołajki Pomorskie ,,1179,225,355,329,230,518,731,989,417,310,392,613,6288
Susz,POLREGIO Spółka Akcyjna,1155,217,323,307,257,534,653,984,472,384,450,516,6252
Susz ,,1155,217,323,307,257,534,653,984,472,384,450,516,6252
Iława Miasto,POLREGIO Spółka Akcyjna,1353,172,297,435,232,510,622,924,473,379,471,454,6322
Iława Miasto ,,1353,172,297,435,232,510,622,924,473,379,471,454,6322
Zaborze,Koleje Śląskie Spółka z o.o.,2014,912,1213,1739,1349,2291,1670,1215,1903,1200,1386,1725,18617
Zaborze ,,2014,912,1213,1739,1349,2291,1670,1215,1903,1200,1386,1725,18617
Skoczów Bajerki,Koleje Śląskie Spółka z o.o.,2077,931,1193,1670,1363,2170,1560,1078,1894,993,1235,1609,17773
Skoczów Bajerki ,,2077,931,1193,1670,1363,2170,1560,1078,1894,993,1235,1609,17773
Pierściec,Koleje Śląskie Spółka z o.o.,1700,710,995,1445,1087,1983,1416,1011,1794,901,1061,1438,15541
Pierściec ,,1700,710,995,1445,1087,1983,1416,1011,1794,901,1061,1438,15541
Włostowo,Koleje Wielkopolskie Sp. z o.o.,271,226,142,89,259,390,181,245,629,410,665,383,3890
Włostowo ,,271,226,142,89,259,390,181,245,629,410,665,383,3890
Pępowo,Koleje Wielkopolskie Sp. z o.o.,274,208,147,82,264,378,187,237,733,395,657,381,3943
Pępowo ,,274,208,147,82,264,378,187,237,733,395,657,381,3943
Kuklinów,Koleje Wielkopolskie Sp. z o.o.,283,229,170,89,243,435,200,264,620,336,705,395,3969
Kuklinów ,,283,229,170,89,243,435,200,264,620,336,705,395,3969
Kobylin,Koleje Wielkopolskie Sp. z o.o.,269,191,160,87,251,380,184,256,595,335,650,383,3741
Kobylin ,,269,191,160,87,251,380,184,256,595,335,650,383,3741
Krobia,Koleje Wielkopolskie Sp. z o.o.,269,168,115,82,247,380,187,245,508,448,698,383,3730
Krobia ,,269,168,115,82,247,380,187,245,508,448,698,383,3730
Dzierżanów Wielkopolski,Koleje Wielkopolskie Sp. z o.o.,287,230,170,89,250,468,207,275,628,348,705,398,4055
Dzierżanów Wielkopolski ,,287,230,170,89,250,468,207,275,628,348,705,398,4055
Czeluścin,Koleje Wielkopolskie Sp. z o.o.,287,227,162,90,273,380,185,257,603,348,658,390,3860
Czeluścin ,,287,227,162,90,273,380,185,257,603,348,658,390,3860
Pawłowice,Koleje Wielkopolskie Sp. z o.o.,233,183,130,62,251,391,191,251,409,371,721,407,3600
Pawłowice ,,233,183,130,62,251,391,191,251,409,371,721,407,3600
Poniec,Koleje Wielkopolskie Sp. z o.o.,237,160,123,84,237,366,182,248,413,367,717,389,3523
Poniec ,,237,160,123,84,237,366,182,248,413,367,717,389,3523
Leszno Grzybowo,Koleje Wielkopolskie Sp. z o.o.,210,193,143,79,150,348,187,174,478,317,739,407,3425
Leszno Grzybowo ,,210,193,143,79,150,348,187,174,478,317,739,407,3425
Karzec,Koleje Wielkopolskie Sp. z o.o.,270,183,128,83,251,396,184,254,437,386,706,387,3665
Karzec ,,270,183,128,83,251,396,184,254,437,386,706,387,3665
Kąkolewo,Koleje Wielkopolskie Sp. z o.o.,226,176,125,79,130,348,172,188,332,358,714,394,3242
Kąkolewo ,,226,176,125,79,130,348,172,188,332,358,714,394,3242
Dzięczyn,Koleje Wielkopolskie Sp. z o.o.,270,189,129,77,255,392,185,253,423,396,709,382,3660
Dzięczyn ,,270,189,129,77,255,392,185,253,423,396,709,382,3660
Głowaczewo,POLREGIO Spółka Akcyjna,778,172,537,431,963,1078,1096,1110,1081,550,1356,668,9820
Głowaczewo ,,778,172,537,431,963,1078,1096,1110,1081,550,1356,668,9820
Lubartów,PKP INTERCITY Spółka Akcyjna ,445,407,440,143,415,339,343,444,677,996,877,393,5919
Lubartów,POLREGIO Spółka Akcyjna,209,181,154,186,199,303,262,614,408,380,616,322,3834
Lubartów ,,654,588,594,329,614,642,605,1058,1085,1376,1493,715,9753
Potęgowo,POLREGIO Spółka Akcyjna,2006,504,726,528,934,2396,4498,5158,157,,,4001,20908
Potęgowo ,,2006,504,726,528,934,2396,4498,5158,157,,,4001,20908
Stawno,POLREGIO Spółka Akcyjna,120,51,79,110,134,126,36,72,99,129,258,184,1398
Stawno ,,120,51,79,110,134,126,36,72,99,129,258,184,1398
Jarszewo,POLREGIO Spółka Akcyjna,116,50,73,105,123,107,34,66,91,126,248,167,1306
Jarszewo ,,116,50,73,105,123,107,34,66,91,126,248,167,1306
Górki Pomorskie,POLREGIO Spółka Akcyjna,120,51,79,110,134,117,36,72,93,129,258,185,1384
Górki Pomorskie ,,120,51,79,110,134,117,36,72,93,129,258,185,1384
Pogorzelice,POLREGIO Spółka Akcyjna,2205,518,603,538,742,2093,3924,4769,134,,,2933,18459
Pogorzelice ,,2205,518,603,538,742,2093,3924,4769,134,,,2933,18459
Leśnice,POLREGIO Spółka Akcyjna,1991,516,642,565,797,2106,3899,4278,155,,,3027,17976
Leśnice ,,1991,516,642,565,797,2106,3899,4278,155,,,3027,17976
Strzyżyno Słupskie,POLREGIO Spółka Akcyjna,1295,522,856,579,1082,2539,4841,5710,171,,,3840,21435
Strzyżyno Słupskie ,,1295,522,856,579,1082,2539,4841,5710,171,,,3840,21435
Głuszyno Pomorskie,POLREGIO Spółka Akcyjna,1265,529,855,569,1090,2549,4846,5725,174,,,3906,21508
Głuszyno Pomorskie ,,1265,529,855,569,1090,2549,4846,5725,174,,,3906,21508
Damnica,POLREGIO Spółka Akcyjna,1169,440,705,458,734,2234,4364,4850,164,,,3003,18121
Damnica ,,1169,440,705,458,734,2234,4364,4850,164,,,3003,18121
Jezierzyce Słupskie,POLREGIO Spółka Akcyjna,1140,551,708,460,778,2318,4069,4454,180,,,3267,17925
Jezierzyce Słupskie ,,1140,551,708,460,778,2318,4069,4454,180,,,3267,17925
Kity,POLREGIO Spółka Akcyjna,1086,418,553,195,455,318,447,426,480,151,84,33,4646
Kity ,,1086,418,553,195,455,318,447,426,480,151,84,33,4646
Dąbrowa-Łazy,POLREGIO Spółka Akcyjna,1092,417,580,201,473,339,461,423,491,156,92,32,4757
Dąbrowa-Łazy ,,1092,417,580,201,473,339,461,423,491,156,92,32,4757
Parczew,PKP INTERCITY Spółka Akcyjna ,461,399,443,159,425,370,340,426,549,1019,881,397,5869
Parczew,POLREGIO Spółka Akcyjna,135,159,133,139,120,241,221,563,307,358,460,328,3164
Parczew ,,596,558,576,298,545,611,561,989,856,1377,1341,725,9033
Lubajny,POLREGIO Spółka Akcyjna,1758,526,416,486,314,452,475,929,651,638,749,426,7820
Lubajny ,,1758,526,416,486,314,452,475,929,651,638,749,426,7820
Sitowa,Łódzka Kolej Aglomeracyjna Sp. z o.o.,515,314,243,610,197,195,204,364,140,73,162,238,3255
Sitowa,POLREGIO Spółka Akcyjna,26,,10,14,11,99,,57,33,20,64,45,379
Sitowa ,,541,314,253,624,208,294,204,421,173,93,226,283,3634
Ruda Białaczowska,Łódzka Kolej Aglomeracyjna Sp. z o.o.,497,285,235,602,203,178,200,367,141,69,157,233,3167
Ruda Białaczowska,POLREGIO Spółka Akcyjna,29,,10,6,11,92,,53,32,14,64,44,355
Ruda Białaczowska ,,526,285,245,608,214,270,200,420,173,83,221,277,3522
Petrykozy,Łódzka Kolej Aglomeracyjna Sp. z o.o.,502,307,233,606,196,180,203,369,142,72,160,238,3208
Petrykozy,POLREGIO Spółka Akcyjna,28,,10,13,11,92,,51,32,20,64,44,365
Petrykozy ,,530,307,243,619,207,272,203,420,174,92,224,282,3573
Kornica,Łódzka Kolej Aglomeracyjna Sp. z o.o.,501,284,238,602,204,175,207,366,140,67,167,231,3182
Kornica,POLREGIO Spółka Akcyjna,31,,6,6,12,92,,53,32,14,65,37,348
Kornica ,,532,284,244,608,216,267,207,419,172,81,232,268,3530
Ziemomyśl,POLREGIO Spółka Akcyjna,1238,434,549,630,459,975,292,407,635,570,549,740,7478
Ziemomyśl ,,1238,434,549,630,459,975,292,407,635,570,549,740,7478
Suchy Bór Opolski,POLREGIO Spółka Akcyjna,653,164,283,301,273,280,546,571,1107,553,476,502,5709
Suchy Bór Opolski ,,653,164,283,301,273,280,546,571,1107,553,476,502,5709
Morzyca,POLREGIO Spółka Akcyjna,1440,534,663,588,459,999,304,423,574,606,536,733,7859
Morzyca ,,1440,534,663,588,459,999,304,423,574,606,536,733,7859
Staniszcze Małe,POLREGIO Spółka Akcyjna,474,211,304,340,341,223,525,562,955,431,450,372,5188
Staniszcze Małe ,,474,211,304,340,341,223,525,562,955,431,450,372,5188
Dębska Kuźnia,POLREGIO Spółka Akcyjna,601,151,283,312,269,272,570,589,1012,523,449,462,5493
Dębska Kuźnia ,,601,151,283,312,269,272,570,589,1012,523,449,462,5493
Tomaszów Mazowiecki Białobrzegi,Łódzka Kolej Aglomeracyjna Sp. z o.o.,259,156,149,342,179,464,766,468,148,304,599,188,4022
Tomaszów Mazowiecki Białobrzegi,POLREGIO Spółka Akcyjna,,,,,,,,,,,,43,43
Tomaszów Mazowiecki Białobrzegi ,,259,156,149,342,179,464,766,468,148,304,599,231,4065
Dęba Opoczyńska,Łódzka Kolej Aglomeracyjna Sp. z o.o.,109,69,69,227,92,364,560,302,97,329,591,126,2935
Dęba Opoczyńska,POLREGIO Spółka Akcyjna,,,,,,,,,,,,46,46
Dęba Opoczyńska ,,109,69,69,227,92,364,560,302,97,329,591,172,2981
Brzustów,Łódzka Kolej Aglomeracyjna Sp. z o.o.,123,65,83,239,90,390,628,341,123,252,543,139,3016
Brzustów,POLREGIO Spółka Akcyjna,,,,,,,,,,,,49,49
Brzustów ,,123,65,83,239,90,390,628,341,123,252,543,188,3065
Antoniów,Łódzka Kolej Aglomeracyjna Sp. z o.o.,128,85,108,264,111,391,639,366,144,389,644,141,3410
Antoniów,POLREGIO Spółka Akcyjna,,,,,,,,,,,,48,48
Antoniów ,,128,85,108,264,111,391,639,366,144,389,644,189,3458
Witkowo,POLREGIO Spółka Akcyjna,1437,527,673,651,491,1031,317,420,551,605,553,652,7908
Witkowo ,,1437,527,673,651,491,1031,317,420,551,605,553,652,7908
Bukowice Trzebnickie,Koleje Dolnośląskie S.A.,819,326,174,428,367,312,931,993,722,438,689,682,6881
Bukowice Trzebnickie ,,819,326,174,428,367,312,931,993,722,438,689,682,6881
Radzice,Łódzka Kolej Aglomeracyjna Sp. z o.o.,101,57,54,229,88,359,535,258,67,217,563,124,2652
Radzice ,,101,57,54,229,88,359,535,258,67,217,563,124,2652
Mielec,POLREGIO Spółka Akcyjna,316,208,113,79,72,121,148,227,84,51,222,128,1769
Mielec,PKP INTERCITY Spółka Akcyjna ,,,,,,,,,,,,359,359
Mielec ,,316,208,113,79,72,121,148,227,84,51,222,487,2128
Krośnice,Koleje Dolnośląskie S.A.,806,325,158,395,354,267,802,1061,724,427,655,679,6653
Krośnice ,,806,325,158,395,354,267,802,1061,724,427,655,679,6653
Wojsław,POLREGIO Spółka Akcyjna,278,214,143,81,72,130,152,236,84,56,226,130,1802
Wojsław ,,278,214,143,81,72,130,152,236,84,56,226,130,1802
Rzochów,POLREGIO Spółka Akcyjna,282,213,137,81,71,126,154,244,84,55,214,137,1798
Rzochów ,,282,213,137,81,71,126,154,244,84,55,214,137,1798
Mielec Południowy,POLREGIO Spółka Akcyjna,281,214,143,82,71,132,153,243,84,56,215,130,1804
Mielec Południowy ,,281,214,143,82,71,132,153,243,84,56,215,130,1804
Kustrin-Kietz,POLREGIO Spółka Akcyjna,,,,,,,326,850,788,349,1261,1330,4904
Kustrin-Kietz ,,,,,,,,326,850,788,349,1261,1330,4904
Tuszyma,POLREGIO Spółka Akcyjna,348,273,213,89,105,226,188,317,81,127,287,204,2458
Tuszyma ,,348,273,213,89,105,226,188,317,81,127,287,204,2458
Rzemień,POLREGIO Spółka Akcyjna,342,274,209,88,103,220,186,313,89,127,282,201,2434
Rzemień ,,342,274,209,88,103,220,186,313,89,127,282,201,2434
Pustków,POLREGIO Spółka Akcyjna,327,265,215,99,99,237,185,320,85,119,267,205,2423
Pustków ,,327,265,215,99,99,237,185,320,85,119,267,205,2423
Kochanówka Pustków,POLREGIO Spółka Akcyjna,294,234,215,76,99,247,164,308,87,116,262,180,2282
Kochanówka Pustków ,,294,234,215,76,99,247,164,308,87,116,262,180,2282
Dąbie koło Dębicy,POLREGIO Spółka Akcyjna,342,265,214,92,106,234,184,319,80,126,274,208,2444
Dąbie koło Dębicy ,,342,265,214,92,106,234,184,319,80,126,274,208,2444
Pustynia,POLREGIO Spółka Akcyjna,298,227,216,93,96,267,176,256,81,119,274,191,2294
Pustynia ,,298,227,216,93,96,267,176,256,81,119,274,191,2294
Kolonowskie,POLREGIO Spółka Akcyjna,357,169,118,229,164,168,402,408,664,235,231,222,3367
Kolonowskie ,,357,169,118,229,164,168,402,408,664,235,231,222,3367
Zawadzkie,POLREGIO Spółka Akcyjna,308,158,80,170,123,117,318,351,563,211,174,149,2722
Zawadzkie ,,308,158,80,170,123,117,318,351,563,211,174,149,2722
Stary Borek,POLREGIO Spółka Akcyjna,762,172,524,422,894,1061,1107,1096,953,509,1249,669,9418
Stary Borek ,,762,172,524,422,894,1061,1107,1096,953,509,1249,669,9418
Karcino,POLREGIO Spółka Akcyjna,785,173,535,441,839,1078,1107,1123,989,522,1268,665,9525
Karcino ,,785,173,535,441,839,1078,1107,1123,989,522,1268,665,9525
Bieczyno Pomorskie,POLREGIO Spółka Akcyjna,788,170,534,450,851,1077,1112,1118,992,516,1267,662,9537
Bieczyno Pomorskie ,,788,170,534,450,851,1077,1112,1118,992,516,1267,662,9537
Kołobrzeg Radzikowo,POLREGIO Spółka Akcyjna,,,544,448,1137,1477,1410,1299,1229,606,1705,896,10751
Kołobrzeg Radzikowo ,,,,544,448,1137,1477,1410,1299,1229,606,1705,896,10751
Lesięcin,POLREGIO Spółka Akcyjna,1306,239,839,454,604,624,546,841,665,679,433,986,8216
Lesięcin ,,1306,239,839,454,604,624,546,841,665,679,433,986,8216
Stary Węgliniec,POLREGIO Spółka Akcyjna,1010,590,636,860,473,1059,727,1691,5036,3289,5606,3546,24523
Stary Węgliniec ,,1010,590,636,860,473,1059,727,1691,5036,3289,5606,3546,24523
Bystrzyca Kłodzka Przedmieście,Koleje Dolnośląskie S.A.,1490,521,669,564,464,849,1986,1471,,,,2295,10309
Bystrzyca Kłodzka Przedmieście ,,1490,521,669,564,464,849,1986,1471,,,,2295,10309
Jankowa Żagańska,POLREGIO Spółka Akcyjna,988,575,723,645,347,1132,651,1534,4568,3174,5190,3288,22815
Jankowa Żagańska ,,988,575,723,645,347,1132,651,1534,4568,3174,5190,3288,22815
Zygmuntów,Koleje Mazowieckie - KM Spółka z o.o.,315,116,44,214,238,234,173,123,429,287,592,229,2994
Zygmuntów,Łódzka Kolej Aglomeracyjna Sp. z o.o.,8,,,157,21,,25,8,,57,36,,312
Zygmuntów ,,323,116,44,371,259,234,198,131,429,344,628,229,3306
Smogorzów Przysuski,Koleje Mazowieckie - KM Spółka z o.o.,326,125,45,216,238,235,174,123,426,284,593,211,2996
Smogorzów Przysuski,Łódzka Kolej Aglomeracyjna Sp. z o.o.,8,,,157,22,,25,8,,57,36,,313
Smogorzów Przysuski ,,334,125,45,373,260,235,199,131,426,341,629,211,3309
Bieliny Opoczyńskie,Koleje Mazowieckie - KM Spółka z o.o.,307,115,36,213,233,226,169,123,424,278,588,238,2950
Bieliny Opoczyńskie,Łódzka Kolej Aglomeracyjna Sp. z o.o.,8,,,157,20,,25,8,,56,37,,311
Bieliny Opoczyńskie ,,315,115,36,370,253,226,194,131,424,334,625,238,3261
Byczyna Kluczborska,PKP INTERCITY Spółka Akcyjna ,509,382,482,251,302,816,495,814,1098,903,1194,1134,8380
Byczyna Kluczborska,POLREGIO Spółka Akcyjna,87,58,10,151,45,51,26,45,196,292,255,175,1391
Byczyna Kluczborska ,,596,440,492,402,347,867,521,859,1294,1195,1449,1309,9771
Sołtyków,Łódzka Kolej Aglomeracyjna Sp. z o.o.,121,53,53,402,217,246,400,309,82,67,159,171,2280
Sołtyków,POLREGIO Spółka Akcyjna,76,32,27,57,82,173,,179,101,17,161,24,929
Sołtyków ,,197,85,80,459,299,419,400,488,183,84,320,195,3209
Gilów,Łódzka Kolej Aglomeracyjna Sp. z o.o.,118,52,56,400,215,247,399,308,81,61,147,169,2253
Gilów,POLREGIO Spółka Akcyjna,78,32,27,53,82,172,,178,101,17,161,24,925
Gilów ,,196,84,83,453,297,419,399,486,182,78,308,193,3178
Bliżyn,Łódzka Kolej Aglomeracyjna Sp. z o.o.,106,36,50,397,206,248,396,303,82,47,143,161,2175
Bliżyn,POLREGIO Spółka Akcyjna,78,31,27,45,83,143,,169,101,17,160,23,877
Bliżyn ,,184,67,77,442,289,391,396,472,183,64,303,184,3052
Brzask,Łódzka Kolej Aglomeracyjna Sp. z o.o.,107,36,51,399,224,251,397,304,89,49,149,162,2218
Brzask,POLREGIO Spółka Akcyjna,79,32,26,45,106,138,7,169,351,18,160,29,1160
Brzask ,,186,68,77,444,330,389,404,473,440,67,309,191,3378
Wólka Plebańska,Łódzka Kolej Aglomeracyjna Sp. z o.o.,137,54,49,403,213,243,393,307,71,65,145,170,2250
Wólka Plebańska,POLREGIO Spółka Akcyjna,74,31,27,60,80,173,,178,101,17,161,24,926
Wólka Plebańska ,,211,85,76,463,293,416,393,485,172,82,306,194,3176
Skarżysko Milica,Łódzka Kolej Aglomeracyjna Sp. z o.o.,107,41,56,399,217,254,397,302,89,50,153,162,2227
Skarżysko Milica,POLREGIO Spółka Akcyjna,80,32,25,45,107,138,7,169,351,17,160,29,1160
Skarżysko Milica ,,187,73,81,444,324,392,404,471,440,67,313,191,3387
Wąsosz Konecki,Łódzka Kolej Aglomeracyjna Sp. z o.o.,156,61,48,397,191,119,282,299,77,67,127,201,2025
Wąsosz Konecki,POLREGIO Spółka Akcyjna,49,26,34,59,103,157,,218,113,29,189,97,1074
Wąsosz Konecki ,,205,87,82,456,294,276,282,517,190,96,316,298,3099
Stąporków,Łódzka Kolej Aglomeracyjna Sp. z o.o.,109,55,45,387,191,116,276,287,69,59,144,159,1897
Stąporków,POLREGIO Spółka Akcyjna,63,29,26,63,71,157,,188,110,16,151,52,926
Stąporków ,,172,84,71,450,262,273,276,475,179,75,295,211,2823
Kościernica,POLREGIO Spółka Akcyjna,2152,239,635,267,301,840,675,950,529,473,484,1577,9122
Kościernica ,,2152,239,635,267,301,840,675,950,529,473,484,1577,9122
Czarniecka Góra,Łódzka Kolej Aglomeracyjna Sp. z o.o.,151,60,48,397,200,122,285,298,76,66,162,207,2072
Czarniecka Góra,POLREGIO Spółka Akcyjna,53,29,42,59,106,158,,218,113,32,189,97,1096
Czarniecka Góra ,,204,89,90,456,306,280,285,516,189,98,351,304,3168
Świeradów-Zdrój,Koleje Dolnośląskie S.A.,923,59,199,154,652,241,534,393,160,,22,375,3712
Świeradów-Zdrój ,,923,59,199,154,652,241,534,393,160,,22,375,3712
Szlachta,Arriva RP Sp. z o.o.,382,120,60,410,121,338,652,168,726,207,594,673,4451
Szlachta,CARGO Master Spółka z o.o.,,,,,,,,,,,,,
Szlachta ,,382,120,60,410,121,338,652,168,726,207,594,673,4451
Gorzanów,Koleje Dolnośląskie S.A.,1464,515,676,574,471,870,2082,1535,,,,2199,10386
Gorzanów ,,1464,515,676,574,471,870,2082,1535,,,,2199,10386
Krosnowice Kłodzkie,Koleje Dolnośląskie S.A.,1506,523,690,566,470,887,2081,1611,,,,2269,10603
Krosnowice Kłodzkie ,,1506,523,690,566,470,887,2081,1611,,,,2269,10603
Żelisławice,POLREGIO Spółka Akcyjna,393,120,308,159,150,256,637,185,409,456,206,123,3402
Żelisławice ,,393,120,308,159,150,256,637,185,409,456,206,123,3402
Staropole Częstochowskie,POLREGIO Spółka Akcyjna,472,117,280,150,129,303,717,125,411,432,253,143,3532
Staropole Częstochowskie ,,472,117,280,150,129,303,717,125,411,432,253,143,3532
Podlesie,POLREGIO Spółka Akcyjna,475,129,279,154,127,289,704,125,406,430,254,136,3508
Podlesie ,,475,129,279,154,127,289,704,125,406,430,254,136,3508
Lusławice,POLREGIO Spółka Akcyjna,504,115,288,197,139,307,725,137,452,448,219,138,3669
Lusławice ,,504,115,288,197,139,307,725,137,452,448,219,138,3669
Koniecpol Centrum,POLREGIO Spółka Akcyjna,468,151,293,156,134,288,706,136,401,457,260,131,3581
Koniecpol Centrum ,,468,151,293,156,134,288,706,136,401,457,260,131,3581
Koniecpol Magdasz,POLREGIO Spółka Akcyjna,476,143,285,160,134,287,707,132,401,445,253,125,3548
Koniecpol Magdasz ,,476,143,285,160,134,287,707,132,401,445,253,125,3548
Julianka,POLREGIO Spółka Akcyjna,461,107,279,143,128,299,712,118,417,419,213,138,3434
Julianka ,,461,107,279,143,128,299,712,118,417,419,213,138,3434
Turów,POLREGIO Spółka Akcyjna,486,121,283,189,125,289,718,125,373,404,216,112,3441
Turów ,,486,121,283,189,125,289,718,125,373,404,216,112,3441
Kusięta Nowe,POLREGIO Spółka Akcyjna,507,120,293,198,143,311,730,121,376,411,223,120,3553
Kusięta Nowe ,,507,120,293,198,143,311,730,121,376,411,223,120,3553
Sędzice,POLREGIO Spółka Akcyjna,579,225,302,623,647,867,1202,1636,1068,732,1022,440,9343
Sędzice ,,579,225,302,623,647,867,1202,1636,1068,732,1022,440,9343
Radliczyce,POLREGIO Spółka Akcyjna,666,248,335,618,765,846,1140,1521,1067,825,1203,502,9736
Radliczyce ,,666,248,335,618,765,846,1140,1521,1067,825,1203,502,9736
Skalmierz,POLREGIO Spółka Akcyjna,662,259,338,623,721,851,1148,1546,1062,853,1215,524,9802
Skalmierz ,,662,259,338,623,721,851,1148,1546,1062,853,1215,524,9802
Kalisz Winiary,POLREGIO Spółka Akcyjna,743,251,318,611,727,885,1233,1731,1088,908,1267,546,10308
Kalisz Winiary ,,743,251,318,611,727,885,1233,1731,1088,908,1267,546,10308
Lasów,POLREGIO Spółka Akcyjna,396,286,489,489,261,948,371,1315,4636,3000,5034,2851,20076
Lasów,Koleje Dolnośląskie S.A.,39,8,26,21,18,39,103,66,56,83,166,154,779
Lasów ,,435,294,515,510,279,987,474,1381,4692,3083,5200,3005,20855
Domaszków,Koleje Dolnośląskie S.A.,1397,466,574,490,438,843,1733,1449,,,,2125,9515
Domaszków ,,1397,466,574,490,438,843,1733,1449,,,,2125,9515
Długopole-Zdrój,Koleje Dolnośląskie S.A.,1488,493,585,538,468,873,1855,1504,,,,2299,10103
Długopole-Zdrój ,,1488,493,585,538,468,873,1855,1504,,,,2299,10103
Sycze,Koleje Mazowieckie - KM Spółka z o.o.,437,249,183,76,628,703,1089,1088,491,552,1070,458,7024
Sycze,POLREGIO Spółka Akcyjna,180,15,67,68,138,164,283,203,76,234,349,237,2014
Sycze ,,617,264,250,144,766,867,1372,1291,567,786,1419,695,9038
Nowy Nurzec,Koleje Mazowieckie - KM Spółka z o.o.,417,241,170,67,635,697,1096,1053,481,516,920,400,6693
Nowy Nurzec,POLREGIO Spółka Akcyjna,175,13,67,70,141,164,287,193,78,238,354,233,2013
Nowy Nurzec ,,592,254,237,137,776,861,1383,1246,559,754,1274,633,8706
Fronołów,Koleje Mazowieckie - KM Spółka z o.o.,416,238,162,83,597,706,1074,1091,504,570,1077,471,6989
Fronołów,POLREGIO Spółka Akcyjna,191,15,58,65,125,161,282,208,76,211,343,241,1976
Fronołów ,,607,253,220,148,722,867,1356,1299,580,781,1420,712,8965
Borowiki,Koleje Mazowieckie - KM Spółka z o.o.,418,251,159,67,630,704,1100,1049,471,508,897,392,6646
Borowiki,POLREGIO Spółka Akcyjna,180,13,68,69,147,164,287,191,86,241,354,235,2035
Borowiki ,,598,264,227,136,777,868,1387,1240,557,749,1251,627,8681
Platerów,Koleje Mazowieckie - KM Spółka z o.o.,387,221,169,71,557,709,1056,1095,454,586,1060,439,6804
Platerów,POLREGIO Spółka Akcyjna,190,16,57,59,126,157,295,195,78,212,280,237,1902
Platerów ,,577,237,226,130,683,866,1351,1290,532,798,1340,676,8706
Stok Lacki,Koleje Mazowieckie - KM Spółka z o.o.,388,243,151,97,535,665,1032,1117,386,616,1139,553,6922
Stok Lacki,POLREGIO Spółka Akcyjna,192,25,56,72,147,186,309,268,84,293,357,278,2267
Stok Lacki ,,580,268,207,169,682,851,1341,1385,470,909,1496,831,9189
Patków,Koleje Mazowieckie - KM Spółka z o.o.,398,220,171,79,555,705,1044,1123,442,591,1098,445,6871
Patków,POLREGIO Spółka Akcyjna,194,16,57,59,129,170,303,203,82,217,299,238,1967
Patków ,,592,236,228,138,684,875,1347,1326,524,808,1397,683,8838
Mordy,Koleje Mazowieckie - KM Spółka z o.o.,408,240,149,87,541,679,1042,1126,391,627,1108,536,6934
Mordy,POLREGIO Spółka Akcyjna,184,23,56,71,143,186,307,252,89,301,351,271,2234
Mordy ,,592,263,205,158,684,865,1349,1378,480,928,1459,807,9168
Krzymosze,Koleje Mazowieckie - KM Spółka z o.o.,395,235,150,90,521,668,1033,1118,390,613,1096,538,6847
Krzymosze,POLREGIO Spółka Akcyjna,184,24,56,72,146,187,306,265,91,299,356,278,2264
Krzymosze ,,579,259,206,162,667,855,1339,1383,481,912,1452,816,9111
Mordy Miasto,Koleje Mazowieckie - KM Spółka z o.o.,373,201,148,86,540,695,1038,1122,400,623,1116,523,6865
Mordy Miasto,POLREGIO Spółka Akcyjna,193,23,56,65,143,185,306,248,83,303,337,251,2193
Mordy Miasto ,,566,224,204,151,683,880,1344,1370,483,926,1453,774,9058
Cierpigórz,Koleje Mazowieckie - KM Spółka z o.o.,371,216,147,86,536,694,1038,1115,420,620,1092,527,6862
Cierpigórz,POLREGIO Spółka Akcyjna,196,22,57,65,142,188,309,232,84,304,341,251,2191
Cierpigórz ,,567,238,204,151,678,882,1347,1347,504,924,1433,778,9053
Roztoki Bystrzyckie,Koleje Dolnośląskie S.A.,1310,467,594,445,433,875,1641,1505,,,,2069,9339
Roztoki Bystrzyckie ,,1310,467,594,445,433,875,1641,1505,,,,2069,9339
Kamienna Góra,Koleje Dolnośląskie S.A.,300,100,69,180,94,90,146,100,1309,319,307,208,3222
Kamienna Góra ,,300,100,69,180,94,90,146,100,1309,319,307,208,3222
Kralovec,Koleje Dolnośląskie S.A.,251,82,52,149,84,67,126,66,1234,249,280,171,2811
Kralovec,LEO Express Global a.s.,,,,,,,,,,,,,
Kralovec ,,251,82,52,149,84,67,126,66,1234,249,280,171,2811
Lubawka,Koleje Dolnośląskie S.A.,277,95,66,163,97,90,137,99,1317,316,310,204,3171
Lubawka ,,277,95,66,163,97,90,137,99,1317,316,310,204,3171
Błażkowa,Koleje Dolnośląskie S.A.,309,101,71,163,100,90,140,102,1330,316,310,208,3240
Błażkowa ,,309,101,71,163,100,90,140,102,1330,316,310,208,3240
Wojaszówka,POLREGIO Spółka Akcyjna,509,183,499,570,789,336,380,249,543,644,764,392,5858
Wojaszówka ,,509,183,499,570,789,336,380,249,543,644,764,392,5858
Wiśniowa,POLREGIO Spółka Akcyjna,534,194,459,552,736,264,371,184,528,698,737,382,5639
Wiśniowa ,,534,194,459,552,736,264,371,184,528,698,737,382,5639
Strzyżów Zachodni,POLREGIO Spółka Akcyjna,613,214,508,579,838,246,372,175,506,692,709,376,5828
Strzyżów Zachodni ,,613,214,508,579,838,246,372,175,506,692,709,376,5828
Szebnie,POLREGIO Spółka Akcyjna,512,173,493,570,789,340,372,248,535,644,741,380,5797
Szebnie ,,512,173,493,570,789,340,372,248,535,644,741,380,5797
Przybówka,POLREGIO Spółka Akcyjna,495,190,430,483,698,279,343,237,479,582,666,350,5232
Przybówka ,,495,190,430,483,698,279,343,237,479,582,666,350,5232
Markuszowa,POLREGIO Spółka Akcyjna,496,209,487,532,745,254,377,185,528,679,726,369,5587
Markuszowa ,,496,209,487,532,745,254,377,185,528,679,726,369,5587
Kalembina,POLREGIO Spółka Akcyjna,537,200,504,564,771,268,381,207,532,719,746,377,5806
Kalembina ,,537,200,504,564,771,268,381,207,532,719,746,377,5806
Jasło Fabryczne,POLREGIO Spółka Akcyjna,516,172,455,546,786,307,342,215,521,620,721,366,5567
Jasło Fabryczne ,,516,172,455,546,786,307,342,215,521,620,721,366,5567
Frysztak,POLREGIO Spółka Akcyjna,493,184,443,506,703,257,344,170,501,611,665,333,5210
Frysztak ,,493,184,443,506,703,257,344,170,501,611,665,333,5210
Dobrzechów,POLREGIO Spółka Akcyjna,491,186,444,506,710,231,355,166,477,651,672,344,5233
Dobrzechów ,,491,186,444,506,710,231,355,166,477,651,672,344,5233
Nowa Ruda,Koleje Dolnośląskie S.A.,1074,416,899,929,1019,584,1138,1012,1799,3011,1235,1223,14339
Nowa Ruda,PKP INTERCITY Spółka Akcyjna ,298,162,212,138,94,81,355,52,206,415,552,614,3179
Nowa Ruda,CARGO Master Spółka z o.o.,,,,11,,,,,,,,,11
Nowa Ruda ,,1372,578,1111,1078,1113,665,1493,1064,2005,3426,1787,1837,17529
Barwałd Średni,POLREGIO Spółka Akcyjna,2214,811,413,558,839,924,665,472,456,776,479,866,9473
Barwałd Średni ,,2214,811,413,558,839,924,665,472,456,776,479,866,9473
Skwierzyna,POLREGIO Spółka Akcyjna,1178,527,983,798,1010,763,2118,1866,1157,1650,1730,2084,15864
Skwierzyna,PKP INTERCITY Spółka Akcyjna ,133,74,278,535,518,528,447,717,511,182,341,477,4741
Skwierzyna ,,1311,601,1261,1333,1528,1291,2565,2583,1668,1832,2071,2561,20605
Barwałd Górny,POLREGIO Spółka Akcyjna,2033,827,373,506,785,929,716,495,471,788,517,955,9395
Barwałd Górny ,,2033,827,373,506,785,929,716,495,471,788,517,955,9395
Kalwaria Zebrzydowska,POLREGIO Spółka Akcyjna,1930,838,427,634,745,799,720,577,504,915,528,988,9605
Kalwaria Zebrzydowska ,,1930,838,427,634,745,799,720,577,504,915,528,988,9605
Międzyrzecz,POLREGIO Spółka Akcyjna,1111,518,864,746,936,758,2030,1709,1066,1395,1784,2010,14927
Międzyrzecz,PKP INTERCITY Spółka Akcyjna ,145,67,286,531,487,590,514,733,509,191,361,449,4863
Międzyrzecz ,,1256,585,1150,1277,1423,1348,2544,2442,1575,1586,2145,2459,19790
Rąbino,POLREGIO Spółka Akcyjna,1475,151,626,538,805,680,591,831,721,554,519,1030,8521
Rąbino ,,1475,151,626,538,805,680,591,831,721,554,519,1030,8521
Złotów,POLREGIO Spółka Akcyjna,396,240,315,553,477,485,681,462,295,564,655,598,5721
Złotów,PKP INTERCITY Spółka Akcyjna ,227,63,49,152,97,272,83,94,37,221,69,121,1485
Złotów,Koleje Wielkopolskie Sp. z o.o.,,,,,,,,,,,,,
Złotów ,,623,303,364,705,574,757,764,556,332,785,724,719,7206
Krajenka,POLREGIO Spółka Akcyjna,402,279,316,546,499,482,710,474,318,570,665,606,5867
Krajenka,PKP INTERCITY Spółka Akcyjna ,213,60,56,153,90,272,84,84,34,217,69,122,1454
Krajenka,Koleje Wielkopolskie Sp. z o.o.,,,,,,,,,,,,,
Krajenka ,,615,339,372,699,589,754,794,558,352,787,734,728,7321
Susk,Koleje Mazowieckie - KM Spółka z o.o.,1733,354,83,1129,423,1269,1103,779,935,463,,306,8577
Susk ,,1733,354,83,1129,423,1269,1103,779,935,463,,306,8577
Proboszczewice Płockie,Koleje Mazowieckie - KM Spółka z o.o.,1679,357,88,1168,451,1264,1102,790,954,474,,309,8636
Proboszczewice Płockie ,,1679,357,88,1168,451,1264,1102,790,954,474,,309,8636
Gozdowo,Koleje Mazowieckie - KM Spółka z o.o.,1695,353,88,1142,417,1253,1085,771,926,470,,299,8499
Gozdowo ,,1695,353,88,1142,417,1253,1085,771,926,470,,299,8499
Płock Trzepowo,Koleje Mazowieckie - KM Spółka z o.o.,1442,349,98,1283,502,1202,994,682,813,376,,233,7974
Płock Trzepowo ,,1442,349,98,1283,502,1202,994,682,813,376,,233,7974
Miastko,POLREGIO Spółka Akcyjna,716,316,388,910,538,627,1211,1048,443,323,339,678,7537
Miastko,CARGO Master Spółka z o.o.,,,,,10,,,,,,,,10
Miastko ,,716,316,388,910,548,627,1211,1048,443,323,339,678,7547
Szczecin Dunikowo,POLREGIO Spółka Akcyjna,,,,,,149,815,1017,1085,1322,916,1764,7068
Szczecin Dunikowo ,,,,,,,149,815,1017,1085,1322,916,1764,7068
Klecza Górna,POLREGIO Spółka Akcyjna,2450,1088,434,476,897,948,686,496,472,286,97,893,9223
Klecza Górna ,,2450,1088,434,476,897,948,686,496,472,286,97,893,9223
Klecza Dolna,POLREGIO Spółka Akcyjna,2471,1089,422,461,894,941,686,496,480,290,92,892,9214
Klecza Dolna ,,2471,1089,422,461,894,941,686,496,480,290,92,892,9214
Boleszkowice,POLREGIO Spółka Akcyjna,497,326,575,294,617,446,470,260,460,457,676,613,5691
Boleszkowice,PKP INTERCITY Spółka Akcyjna ,,7,,,,,,,,,,,7
Boleszkowice ,,497,333,575,294,617,446,470,260,460,457,676,613,5698
Jagodzin,POLREGIO Spółka Akcyjna,982,568,641,607,404,1037,711,1674,4951,3232,5300,3291,23398
Jagodzin ,,982,568,641,607,404,1037,711,1674,4951,3232,5300,3291,23398
Witnica Chojeńska,POLREGIO Spółka Akcyjna,476,323,568,302,638,443,460,282,477,398,667,603,5637
Witnica Chojeńska ,,476,323,568,302,638,443,460,282,477,398,667,603,5637
Godków,POLREGIO Spółka Akcyjna,468,319,566,303,637,443,479,288,468,382,689,615,5657
Godków ,,468,319,566,303,637,443,479,288,468,382,689,615,5657
Jawiszowice Jaźnik,POLREGIO Spółka Akcyjna,1095,630,318,308,260,232,209,407,154,406,377,597,4993
Jawiszowice Jaźnik ,,1095,630,318,308,260,232,209,407,154,406,377,597,4993
Bielin,POLREGIO Spółka Akcyjna,485,334,573,304,636,439,472,270,487,415,667,609,5691
Bielin ,,485,334,573,304,636,439,472,270,487,415,667,609,5691
Brzeszcze Jawiszowice,POLREGIO Spółka Akcyjna,1071,644,313,312,257,195,186,404,158,370,378,584,4872
Brzeszcze Jawiszowice ,,1071,644,313,312,257,195,186,404,158,370,378,584,4872
Brzeszcze,POLREGIO Spółka Akcyjna,1072,523,203,298,227,219,196,420,160,408,381,651,4758
Brzeszcze ,,1072,523,203,298,227,219,196,420,160,408,381,651,4758
Namyślin,POLREGIO Spółka Akcyjna,489,331,584,271,620,447,367,262,472,451,628,599,5521
Namyślin ,,489,331,584,271,620,447,367,262,472,451,628,599,5521
Kaniów,POLREGIO Spółka Akcyjna,1070,594,316,308,260,281,210,457,154,456,403,610,5119
Kaniów ,,1070,594,316,308,260,281,210,457,154,456,403,610,5119
Dankowice,POLREGIO Spółka Akcyjna,1075,609,315,313,249,245,210,437,157,428,385,597,5020
Dankowice ,,1075,609,315,313,249,245,210,437,157,428,385,597,5020
Biadki,Koleje Wielkopolskie Sp. z o.o.,223,154,184,86,294,300,277,273,844,305,717,385,4042
Biadki ,,223,154,184,86,294,300,277,273,844,305,717,385,4042
Ostrów Wielkopolski Gorzyce,Koleje Wielkopolskie Sp. z o.o.,239,149,209,99,296,306,253,281,805,319,681,402,4039
Ostrów Wielkopolski Gorzyce ,,239,149,209,99,296,306,253,281,805,319,681,402,4039
Łąkociny,Koleje Wielkopolskie Sp. z o.o.,246,156,206,82,305,317,259,285,817,307,695,389,4064
Łąkociny ,,246,156,206,82,305,317,259,285,817,307,695,389,4064
Gorzupia,Koleje Wielkopolskie Sp. z o.o.,223,178,193,88,318,318,260,259,633,305,740,394,3909
Gorzupia ,,223,178,193,88,318,318,260,259,633,305,740,394,3909
Daniszyn,Koleje Wielkopolskie Sp. z o.o.,244,156,203,88,307,314,262,284,824,307,706,387,4082
Daniszyn ,,244,156,203,88,307,314,262,284,824,307,706,387,4082
Kalisz Pomorski,POLREGIO Spółka Akcyjna,891,326,698,467,309,768,448,418,1263,1646,1134,1512,9880
Kalisz Pomorski,PKP INTERCITY Spółka Akcyjna ,526,61,181,52,134,174,162,151,458,343,371,323,2936
Kalisz Pomorski ,,1417,387,879,519,443,942,610,569,1721,1989,1505,1835,12816
Recz Pomorski,POLREGIO Spółka Akcyjna,960,301,882,476,346,753,476,424,1077,1491,910,1358,9454
Recz Pomorski,PKP INTERCITY Spółka Akcyjna ,570,65,191,65,140,214,173,175,424,356,378,357,3108
Recz Pomorski ,,1530,366,1073,541,486,967,649,599,1501,1847,1288,1715,12562
Lutoryż,POLREGIO Spółka Akcyjna,,,,,,,,,919,1492,1141,788,4340
Lutoryż ,,,,,,,,,,919,1492,1141,788,4340
Mońki,PKP INTERCITY Spółka Akcyjna ,1717,555,710,265,800,750,1015,676,605,596,881,838,9408
Mońki,POLREGIO Spółka Akcyjna,1284,172,194,124,409,100,363,537,638,365,465,189,4840
Mońki ,,3001,727,904,389,1209,850,1378,1213,1243,961,1346,1027,14248
Osowiec,PKP INTERCITY Spółka Akcyjna ,1728,591,723,263,843,717,1012,633,613,605,897,963,9588
Osowiec,POLREGIO Spółka Akcyjna,1343,194,204,72,383,96,342,538,261,342,453,188,4416
Osowiec ,,3071,785,927,335,1226,813,1354,1171,874,947,1350,1151,14004
Grajewo,PKP INTERCITY Spółka Akcyjna ,1705,594,695,271,810,735,1058,638,569,555,833,923,9386
Grajewo,POLREGIO Spółka Akcyjna,1071,145,191,33,363,65,280,462,171,309,434,188,3712
Grajewo ,,2776,739,886,304,1173,800,1338,1100,740,864,1267,1111,13098
Żegiestów,POLREGIO Spółka Akcyjna,1500,352,515,144,248,362,728,707,968,224,183,286,6217
Żegiestów,PKP CARGO S.A. w restrukturyzacji,,,,,,,,,,,8,,8
Żegiestów ,,1500,352,515,144,248,362,728,707,968,224,191,286,6225
Milik,POLREGIO Spółka Akcyjna,1376,251,408,140,173,401,526,720,865,163,118,273,5414
Milik ,,1376,251,408,140,173,401,526,720,865,163,118,273,5414
Andrzejówka,POLREGIO Spółka Akcyjna,1477,271,455,147,164,398,514,720,877,172,169,236,5600
Andrzejówka ,,1477,271,455,147,164,398,514,720,877,172,169,236,5600
Zubrzyk,POLREGIO Spółka Akcyjna,1430,361,528,158,318,362,693,775,968,226,187,275,6281
Zubrzyk ,,1430,361,528,158,318,362,693,775,968,226,187,275,6281
Zwierzyn,POLREGIO Spółka Akcyjna,,,,,,,2278,1402,1688,1944,3608,2656,13576
Zwierzyn,PKP INTERCITY Spółka Akcyjna ,,,,,,,888,782,356,353,359,284,3022
Zwierzyn ,,,,,,,,3166,2184,2044,2297,3967,2940,16598
Worowo,POLREGIO Spółka Akcyjna,1203,120,667,529,582,495,524,838,621,462,353,982,7376
Worowo ,,1203,120,667,529,582,495,524,838,621,462,353,982,7376
Czaplinek,POLREGIO Spółka Akcyjna,534,310,693,185,493,382,827,632,213,273,366,327,5235
Czaplinek ,,534,310,693,185,493,382,827,632,213,273,366,327,5235
Rutkowice,POLREGIO Spółka Akcyjna,403,287,231,256,425,311,482,1409,497,609,616,437,5963
Rutkowice ,,403,287,231,256,425,311,482,1409,497,609,616,437,5963
Ostrowy,POLREGIO Spółka Akcyjna,374,261,239,276,448,303,463,1409,500,616,597,445,5931
Ostrowy ,,374,261,239,276,448,303,463,1409,500,616,597,445,5931
Piechowice Dolne,Koleje Dolnośląskie S.A.,926,281,221,355,574,301,769,569,636,1564,1062,681,7939
Piechowice Dolne ,,926,281,221,355,574,301,769,569,636,1564,1062,681,7939
Jelenia Góra Przemysłowa,Koleje Dolnośląskie S.A.,927,291,219,381,554,282,738,579,664,1610,1074,677,7996
Jelenia Góra Przemysłowa ,,927,291,219,381,554,282,738,579,664,1610,1074,677,7996
Jelenia Góra Zachodnia,Koleje Dolnośląskie S.A.,870,266,217,378,540,279,721,561,637,1593,1064,663,7789
Jelenia Góra Zachodnia ,,870,266,217,378,540,279,721,561,637,1593,1064,663,7789
Jelenia Góra Orle,Koleje Dolnośląskie S.A.,931,296,217,360,535,301,744,578,662,1600,1084,658,7966
Jelenia Góra Orle ,,931,296,217,360,535,301,744,578,662,1600,1084,658,7966
Tymień,POLREGIO Spółka Akcyjna,1302,205,431,394,712,1079,1274,1415,447,306,724,1213,9502
Tymień ,,1302,205,431,394,712,1079,1274,1415,447,306,724,1213,9502
Słowienkowo,POLREGIO Spółka Akcyjna,1301,198,444,399,707,1092,1251,1376,430,298,721,1220,9437
Słowienkowo ,,1301,198,444,399,707,1092,1251,1376,430,298,721,1220,9437
Miłogoszcz,POLREGIO Spółka Akcyjna,1290,199,434,390,704,1074,1258,1400,448,298,716,1212,9423
Miłogoszcz ,,1290,199,434,390,704,1074,1258,1400,448,298,716,1212,9423
Będzino,POLREGIO Spółka Akcyjna,1294,196,445,390,704,1082,1245,1376,427,292,708,1220,9379
Będzino ,,1294,196,445,390,704,1082,1245,1376,427,292,708,1220,9379
Lubanice,POLREGIO Spółka Akcyjna,715,454,726,682,329,852,598,2250,6561,2922,,1004,17093
Lubanice ,,715,454,726,682,329,852,598,2250,6561,2922,,1004,17093
Skibno,POLREGIO Spółka Akcyjna,1616,198,349,723,667,990,896,1264,516,571,669,1028,9487
Skibno ,,1616,198,349,723,667,990,896,1264,516,571,669,1028,9487
Karwice,POLREGIO Spółka Akcyjna,1726,276,355,800,657,1112,1015,1438,417,485,668,1018,9967
Karwice ,,1726,276,355,800,657,1112,1015,1438,417,485,668,1018,9967
Wiekowo,POLREGIO Spółka Akcyjna,1700,204,340,771,616,1061,959,1416,514,558,713,1064,9916
Wiekowo ,,1700,204,340,771,616,1061,959,1416,514,558,713,1064,9916
Krynica-Zdrój,PKP INTERCITY Spółka Akcyjna ,641,114,360,7,495,137,415,325,614,181,144,407,3840
Krynica-Zdrój,POLREGIO Spółka Akcyjna,697,160,315,108,107,204,373,397,567,83,80,159,3250
Krynica-Zdrój,Koleje Małopolskie Sp. z o.o.,,,,,,,6,170,,,,,176
Krynica-Zdrój,PKP CARGO S.A. w restrukturyzacji,,,,,,,,,,,,,
Krynica-Zdrój ,,1338,274,675,115,602,341,794,892,1181,264,224,566,7266
Muszyna Zdrój,PKP INTERCITY Spółka Akcyjna ,657,117,355,9,492,134,413,396,613,189,146,413,3934
Muszyna Zdrój,POLREGIO Spółka Akcyjna,701,155,321,116,115,209,404,405,583,91,82,192,3374
Muszyna Zdrój,Koleje Małopolskie Sp. z o.o.,,,,,,,7,170,,,,,177
Muszyna Zdrój ,,1358,272,676,125,607,343,824,971,1196,280,228,605,7485
Strzelce Krajeńskie Wschód,POLREGIO Spółka Akcyjna,5589,1600,1694,2134,1697,1485,,,,,,,14199
Strzelce Krajeńskie Wschód,PKP INTERCITY Spółka Akcyjna ,578,115,365,273,297,697,,,,,,,2325
Strzelce Krajeńskie Wschód ,,6167,1715,2059,2407,1994,2182,,,,,,,16524
Górzyniec,Koleje Dolnośląskie S.A.,894,272,211,359,559,311,576,446,583,1458,978,673,7320
Górzyniec ,,894,272,211,359,559,311,576,446,583,1458,978,673,7320
Czarnowęsy Pomorskie,POLREGIO Spółka Akcyjna,1428,163,591,553,636,687,649,878,707,527,421,956,8196
Czarnowęsy Pomorskie ,,1428,163,591,553,636,687,649,878,707,527,421,956,8196
Drawsko Pomorskie,POLREGIO Spółka Akcyjna,558,366,700,202,521,448,723,338,273,333,379,402,5243
Drawsko Pomorskie ,,558,366,700,202,521,448,723,338,273,333,379,402,5243
Węgorzyno,POLREGIO Spółka Akcyjna,520,346,700,194,484,465,669,343,279,350,377,411,5138
Węgorzyno ,,520,346,700,194,484,465,669,343,279,350,377,411,5138
Złocieniec,POLREGIO Spółka Akcyjna,531,349,710,189,505,412,706,300,239,306,364,389,5000
Złocieniec ,,531,349,710,189,505,412,706,300,239,306,364,389,5000
Wołowno,POLREGIO Spółka Akcyjna,969,169,338,164,338,338,602,442,331,683,599,176,5149
Wołowno ,,969,169,338,164,338,338,602,442,331,683,599,176,5149
Jonkowo,POLREGIO Spółka Akcyjna,975,168,339,169,327,352,609,460,340,678,608,169,5194
Jonkowo ,,975,168,339,169,327,352,609,460,340,678,608,169,5194
Godki,POLREGIO Spółka Akcyjna,968,168,340,168,328,344,605,447,334,678,603,166,5149
Godki ,,968,168,340,168,328,344,605,447,334,678,603,166,5149
Gamerki Wielkie,POLREGIO Spółka Akcyjna,873,153,340,164,373,332,488,427,284,701,639,158,4932
Gamerki Wielkie ,,873,153,340,164,373,332,488,427,284,701,639,158,4932
Żabi Róg,POLREGIO Spółka Akcyjna,881,146,330,167,313,287,384,341,172,683,637,172,4513
Żabi Róg ,,881,146,330,167,313,287,384,341,172,683,637,172,4513
Morąg Kolonia,POLREGIO Spółka Akcyjna,895,160,315,174,319,293,500,383,151,724,707,187,4808
Morąg Kolonia ,,895,160,315,174,319,293,500,383,151,724,707,187,4808
Łubowo,POLREGIO Spółka Akcyjna,532,308,711,190,486,380,636,344,206,259,344,302,4698
Łubowo ,,532,308,711,190,486,380,636,344,206,259,344,302,4698
Kozia Góra,POLREGIO Spółka Akcyjna,907,158,378,175,376,310,500,409,239,775,699,171,5097
Kozia Góra ,,907,158,378,175,376,310,500,409,239,775,699,171,5097
Karlino,POLREGIO Spółka Akcyjna,1476,228,1360,254,589,1477,1185,1207,188,76,78,3196,11314
Karlino ,,1476,228,1360,254,589,1477,1185,1207,188,76,78,3196,11314
Jankowo Pomorskie,POLREGIO Spółka Akcyjna,532,371,692,191,663,453,558,278,256,342,383,401,5120
Jankowo Pomorskie ,,532,371,692,191,663,453,558,278,256,342,383,401,5120
Silnowo,POLREGIO Spółka Akcyjna,501,283,717,228,485,372,582,301,185,223,331,338,4546
Silnowo ,,501,283,717,228,485,372,582,301,185,223,331,338,4546
Nowogród Bobrzański,POLREGIO Spółka Akcyjna,731,627,660,1155,444,540,,,1925,3951,4847,5197,20077
Nowogród Bobrzański ,,731,627,660,1155,444,540,,,1925,3951,4847,5197,20077
Będźmierowice,Arriva RP Sp. z o.o.,292,112,43,285,107,345,439,159,626,169,500,624,3701
Będźmierowice ,,292,112,43,285,107,345,439,159,626,169,500,624,3701
Ostrowite koło Jabłonowa,POLREGIO Spółka Akcyjna,1929,367,454,492,447,449,453,922,689,350,567,348,7467
Ostrowite koło Jabłonowa ,,1929,367,454,492,447,449,453,922,689,350,567,348,7467
Lipinki,POLREGIO Spółka Akcyjna,1955,367,460,492,471,471,456,948,699,358,581,364,7622
Lipinki ,,1955,367,460,492,471,471,456,948,699,358,581,364,7622
Jamielnik,POLREGIO Spółka Akcyjna,1629,356,469,618,452,439,457,910,703,338,576,373,7320
Jamielnik ,,1629,356,469,618,452,439,457,910,703,338,576,373,7320
Biskupiec Pomorski,POLREGIO Spółka Akcyjna,1627,335,417,477,455,422,443,938,696,329,562,364,7065
Biskupiec Pomorski ,,1627,335,417,477,455,422,443,938,696,329,562,364,7065
Okonek,POLREGIO Spółka Akcyjna,2653,897,1705,796,837,2417,1905,1756,770,921,755,3288,18700
Okonek ,,2653,897,1705,796,837,2417,1905,1756,770,921,755,3288,18700
Wałcz,POLREGIO Spółka Akcyjna,687,313,484,365,438,527,362,379,1142,1382,1157,1307,8543
Wałcz,PKP INTERCITY Spółka Akcyjna ,495,41,165,43,132,108,109,113,329,247,315,489,2586
Wałcz ,,1182,354,649,408,570,635,471,492,1471,1629,1472,1796,11129
Tuczno Krajeńskie,POLREGIO Spółka Akcyjna,857,330,528,463,489,694,469,466,1131,1457,1140,1628,9652
Tuczno Krajeńskie,PKP INTERCITY Spółka Akcyjna ,563,92,305,74,183,255,216,233,697,553,634,408,4213
Tuczno Krajeńskie ,,1420,422,833,537,672,949,685,699,1828,2010,1774,2036,13865
Mikłasze,POLREGIO Spółka Akcyjna,817,557,477,492,582,538,653,786,821,351,596,691,7361
Mikłasze ,,817,557,477,492,582,538,653,786,821,351,596,691,7361
Stare Berezowo,POLREGIO Spółka Akcyjna,775,550,482,456,572,525,657,747,791,346,580,692,7173
Stare Berezowo ,,775,550,482,456,572,525,657,747,791,346,580,692,7173
Morze,POLREGIO Spółka Akcyjna,766,548,480,469,573,529,656,766,798,355,590,693,7223
Morze ,,766,548,480,469,573,529,656,766,798,355,590,693,7223
Orlanka,POLREGIO Spółka Akcyjna,787,548,475,480,580,534,648,778,798,348,593,688,7257
Orlanka ,,787,548,475,480,580,534,648,778,798,348,593,688,7257
Chytra,POLREGIO Spółka Akcyjna,768,555,472,445,575,511,644,729,773,345,570,700,7087
Chytra ,,768,555,472,445,575,511,644,729,773,345,570,700,7087
Silno,Arriva RP Sp. z o.o.,543,104,183,302,192,60,35,278,494,63,345,306,2905
Silno,POLREGIO Spółka Akcyjna,,,,,,,,,,,,,
Silno ,,543,104,183,302,192,60,35,278,494,63,345,306,2905
Żalno,Arriva RP Sp. z o.o.,582,122,197,313,189,67,38,300,509,79,360,310,3066
Żalno ,,582,122,197,313,189,67,38,300,509,79,360,310,3066
Piastoszyn,Arriva RP Sp. z o.o.,564,112,196,311,197,68,38,300,503,79,357,310,3035
Piastoszyn ,,564,112,196,311,197,68,38,300,503,79,357,310,3035
Racławki,Arriva RP Sp. z o.o.,541,99,106,305,204,60,35,289,501,88,353,307,2888
Racławki ,,541,99,106,305,204,60,35,289,501,88,353,307,2888
Wschowa,POLREGIO Spółka Akcyjna,363,282,587,1200,444,734,934,255,822,1968,1011,606,9206
Wschowa ,,363,282,587,1200,444,734,934,255,822,1968,1011,606,9206
Lasocice,POLREGIO Spółka Akcyjna,364,288,599,1218,448,792,888,236,841,1983,993,630,9280
Lasocice ,,364,288,599,1218,448,792,888,236,841,1983,993,630,9280
Stramnica,POLREGIO Spółka Akcyjna,1469,206,1202,210,520,1345,1059,892,190,82,78,3127,10380
Stramnica ,,1469,206,1202,210,520,1345,1059,892,190,82,78,3127,10380
Dygowo,POLREGIO Spółka Akcyjna,1459,207,1338,204,512,1350,963,804,169,81,79,3096,10262
Dygowo ,,1459,207,1338,204,512,1350,963,804,169,81,79,3096,10262
Wrzosowo,POLREGIO Spółka Akcyjna,1500,229,1362,204,554,1360,965,790,184,69,81,3102,10400
Wrzosowo ,,1500,229,1362,204,554,1360,965,790,184,69,81,3102,10400
Jazy,POLREGIO Spółka Akcyjna,1512,236,1390,230,545,1379,1001,836,192,81,81,3122,10605
Jazy ,,1512,236,1390,230,545,1379,1001,836,192,81,81,3122,10605
Daszewo,POLREGIO Spółka Akcyjna,1495,229,1361,251,550,1364,993,825,188,76,91,3121,10544
Daszewo ,,1495,229,1361,251,550,1364,993,825,188,76,91,3121,10544
Ptusza,POLREGIO Spółka Akcyjna,2636,985,1639,778,794,2383,2164,1870,845,918,827,3012,18851
Ptusza ,,2636,985,1639,778,794,2383,2164,1870,845,918,827,3012,18851
Płytnica,POLREGIO Spółka Akcyjna,2559,869,1584,866,879,2160,1761,1646,877,978,837,2839,17855
Płytnica ,,2559,869,1584,866,879,2160,1761,1646,877,978,837,2839,17855
Kowalów,POLREGIO Spółka Akcyjna,1222,1616,1232,928,1429,1811,1585,1047,1082,1506,1714,1577,16749
Kowalów,PKP INTERCITY Spółka Akcyjna ,,,,,10,,,,,,,,10
Kowalów ,,1222,1616,1232,928,1439,1811,1585,1047,1082,1506,1714,1577,16759
Stara Łubianka,POLREGIO Spółka Akcyjna,2570,911,1580,769,790,2139,1779,1669,948,987,889,2761,17792
Stara Łubianka ,,2570,911,1580,769,790,2139,1779,1669,948,987,889,2761,17792
Górzyca,POLREGIO Spółka Akcyjna,1180,1620,1265,929,1439,1827,1595,1034,1084,1573,1703,1596,16845
Górzyca ,,1180,1620,1265,929,1439,1827,1595,1034,1084,1573,1703,1596,16845
Koźla Kożuchowska,POLREGIO Spółka Akcyjna,729,621,648,1115,393,510,,,1702,3656,4606,4772,18752
Koźla Kożuchowska ,,729,621,648,1115,393,510,,,1702,3656,4606,4772,18752
Bogaczów,POLREGIO Spółka Akcyjna,733,630,663,1145,417,522,,,1732,3717,4639,4783,18981
Bogaczów ,,733,630,663,1145,417,522,,,1732,3717,4639,4783,18981
Lotyń,POLREGIO Spółka Akcyjna,2899,924,1726,757,820,2343,2026,1760,799,563,764,3455,18836
Lotyń ,,2899,924,1726,757,820,2343,2026,1760,799,563,764,3455,18836
Turowo Pomorskie,POLREGIO Spółka Akcyjna,2744,771,1674,797,836,2086,1760,1533,764,553,635,3398,17551
Turowo Pomorskie ,,2744,771,1674,797,836,2086,1760,1533,764,553,635,3398,17551
Korsze,POLREGIO Spółka Akcyjna,671,254,97,101,432,297,331,259,84,184,858,366,3934
Korsze,PKP INTERCITY Spółka Akcyjna ,,,,,,,30,,,,,,30
Korsze ,,671,254,97,101,432,297,361,259,84,184,858,366,3964
Czerwonka,POLREGIO Spółka Akcyjna,919,306,165,138,369,359,446,344,173,298,601,476,4594
Czerwonka,PKP INTERCITY Spółka Akcyjna ,,,,,,,19,,,,,,19
Czerwonka ,,919,306,165,138,369,359,465,344,173,298,601,476,4613
Barczewo,POLREGIO Spółka Akcyjna,885,345,143,141,358,374,467,361,162,382,618,500,4736
Barczewo,Freightliner PL Spółka z o.o.,,,,,,,,,,,,,
Barczewo ,,885,345,143,141,358,374,467,361,162,382,618,500,4736
Wierzbowa Śląska,Koleje Dolnośląskie S.A.,819,299,329,347,555,417,851,279,1876,931,806,501,8010
Wierzbowa Śląska ,,819,299,329,347,555,417,851,279,1876,931,806,501,8010
Modła,Koleje Dolnośląskie S.A.,824,306,336,343,556,426,844,285,1869,935,784,502,8010
Modła ,,824,306,336,343,556,426,844,285,1869,935,784,502,8010
Leszno Górne,Koleje Dolnośląskie S.A.,765,325,280,288,523,397,785,232,1807,899,796,523,7620
Leszno Górne ,,765,325,280,288,523,397,785,232,1807,899,796,523,7620
Brokęcino,POLREGIO Spółka Akcyjna,2911,913,1744,791,829,2352,2038,1791,804,575,769,3344,18861
Brokęcino ,,2911,913,1744,791,829,2352,2038,1791,804,575,769,3344,18861
Wipsowo,POLREGIO Spółka Akcyjna,954,336,157,142,390,387,458,358,167,385,620,490,4844
Wipsowo ,,954,336,157,142,390,387,458,358,167,385,620,490,4844
Sątopy-Samulewo,POLREGIO Spółka Akcyjna,826,305,172,131,360,319,359,285,88,189,496,371,3901
Sątopy-Samulewo ,,826,305,172,131,360,319,359,285,88,189,496,371,3901
Nikielkowo,POLREGIO Spółka Akcyjna,1020,460,151,153,362,388,464,421,158,419,633,504,5133
Nikielkowo ,,1020,460,151,153,362,388,464,421,158,419,633,504,5133
Łęgajny,POLREGIO Spółka Akcyjna,927,449,144,141,358,372,466,415,149,403,637,501,4962
Łęgajny ,,927,449,144,141,358,372,466,415,149,403,637,501,4962
Kolno,POLREGIO Spółka Akcyjna,896,320,171,135,370,341,405,304,104,200,517,425,4188
Kolno ,,896,320,171,135,370,341,405,304,104,200,517,425,4188
Górowo,POLREGIO Spółka Akcyjna,926,324,171,138,372,330,426,315,111,200,517,437,4267
Górowo ,,926,324,171,138,372,330,426,315,111,200,517,437,4267
Łankiejmy,POLREGIO Spółka Akcyjna,805,305,131,131,459,331,359,295,89,189,880,372,4346
Łankiejmy ,,805,305,131,131,459,331,359,295,89,189,880,372,4346
Lubicz,Arriva RP Sp. z o.o.,1027,634,483,259,643,676,656,358,515,388,665,544,6848
Lubicz,CARGO Master Spółka z o.o.,,,,,8,,,,,,,,8
Lubicz ,,1027,634,483,259,651,676,656,358,515,388,665,544,6856
Czernikowo,Arriva RP Sp. z o.o.,832,641,493,247,595,629,599,468,460,355,629,531,6479
Czernikowo,CARGO Master Spółka z o.o.,,,,,9,,,,,,,,9
Czernikowo ,,832,641,493,247,604,629,599,468,460,355,629,531,6488
Obrowo,Arriva RP Sp. z o.o.,909,646,517,277,664,640,634,516,465,345,662,571,6846
Obrowo ,,909,646,517,277,664,640,634,516,465,345,662,571,6846
Lipka Krajeńska,POLREGIO Spółka Akcyjna,360,200,200,460,347,447,561,361,250,495,578,566,4825
Lipka Krajeńska,PKP INTERCITY Spółka Akcyjna ,230,67,49,174,104,272,85,93,43,223,63,119,1522
Lipka Krajeńska ,,590,267,249,634,451,719,646,454,293,718,641,685,6347
Grębocin,Arriva RP Sp. z o.o.,1099,691,546,328,684,723,752,364,551,413,729,569,7449
Grębocin ,,1099,691,546,328,684,723,752,364,551,413,729,569,7449
Dobrzejewice,Arriva RP Sp. z o.o.,894,652,523,277,657,652,625,519,475,362,669,573,6878
Dobrzejewice ,,894,652,523,277,657,652,625,519,475,362,669,573,6878
Bierzwnik,POLREGIO Spółka Akcyjna,844,275,451,484,457,922,372,258,527,489,482,689,6250
Bierzwnik ,,844,275,451,484,457,922,372,258,527,489,482,689,6250
Ścinawka Średnia,Koleje Dolnośląskie S.A.,1055,384,859,903,985,570,1105,1000,1731,3005,1225,1223,14045
Ścinawka Średnia,PKP INTERCITY Spółka Akcyjna ,,,,,,,,,,,,,
Ścinawka Średnia ,,1055,384,859,903,985,570,1105,1000,1731,3005,1225,1223,14045
Głuszyca Górna,Koleje Dolnośląskie S.A.,1243,410,971,1027,1037,688,1185,1051,1991,3511,1330,1328,15772
Głuszyca Górna ,,1243,410,971,1027,1037,688,1185,1051,1991,3511,1330,1328,15772
Bartnica,Koleje Dolnośląskie S.A.,1258,415,970,1023,1028,656,1182,1055,1955,3362,1301,1328,15533
Bartnica ,,1258,415,970,1023,1028,656,1182,1055,1955,3362,1301,1328,15533
Świerki Dolne,Koleje Dolnośląskie S.A.,1245,415,954,1020,1031,637,1185,1053,1936,3371,1277,1310,15434
Świerki Dolne ,,1245,415,954,1020,1031,637,1185,1053,1936,3371,1277,1310,15434
Nowa Ruda Zdrojowisko,Koleje Dolnośląskie S.A.,1215,424,939,1005,1069,622,1177,1067,1928,3348,1334,1297,15425
Nowa Ruda Zdrojowisko ,,1215,424,939,1005,1069,622,1177,1067,1928,3348,1334,1297,15425
Ludwikowice Kłodzkie,Koleje Dolnośląskie S.A.,1212,421,938,1010,1040,624,1172,1046,1937,3379,1285,1306,15370
Ludwikowice Kłodzkie ,,1212,421,938,1010,1040,624,1172,1046,1937,3379,1285,1306,15370
Kępice,POLREGIO Spółka Akcyjna,692,234,303,972,325,466,1092,993,406,297,319,615,6714
Kępice,CARGO Master Spółka z o.o.,,,,,,,,,,,,,
Kępice ,,692,234,303,972,325,466,1092,993,406,297,319,615,6714
Wrząca Pomorska,POLREGIO Spółka Akcyjna,722,243,315,1032,342,451,1269,990,378,297,317,696,7052
Wrząca Pomorska ,,722,243,315,1032,342,451,1269,990,378,297,317,696,7052
Słonowice,POLREGIO Spółka Akcyjna,749,264,314,1036,295,438,1283,971,384,303,322,682,7041
Słonowice ,,749,264,314,1036,295,438,1283,971,384,303,322,682,7041
Przytocko,POLREGIO Spółka Akcyjna,706,284,316,981,367,509,1102,1051,437,318,314,702,7087
Przytocko ,,706,284,316,981,367,509,1102,1051,437,318,314,702,7087
Korzybie,POLREGIO Spółka Akcyjna,704,233,303,992,382,461,1257,999,397,297,313,683,7021
Korzybie ,,704,233,303,992,382,461,1257,999,397,297,313,683,7021
Kawcze,POLREGIO Spółka Akcyjna,679,258,332,935,381,507,1103,1034,429,320,314,625,6917
Kawcze ,,679,258,332,935,381,507,1103,1034,429,320,314,625,6917
Kępka,POLREGIO Spółka Akcyjna,711,269,308,997,342,505,1106,1043,414,306,320,725,7046
Kępka ,,711,269,308,997,342,505,1106,1043,414,306,320,725,7046
Ciecholub,POLREGIO Spółka Akcyjna,696,280,314,958,361,501,1088,1034,426,318,310,689,6975
Ciecholub ,,696,280,314,958,361,501,1088,1034,426,318,310,689,6975
Biesowice,POLREGIO Spółka Akcyjna,707,292,314,986,357,506,1099,1046,427,316,318,707,7075
Biesowice ,,707,292,314,986,357,506,1099,1046,427,316,318,707,7075
Widzino,POLREGIO Spółka Akcyjna,753,266,320,1045,288,411,1287,947,388,242,317,701,6965
Widzino ,,753,266,320,1045,288,411,1287,947,388,242,317,701,6965
Kobylnica Słupska,POLREGIO Spółka Akcyjna,755,266,320,1050,288,386,1283,936,390,243,312,721,6950
Kobylnica Słupska ,,755,266,320,1050,288,386,1283,936,390,243,312,721,6950
Mleczewo,POLREGIO Spółka Akcyjna,869,152,203,269,161,217,501,584,352,199,237,395,4139
Mleczewo ,,869,152,203,269,161,217,501,584,352,199,237,395,4139
Ząbrowo,POLREGIO Spółka Akcyjna,1144,99,193,243,182,195,390,583,304,277,400,283,4293
Ząbrowo ,,1144,99,193,243,182,195,390,583,304,277,400,283,4293
Redaki,POLREGIO Spółka Akcyjna,1092,117,177,237,187,195,388,566,302,250,380,253,4144
Redaki ,,1092,117,177,237,187,195,388,566,302,250,380,253,4144
Ługi Górzyckie,POLREGIO Spółka Akcyjna,1205,1604,1247,893,1367,1779,1569,947,1074,1564,1688,1598,16535
Ługi Górzyckie ,,1205,1604,1247,893,1367,1779,1569,947,1074,1564,1688,1598,16535
Laski Lubuskie,POLREGIO Spółka Akcyjna,1132,1588,1248,902,1349,1749,1534,945,1073,1517,1703,1567,16307
Laski Lubuskie ,,1132,1588,1248,902,1349,1749,1534,945,1073,1517,1703,1567,16307
Drzeńsko,POLREGIO Spółka Akcyjna,1253,1700,1231,938,1379,1779,1558,980,1116,1558,1746,1607,16845
Drzeńsko ,,1253,1700,1231,938,1379,1779,1558,980,1116,1558,1746,1607,16845
Radów,POLREGIO Spółka Akcyjna,1219,1625,1251,931,1379,1778,1582,999,1099,1533,1733,1585,16714
Radów ,,1219,1625,1251,931,1379,1778,1582,999,1099,1533,1733,1585,16714
Podlesiec,POLREGIO Spółka Akcyjna,937,398,487,484,471,953,293,236,492,502,500,687,6440
Podlesiec ,,937,398,487,484,471,953,293,236,492,502,500,687,6440
Mierzęcin,POLREGIO Spółka Akcyjna,968,386,531,493,464,957,290,236,526,475,496,693,6515
Mierzęcin ,,968,386,531,493,464,957,290,236,526,475,496,693,6515
Drawiny,POLREGIO Spółka Akcyjna,915,397,489,478,453,954,290,230,491,489,509,683,6378
Drawiny ,,915,397,489,478,453,954,290,230,491,489,509,683,6378
Izbica,POLREGIO Spółka Akcyjna,566,68,173,147,807,539,1819,1426,630,408,549,535,7667
Izbica,PKP INTERCITY Spółka Akcyjna ,627,410,231,115,321,413,529,595,323,422,499,571,5056
Izbica ,,1193,478,404,262,1128,952,2348,2021,953,830,1048,1106,12723
Krasnystaw Miasto,POLREGIO Spółka Akcyjna,608,64,178,155,657,499,1794,1365,529,457,471,486,7263
Krasnystaw Miasto,PKP INTERCITY Spółka Akcyjna ,617,406,225,115,306,403,516,585,336,409,509,575,5002
Krasnystaw Miasto ,,1225,470,403,270,963,902,2310,1950,865,866,980,1061,12265
Wiewiecko,POLREGIO Spółka Akcyjna,501,362,591,188,464,429,558,242,228,345,352,404,4664
Wiewiecko ,,501,362,591,188,464,429,558,242,228,345,352,404,4664
Tuplice,POLREGIO Spółka Akcyjna,400,155,428,84,150,136,448,158,216,1145,196,329,3845
Tuplice,Koleje Dolnośląskie S.A.,234,77,107,51,147,271,497,171,768,465,310,282,3380
Tuplice,PKP INTERCITY Spółka Akcyjna ,,,,,,,,,133,,,,133
Tuplice ,,634,232,535,135,297,407,945,329,1117,1610,506,611,7358
Stare Drzewce,POLREGIO Spółka Akcyjna,353,284,605,1224,426,603,1050,276,691,1915,747,633,8807
Stare Drzewce ,,353,284,605,1224,426,603,1050,276,691,1915,747,633,8807
Głogówko,POLREGIO Spółka Akcyjna,339,367,606,1215,390,597,1059,255,686,1880,738,588,8720
Głogówko ,,339,367,606,1215,390,597,1059,255,686,1880,738,588,8720
Tuplice Dębinka,POLREGIO Spółka Akcyjna,413,143,434,121,161,143,475,159,286,1250,257,357,4199
Tuplice Dębinka,Koleje Dolnośląskie S.A.,318,142,108,73,151,285,514,197,788,490,331,299,3696
Tuplice Dębinka ,,731,285,542,194,312,428,989,356,1074,1740,588,656,7895
Sieniawa Żarska,POLREGIO Spółka Akcyjna,414,135,431,102,160,129,445,159,281,1235,260,352,4103
Sieniawa Żarska,Koleje Dolnośląskie S.A.,340,152,111,78,161,284,530,214,790,507,351,309,3827
Sieniawa Żarska ,,754,287,542,180,321,413,975,373,1071,1742,611,661,7930
Lipinki Łużyckie,POLREGIO Spółka Akcyjna,411,137,430,102,159,131,465,160,287,1244,260,354,4140
Lipinki Łużyckie,Koleje Dolnośląskie S.A.,332,150,112,79,160,288,531,215,792,509,349,312,3829
Lipinki Łużyckie ,,743,287,542,181,319,419,996,375,1079,1753,609,666,7969
Skórka,POLREGIO Spółka Akcyjna,410,293,321,545,525,486,719,467,324,565,697,634,5986
Skórka ,,410,293,321,545,525,486,719,467,324,565,697,634,5986
Piła Podlasie,POLREGIO Spółka Akcyjna,390,286,316,507,514,481,705,451,311,551,664,615,5791
Piła Podlasie ,,390,286,316,507,514,481,705,451,311,551,664,615,5791
Dolnik,POLREGIO Spółka Akcyjna,423,295,328,540,532,485,728,473,325,566,694,632,6021
Dolnik ,,423,295,328,540,532,485,728,473,325,566,694,632,6021
Suwałki,PKP INTERCITY Spółka Akcyjna ,931,356,343,224,572,826,650,681,535,327,554,741,6740
Suwałki,POLREGIO Spółka Akcyjna,980,155,72,119,189,233,579,284,288,441,830,462,4632
Suwałki ,,1911,511,415,343,761,1059,1229,965,823,768,1384,1203,11372
Dąbrowa Białostocka,PKP INTERCITY Spółka Akcyjna ,773,240,218,166,536,699,585,615,482,259,487,583,5643
Dąbrowa Białostocka,POLREGIO Spółka Akcyjna,1026,177,147,202,319,211,546,351,376,532,835,471,5193
Dąbrowa Białostocka ,,1799,417,365,368,855,910,1131,966,858,791,1322,1054,10836
Augustów,PKP INTERCITY Spółka Akcyjna ,813,259,237,98,472,749,592,547,467,274,466,592,5566
Augustów,POLREGIO Spółka Akcyjna,1048,172,107,159,173,223,544,263,323,529,860,506,4907
Augustów ,,1861,431,344,257,645,972,1136,810,790,803,1326,1098,10473
Jedlina-Zdrój Centrum,Koleje Dolnośląskie S.A.,1092,532,518,820,661,588,811,672,981,2356,1050,553,10634
Jedlina-Zdrój Centrum,CARGO Master Spółka z o.o.,,,,13,,,,,,,,,13
Jedlina-Zdrój Centrum ,,1092,532,518,833,661,588,811,672,981,2356,1050,553,10647
Żelisławie Pomorskie,POLREGIO Spółka Akcyjna,501,339,584,177,486,362,571,252,182,270,325,341,4390
Żelisławie Pomorskie ,,501,339,584,177,486,362,571,252,182,270,325,341,4390
Suliszewo Drawskie,POLREGIO Spółka Akcyjna,530,363,616,192,495,411,562,247,219,313,345,397,4690
Suliszewo Drawskie ,,530,363,616,192,495,411,562,247,219,313,345,397,4690
Rzęśnica,POLREGIO Spółka Akcyjna,528,354,604,184,488,409,558,238,216,299,339,401,4618
Rzęśnica ,,528,354,604,184,488,409,558,238,216,299,339,401,4618
Bobrowo Pomorskie,POLREGIO Spółka Akcyjna,514,351,595,179,486,365,572,245,202,285,321,362,4477
Bobrowo Pomorskie ,,514,351,595,179,486,365,572,245,202,285,321,362,4477
Zagórze Śląskie,Koleje Dolnośląskie S.A.,1110,536,538,859,657,589,804,650,975,2383,1064,600,10765
Zagórze Śląskie,CARGO Master Spółka z o.o.,,,,13,,,,,,,,,13
Zagórze Śląskie,PKP INTERCITY Spółka Akcyjna ,,,,,,,,,,,,,
Zagórze Śląskie ,,1110,536,538,872,657,589,804,650,975,2383,1064,600,10778
Sanok,PKP INTERCITY Spółka Akcyjna ,618,409,435,314,242,291,562,1032,573,450,286,230,5442
Sanok,POLREGIO Spółka Akcyjna,114,,138,120,128,229,251,82,60,143,296,43,1604
Sanok,SKPL Cargo Sp. z o.o.  (przewozy pasażerskie),,,,,,,,,,26,,,26
Sanok ,,732,409,573,434,370,520,813,1114,633,619,582,273,7072
Jugowice,Koleje Dolnośląskie S.A.,1103,536,523,848,658,587,782,649,976,2357,1054,565,10638
Jugowice,PKP INTERCITY Spółka Akcyjna ,,,,,,,,,,,,,
Jugowice ,,1103,536,523,848,658,587,782,649,976,2357,1054,565,10638
Lubachów,Koleje Dolnośląskie S.A.,1139,539,547,856,661,609,787,666,980,2411,1083,613,10891
Lubachów ,,1139,539,547,856,661,609,787,666,980,2411,1083,613,10891
Burkatów,Koleje Dolnośląskie S.A.,1162,549,564,886,665,669,786,674,986,2398,1111,632,11082
Burkatów ,,1162,549,564,886,665,669,786,674,986,2398,1111,632,11082
Bystrzyca Górna,Koleje Dolnośląskie S.A.,1148,544,558,870,668,658,784,665,976,2400,1096,621,10988
Bystrzyca Górna ,,1148,544,558,870,668,658,784,665,976,2400,1096,621,10988
Prudnik,POLREGIO Spółka Akcyjna,793,684,755,343,641,328,802,536,697,423,1409,783,8194
Prudnik,PKP INTERCITY Spółka Akcyjna ,1120,414,390,178,285,280,664,420,427,492,1270,1066,7006
Prudnik,CARGO Master Spółka z o.o.,,,,,,,,,,,,,
Prudnik ,,1913,1098,1145,521,926,608,1466,956,1124,915,2679,1849,15200
Dęba Rozalin,POLREGIO Spółka Akcyjna,1216,608,1010,347,372,615,839,633,396,510,318,826,7690
Dęba Rozalin ,,1216,608,1010,347,372,615,839,633,396,510,318,826,7690
Letnica,POLREGIO Spółka Akcyjna,712,594,645,875,377,494,,,1706,3638,4599,4736,18376
Letnica ,,712,594,645,875,377,494,,,1706,3638,4599,4736,18376
Głogówek,POLREGIO Spółka Akcyjna,830,653,886,395,688,347,791,508,698,450,1396,789,8431
Głogówek,PKP INTERCITY Spółka Akcyjna ,1180,467,506,209,321,304,726,462,433,491,1191,1070,7360
Głogówek,CARGO Master Spółka z o.o.,,,,,,,,,,,,,
Głogówek ,,2010,1120,1392,604,1009,651,1517,970,1131,941,2587,1859,15791
Buchałów,POLREGIO Spółka Akcyjna,706,589,645,883,378,491,,,1724,3647,4604,4768,18435
Buchałów ,,706,589,645,883,378,491,,,1724,3647,4604,4768,18435
Sowczyce,POLREGIO Spółka Akcyjna,1049,264,643,368,306,253,546,415,520,505,326,352,5547
Sowczyce ,,1049,264,643,368,306,253,546,415,520,505,326,352,5547
Sieraków Śląski,POLREGIO Spółka Akcyjna,1034,274,655,371,271,238,523,375,509,499,324,360,5433
Sieraków Śląski ,,1034,274,655,371,271,238,523,375,509,499,324,360,5433
Zarębki,POLREGIO Spółka Akcyjna,1492,847,854,343,464,634,974,610,471,618,367,898,8572
Zarębki ,,1492,847,854,343,464,634,974,610,471,618,367,898,8572
Sobów,POLREGIO Spółka Akcyjna,1333,688,1046,279,399,628,649,569,399,506,303,827,7626
Sobów ,,1333,688,1046,279,399,628,649,569,399,506,303,827,7626
Majdan Królewski Podlasek,POLREGIO Spółka Akcyjna,1500,843,842,364,442,635,945,613,451,601,337,885,8458
Majdan Królewski Podlasek ,,1500,843,842,364,442,635,945,613,451,601,337,885,8458
Majdan Królewski,POLREGIO Spółka Akcyjna,1250,610,752,338,380,577,886,612,436,545,303,811,7500
Majdan Królewski ,,1250,610,752,338,380,577,886,612,436,545,303,811,7500
Komorów Podmurynia,POLREGIO Spółka Akcyjna,1496,866,850,362,440,624,959,605,443,599,342,888,8474
Komorów Podmurynia ,,1496,866,850,362,440,624,959,605,443,599,342,888,8474
Huta Komorowska,POLREGIO Spółka Akcyjna,1250,614,747,346,368,613,865,644,402,524,315,822,7510
Huta Komorowska ,,1250,614,747,346,368,613,865,644,402,524,315,822,7510
Cmolas,POLREGIO Spółka Akcyjna,1495,843,872,347,455,625,959,606,452,607,359,893,8513
Cmolas ,,1495,843,872,347,455,625,959,606,452,607,359,893,8513
Stare Olesno,POLREGIO Spółka Akcyjna,973,236,665,378,300,264,522,367,489,491,315,318,5318
Stare Olesno ,,973,236,665,378,300,264,522,367,489,491,315,318,5318
Kochcice-Glinica,POLREGIO Spółka Akcyjna,1060,274,657,382,262,265,536,357,512,515,306,346,5472
Kochcice-Glinica ,,1060,274,657,382,262,265,536,357,512,515,306,346,5472
Ciasna,POLREGIO Spółka Akcyjna,1019,271,664,362,259,250,527,358,501,491,310,342,5354
Ciasna ,,1019,271,664,362,259,250,527,358,501,491,310,342,5354
Bąków,POLREGIO Spółka Akcyjna,966,217,652,369,285,263,584,349,478,483,288,311,5245
Bąków ,,966,217,652,369,285,263,584,349,478,483,288,311,5245
Tarnowska Wola,POLREGIO Spółka Akcyjna,1260,699,970,271,337,573,735,528,232,504,320,829,7258
Tarnowska Wola ,,1260,699,970,271,337,573,735,528,232,504,320,829,7258
Jadachy,POLREGIO Spółka Akcyjna,1257,703,969,260,345,575,721,494,226,501,326,835,7212
Jadachy ,,1257,703,969,260,345,575,721,494,226,501,326,835,7212
Cygany,POLREGIO Spółka Akcyjna,1274,701,963,251,344,575,707,484,221,505,308,845,7178
Cygany ,,1274,701,963,251,344,575,707,484,221,505,308,845,7178
Chmielów Zagumnie,POLREGIO Spółka Akcyjna,1281,686,977,256,365,568,709,481,220,507,300,846,7196
Chmielów Zagumnie ,,1281,686,977,256,365,568,709,481,220,507,300,846,7196
Mokrzyca Wielka,POLREGIO Spółka Akcyjna,182,323,170,89,95,194,174,154,359,572,345,448,3105
Mokrzyca Wielka ,,182,323,170,89,95,194,174,154,359,572,345,448,3105
Strzebiń,POLREGIO Spółka Akcyjna,294,12,20,54,94,318,148,246,74,234,297,153,1944
Strzebiń ,,294,12,20,54,94,318,148,246,74,234,297,153,1944
Słonice,POLREGIO Spółka Akcyjna,899,280,457,505,383,885,280,254,564,381,491,707,6086
Słonice ,,899,280,457,505,383,885,280,254,564,381,491,707,6086
Stary Klukom,POLREGIO Spółka Akcyjna,926,292,544,511,378,901,247,292,567,379,489,719,6245
Stary Klukom ,,926,292,544,511,378,901,247,292,567,379,489,719,6245
Rębusz,POLREGIO Spółka Akcyjna,880,281,445,474,399,924,376,261,523,359,463,706,6091
Rębusz ,,880,281,445,474,399,924,376,261,523,359,463,706,6091
Boronów,POLREGIO Spółka Akcyjna,271,12,21,97,101,311,146,218,67,226,340,138,1948
Boronów ,,271,12,21,97,101,311,146,218,67,226,340,138,1948
Twarda Góra,POLREGIO Spółka Akcyjna,3349,368,595,304,615,636,947,822,410,717,661,496,9920
Twarda Góra ,,3349,368,595,304,615,636,947,822,410,717,661,496,9920
Warlubie,POLREGIO Spółka Akcyjna,2995,368,576,305,518,641,906,903,437,705,618,526,9498
Warlubie ,,2995,368,576,305,518,641,906,903,437,705,618,526,9498
Zbydniów,POLREGIO Spółka Akcyjna,1375,660,1000,279,380,545,724,559,355,532,282,810,7501
Zbydniów ,,1375,660,1000,279,380,545,724,559,355,532,282,810,7501
Turbia,POLREGIO Spółka Akcyjna,1352,671,1003,284,388,563,763,574,376,543,291,819,7627
Turbia ,,1352,671,1003,284,388,563,763,574,376,543,291,819,7627
Grębów,POLREGIO Spółka Akcyjna,1376,650,1015,276,389,536,619,606,373,532,280,811,7463
Grębów ,,1376,650,1015,276,389,536,619,606,373,532,280,811,7463
Toporów,POLREGIO Spółka Akcyjna,4617,2885,4528,3366,3054,3898,2387,2465,3274,2881,3848,2031,39234
Toporów ,,4617,2885,4528,3366,3054,3898,2387,2465,3274,2881,3848,2031,39234
Żółwino,POLREGIO Spółka Akcyjna,975,332,906,488,358,790,494,449,1127,1536,925,1462,9842
Żółwino ,,975,332,906,488,358,790,494,449,1127,1536,925,1462,9842
Prostynia,POLREGIO Spółka Akcyjna,875,332,823,462,336,783,465,410,1126,1541,882,1419,9454
Prostynia ,,875,332,823,462,336,783,465,410,1126,1541,882,1419,9454
Cybowo,POLREGIO Spółka Akcyjna,934,359,794,473,347,842,487,444,1177,1598,1084,1544,10083
Cybowo ,,934,359,794,473,347,842,487,444,1177,1598,1084,1544,10083
Dunowo,POLREGIO Spółka Akcyjna,1898,179,554,353,199,756,679,822,432,465,485,1618,8440
Dunowo ,,1898,179,554,353,199,756,679,822,432,465,485,1618,8440
Tarnowo Pomorskie,POLREGIO Spółka Akcyjna,864,285,892,496,370,749,466,422,1073,1422,894,1384,9317
Tarnowo Pomorskie ,,864,285,892,496,370,749,466,422,1073,1422,894,1384,9317
Sulino,POLREGIO Spółka Akcyjna,903,251,942,504,433,777,468,429,1131,1517,939,1390,9684
Sulino ,,903,251,942,504,433,777,468,429,1131,1517,939,1390,9684
Sokoliniec,POLREGIO Spółka Akcyjna,954,303,886,487,364,757,517,436,1109,1513,939,1495,9760
Sokoliniec ,,954,303,886,487,364,757,517,436,1109,1513,939,1495,9760
Pęzino,POLREGIO Spółka Akcyjna,878,246,925,502,437,772,476,433,1122,1653,926,1357,9727
Pęzino ,,878,246,925,502,437,772,476,433,1122,1653,926,1357,9727
Ognica,POLREGIO Spółka Akcyjna,945,302,880,498,368,753,495,441,1101,1481,936,1484,9684
Ognica ,,945,302,880,498,368,753,495,441,1101,1481,936,1484,9684
Barzkowice,POLREGIO Spółka Akcyjna,889,255,939,504,442,774,479,431,1116,1515,941,1377,9662
Barzkowice ,,889,255,939,504,442,774,479,431,1116,1515,941,1377,9662
Raciąż,Koleje Mazowieckie - KM Spółka z o.o.,1852,894,607,522,255,778,313,107,49,6,134,197,5714
Raciąż,CARGO Master Spółka z o.o.,,,,,,,,,,,,,
Raciąż ,,1852,894,607,522,255,778,313,107,49,6,134,197,5714
Torzym,POLREGIO Spółka Akcyjna,4659,2908,4667,3449,3068,3925,2408,2543,3249,2949,3868,2063,39756
Torzym ,,4659,2908,4667,3449,3068,3925,2408,2543,3249,2949,3868,2063,39756
Boczów,POLREGIO Spółka Akcyjna,4630,2882,4694,3450,3103,3723,2174,2537,3127,2982,3848,2006,39156
Boczów ,,4630,2882,4694,3450,3103,3723,2174,2537,3127,2982,3848,2006,39156
Szczaniec,POLREGIO Spółka Akcyjna,4503,2684,4548,2735,2620,3560,2385,2562,3430,3146,3858,2086,38117
Szczaniec ,,4503,2684,4548,2735,2620,3560,2385,2562,3430,3146,3858,2086,38117
Drzewce,POLREGIO Spółka Akcyjna,4655,2899,4598,3447,3062,3874,2365,2532,3275,2948,3880,2055,39590
Drzewce ,,4655,2899,4598,3447,3062,3874,2365,2532,3275,2948,3880,2055,39590
Kupienino,POLREGIO Spółka Akcyjna,4537,2690,4660,2871,2710,3768,2336,2560,3443,3167,3920,2116,38778
Kupienino ,,4537,2690,4660,2871,2710,3768,2336,2560,3443,3167,3920,2116,38778
Wilkowo Świebodzińskie,POLREGIO Spółka Akcyjna,5005,3154,4993,3681,3242,4421,2448,2531,3384,2982,3960,2008,41809
Wilkowo Świebodzińskie ,,5005,3154,4993,3681,3242,4421,2448,2531,3384,2982,3960,2008,41809
Mostki,POLREGIO Spółka Akcyjna,4967,3151,5015,3714,3266,4446,2465,2514,3361,2956,3946,2002,41803
Mostki ,,4967,3151,5015,3714,3266,4446,2465,2514,3361,2956,3946,2002,41803
Chybie,Koleje Śląskie Spółka z o.o.,511,272,338,419,300,527,590,186,274,194,737,756,5104
Chybie ,,511,272,338,419,300,527,590,186,274,194,737,756,5104
Łuków Łapiguz,POLREGIO Spółka Akcyjna,390,95,114,79,201,232,245,349,384,489,395,367,3340
Łuków Łapiguz ,,390,95,114,79,201,232,245,349,384,489,395,367,3340
Puławy Azoty,POLREGIO Spółka Akcyjna,283,133,77,121,141,241,331,264,284,135,407,229,2646
Puławy Azoty ,,283,133,77,121,141,241,331,264,284,135,407,229,2646
Małdyty,POLREGIO Spółka Akcyjna,913,149,218,72,171,107,434,288,247,585,637,191,4012
Małdyty ,,913,149,218,72,171,107,434,288,247,585,637,191,4012
Dobrocin,POLREGIO Spółka Akcyjna,922,147,222,145,178,171,444,366,240,593,640,196,4264
Dobrocin ,,922,147,222,145,178,171,444,366,240,593,640,196,4264
Zielonka Pasłęcka,POLREGIO Spółka Akcyjna,1016,209,270,80,174,169,555,568,361,427,676,218,4723
Zielonka Pasłęcka ,,1016,209,270,80,174,169,555,568,361,427,676,218,4723
Nowa Wieś Cierpkie,POLREGIO Spółka Akcyjna,1032,210,271,72,176,162,558,556,446,435,671,217,4806
Nowa Wieś Cierpkie ,,1032,210,271,72,176,162,558,556,446,435,671,217,4806
Bogaczewo,POLREGIO Spółka Akcyjna,958,185,236,75,135,111,537,527,356,417,524,178,4239
Bogaczewo,PKP INTERCITY Spółka Akcyjna ,,,,,,,,,,,,,
Bogaczewo ,,958,185,236,75,135,111,537,527,356,417,524,178,4239
Komorowo Żuławskie,POLREGIO Spółka Akcyjna,956,184,246,71,146,123,553,532,380,427,538,179,4335
Komorowo Żuławskie ,,956,184,246,71,146,123,553,532,380,427,538,179,4335
Gronajny,POLREGIO Spółka Akcyjna,851,158,214,134,152,205,480,540,247,199,230,354,3764
Gronajny ,,851,158,214,134,152,205,480,540,247,199,230,354,3764
Gdakowo,POLREGIO Spółka Akcyjna,822,153,203,124,160,204,481,588,230,191,214,324,3694
Gdakowo ,,822,153,203,124,160,204,481,588,230,191,214,324,3694
Dąbrówka Malborska,POLREGIO Spółka Akcyjna,861,158,222,134,160,211,501,545,256,193,242,369,3852
Dąbrówka Malborska ,,861,158,222,134,160,211,501,545,256,193,242,369,3852
Wandzin,POLREGIO Spółka Akcyjna,226,184,148,199,200,305,263,623,401,478,621,302,3950
Wandzin ,,226,184,148,199,200,305,263,623,401,478,621,302,3950
Rudnik,POLREGIO Spółka Akcyjna,263,191,173,220,198,259,295,674,407,465,658,310,4113
Rudnik ,,263,191,173,220,198,259,295,674,407,465,658,310,4113
Niemce,POLREGIO Spółka Akcyjna,236,197,156,206,203,306,267,623,403,478,630,313,4018
Niemce ,,236,197,156,206,203,306,267,623,403,478,630,313,4018
Lublin Zadębie,POLREGIO Spółka Akcyjna,259,186,174,218,199,256,298,664,407,455,658,294,4068
Lublin Zadębie ,,259,186,174,218,199,256,298,664,407,455,658,294,4068
Lublin Ponikwoda,POLREGIO Spółka Akcyjna,265,186,172,229,199,257,303,664,407,459,658,301,4100
Lublin Ponikwoda ,,265,186,172,229,199,257,303,664,407,459,658,301,4100
Łagiewniki,POLREGIO Spółka Akcyjna,261,190,163,219,199,260,295,667,406,465,659,320,4104
Łagiewniki ,,261,190,163,219,199,260,295,667,406,465,659,320,4104
Ciecierzyn,POLREGIO Spółka Akcyjna,254,193,154,220,198,260,310,675,402,464,642,319,4091
Ciecierzyn ,,254,193,154,220,198,260,310,675,402,464,642,319,4091
Bystrzyca koło Lublina,POLREGIO Spółka Akcyjna,242,188,156,224,199,259,269,624,365,454,620,311,3911
Bystrzyca koło Lublina ,,242,188,156,224,199,259,269,624,365,454,620,311,3911
Lubartów Lipowa,POLREGIO Spółka Akcyjna,185,181,154,195,218,304,280,467,427,436,614,353,3814
Lubartów Lipowa ,,185,181,154,195,218,304,280,467,427,436,614,353,3814
Lubartów Słowackiego,POLREGIO Spółka Akcyjna,183,179,152,197,201,317,267,478,421,439,617,353,3804
Lubartów Słowackiego ,,183,179,152,197,201,317,267,478,421,439,617,353,3804
Granowiec,POLREGIO Spółka Akcyjna,599,1060,855,568,597,579,778,478,1270,437,381,556,8158
Granowiec ,,599,1060,855,568,597,579,778,478,1270,437,381,556,8158
Międzybórz Sycowski,POLREGIO Spółka Akcyjna,679,1095,867,584,671,598,798,474,1399,464,416,643,8688
Międzybórz Sycowski ,,679,1095,867,584,671,598,798,474,1399,464,416,643,8688
Bukowina Sycowska,POLREGIO Spółka Akcyjna,739,1163,936,572,693,652,823,464,1529,501,468,682,9222
Bukowina Sycowska ,,739,1163,936,572,693,652,823,464,1529,501,468,682,9222
Garki,POLREGIO Spółka Akcyjna,608,1083,763,581,617,580,784,485,1115,454,409,573,8052
Garki ,,608,1083,763,581,617,580,784,485,1115,454,409,573,8052
Sośnie Ostrowskie,POLREGIO Spółka Akcyjna,593,1026,707,545,615,568,762,485,1270,484,372,554,7981
Sośnie Ostrowskie ,,593,1026,707,545,615,568,762,485,1270,484,372,554,7981
Pawłów Wielkopolski,POLREGIO Spółka Akcyjna,607,1016,724,607,674,600,794,482,1381,477,410,596,8368
Pawłów Wielkopolski ,,607,1016,724,607,674,600,794,482,1381,477,410,596,8368
Ryki,POLREGIO Spółka Akcyjna,450,122,118,94,223,292,375,597,418,349,456,381,3875
Ryki ,,450,122,118,94,223,292,375,597,418,349,456,381,3875
Leopoldów,POLREGIO Spółka Akcyjna,448,125,118,94,228,279,377,594,386,358,454,374,3835
Leopoldów ,,448,125,118,94,228,279,377,594,386,358,454,374,3835
Petrovice u Karvine,PKP INTERCITY Spółka Akcyjna ,3047,2262,1135,861,960,2294,2098,3121,1058,1735,2515,1907,22993
Petrovice u Karvine,RegioJet a.s.,1623,575,1567,721,790,1960,1580,1137,1022,528,614,1488,13605
Petrovice u Karvine,LEO Express Global a.s.,38,39,74,79,72,152,61,16,89,56,26,396,1098
Petrovice u Karvine,Leo Express s.r.o.,,,,,,,,,,,,6,6
Petrovice u Karvine ,,4708,2876,2776,1661,1822,4406,3739,4274,2169,2319,3155,3797,37702
Okrzeja,POLREGIO Spółka Akcyjna,408,118,100,87,209,275,386,568,328,514,428,369,3790
Okrzeja ,,408,118,100,87,209,275,386,568,328,514,428,369,3790
Grabów Szlachecki,POLREGIO Spółka Akcyjna,446,124,123,93,213,279,380,583,358,362,451,373,3785
Grabów Szlachecki ,,446,124,123,93,213,279,380,583,358,362,451,373,3785
Sarnów,POLREGIO Spółka Akcyjna,418,95,105,81,200,283,362,549,355,433,413,358,3652
Sarnów ,,418,95,105,81,200,283,362,549,355,433,413,358,3652
Krzywda,POLREGIO Spółka Akcyjna,413,101,112,90,213,284,376,580,358,417,430,368,3742
Krzywda ,,413,101,112,90,213,284,376,580,358,417,430,368,3742
Hordzieżka,POLREGIO Spółka Akcyjna,420,106,120,88,213,286,379,575,385,431,433,368,3804
Hordzieżka ,,420,106,120,88,213,286,379,575,385,431,433,368,3804
Borowina,POLREGIO Spółka Akcyjna,417,95,111,89,214,285,372,567,347,429,420,359,3705
Borowina ,,417,95,111,89,214,285,372,567,347,429,420,359,3705
Witowo,POLREGIO Spółka Akcyjna,405,278,223,158,259,296,454,301,281,332,413,421,3821
Witowo ,,405,278,223,158,259,296,454,301,281,332,413,421,3821
Policzna,POLREGIO Spółka Akcyjna,407,279,217,159,258,302,450,300,271,334,417,422,3816
Policzna ,,407,279,217,159,258,302,450,300,271,334,417,422,3816
Orzeszkowo,POLREGIO Spółka Akcyjna,406,283,210,167,253,304,496,303,328,343,436,408,3937
Orzeszkowo ,,406,283,210,167,253,304,496,303,328,343,436,408,3937
Dobrowoda,POLREGIO Spółka Akcyjna,416,287,216,159,268,309,442,292,264,342,419,426,3840
Dobrowoda ,,416,287,216,159,268,309,442,292,264,342,419,426,3840
Zabiele,POLREGIO Spółka Akcyjna,149,154,123,139,122,284,233,669,321,379,476,322,3371
Zabiele ,,149,154,123,139,122,284,233,669,321,379,476,322,3371
Parczew Kolejowa,POLREGIO Spółka Akcyjna,122,152,125,137,120,241,212,556,305,350,367,329,3016
Parczew Kolejowa ,,122,152,125,137,120,241,212,556,305,350,367,329,3016
Laski,POLREGIO Spółka Akcyjna,142,158,132,141,122,274,233,655,308,375,463,327,3330
Laski ,,142,158,132,141,122,274,233,655,308,375,463,327,3330
Gródek,POLREGIO Spółka Akcyjna,151,157,133,140,115,276,233,663,315,381,472,327,3363
Gródek ,,151,157,133,140,115,276,233,663,315,381,472,327,3363
Brzeźnica Bychawska,POLREGIO Spółka Akcyjna,153,153,124,139,140,276,232,668,321,380,479,321,3386
Brzeźnica Bychawska ,,153,153,124,139,140,276,232,668,321,380,479,321,3386
Tarło,POLREGIO Spółka Akcyjna,171,173,147,196,198,318,270,581,416,446,611,357,3884
Tarło ,,171,173,147,196,198,318,270,581,416,446,611,357,3884
Pałecznica,POLREGIO Spółka Akcyjna,178,179,147,199,198,320,270,526,422,438,615,345,3837
Pałecznica ,,178,179,147,199,198,320,270,526,422,438,615,345,3837
Berejów,POLREGIO Spółka Akcyjna,167,172,147,195,197,300,259,610,401,433,606,343,3830
Berejów ,,167,172,147,195,197,300,259,610,401,433,606,343,3830
Głowno Północne,Łódzka Kolej Aglomeracyjna Sp. z o.o.,,,,,,,,,172,309,966,261,1708
Głowno Północne ,,,,,,,,,,172,309,966,261,1708
Krosno Odrzańskie,POLREGIO Spółka Akcyjna,1484,274,463,385,661,508,289,523,1500,2654,971,865,10577
Krosno Odrzańskie,PKP INTERCITY Spółka Akcyjna ,,,,,,,,,,,,,
Krosno Odrzańskie ,,1484,274,463,385,661,508,289,523,1500,2654,971,865,10577
Szczawno - Ciemnice,POLREGIO Spółka Akcyjna,1500,272,432,390,714,518,290,522,1483,2662,1031,857,10671
Szczawno - Ciemnice ,,1500,272,432,390,714,518,290,522,1483,2662,1031,857,10671
Nietków,POLREGIO Spółka Akcyjna,1502,274,439,410,723,518,289,526,1497,2673,1041,863,10755
Nietków ,,1502,274,439,410,723,518,289,526,1497,2673,1041,863,10755
Laski Odrzańskie,POLREGIO Spółka Akcyjna,1506,277,446,402,723,518,297,526,1498,2680,1042,859,10774
Laski Odrzańskie ,,1506,277,446,402,723,518,297,526,1498,2680,1042,859,10774
Krzepice,PKP INTERCITY Spółka Akcyjna ,743,99,49,152,428,557,230,551,258,205,346,266,3884
Krzepice,POLREGIO Spółka Akcyjna,317,,20,25,51,476,288,178,77,383,295,118,2228
Krzepice,Koleje Śląskie Spółka z o.o.,,,,,,8,,,,,,,8
Krzepice ,,1060,99,69,177,479,1041,518,729,335,588,641,384,6120
Wieluń,PKP INTERCITY Spółka Akcyjna ,717,92,47,151,432,525,211,533,290,206,351,264,3819
Wieluń,POLREGIO Spółka Akcyjna,288,15,22,8,72,520,311,278,128,390,353,129,2514
Wieluń,Koleje Śląskie Spółka z o.o.,,,,,,8,,,,,,,8
Wieluń ,,1005,107,69,159,504,1053,522,811,418,596,704,393,6341
Jelenino,POLREGIO Spółka Akcyjna,405,256,577,213,443,267,536,256,119,162,230,244,3708
Jelenino ,,405,256,577,213,443,267,536,256,119,162,230,244,3708
Czarne Małe,POLREGIO Spółka Akcyjna,479,313,577,189,469,285,595,301,155,265,257,241,4126
Czarne Małe ,,479,313,577,189,469,285,595,301,155,265,257,241,4126
Lipno,Arriva RP Sp. z o.o.,850,615,430,247,583,551,485,444,384,307,609,590,6095
Lipno,CARGO Master Spółka z o.o.,,,,,10,,,,,,,,10
Lipno ,,850,615,430,247,593,551,485,444,384,307,609,590,6105
Skępe,Arriva RP Sp. z o.o.,824,580,426,224,599,558,517,507,420,302,579,503,6039
Skępe,CARGO Master Spółka z o.o.,,,,,10,,,,,,,,10
Skępe ,,824,580,426,224,609,558,517,507,420,302,579,503,6049
Gubin,POLREGIO Spółka Akcyjna,1484,308,402,382,665,518,277,476,1474,1120,953,890,8949
Gubin ,,1484,308,402,382,665,518,277,476,1474,1120,953,890,8949
Wężyska,POLREGIO Spółka Akcyjna,1518,308,421,394,669,524,288,523,1514,1122,972,879,9132
Wężyska ,,1518,308,421,394,669,524,288,523,1514,1122,972,879,9132
Wałowice,POLREGIO Spółka Akcyjna,1491,293,419,401,671,534,281,511,1473,1116,965,882,9037
Wałowice ,,1491,293,419,401,671,534,281,511,1473,1116,965,882,9037
Podwierzbie,Arriva RP Sp. z o.o.,808,590,413,274,718,592,500,417,388,291,567,537,6095
Podwierzbie ,,808,590,413,274,718,592,500,417,388,291,567,537,6095
Ograszka,Arriva RP Sp. z o.o.,770,643,465,267,596,610,516,452,397,327,628,568,6239
Ograszka ,,770,643,465,267,596,610,516,452,397,327,628,568,6239
Karnkowo,Arriva RP Sp. z o.o.,855,623,429,241,582,572,531,455,408,304,612,620,6232
Karnkowo ,,855,623,429,241,582,572,531,455,408,304,612,620,6232
Konotopie,Arriva RP Sp. z o.o.,770,664,454,266,599,613,517,452,397,315,623,591,6261
Konotopie ,,770,664,454,266,599,613,517,452,397,315,623,591,6261
Koziołek,Arriva RP Sp. z o.o.,802,583,422,276,706,586,506,427,395,293,569,540,6105
Koziołek ,,802,583,422,276,706,586,506,427,395,293,569,540,6105
Czermno,Arriva RP Sp. z o.o.,829,587,428,277,697,572,516,431,397,300,569,527,6130
Czermno ,,829,587,428,277,697,572,516,431,397,300,569,527,6130
Stefanowo,Koleje Wielkopolskie Sp. z o.o.,77,12,143,94,41,279,214,19,22,28,169,135,1233
Stefanowo,Parowozownia Wolsztyn,,,34,,,,,,,,,80,114
Stefanowo,CARGO Master Spółka z o.o.,,,,,,,,,,,,,
Stefanowo ,,77,12,177,94,41,279,214,19,22,28,169,215,1347
Świdwin Zamek,POLREGIO Spółka Akcyjna,,,538,548,628,517,605,935,654,609,467,1072,6573
Świdwin Zamek ,,,,538,548,628,517,605,935,654,609,467,1072,6573
Zbąszyń Przedmieście,Koleje Wielkopolskie Sp. z o.o.,158,12,157,95,110,278,226,20,22,29,156,138,1401
Zbąszyń Przedmieście ,,158,12,157,95,110,278,226,20,22,29,156,138,1401
Tuchorza,Koleje Wielkopolskie Sp. z o.o.,76,18,152,96,47,262,213,19,31,28,170,149,1261
Tuchorza ,,76,18,152,96,47,262,213,19,31,28,170,149,1261
Belęcin Wielkopolski,Koleje Wielkopolskie Sp. z o.o.,79,18,151,96,47,263,213,19,32,28,170,149,1265
Belęcin Wielkopolski ,,79,18,151,96,47,263,213,19,32,28,170,149,1265
Bydgoszcz Fordon,Arriva RP Sp. z o.o.,323,152,212,340,319,496,395,222,272,132,357,209,3429
Bydgoszcz Fordon,CARGO Master Spółka z o.o.,,,,,,,,,,,,,
Bydgoszcz Fordon ,,323,152,212,340,319,496,395,222,272,132,357,209,3429
Ostromecko,Arriva RP Sp. z o.o.,308,136,203,330,308,469,386,202,261,130,335,200,3268
Ostromecko,CARGO Master Spółka z o.o.,,,,,,,,,,,,,
Ostromecko ,,308,136,203,330,308,469,386,202,261,130,335,200,3268
Dąbrowa Chełmińska,Arriva RP Sp. z o.o.,313,135,198,329,315,466,387,199,262,130,323,201,3258
Dąbrowa Chełmińska ,,313,135,198,329,315,466,387,199,262,130,323,201,3258
Bydgoszcz Politechnika,Arriva RP Sp. z o.o.,335,153,210,341,311,499,397,228,278,132,362,214,3460
Bydgoszcz Politechnika ,,335,153,210,341,311,499,397,228,278,132,362,214,3460
Bydgoszcz Brdyujście,Arriva RP Sp. z o.o.,337,152,209,348,305,502,397,237,274,137,362,214,3474
Bydgoszcz Brdyujście ,,337,152,209,348,305,502,397,237,274,137,362,214,3474
Osowiec Przystanek,POLREGIO Spółka Akcyjna,332,24,326,103,61,215,50,48,253,236,410,472,2530
Osowiec Przystanek ,,332,24,326,103,61,215,50,48,253,236,410,472,2530
Osowiec Śląski,POLREGIO Spółka Akcyjna,316,23,322,96,58,205,43,41,242,228,394,471,2439
Osowiec Śląski ,,316,23,322,96,58,205,43,41,242,228,394,471,2439
Opole Gosławice,POLREGIO Spółka Akcyjna,340,23,319,100,63,218,53,49,263,222,418,473,2541
Opole Gosławice ,,340,23,319,100,63,218,53,49,263,222,418,473,2541
Kotórz Mały,POLREGIO Spółka Akcyjna,339,24,323,101,61,214,50,48,254,232,412,473,2531
Kotórz Mały ,,339,24,323,101,61,214,50,48,254,232,412,473,2531
Jełowa,POLREGIO Spółka Akcyjna,307,23,325,96,58,205,43,41,241,232,393,470,2434
Jełowa ,,307,23,325,96,58,205,43,41,241,232,393,470,2434
Kały,POLREGIO Spółka Akcyjna,271,23,331,96,58,205,43,41,234,246,393,471,2412
Kały ,,271,23,331,96,58,205,43,41,234,246,393,471,2412
Tuły,POLREGIO Spółka Akcyjna,272,23,249,97,57,205,43,41,235,254,399,483,2358
Tuły ,,272,23,249,97,57,205,43,41,235,254,399,483,2358
Laskowice Oleskie,POLREGIO Spółka Akcyjna,271,23,333,96,58,205,43,41,234,249,393,480,2426
Laskowice Oleskie ,,271,23,333,96,58,205,43,41,234,249,393,480,2426
Borkowice,POLREGIO Spółka Akcyjna,264,23,245,103,32,201,31,29,231,253,397,478,2287
Borkowice ,,264,23,245,103,32,201,31,29,231,253,397,478,2287
Bukowo,POLREGIO Spółka Akcyjna,273,23,252,98,57,205,43,41,235,257,399,483,2366
Bukowo ,,273,23,252,98,57,205,43,41,235,257,399,483,2366
Guben,POLREGIO Spółka Akcyjna,1453,243,392,347,458,370,250,427,1358,1051,899,827,8075
Guben,Parowozownia Wolsztyn,,,,,,,,,,,,,
Guben ,,1453,243,392,347,458,370,250,427,1358,1051,899,827,8075
Mostiska 2,PKP INTERCITY Spółka Akcyjna ,9101,5273,7410,7795,7781,12474,16496,6796,6390,5609,3571,4769,93465
Mostiska 2 ,,9101,5273,7410,7795,7781,12474,16496,6796,6390,5609,3571,4769,93465
Jedlina-Zdrój Borowa,Koleje Dolnośląskie S.A.,768,515,724,886,748,530,808,896,1248,2028,1063,1054,11268
Jedlina-Zdrój Borowa ,,768,515,724,886,748,530,808,896,1248,2028,1063,1054,11268
Unisław Pomorski,Arriva RP Sp. z o.o.,296,132,186,318,323,456,378,192,227,126,319,198,3151
Unisław Pomorski,CARGO Master Spółka z o.o.,,,,,,,,,,,,,
Unisław Pomorski ,,296,132,186,318,323,456,378,192,227,126,319,198,3151
Człuchów,POLREGIO Spółka Akcyjna,950,146,253,588,781,918,603,826,381,382,248,533,6609
Człuchów ,,950,146,253,588,781,918,603,826,381,382,248,533,6609
Czarne,POLREGIO Spółka Akcyjna,837,137,244,483,796,848,514,653,333,358,253,550,6006
Czarne ,,837,137,244,483,796,848,514,653,333,358,253,550,6006
Nawra,Arriva RP Sp. z o.o.,308,133,206,313,324,457,386,199,227,134,318,215,3220
Nawra ,,308,133,206,313,324,457,386,199,227,134,318,215,3220
Grzybno,Arriva RP Sp. z o.o.,309,135,200,320,331,458,387,198,230,134,320,199,3221
Grzybno ,,309,135,200,320,331,458,387,198,230,134,320,199,3221
Gzin,Arriva RP Sp. z o.o.,302,136,199,326,322,466,388,200,234,130,321,201,3225
Gzin ,,302,136,199,326,322,466,388,200,234,130,321,201,3225
Głuchowo,Arriva RP Sp. z o.o.,327,127,206,309,321,449,395,202,231,135,314,216,3232
Głuchowo ,,327,127,206,309,321,449,395,202,231,135,314,216,3232
Domisław,POLREGIO Spółka Akcyjna,862,145,247,488,810,864,581,672,342,366,257,555,6189
Domisław ,,862,145,247,488,810,864,581,672,342,366,257,555,6189
Biskupnica,POLREGIO Spółka Akcyjna,915,146,255,487,782,867,596,867,380,388,251,554,6488
Biskupnica ,,915,146,255,487,782,867,596,867,380,388,251,554,6488
Brzeźno Człuchowskie,POLREGIO Spółka Akcyjna,980,163,265,633,825,890,607,781,386,389,248,517,6684
Brzeźno Człuchowskie ,,980,163,265,633,825,890,607,781,386,389,248,517,6684
Bińcze,POLREGIO Spółka Akcyjna,864,142,251,476,784,830,588,839,363,367,249,544,6297
Bińcze ,,864,142,251,476,784,830,588,839,363,367,249,544,6297
Wałcz Raduń,POLREGIO Spółka Akcyjna,839,317,524,462,472,677,410,448,1207,1480,1230,1692,9758
Wałcz Raduń ,,839,317,524,462,472,677,410,448,1207,1480,1230,1692,9758
Strączno,POLREGIO Spółka Akcyjna,836,322,525,463,471,686,416,452,1168,1455,1216,1674,9684
Strączno ,,836,322,525,463,471,686,416,452,1168,1455,1216,1674,9684
Rutwica,POLREGIO Spółka Akcyjna,854,328,527,463,480,690,416,461,1126,1415,1138,1613,9511
Rutwica ,,854,328,527,463,480,690,416,461,1126,1415,1138,1613,9511
Jeziorki Wałeckie,POLREGIO Spółka Akcyjna,869,339,523,468,507,697,468,476,1103,1379,1127,1626,9582
Jeziorki Wałeckie ,,869,339,523,468,507,697,468,476,1103,1379,1127,1626,9582
Krępa Krajeńska,POLREGIO Spółka Akcyjna,870,340,524,468,405,699,470,480,1106,1427,1130,1618,9537
Krępa Krajeńska ,,870,340,524,468,405,699,470,480,1106,1427,1130,1618,9537
Dąbrowa Oleśnicka,POLREGIO Spółka Akcyjna,640,1060,843,471,658,498,621,441,1521,372,429,756,8310
Dąbrowa Oleśnicka,Koleje Dolnośląskie S.A.,,,,,,,,,,57,,,57
Dąbrowa Oleśnicka ,,640,1060,843,471,658,498,621,441,1521,429,429,756,8367
Biały Zdrój Południowy,POLREGIO Spółka Akcyjna,865,339,525,467,389,707,466,473,1122,1453,1114,1641,9561
Biały Zdrój Południowy ,,865,339,525,467,389,707,466,473,1122,1453,1114,1641,9561
Żółtnica,POLREGIO Spółka Akcyjna,918,156,411,567,812,865,517,643,330,250,272,580,6321
Żółtnica ,,918,156,411,567,812,865,517,643,330,250,272,580,6321
Czarnobór,POLREGIO Spółka Akcyjna,908,152,409,557,813,857,517,630,320,247,269,573,6252
Czarnobór ,,908,152,409,557,813,857,517,630,320,247,269,573,6252
Sadlinki,POLREGIO Spółka Akcyjna,396,119,387,83,219,343,980,636,96,222,132,198,3811
Sadlinki ,,396,119,387,83,219,343,980,636,96,222,132,198,3811
Dziwno,POLREGIO Spółka Akcyjna,426,129,388,88,218,343,978,652,94,217,132,217,3882
Dziwno ,,426,129,388,88,218,343,978,652,94,217,132,217,3882
Gardeja,POLREGIO Spółka Akcyjna,401,130,383,81,218,328,954,652,80,199,131,212,3769
Gardeja ,,401,130,383,81,218,328,954,652,80,199,131,212,3769
Pisz,PKP INTERCITY Spółka Akcyjna ,1488,223,593,283,540,606,915,856,330,418,790,731,7773
Pisz,POLREGIO Spółka Akcyjna,552,571,321,183,272,456,782,628,235,342,268,338,4948
Pisz ,,2040,794,914,466,812,1062,1697,1484,565,760,1058,1069,12721
Ruciane-Nida,PKP INTERCITY Spółka Akcyjna ,1519,285,661,308,672,778,1064,963,352,498,802,772,8674
Ruciane-Nida,POLREGIO Spółka Akcyjna,598,599,327,185,300,469,785,636,224,343,199,361,5026
Ruciane-Nida ,,2117,884,988,493,972,1247,1849,1599,576,841,1001,1133,13700
Gorzów Wielkopolski Zamoście,POLREGIO Spółka Akcyjna,1179,541,948,797,989,803,2255,1837,1234,1677,1758,2117,16135
Gorzów Wielkopolski Zamoście ,,1179,541,948,797,989,803,2255,1837,1234,1677,1758,2117,16135
Gorzów Wielkopolski Zieleniec,POLREGIO Spółka Akcyjna,1195,543,950,794,986,804,2254,1836,1242,1684,1766,2126,16180
Gorzów Wielkopolski Zieleniec ,,1195,543,950,794,986,804,2254,1836,1242,1684,1766,2126,16180
Deszczno,POLREGIO Spółka Akcyjna,1196,547,1011,838,1041,802,2268,1876,1259,1762,1792,2246,16638
Deszczno ,,1196,547,1011,838,1041,802,2268,1876,1259,1762,1792,2246,16638
Biała Piska,PKP INTERCITY Spółka Akcyjna ,1539,247,673,286,563,625,914,863,352,428,796,781,8067
Biała Piska,POLREGIO Spółka Akcyjna,524,543,310,172,220,308,776,567,247,325,298,390,4680
Biała Piska ,,2063,790,983,458,783,933,1690,1430,599,753,1094,1171,12747
Zaklików Miasto,POLREGIO Spółka Akcyjna,560,280,651,320,314,878,952,698,498,567,305,595,6618
Zaklików Miasto ,,560,280,651,320,314,878,952,698,498,567,305,595,6618
Pilchów,POLREGIO Spółka Akcyjna,491,257,638,317,279,811,875,626,443,501,259,557,6054
Pilchów ,,491,257,638,317,279,811,875,626,443,501,259,557,6054
Lipa,POLREGIO Spółka Akcyjna,497,259,645,319,294,812,884,643,440,505,268,563,6129
Lipa ,,497,259,645,319,294,812,884,643,440,505,268,563,6129
Kępa,POLREGIO Spółka Akcyjna,492,258,639,321,286,823,888,633,444,504,268,561,6117
Kępa ,,492,258,639,321,286,823,888,633,444,504,268,561,6117
Kobylec,Koleje Wielkopolskie Sp. z o.o.,464,72,81,22,88,1222,222,18,66,65,69,286,2675
Kobylec,CARGO Master Spółka z o.o.,,,,,,,,,,,,,
Kobylec ,,464,72,81,22,88,1222,222,18,66,65,69,286,2675
Gołańcz,Koleje Wielkopolskie Sp. z o.o.,466,64,83,15,77,1205,211,10,64,51,36,266,2548
Gołańcz,CARGO Master Spółka z o.o.,,,,,,,,,,,,,
Gołańcz ,,466,64,83,15,77,1205,211,10,64,51,36,266,2548
Laskownica,Koleje Wielkopolskie Sp. z o.o.,466,73,83,22,72,1221,210,10,66,66,61,279,2629
Laskownica ,,466,73,83,22,72,1221,210,10,66,66,61,279,2629
Grylewo,Koleje Wielkopolskie Sp. z o.o.,467,73,82,22,85,1223,220,16,67,66,60,284,2665
Grylewo ,,467,73,82,22,85,1223,220,16,67,66,60,284,2665
Herby Nowe,POLREGIO Spółka Akcyjna,280,,20,81,93,245,105,143,49,368,322,129,1835
Herby Nowe,Koleje Śląskie Spółka z o.o.,,,,,,,,,,,,,
Herby Nowe ,,280,,20,81,93,245,105,143,49,368,322,129,1835
Trzebiszewo,POLREGIO Spółka Akcyjna,1179,537,998,830,1048,784,2245,1839,1231,1747,1771,2217,16426
Trzebiszewo ,,1179,537,998,830,1048,784,2245,1839,1231,1747,1771,2217,16426
Gorzów Wielkopolski Karnin,POLREGIO Spółka Akcyjna,1198,551,1009,842,1035,794,2296,1866,1262,1782,1791,2250,16676
Gorzów Wielkopolski Karnin ,,1198,551,1009,842,1035,794,2296,1866,1262,1782,1791,2250,16676
Brzozowiec Gorzowski,POLREGIO Spółka Akcyjna,1185,543,1006,835,1048,789,2254,1847,1249,1764,1778,2233,16531
Brzozowiec Gorzowski ,,1185,543,1006,835,1048,789,2254,1847,1249,1764,1778,2233,16531
Rzeczyca,POLREGIO Spółka Akcyjna,586,320,635,351,316,842,945,525,450,573,311,661,6515
Rzeczyca ,,586,320,635,351,316,842,945,525,450,573,311,661,6515
Potok Kraśnicki,POLREGIO Spółka Akcyjna,580,335,638,360,337,872,988,577,544,575,309,646,6761
Potok Kraśnicki ,,580,335,638,360,337,872,988,577,544,575,309,646,6761
Zawidz Kościelny,Koleje Mazowieckie - KM Spółka z o.o.,1714,807,624,537,212,668,335,119,47,,,163,5226
Zawidz Kościelny ,,1714,807,624,537,212,668,335,119,47,,,163,5226
Zawidz,Koleje Mazowieckie - KM Spółka z o.o.,1709,810,625,535,217,666,331,121,47,,,156,5217
Zawidz ,,1709,810,625,535,217,666,331,121,47,,,156,5217
Mieszaki,Koleje Mazowieckie - KM Spółka z o.o.,1704,803,627,534,219,675,326,126,47,,,155,5216
Mieszaki ,,1704,803,627,534,219,675,326,126,47,,,155,5216
Koziebrody,Koleje Mazowieckie - KM Spółka z o.o.,1738,820,637,535,225,676,339,108,49,6,,169,5302
Koziebrody ,,1738,820,637,535,225,676,339,108,49,6,,169,5302
Zwierzyniec,POLREGIO Spółka Akcyjna,505,220,197,376,739,593,2598,2576,2310,1382,645,279,12420
Zwierzyniec,PKP INTERCITY Spółka Akcyjna ,843,376,395,335,367,324,458,608,387,448,530,690,5761
Zwierzyniec ,,1348,596,592,711,1106,917,3056,3184,2697,1830,1175,969,18181
Zakrzewo Złotowskie,POLREGIO Spółka Akcyjna,405,240,248,537,411,496,695,438,277,527,634,595,5503
Zakrzewo Złotowskie,Koleje Wielkopolskie Sp. z o.o.,,,,,,,,,,,,,
Zakrzewo Złotowskie ,,405,240,248,537,411,496,695,438,277,527,634,595,5503
Szczebrzeszyn,POLREGIO Spółka Akcyjna,491,225,202,306,748,597,2596,2718,2253,1283,547,257,12223
Szczebrzeszyn,PKP INTERCITY Spółka Akcyjna ,874,396,409,345,380,317,470,616,323,483,539,685,5837
Szczebrzeszyn ,,1365,621,611,651,1128,914,3066,3334,2576,1766,1086,942,18060
Wierzchowo Człuchowskie,POLREGIO Spółka Akcyjna,342,164,186,489,373,450,661,320,245,475,524,593,4822
Wierzchowo Człuchowskie ,,342,164,186,489,373,450,661,320,245,475,524,593,4822
Bukowo Człuchowskie,POLREGIO Spółka Akcyjna,354,206,192,496,375,477,692,363,276,506,549,584,5070
Bukowo Człuchowskie ,,354,206,192,496,375,477,692,363,276,506,549,584,5070
Rzeczyca-Kolonia,POLREGIO Spółka Akcyjna,649,358,667,355,343,884,735,564,492,585,331,480,6443
Rzeczyca-Kolonia ,,649,358,667,355,343,884,735,564,492,585,331,480,6443
Polichna Kraśnicka,POLREGIO Spółka Akcyjna,639,352,657,351,322,872,735,563,492,596,332,475,6386
Polichna Kraśnicka ,,639,352,657,351,322,872,735,563,492,596,332,475,6386
Moszczenica Pomorska,POLREGIO Spółka Akcyjna,316,159,192,558,378,455,712,327,254,491,557,613,5012
Moszczenica Pomorska ,,316,159,192,558,378,455,712,327,254,491,557,613,5012
Polanica-Zdrój,Koleje Dolnośląskie S.A.,1008,358,888,953,1290,989,2039,2257,,,,,9782
Polanica-Zdrój,PKP INTERCITY Spółka Akcyjna ,9,6,64,55,102,41,211,170,,,,,658
Polanica-Zdrój ,,1017,364,952,1008,1392,1030,2250,2427,,,,,10440
Nowa Ruda Przedmieście,Koleje Dolnośląskie S.A.,1018,413,707,757,796,499,961,872,1589,2705,1025,1143,12485
Nowa Ruda Przedmieście,CARGO Master Spółka z o.o.,,,,11,,,,,,,,,11
Nowa Ruda Przedmieście ,,1018,413,707,768,796,499,961,872,1589,2705,1025,1143,12496
Szczytna,Koleje Dolnośląskie S.A.,1104,422,994,1109,1413,1081,2200,2418,,,,,10741
Szczytna,PKP INTERCITY Spółka Akcyjna ,9,6,73,57,101,41,57,171,,,,,515
Szczytna ,,1113,428,1067,1166,1514,1122,2257,2589,,,,,11256
Duszniki-Zdrój,Koleje Dolnośląskie S.A.,1043,364,967,1055,1397,1019,2171,2349,,,,,10365
Duszniki-Zdrój,PKP INTERCITY Spółka Akcyjna ,,,,,22,15,16,97,,,,,150
Duszniki-Zdrój ,,1043,364,967,1055,1419,1034,2187,2446,,,,,10515
Kleszczele,POLREGIO Spółka Akcyjna,513,434,232,205,318,377,414,494,529,256,322,276,4370
Kleszczele ,,513,434,232,205,318,377,414,494,529,256,322,276,4370
Podbiele,POLREGIO Spółka Akcyjna,552,405,279,270,347,375,446,503,549,300,333,287,4646
Podbiele ,,552,405,279,270,347,375,446,503,549,300,333,287,4646
Gregorowce,POLREGIO Spółka Akcyjna,522,401,269,279,335,366,425,511,535,260,306,284,4493
Gregorowce ,,522,401,269,279,335,366,425,511,535,260,306,284,4493
Suchowolce,POLREGIO Spółka Akcyjna,514,421,259,207,322,369,437,511,529,252,319,277,4417
Suchowolce ,,514,421,259,207,322,369,437,511,529,252,319,277,4417
Gregorowce Południowe,POLREGIO Spółka Akcyjna,521,421,265,182,336,365,425,509,529,255,314,278,4400
Gregorowce Południowe ,,521,421,265,182,336,365,425,509,529,255,314,278,4400
Głębokie Międzyrzeckie,POLREGIO Spółka Akcyjna,1133,564,989,823,966,786,2140,1791,1141,1470,1814,2130,15747
Głębokie Międzyrzeckie ,,1133,564,989,823,966,786,2140,1791,1141,1470,1814,2130,15747
Kostomłoty,POLREGIO Spółka Akcyjna,757,168,238,129,236,312,424,516,166,374,433,376,4129
Kostomłoty,Łódzka Kolej Aglomeracyjna Sp. z o.o.,,,,,,,,,,,,51,51
Kostomłoty ,,757,168,238,129,236,312,424,516,166,374,433,427,4180
Kozy,POLREGIO Spółka Akcyjna,2326,760,608,612,1185,1035,1156,134,,,,,7816
Kozy ,,2326,760,608,612,1185,1035,1156,134,,,,,7816
Kęty Podlesie,POLREGIO Spółka Akcyjna,2653,972,670,644,1250,1037,1110,136,,,,,8472
Kęty Podlesie ,,2653,972,670,644,1250,1037,1110,136,,,,,8472
Kozy Zagroda,POLREGIO Spółka Akcyjna,2646,975,679,653,1270,1046,1110,138,,,,,8517
Kozy Zagroda ,,2646,975,679,653,1270,1046,1110,138,,,,,8517
Krzemionki,POLREGIO Spółka Akcyjna,2335,785,646,627,1282,1052,957,126,,,,,7810
Krzemionki ,,2335,785,646,627,1282,1052,957,126,,,,,7810
Bielsko-Biała Wschód,POLREGIO Spółka Akcyjna,2237,744,598,631,1355,1323,946,126,,,,,7960
Bielsko-Biała Wschód ,,2237,744,598,631,1355,1323,946,126,,,,,7960
Stara Piła,POLREGIO Spółka Akcyjna,,,47,,18,72,102,154,221,65,45,81,805
Stara Piła,CARGO Master Spółka z o.o.,,13,,,,,,,,,,,13
Stara Piła ,,,13,47,,18,72,102,154,221,65,45,81,818
Gdańsk Kokoszki,POLREGIO Spółka Akcyjna,,,29,,12,65,109,169,221,69,46,88,808
Gdańsk Kokoszki ,,,,29,,12,65,109,169,221,69,46,88,808
Żukowo Zachodnie,POLREGIO Spółka Akcyjna,,,38,6,20,71,110,157,218,64,50,95,829
Żukowo Zachodnie ,,,,38,6,20,71,110,157,218,64,50,95,829
Otomino,POLREGIO Spółka Akcyjna,,,46,,19,71,107,160,212,64,49,87,815
Otomino ,,,,46,,19,71,107,160,212,64,49,87,815
Leźno,POLREGIO Spółka Akcyjna,,,51,,18,80,107,174,224,67,46,95,862
Leźno ,,,,51,,18,80,107,174,224,67,46,95,862
Popowo Skwierzyńskie,POLREGIO Spółka Akcyjna,1140,571,993,834,969,785,2157,1781,1134,1482,1819,2130,15795
Popowo Skwierzyńskie ,,1140,571,993,834,969,785,2157,1781,1134,1482,1819,2130,15795
Pogwizdów,Koleje Śląskie Spółka z o.o.,263,166,170,286,190,345,234,44,188,206,467,576,3135
Pogwizdów ,,263,166,170,286,190,345,234,44,188,206,467,576,3135
Kundzin,POLREGIO Spółka Akcyjna,1277,635,193,41,237,108,107,460,190,86,399,44,3777
Kundzin ,,1277,635,193,41,237,108,107,460,190,86,399,44,3777
Kuźnica Białostocka,POLREGIO Spółka Akcyjna,1209,605,185,28,230,102,100,492,182,80,378,27,3618
Kuźnica Białostocka ,,1209,605,185,28,230,102,100,492,182,80,378,27,3618
Kończyce,Koleje Śląskie Spółka z o.o.,258,172,169,285,189,338,237,45,198,203,462,602,3158
Kończyce ,,258,172,169,285,189,338,237,45,198,203,462,602,3158
Kaczyce,Koleje Śląskie Spółka z o.o.,259,156,160,281,188,342,232,44,197,192,458,578,3087
Kaczyce ,,259,156,160,281,188,342,232,44,197,192,458,578,3087
Czuprynowo,POLREGIO Spółka Akcyjna,1223,615,201,40,236,103,104,496,186,83,387,36,3710
Czuprynowo ,,1223,615,201,40,236,103,104,496,186,83,387,36,3710
Cieszyn Marklowice,Koleje Śląskie Spółka z o.o.,253,165,167,271,183,344,220,43,181,189,407,569,2992
Cieszyn Marklowice ,,253,165,167,271,183,344,220,43,181,189,407,569,2992
Złojec,POLREGIO Spółka Akcyjna,462,49,171,152,873,523,1896,1438,641,418,478,538,7639
Złojec ,,462,49,171,152,873,523,1896,1438,641,418,478,538,7639
Krzak,POLREGIO Spółka Akcyjna,477,48,170,149,787,513,1858,1400,632,414,479,537,7464
Krzak ,,477,48,170,149,787,513,1858,1400,632,414,479,537,7464
Tarzymiechy,POLREGIO Spółka Akcyjna,544,73,172,149,806,535,1870,1443,636,415,549,542,7734
Tarzymiechy ,,544,73,172,149,806,535,1870,1443,636,415,549,542,7734
Krasnystaw Fabryczny,POLREGIO Spółka Akcyjna,550,85,176,153,631,495,1764,1314,533,389,546,531,7167
Krasnystaw Fabryczny ,,550,85,176,153,631,495,1764,1314,533,389,546,531,7167
Wólka Orłowska,POLREGIO Spółka Akcyjna,597,63,176,149,810,540,1813,1449,569,433,553,541,7693
Wólka Orłowska ,,597,63,176,149,810,540,1813,1449,569,433,553,541,7693
Lutol Suchy,POLREGIO Spółka Akcyjna,1090,538,873,937,950,755,1638,1764,983,1371,705,1846,13450
Lutol Suchy ,,1090,538,873,937,950,755,1638,1764,983,1371,705,1846,13450
Dąbrówka Wielkopolska,POLREGIO Spółka Akcyjna,1156,539,872,856,1010,792,1655,1752,1045,1377,727,1881,13662
Dąbrówka Wielkopolska ,,1156,539,872,856,1010,792,1655,1752,1045,1377,727,1881,13662
Chociszewo Rogoziniec,POLREGIO Spółka Akcyjna,1169,560,870,906,1006,792,1673,1743,1048,1362,721,1877,13727
Chociszewo Rogoziniec ,,1169,560,870,906,1006,792,1673,1743,1048,1362,721,1877,13727
Sucha Beskidzka Zamek,PKP INTERCITY Spółka Akcyjna ,3462,643,954,757,1229,1567,2707,3507,1709,708,924,1927,20094
Sucha Beskidzka Zamek,Koleje Małopolskie Sp. z o.o.,191,,,,13,,27,37,,,,19,287
Sucha Beskidzka Zamek,Koleje Śląskie Spółka z o.o.,,,,,,,,,,,,58,58
Sucha Beskidzka Zamek ,,3653,643,954,757,1242,1567,2734,3544,1709,708,924,2004,20439
Szydłowo Krajeńskie,POLREGIO Spółka Akcyjna,569,344,467,271,413,575,387,399,996,1197,1043,1143,7804
Szydłowo Krajeńskie ,,569,344,467,271,413,575,387,399,996,1197,1043,1143,7804
Dobino Wałeckie,POLREGIO Spółka Akcyjna,571,349,471,277,425,592,398,409,1041,1263,1067,1178,8041
Dobino Wałeckie ,,571,349,471,277,425,592,398,409,1041,1263,1067,1178,8041
Gorzuchów Kłodzki,Koleje Dolnośląskie S.A.,940,364,671,683,761,538,950,796,425,2628,1135,1059,10950
Gorzuchów Kłodzki ,,940,364,671,683,761,538,950,796,425,2628,1135,1059,10950
Bierkowice,Koleje Dolnośląskie S.A.,923,359,668,675,742,509,928,788,422,2643,1138,1050,10845
Bierkowice ,,923,359,668,675,742,509,928,788,422,2643,1138,1050,10845
Biały Bór,POLREGIO Spółka Akcyjna,662,337,413,887,638,518,989,674,336,242,248,454,6398
Biały Bór,CARGO Master Spółka z o.o.,,,,,12,,,,,,,,12
Biały Bór ,,662,337,413,887,650,518,989,674,336,242,248,454,6410
Gwda Mała,POLREGIO Spółka Akcyjna,678,356,472,933,649,599,954,671,332,149,286,462,6541
Gwda Mała ,,678,356,472,933,649,599,954,671,332,149,286,462,6541
Drzonowo,POLREGIO Spółka Akcyjna,676,356,472,916,650,598,966,669,339,149,288,465,6544
Drzonowo ,,676,356,472,916,650,598,966,669,339,149,288,465,6544
Sińczyca,POLREGIO Spółka Akcyjna,600,84,128,263,40,699,236,834,63,286,130,292,3655
Sińczyca ,,600,84,128,263,40,699,236,834,63,286,130,292,3655
Nowy Jarosław,POLREGIO Spółka Akcyjna,605,85,128,266,41,694,264,844,69,290,132,302,3720
Nowy Jarosław ,,605,85,128,266,41,694,264,844,69,290,132,302,3720
Darłowo,POLREGIO Spółka Akcyjna,593,72,120,254,24,700,189,715,46,342,100,249,3404
Darłowo ,,593,72,120,254,24,700,189,715,46,342,100,249,3404
Boleszewo,POLREGIO Spółka Akcyjna,602,86,128,267,43,698,290,870,71,292,142,302,3791
Boleszewo ,,602,86,128,267,43,698,290,870,71,292,142,302,3791
Pruchna,Koleje Śląskie Spółka z o.o.,432,248,336,392,274,440,320,120,213,150,459,689,4073
Pruchna ,,432,248,336,392,274,440,320,120,213,150,459,689,4073
Drogomyśl,Koleje Śląskie Spółka z o.o.,439,266,333,394,251,457,334,126,200,160,460,711,4131
Drogomyśl ,,439,266,333,394,251,457,334,126,200,160,460,711,4131
Rudnik Stróża,POLREGIO Spółka Akcyjna,403,116,90,53,70,120,405,76,230,192,298,219,2272
Rudnik Stróża ,,403,116,90,53,70,120,405,76,230,192,298,219,2272
Nisko Racławice,POLREGIO Spółka Akcyjna,388,102,88,23,71,121,400,73,223,174,302,247,2212
Nisko Racławice ,,388,102,88,23,71,121,400,73,223,174,302,247,2212
Nisko Osiedle,POLREGIO Spółka Akcyjna,363,101,89,21,64,116,365,60,227,170,306,272,2154
Nisko Osiedle ,,363,101,89,21,64,116,365,60,227,170,306,272,2154
Nisko Podwolina,POLREGIO Spółka Akcyjna,397,108,90,23,76,121,394,73,223,173,298,238,2214
Nisko Podwolina ,,397,108,90,23,76,121,394,73,223,173,298,238,2214
Moskale,POLREGIO Spółka Akcyjna,356,102,89,21,64,115,365,60,220,174,305,276,2147
Moskale ,,356,102,89,21,64,115,365,60,220,174,305,276,2147
Panowice,POLREGIO Spółka Akcyjna,1109,540,947,797,965,767,1682,1741,1066,1094,698,2045,13451
Panowice ,,1109,540,947,797,965,767,1682,1741,1066,1094,698,2045,13451
Bukowiec Międzyrzecki,POLREGIO Spółka Akcyjna,1122,566,956,802,961,765,1723,1753,1110,1104,691,2047,13600
Bukowiec Międzyrzecki ,,1122,566,956,802,961,765,1723,1753,1110,1104,691,2047,13600
Stary Wielisław,Koleje Dolnośląskie S.A.,1105,402,862,931,1144,1008,2040,2262,,,,,9754
Stary Wielisław ,,1105,402,862,931,1144,1008,2040,2262,,,,,9754
Szczecinek Chyże,POLREGIO Spółka Akcyjna,3014,695,1831,779,938,2040,1757,1678,35,,,3904,16671
Szczecinek Chyże ,,3014,695,1831,779,938,2040,1757,1678,35,,,3904,16671
Grzmiąca,POLREGIO Spółka Akcyjna,2759,640,1512,666,744,1903,1528,1580,27,,,3959,15318
Grzmiąca ,,2759,640,1512,666,744,1903,1528,1580,27,,,3959,15318
Tychowo,POLREGIO Spółka Akcyjna,2760,558,1477,490,661,1710,1337,1377,45,,,3943,14358
Tychowo ,,2760,558,1477,490,661,1710,1337,1377,45,,,3943,14358
Osie,Arriva RP Sp. z o.o.,137,77,61,297,93,245,359,117,857,569,436,313,3561
Osie ,,137,77,61,297,93,245,359,117,857,569,436,313,3561
Kwiatki,Arriva RP Sp. z o.o.,139,99,62,303,104,253,374,131,865,566,426,319,3641
Kwiatki ,,139,99,62,303,104,253,374,131,865,566,426,319,3641
Dąbrowy,Arriva RP Sp. z o.o.,141,99,65,290,107,258,383,153,841,571,418,309,3635
Dąbrowy ,,141,99,65,290,107,258,383,153,841,571,418,309,3635
Czersk Świecki,Arriva RP Sp. z o.o.,139,99,61,298,104,251,373,133,851,561,423,313,3606
Czersk Świecki ,,139,99,61,298,104,251,373,133,851,561,423,313,3606
Tleń,Arriva RP Sp. z o.o.,117,74,61,307,88,254,374,121,915,478,446,359,3594
Tleń ,,117,74,61,307,88,254,374,121,915,478,446,359,3594
Śliwice,Arriva RP Sp. z o.o.,117,74,53,312,85,256,406,115,877,429,466,336,3526
Śliwice ,,117,74,53,312,85,256,406,115,877,429,466,336,3526
Śliwiczki,Arriva RP Sp. z o.o.,118,74,53,312,87,251,389,121,899,432,461,335,3532
Śliwiczki ,,118,74,53,312,87,251,389,121,899,432,461,335,3532
Łążek,Arriva RP Sp. z o.o.,120,76,59,307,86,255,373,108,907,474,455,341,3561
Łążek ,,120,76,59,307,86,255,373,108,907,474,455,341,3561
Laski Tucholskie,Arriva RP Sp. z o.o.,116,74,59,310,86,250,381,107,897,472,458,335,3545
Laski Tucholskie ,,116,74,59,310,86,250,381,107,897,472,458,335,3545
Nowy Świętów,POLREGIO Spółka Akcyjna,791,620,740,441,702,329,788,567,405,365,1153,631,7532
Nowy Świętów,CARGO Master Spółka z o.o.,,,,,,,,,,,,,
Nowy Świętów,PKP INTERCITY Spółka Akcyjna ,,,,,,,,,,,,,
Nowy Świętów ,,791,620,740,441,702,329,788,567,405,365,1153,631,7532
Knurów,Koleje Śląskie Spółka z o.o.,65,32,34,24,49,277,575,673,529,463,899,412,4032
Knurów ,,65,32,34,24,49,277,575,673,529,463,899,412,4032
Słosinko,POLREGIO Spółka Akcyjna,719,360,384,,497,579,1221,849,364,256,274,481,5984
Słosinko ,,719,360,384,,497,579,1221,849,364,256,274,481,5984
Zagórz,PKP INTERCITY Spółka Akcyjna ,612,397,445,306,230,279,550,963,549,421,301,237,5290
Zagórz,POLREGIO Spółka Akcyjna,108,,112,44,61,192,262,35,65,73,179,43,1174
Zagórz,SKPL Cargo Sp. z o.o.  (przewozy pasażerskie),,,,,,,,,,25,,,25
Zagórz ,,720,397,557,350,291,471,812,998,614,519,480,280,6489
Przyszowice,Koleje Śląskie Spółka z o.o.,70,32,37,32,59,283,449,756,511,492,880,427,4028
Przyszowice ,,70,32,37,32,59,283,449,756,511,492,880,427,4028
Grudziądz Rządz,Arriva RP Sp. z o.o.,,,,,,,,,1614,572,1347,552,4085
Grudziądz Rządz ,,,,,,,,,,1614,572,1347,552,4085
Lichkov,Koleje Dolnośląskie S.A.,880,349,301,215,209,371,688,829,,,,315,4157
Lichkov,PKP INTERCITY Spółka Akcyjna ,,,,,,,,,,,,1196,1196
Lichkov,LEO Express Global a.s.,,,,,,,,,,,,,
Lichkov ,,880,349,301,215,209,371,688,829,,,,1511,5353
Płońsk,Koleje Mazowieckie - KM Spółka z o.o.,1732,941,576,463,305,677,389,18,,38,200,222,5561
Płońsk,CARGO Master Spółka z o.o.,,,,,,,,,,,,,
Płońsk ,,1732,941,576,463,305,677,389,18,,38,200,222,5561
Żary Kunice,POLREGIO Spółka Akcyjna,594,415,318,697,225,504,388,771,3193,2519,4171,2025,15820
Żary Kunice ,,594,415,318,697,225,504,388,771,3193,2519,4171,2025,15820
Zduny,Koleje Dolnośląskie S.A.,228,166,142,125,142,123,473,493,247,124,350,381,2994
Zduny,Koleje Wielkopolskie Sp. z o.o.,14,9,29,17,63,384,192,,,,,,708
Zduny ,,242,175,171,142,205,507,665,493,247,124,350,381,3702
Wieluń Dąbrowa,POLREGIO Spółka Akcyjna,287,13,23,8,73,502,287,259,116,388,334,119,2409
Wieluń Dąbrowa,Koleje Śląskie Spółka z o.o.,,,,,,8,,,,,,,8
Wieluń Dąbrowa,Łódzka Kolej Aglomeracyjna Sp. z o.o.,,,,,,,,,,,,,
Wieluń Dąbrowa ,,287,13,23,8,73,510,287,259,116,388,334,119,2417
Cieszków,Koleje Dolnośląskie S.A.,229,161,144,134,147,126,481,526,253,134,352,385,3072
Cieszków,Koleje Wielkopolskie Sp. z o.o.,15,9,29,17,63,385,192,,,,,,710
Cieszków ,,244,170,173,151,210,511,673,526,253,134,352,385,3782
Janinów,POLREGIO Spółka Akcyjna,277,8,24,23,77,498,299,225,144,401,338,132,2446
Janinów,Koleje Śląskie Spółka z o.o.,,,,,,8,,,,,,,8
Janinów ,,277,8,24,23,77,506,299,225,144,401,338,132,2454
Przeradz,POLREGIO Spółka Akcyjna,2800,653,1846,859,842,1836,1477,1314,27,,,4240,15894
Przeradz ,,2800,653,1846,859,842,1836,1477,1314,27,,,4240,15894
Pątnów Wieluński,POLREGIO Spółka Akcyjna,256,13,23,15,75,501,308,271,132,390,347,129,2460
Pątnów Wieluński,Koleje Śląskie Spółka z o.o.,,,,,,8,,,,,,,8
Pątnów Wieluński ,,256,13,23,15,75,509,308,271,132,390,347,129,2468
Podborsko,POLREGIO Spółka Akcyjna,2581,519,1356,447,586,1559,1381,1164,43,,,4435,14071
Podborsko ,,2581,519,1356,447,586,1559,1381,1164,43,,,4435,14071
Iwin,POLREGIO Spółka Akcyjna,2751,625,1813,832,803,1791,1421,1275,27,,,4004,15342
Iwin ,,2751,625,1813,832,803,1791,1421,1275,27,,,4004,15342
Jaworzno koło Wielunia,POLREGIO Spółka Akcyjna,329,10,31,25,84,512,300,223,155,405,359,161,2594
Jaworzno koło Wielunia ,,329,10,31,25,84,512,300,223,155,405,359,161,2594
Dalęcino,POLREGIO Spółka Akcyjna,2970,682,1848,815,815,1791,1436,1251,35,,,4133,15776
Dalęcino ,,2970,682,1848,815,815,1791,1436,1251,35,,,4133,15776
Wielanowo,POLREGIO Spółka Akcyjna,2809,617,1618,648,684,1693,1309,1125,30,,,4011,14544
Wielanowo ,,2809,617,1618,648,684,1693,1309,1125,30,,,4011,14544
Panki,POLREGIO Spółka Akcyjna,308,,19,32,45,145,291,167,81,382,296,125,1891
Panki,Koleje Śląskie Spółka z o.o.,,,,,,7,,,,,,,7
Panki ,,308,,19,32,45,152,291,167,81,382,296,125,1898
Dzietrzniki,POLREGIO Spółka Akcyjna,278,14,24,22,82,516,314,276,136,395,358,133,2548
Dzietrzniki ,,278,14,24,22,82,516,314,276,136,395,358,133,2548
Kuleje,POLREGIO Spółka Akcyjna,322,,20,66,47,143,153,172,88,387,307,135,1840
Kuleje ,,322,,20,66,47,143,153,172,88,387,307,135,1840
Kudowa-Zdrój,Koleje Dolnośląskie S.A.,920,242,712,907,1191,842,2017,2189,,,,,9020
Kudowa-Zdrój,PKP INTERCITY Spółka Akcyjna ,,,,,21,13,28,93,,,,,155
Kudowa-Zdrój ,,920,242,712,907,1212,855,2045,2282,,,,,9175
Stawiguda,POLREGIO Spółka Akcyjna,670,142,231,48,61,94,216,337,153,458,441,225,3076
Stawiguda ,,670,142,231,48,61,94,216,337,153,458,441,225,3076
Gryźliny,POLREGIO Spółka Akcyjna,672,141,225,48,60,94,236,336,152,457,441,225,3087
Gryźliny ,,672,141,225,48,60,94,236,336,152,457,441,225,3087
Gągławki,POLREGIO Spółka Akcyjna,657,134,238,48,61,67,158,246,154,424,413,206,2806
Gągławki ,,657,134,238,48,61,67,158,246,154,424,413,206,2806
Bartąg,POLREGIO Spółka Akcyjna,722,117,234,48,61,69,157,231,153,497,392,208,2889
Bartąg ,,722,117,234,48,61,69,157,231,153,497,392,208,2889
Zakrzów-Sarnowo,POLREGIO Spółka Akcyjna,526,195,80,143,87,105,322,367,214,422,431,272,3164
Zakrzów-Sarnowo ,,526,195,80,143,87,105,322,367,214,422,431,272,3164
Wietrzychowo,POLREGIO Spółka Akcyjna,568,119,81,114,123,93,275,362,175,479,436,239,3064
Wietrzychowo ,,568,119,81,114,123,93,275,362,175,479,436,239,3064
Waplewo,POLREGIO Spółka Akcyjna,491,141,74,47,81,103,198,310,166,417,317,140,2485
Waplewo ,,491,141,74,47,81,103,198,310,166,417,317,140,2485
Kozłowo,POLREGIO Spółka Akcyjna,490,156,50,140,68,90,304,361,117,328,343,260,2707
Kozłowo ,,490,156,50,140,68,90,304,361,117,328,343,260,2707
Dobrzyń,POLREGIO Spółka Akcyjna,579,132,91,114,123,95,293,376,174,488,431,236,3132
Dobrzyń ,,579,132,91,114,123,95,293,376,174,488,431,236,3132
Bujaki,POLREGIO Spółka Akcyjna,570,138,101,114,124,103,294,377,174,486,407,229,3117
Bujaki ,,570,138,101,114,124,103,294,377,174,486,407,229,3117
Medyka,POLREGIO Spółka Akcyjna,254,54,170,49,176,68,627,141,155,326,250,174,2444
Medyka,PKP INTERCITY Spółka Akcyjna ,,,,,47,,53,,94,39,,,233
Medyka ,,254,54,170,49,223,68,680,141,249,365,250,174,2677
Przemyśl Wschodni,POLREGIO Spółka Akcyjna,264,69,162,109,182,134,658,190,182,337,255,175,2717
Przemyśl Wschodni ,,264,69,162,109,182,134,658,190,182,337,255,175,2717
Medyka Towarowa,POLREGIO Spółka Akcyjna,262,63,162,88,178,127,648,169,176,333,247,181,2634
Medyka Towarowa ,,262,63,162,88,178,127,648,169,176,333,247,181,2634
Medyka Rozrządowa,POLREGIO Spółka Akcyjna,257,55,168,79,178,112,637,159,172,331,247,172,2567
Medyka Rozrządowa ,,257,55,168,79,178,112,637,159,172,331,247,172,2567
Hurko,POLREGIO Spółka Akcyjna,263,64,164,104,188,124,655,188,182,327,252,171,2682
Hurko ,,263,64,164,104,188,124,655,188,182,327,252,171,2682
Myśliczyn,POLREGIO Spółka Akcyjna,1023,570,342,242,329,402,447,460,518,328,968,288,5917
Myśliczyn ,,1023,570,342,242,329,402,447,460,518,328,968,288,5917
Skoroszyce,POLREGIO Spółka Akcyjna,984,590,332,232,312,389,446,395,506,310,928,252,5676
Skoroszyce ,,984,590,332,232,312,389,446,395,506,310,928,252,5676
Pakosławice,POLREGIO Spółka Akcyjna,996,566,333,238,313,388,448,417,506,320,940,254,5719
Pakosławice ,,996,566,333,238,313,388,448,417,506,320,940,254,5719
Grodków Śląski,POLREGIO Spółka Akcyjna,930,588,333,241,320,402,455,385,508,341,864,231,5598
Grodków Śląski,PKP INTERCITY Spółka Akcyjna ,,,,,,,,27,,,,,27
Grodków Śląski ,,930,588,333,241,320,402,455,412,508,341,864,231,5625
Chróścina Nyska,POLREGIO Spółka Akcyjna,966,589,332,232,312,394,450,388,505,310,899,240,5617
Chróścina Nyska ,,966,589,332,232,312,394,450,388,505,310,899,240,5617
Stary Grodków,POLREGIO Spółka Akcyjna,941,586,330,236,319,398,466,393,512,312,888,243,5624
Stary Grodków ,,941,586,330,236,319,398,466,393,512,312,888,243,5624
Lipowa Śląska,POLREGIO Spółka Akcyjna,909,583,323,241,320,397,457,375,501,339,860,225,5530
Lipowa Śląska ,,909,583,323,241,320,397,457,375,501,339,860,225,5530
Olszanka,POLREGIO Spółka Akcyjna,889,582,323,234,314,410,459,378,501,353,827,214,5484
Olszanka ,,889,582,323,234,314,410,459,378,501,353,827,214,5484
Czeska Wieś,POLREGIO Spółka Akcyjna,898,575,322,234,319,401,449,382,499,349,851,221,5500
Czeska Wieś ,,898,575,322,234,319,401,449,382,499,349,851,221,5500
Dobre Miasto,POLREGIO Spółka Akcyjna,650,415,168,318,92,108,363,189,78,97,327,254,3059
Dobre Miasto,PKP INTERCITY Spółka Akcyjna ,,,,,,,,,,,,,
Dobre Miasto ,,650,415,168,318,92,108,363,189,78,97,327,254,3059
Swobodna,POLREGIO Spółka Akcyjna,887,424,161,335,111,122,395,228,85,95,347,270,3460
Swobodna ,,887,424,161,335,111,122,395,228,85,95,347,270,3460
Cerkiewnik,POLREGIO Spółka Akcyjna,883,421,156,351,119,128,392,226,87,94,349,271,3477
Cerkiewnik ,,883,421,156,351,119,128,392,226,87,94,349,271,3477
Bukwałd,POLREGIO Spółka Akcyjna,874,418,135,363,122,121,392,230,81,100,343,272,3451
Bukwałd ,,874,418,135,363,122,121,392,230,81,100,343,272,3451
Orneta,POLREGIO Spółka Akcyjna,638,289,168,298,129,112,293,159,60,101,354,282,2883
Orneta,PKP INTERCITY Spółka Akcyjna ,,,,,,,,,,,,,
Orneta ,,638,289,168,298,129,112,293,159,60,101,354,282,2883
Rogiedle,POLREGIO Spółka Akcyjna,664,292,193,343,130,112,314,171,90,101,368,291,3069
Rogiedle ,,664,292,193,343,130,112,314,171,90,101,368,291,3069
Pieniężno,POLREGIO Spółka Akcyjna,702,288,167,265,124,99,298,89,46,95,317,280,2770
Pieniężno,PKP INTERCITY Spółka Akcyjna ,,,,,,,,,,,,,
Pieniężno ,,702,288,167,265,124,99,298,89,46,95,317,280,2770
Lubomino,POLREGIO Spółka Akcyjna,666,291,178,317,129,112,302,160,89,103,362,289,2998
Lubomino ,,666,291,178,317,129,112,302,160,89,103,362,289,2998
Bzowiec,POLREGIO Spółka Akcyjna,664,292,196,362,129,113,319,175,92,92,364,292,3090
Bzowiec ,,664,292,196,362,129,113,319,175,92,92,364,292,3090
Nowy Dwór koło Ornety,POLREGIO Spółka Akcyjna,711,288,173,296,130,113,296,98,62,95,355,284,2901
Nowy Dwór koło Ornety ,,711,288,173,296,130,113,296,98,62,95,355,284,2901
Henrykowo,POLREGIO Spółka Akcyjna,709,288,173,275,132,114,300,99,60,97,341,284,2872
Henrykowo ,,709,288,173,275,132,114,300,99,60,97,341,284,2872
Braniewo,POLREGIO Spółka Akcyjna,626,228,126,242,66,97,286,107,39,51,263,261,2392
Braniewo,PKP INTERCITY Spółka Akcyjna ,,,,,,,,,,,,,
Braniewo ,,626,228,126,242,66,97,286,107,39,51,263,261,2392
Żugienie,POLREGIO Spółka Akcyjna,693,238,166,265,118,101,300,89,44,89,315,278,2696
Żugienie ,,693,238,166,265,118,101,300,89,44,89,315,278,2696
Wysoka Braniewska,POLREGIO Spółka Akcyjna,692,239,167,265,108,100,301,96,43,89,309,276,2685
Wysoka Braniewska ,,692,239,167,265,108,100,301,96,43,89,309,276,2685
Grodzie,POLREGIO Spółka Akcyjna,678,237,154,258,76,99,288,106,42,84,286,268,2576
Grodzie ,,678,237,154,258,76,99,288,106,42,84,286,268,2576
Jarzębiec,POLREGIO Spółka Akcyjna,682,238,154,257,89,99,286,99,42,84,285,270,2585
Jarzębiec ,,682,238,154,257,89,99,286,99,42,84,285,270,2585
Jagodin,PKP INTERCITY Spółka Akcyjna ,2057,1189,1777,1507,1846,3635,2585,2347,3004,2741,3042,3017,28747
Jagodin ,,2057,1189,1777,1507,1846,3635,2585,2347,3004,2741,3042,3017,28747
Kaczorowo,Koleje Mazowieckie - KM Spółka z o.o.,1779,1035,621,581,352,801,398,18,,,165,230,5980
Kaczorowo ,,1779,1035,621,581,352,801,398,18,,,165,230,5980
Arcelin,Koleje Mazowieckie - KM Spółka z o.o.,1791,1034,632,524,352,726,398,18,,,197,229,5901
Arcelin ,,1791,1034,632,524,352,726,398,18,,,197,229,5901
Baboszewo,Koleje Mazowieckie - KM Spółka z o.o.,1785,1037,631,556,351,726,398,18,,,186,228,5916
Baboszewo ,,1785,1037,631,556,351,726,398,18,,,186,228,5916
Turzynów,Koleje Wielkopolskie Sp. z o.o.,251,365,310,839,634,949,469,463,308,394,212,421,5615
Turzynów ,,251,365,310,839,634,949,469,463,308,394,212,421,5615
Nowe Kutnowskie,Koleje Wielkopolskie Sp. z o.o.,192,373,315,657,549,902,347,361,306,390,192,401,4985
Nowe Kutnowskie ,,192,373,315,657,549,902,347,361,306,390,192,401,4985
Krzewie,Koleje Wielkopolskie Sp. z o.o.,206,358,295,652,555,899,341,356,288,368,186,396,4900
Krzewie ,,206,358,295,652,555,899,341,356,288,368,186,396,4900
Powroźnik,POLREGIO Spółka Akcyjna,697,154,316,115,123,217,395,399,574,89,81,159,3319
Powroźnik ,,697,154,316,115,123,217,395,399,574,89,81,159,3319
Żurawnica,POLREGIO Spółka Akcyjna,491,214,197,305,739,592,2596,2602,2290,1336,626,278,12266
Żurawnica ,,491,214,197,305,739,592,2596,2602,2290,1336,626,278,12266
Wólka Niedzieliska,POLREGIO Spółka Akcyjna,486,226,206,305,746,597,2503,2703,2240,1190,512,262,11976
Wólka Niedzieliska ,,486,226,206,305,746,597,2503,2703,2240,1190,512,262,11976
Niedzieliska-Kolonia,POLREGIO Spółka Akcyjna,490,230,201,307,739,596,2517,2712,2256,1253,521,254,12076
Niedzieliska-Kolonia ,,490,230,201,307,739,596,2517,2712,2256,1253,521,254,12076
Lewin Kłodzki,Koleje Dolnośląskie S.A.,1063,358,759,943,1151,909,2076,2278,,,,,9537
Lewin Kłodzki ,,1063,358,759,943,1151,909,2076,2278,,,,,9537
Koźmin Wielkopolski,Koleje Wielkopolskie Sp. z o.o.,62,9,30,23,240,499,362,132,239,138,283,184,2201
Koźmin Wielkopolski ,,62,9,30,23,240,499,362,132,239,138,283,184,2201
Racławice Śląskie,POLREGIO Spółka Akcyjna,810,642,835,342,668,329,894,519,735,428,1400,789,8391
Racławice Śląskie,CARGO Master Spółka z o.o.,,,,,,,,,,,,,
Racławice Śląskie ,,810,642,835,342,668,329,894,519,735,428,1400,789,8391
Twardawa,POLREGIO Spółka Akcyjna,839,657,905,417,694,376,831,515,686,429,1409,822,8580
Twardawa,CARGO Master Spółka z o.o.,,,,,,,,,,,,,
Twardawa ,,839,657,905,417,694,376,831,515,686,429,1409,822,8580
Dytmarów,POLREGIO Spółka Akcyjna,802,643,786,350,657,325,870,518,725,426,1415,791,8308
Dytmarów ,,802,643,786,350,657,325,870,518,725,426,1415,791,8308
Forst Lausitz,POLREGIO Spółka Akcyjna,356,146,417,73,183,125,436,154,181,1012,167,316,3566
Forst Lausitz,Koleje Dolnośląskie S.A.,57,,7,,20,168,49,6,436,13,64,48,868
Forst Lausitz,CARGO Master Spółka z o.o.,,,,,,,,,,,,,
Forst Lausitz ,,413,146,424,73,203,293,485,160,617,1025,231,364,4434
Zasieki,POLREGIO Spółka Akcyjna,384,155,427,78,188,135,442,157,223,1145,185,329,3848
Zasieki,Koleje Dolnośląskie S.A.,59,,7,,20,185,51,8,454,14,78,52,928
Zasieki ,,443,155,434,78,208,320,493,165,677,1159,263,381,4776
Szczejkowice,Koleje Śląskie Spółka z o.o.,224,31,105,165,49,164,178,58,70,141,91,219,1495
Szczejkowice ,,224,31,105,165,49,164,178,58,70,141,91,219,1495
Rybnik Piaski,Koleje Śląskie Spółka z o.o.,174,32,94,133,36,175,159,60,62,133,102,213,1373
Rybnik Piaski ,,174,32,94,133,36,175,159,60,62,133,102,213,1373
Szybowice,POLREGIO Spółka Akcyjna,803,711,764,386,659,331,831,545,343,417,1479,846,8115
Szybowice,CARGO Master Spółka z o.o.,,,,,,,,,,,,,
Szybowice ,,803,711,764,386,659,331,831,545,343,417,1479,846,8115
Nowy Las,POLREGIO Spółka Akcyjna,806,703,742,381,660,334,824,533,330,412,1468,846,8039
Nowy Las ,,806,703,742,381,660,334,824,533,330,412,1468,846,8039
Żulin,POLREGIO Spółka Akcyjna,420,86,176,126,620,485,1129,777,464,320,475,476,5554
Żulin ,,420,86,176,126,620,485,1129,777,464,320,475,476,5554
Zagrody Kościół,POLREGIO Spółka Akcyjna,422,87,182,127,628,475,1125,765,464,325,481,479,5560
Zagrody Kościół ,,422,87,182,127,628,475,1125,765,464,325,481,479,5560
Siódmak,POLREGIO Spółka Akcyjna,237,396,228,272,291,191,302,184,156,147,294,95,2793
Siódmak,Koleje Mazowieckie - KM Spółka z o.o.,,,,,,,,,,,,71,71
Siódmak ,,237,396,228,272,291,191,302,184,156,147,294,166,2864
Szczepki,POLREGIO Spółka Akcyjna,1039,180,89,129,210,215,592,293,302,494,857,532,4932
Szczepki ,,1039,180,89,129,210,215,592,293,302,494,857,532,4932
Różanystok,POLREGIO Spółka Akcyjna,1062,178,148,208,333,265,555,442,378,531,843,476,5419
Różanystok ,,1062,178,148,208,333,265,555,442,378,531,843,476,5419
Sidra,POLREGIO Spółka Akcyjna,1044,199,151,203,332,265,533,440,376,501,854,474,5372
Sidra ,,1044,199,151,203,332,265,533,440,376,501,854,474,5372
Płociczno koło Suwałk,POLREGIO Spółka Akcyjna,1035,178,81,125,208,203,583,286,302,494,850,528,4873
Płociczno koło Suwałk ,,1035,178,81,125,208,203,583,286,302,494,850,528,4873
Racewo,POLREGIO Spółka Akcyjna,1072,208,162,206,333,308,549,457,402,537,854,476,5564
Racewo ,,1072,208,162,206,333,308,549,457,402,537,854,476,5564
Ostrowie Biebrzańskie,POLREGIO Spółka Akcyjna,1013,185,152,233,303,259,568,348,380,537,880,490,5348
Ostrowie Biebrzańskie ,,1013,185,152,233,303,259,568,348,380,537,880,490,5348
Kamienna Nowa,POLREGIO Spółka Akcyjna,1020,184,153,232,322,251,553,354,386,538,876,495,5364
Kamienna Nowa ,,1020,184,153,232,322,251,553,354,386,538,876,495,5364
Gliniszcze,POLREGIO Spółka Akcyjna,1072,209,163,208,337,313,551,499,411,543,851,470,5627
Gliniszcze ,,1072,209,163,208,337,313,551,499,411,543,851,470,5627
Jastrzębna,POLREGIO Spółka Akcyjna,993,179,122,221,274,247,563,343,389,526,889,486,5232
Jastrzębna ,,993,179,122,221,274,247,563,343,389,526,889,486,5232
Blizna,POLREGIO Spółka Akcyjna,1064,184,95,135,221,223,582,306,303,497,853,538,5001
Blizna ,,1064,184,95,135,221,223,582,306,303,497,853,538,5001
Augustów Port,POLREGIO Spółka Akcyjna,1065,186,104,147,230,236,586,305,318,500,860,547,5084
Augustów Port ,,1065,186,104,147,230,236,586,305,318,500,860,547,5084
Balinka,POLREGIO Spółka Akcyjna,983,173,109,191,178,291,578,338,374,549,870,476,5110
Balinka ,,983,173,109,191,178,291,578,338,374,549,870,476,5110
Kędzierzyn-Koźle Przystanek,POLREGIO Spółka Akcyjna,852,675,890,207,681,383,795,515,664,396,1406,802,8266
Kędzierzyn-Koźle Przystanek,CARGO Master Spółka z o.o.,,,,,,,,,,,,,
Kędzierzyn-Koźle Przystanek ,,852,675,890,207,681,383,795,515,664,396,1406,802,8266
Kędzierzyn-Koźle Zachodnie,POLREGIO Spółka Akcyjna,865,667,902,208,698,378,841,523,675,423,1410,808,8398
Kędzierzyn-Koźle Zachodnie ,,865,667,902,208,698,378,841,523,675,423,1410,808,8398
Pokrzywnica,POLREGIO Spółka Akcyjna,859,666,905,227,711,390,852,529,673,429,1425,813,8479
Pokrzywnica ,,859,666,905,227,711,390,852,529,673,429,1425,813,8479
Włoszczowice,POLREGIO Spółka Akcyjna,401,67,166,,347,24,428,50,120,217,237,144,2201
Włoszczowice ,,401,67,166,,347,24,428,50,120,217,237,144,2201
Dębska Wola,POLREGIO Spółka Akcyjna,418,74,175,17,345,29,419,52,126,217,235,144,2251
Dębska Wola ,,418,74,175,17,345,29,419,52,126,217,235,144,2251
Brzeziny,POLREGIO Spółka Akcyjna,428,73,178,23,348,36,419,66,126,219,170,147,2233
Brzeziny ,,428,73,178,23,348,36,419,66,126,219,170,147,2233
Rogóźno Pomorskie,POLREGIO Spółka Akcyjna,399,135,389,91,59,230,717,670,6,55,152,225,3128
Rogóźno Pomorskie ,,399,135,389,91,59,230,717,670,6,55,152,225,3128
Grudziądz Owczarki,POLREGIO Spółka Akcyjna,364,129,352,97,58,195,664,665,,59,148,210,2941
Grudziądz Owczarki ,,364,129,352,97,58,195,664,665,,59,148,210,2941
Grudziądz Tuszewo,POLREGIO Spółka Akcyjna,331,130,355,106,64,197,667,689,,57,148,261,3005
Grudziądz Tuszewo ,,331,130,355,106,64,197,667,689,,57,148,261,3005
Wkra,Koleje Mazowieckie - KM Spółka z o.o.,1809,941,610,498,336,772,,,,56,251,265,5538
Wkra ,,1809,941,610,498,336,772,,,,56,251,265,5538
Dalanówek,Koleje Mazowieckie - KM Spółka z o.o.,1796,936,607,500,331,771,,,,56,242,248,5487
Dalanówek ,,1796,936,607,500,331,771,,,,56,242,248,5487
Cieksyn,Koleje Mazowieckie - KM Spółka z o.o.,1823,943,615,498,342,773,,,,56,248,270,5568
Cieksyn ,,1823,943,615,498,342,773,,,,56,248,270,5568
Grudze,Łódzka Kolej Aglomeracyjna Sp. z o.o.,133,43,94,,,,,,,,,,270
Grudze ,,133,43,94,,,,,,,,,,270
Susiec,POLREGIO Spółka Akcyjna,557,214,174,412,726,683,2654,3109,2594,1461,635,268,13487
Susiec ,,557,214,174,412,726,683,2654,3109,2594,1461,635,268,13487
Maziły,POLREGIO Spółka Akcyjna,550,206,170,414,780,686,2660,3130,2604,1471,630,274,13575
Maziły ,,550,206,170,414,780,686,2660,3130,2604,1471,630,274,13575
Bełżec Drugi,POLREGIO Spółka Akcyjna,526,169,146,402,718,664,2653,3119,2570,1352,571,265,13155
Bełżec Drugi ,,526,169,146,402,718,664,2653,3119,2570,1352,571,265,13155
Bełżec,POLREGIO Spółka Akcyjna,502,132,133,378,684,591,2480,2930,2449,1165,539,240,12223
Bełżec ,,502,132,133,378,684,591,2480,2930,2449,1165,539,240,12223
Nowiny,POLREGIO Spółka Akcyjna,560,229,199,430,851,704,2544,2937,2513,1336,588,285,13176
Nowiny ,,560,229,199,430,851,704,2544,2937,2513,1336,588,285,13176
Józefów Roztoczański,POLREGIO Spółka Akcyjna,562,232,195,428,846,706,2522,2979,2536,1442,624,278,13350
Józefów Roztoczański ,,562,232,195,428,846,706,2522,2979,2536,1442,624,278,13350
Długi Kąt,POLREGIO Spółka Akcyjna,560,234,198,430,850,715,2537,3077,2529,1288,581,279,13278
Długi Kąt ,,560,234,198,430,850,715,2537,3077,2529,1288,581,279,13278
Kołobrzeg Amfiteatr,POLREGIO Spółka Akcyjna,,,,,,667,814,970,453,266,691,1228,5089
Kołobrzeg Amfiteatr ,,,,,,,667,814,970,453,266,691,1228,5089
Lipusz,POLREGIO Spółka Akcyjna,177,153,245,385,310,344,497,258,284,244,229,311,3437
Lipusz ,,177,153,245,385,310,344,497,258,284,244,229,311,3437
Męcikał,POLREGIO Spółka Akcyjna,238,186,287,281,359,657,545,256,276,276,293,325,3979
Męcikał ,,238,186,287,281,359,657,545,256,276,276,293,325,3979
Brusy,POLREGIO Spółka Akcyjna,261,177,276,234,334,521,506,264,269,272,234,319,3667
Brusy ,,261,177,276,234,334,521,506,264,269,272,234,319,3667
Powałki,POLREGIO Spółka Akcyjna,229,184,291,272,356,652,543,259,270,275,291,321,3943
Powałki ,,229,184,291,272,356,652,543,259,270,275,291,321,3943
Łubiana,POLREGIO Spółka Akcyjna,172,157,221,379,251,320,491,262,214,276,237,312,3292
Łubiana ,,172,157,221,379,251,320,491,262,214,276,237,312,3292
Lubnia,POLREGIO Spółka Akcyjna,188,172,282,271,309,517,513,263,276,279,234,316,3620
Lubnia ,,188,172,282,271,309,517,513,263,276,279,234,316,3620
Dziemiany Kaszubskie,POLREGIO Spółka Akcyjna,183,160,278,390,307,352,514,261,280,274,231,314,3544
Dziemiany Kaszubskie ,,183,160,278,390,307,352,514,261,280,274,231,314,3544
Żabno koło Chojnic,POLREGIO Spółka Akcyjna,253,181,286,289,358,656,551,255,280,282,292,324,4007
Żabno koło Chojnic ,,253,181,286,289,358,656,551,255,280,282,292,324,4007
Raduń,POLREGIO Spółka Akcyjna,179,169,279,389,309,514,517,261,279,272,231,313,3712
Raduń ,,179,169,279,389,309,514,517,261,279,272,231,313,3712
Lipuska Huta,POLREGIO Spółka Akcyjna,179,166,287,387,310,343,512,250,273,277,235,305,3524
Lipuska Huta ,,179,166,287,387,310,343,512,250,273,277,235,305,3524
Kalisz Kaszubski,POLREGIO Spółka Akcyjna,178,165,280,386,308,345,512,250,270,275,230,307,3506
Kalisz Kaszubski ,,178,165,280,386,308,345,512,250,270,275,230,307,3506
Garczyn,POLREGIO Spółka Akcyjna,170,158,191,377,172,303,485,266,214,278,235,310,3159
Garczyn ,,170,158,191,377,172,303,485,266,214,278,235,310,3159
Zastocze,POLREGIO Spółka Akcyjna,1421,160,210,147,444,103,360,558,625,362,474,200,5064
Zastocze ,,1421,160,210,147,444,103,360,558,625,362,474,200,5064
Knyszyn,POLREGIO Spółka Akcyjna,1426,186,191,167,330,117,341,565,626,372,462,182,4965
Knyszyn ,,1426,186,191,167,330,117,341,565,626,372,462,182,4965
Czechowizna,POLREGIO Spółka Akcyjna,1423,162,206,138,450,100,370,538,623,359,475,200,5044
Czechowizna ,,1423,162,206,138,450,100,370,538,623,359,475,200,5044
Dobrzyniewo Duże,POLREGIO Spółka Akcyjna,1483,205,202,181,340,177,362,570,671,445,491,169,5296
Dobrzyniewo Duże ,,1483,205,202,181,340,177,362,570,671,445,491,169,5296
Fasty,POLREGIO Spółka Akcyjna,1495,206,202,182,339,184,356,576,677,430,485,161,5293
Fasty ,,1495,206,202,182,339,184,356,576,677,430,485,161,5293
Białystok Bacieczki,POLREGIO Spółka Akcyjna,1445,201,193,181,325,189,355,548,678,387,482,160,5144
Białystok Bacieczki ,,1445,201,193,181,325,189,355,548,678,387,482,160,5144
Borsukówka,POLREGIO Spółka Akcyjna,1464,205,195,183,348,167,370,571,675,445,488,170,5281
Borsukówka ,,1464,205,195,183,348,167,370,571,675,445,488,170,5281
Białystok Starosielce,POLREGIO Spółka Akcyjna,1418,202,197,172,318,184,342,549,694,392,488,96,5052
Białystok Starosielce ,,1418,202,197,172,318,184,342,549,694,392,488,96,5052
Wierzawice,POLREGIO Spółka Akcyjna,320,116,62,53,86,115,564,174,135,121,213,226,2185
Wierzawice ,,320,116,62,53,86,115,564,174,135,121,213,226,2185
Tryńcza,POLREGIO Spółka Akcyjna,317,112,79,46,82,105,567,151,157,126,219,232,2193
Tryńcza ,,317,112,79,46,82,105,567,151,157,126,219,232,2193
Nowa Sarzyna Kolonia,POLREGIO Spółka Akcyjna,310,116,63,68,89,120,533,132,126,152,197,209,2115
Nowa Sarzyna Kolonia ,,310,116,63,68,89,120,533,132,126,152,197,209,2115
Łętownia,POLREGIO Spółka Akcyjna,305,109,57,78,96,119,430,98,126,154,200,206,1978
Łętownia ,,305,109,57,78,96,119,430,98,126,154,200,206,1978
Grodzisko Dolne,POLREGIO Spółka Akcyjna,298,118,62,47,80,107,565,157,147,126,211,233,2151
Grodzisko Dolne ,,298,118,62,47,80,107,565,157,147,126,211,233,2151
Gniewczyna,POLREGIO Spółka Akcyjna,305,115,78,45,82,109,568,165,166,134,228,235,2230
Gniewczyna ,,305,115,78,45,82,109,568,165,166,134,228,235,2230
Jelna,POLREGIO Spółka Akcyjna,310,107,63,67,104,116,550,148,132,136,184,221,2138
Jelna ,,310,107,63,67,104,116,550,148,132,136,184,221,2138
Goniądz,POLREGIO Spółka Akcyjna,1299,193,218,100,418,100,376,547,255,378,463,196,4543
Goniądz ,,1299,193,218,100,418,100,376,547,255,378,463,196,4543
Ruda,POLREGIO Spółka Akcyjna,1067,176,193,34,385,85,328,516,198,326,448,194,3950
Ruda ,,1067,176,193,34,385,85,328,516,198,326,448,194,3950
Podlasek,POLREGIO Spółka Akcyjna,1046,173,193,60,385,86,327,524,220,328,446,183,3971
Podlasek ,,1046,173,193,60,385,86,327,524,220,328,446,183,3971
Prostki,POLREGIO Spółka Akcyjna,970,140,184,22,295,67,362,456,101,292,439,166,3494
Prostki ,,970,140,184,22,295,67,362,456,101,292,439,166,3494
Lipińskie Małe,POLREGIO Spółka Akcyjna,869,368,183,22,288,74,363,454,101,292,440,176,3630
Lipińskie Małe ,,869,368,183,22,288,74,363,454,101,292,440,176,3630
Ełk Szyba Wschód,POLREGIO Spółka Akcyjna,856,365,180,22,285,73,359,447,59,284,435,177,3542
Ełk Szyba Wschód ,,856,365,180,22,285,73,359,447,59,284,435,177,3542
Wielbark,POLREGIO Spółka Akcyjna,159,309,95,248,262,165,279,195,136,136,278,83,2345
Wielbark,Koleje Mazowieckie - KM Spółka z o.o.,,,,,,,,,,,,69,69
Wielbark,PKP INTERCITY Spółka Akcyjna ,,,,,,,,,,,,,
Wielbark ,,159,309,95,248,262,165,279,195,136,136,278,152,2414
Szymany,POLREGIO Spółka Akcyjna,221,329,119,312,269,171,289,175,140,146,278,85,2534
Szymany,Koleje Mazowieckie - KM Spółka z o.o.,,,,,,,,,,,,76,76
Szymany ,,221,329,119,312,269,171,289,175,140,146,278,161,2610
Jesionowiec,POLREGIO Spółka Akcyjna,196,329,108,257,272,177,290,203,140,146,285,85,2488
Jesionowiec,Koleje Mazowieckie - KM Spółka z o.o.,,,,,,,,,,,,77,77
Jesionowiec ,,196,329,108,257,272,177,290,203,140,146,285,162,2565
Lipowa Tucholska,Arriva RP Sp. z o.o.,248,51,17,221,54,89,461,80,414,24,248,610,2517
Lipowa Tucholska,CARGO Master Spółka z o.o.,,,,,,,,,,,,,
Lipowa Tucholska ,,248,51,17,221,54,89,461,80,414,24,248,610,2517
Zielonka Pomorska,Arriva RP Sp. z o.o.,253,71,32,231,60,93,474,98,430,21,274,602,2639
Zielonka Pomorska ,,253,71,32,231,60,93,474,98,430,21,274,602,2639
Zarośle,Arriva RP Sp. z o.o.,246,59,19,228,51,89,471,88,422,23,266,609,2571
Zarośle ,,246,59,19,228,51,89,471,88,422,23,266,609,2571
Rosochatka,Arriva RP Sp. z o.o.,252,59,19,229,56,90,475,88,424,23,259,611,2585
Rosochatka ,,252,59,19,229,56,90,475,88,424,23,259,611,2585
Małe Gacno,Arriva RP Sp. z o.o.,245,68,25,222,51,90,470,89,419,22,262,600,2563
Małe Gacno ,,245,68,25,222,51,90,470,89,419,22,262,600,2563
Wróblik Szlachecki,PKP INTERCITY Spółka Akcyjna ,667,420,428,339,267,298,619,1145,627,461,242,246,5759
Wróblik Szlachecki,POLREGIO Spółka Akcyjna,18,9,45,63,79,100,35,47,19,91,133,,639
Wróblik Szlachecki,SKPL Cargo Sp. z o.o.  (przewozy pasażerskie),,,,,,,,,,54,,,54
Wróblik Szlachecki ,,685,429,473,402,346,398,654,1192,646,606,375,246,6452
Krosno Miasto,PKP INTERCITY Spółka Akcyjna ,671,435,430,342,269,298,653,1142,614,446,233,260,5793
Krosno Miasto,POLREGIO Spółka Akcyjna,18,8,38,61,76,102,43,28,26,90,86,,576
Krosno Miasto,SKPL Cargo Sp. z o.o.  (przewozy pasażerskie),,,,,,,,,,104,,,104
Krosno Miasto ,,689,443,468,403,345,400,696,1170,640,640,319,260,6473
Krosno,PKP INTERCITY Spółka Akcyjna ,661,418,427,337,260,280,635,1114,575,439,207,258,5611
Krosno,POLREGIO Spółka Akcyjna,18,8,37,60,76,102,43,19,40,81,78,,562
Krosno,SKPL Cargo Sp. z o.o.  (przewozy pasażerskie),,,,,,,,,,52,,,52
Krosno ,,679,426,464,397,336,382,678,1133,615,572,285,258,6225
Jedlicze,PKP INTERCITY Spółka Akcyjna ,652,389,428,337,253,260,627,1120,538,466,224,258,5552
Jedlicze,POLREGIO Spółka Akcyjna,17,8,37,60,74,103,29,19,38,96,109,14,604
Jedlicze ,,669,397,465,397,327,363,656,1139,576,562,333,272,6156
Zarszyn,PKP INTERCITY Spółka Akcyjna ,627,420,435,331,265,288,587,1095,605,460,237,250,5600
Zarszyn,POLREGIO Spółka Akcyjna,17,8,46,63,80,19,33,21,18,94,121,,520
Zarszyn,SKPL Cargo Sp. z o.o.  (przewozy pasażerskie),,,,,,,,,,54,,,54
Zarszyn ,,644,428,481,394,345,307,620,1116,623,608,358,250,6174
Nielep,POLREGIO Spółka Akcyjna,895,76,267,210,291,332,263,481,280,373,326,700,4494
Nielep ,,895,76,267,210,291,332,263,481,280,373,326,700,4494
Klępnica,POLREGIO Spółka Akcyjna,877,59,267,183,312,302,338,675,329,430,306,258,4336
Klępnica ,,877,59,267,183,312,302,338,675,329,430,306,258,4336
Kołobrzeg Ogrody,POLREGIO Spółka Akcyjna,,,,,,605,1035,862,176,82,78,3100,5938
Kołobrzeg Ogrody ,,,,,,,605,1035,862,176,82,78,3100,5938
Kłodzko Książek,Koleje Dolnośląskie S.A.,407,160,419,591,677,596,817,886,,,,,4553
Kłodzko Książek ,,407,160,419,591,677,596,817,886,,,,,4553
Kłodzko Zagórze,Koleje Dolnośląskie S.A.,411,169,406,579,673,591,820,885,,,,,4534
Kłodzko Zagórze ,,411,169,406,579,673,591,820,885,,,,,4534
Tuszów Narodowy,POLREGIO Spółka Akcyjna,205,35,57,68,59,21,45,7,28,17,104,44,690
Tuszów Narodowy ,,205,35,57,68,59,21,45,7,28,17,104,44,690
Padew,POLREGIO Spółka Akcyjna,189,25,49,62,59,22,46,8,23,16,98,43,640
Padew ,,189,25,49,62,59,22,46,8,23,16,98,43,640
Jaślany,POLREGIO Spółka Akcyjna,206,33,57,69,61,22,45,8,25,16,105,44,691
Jaślany ,,206,33,57,69,61,22,45,8,25,16,105,44,691
Chorzelów Południowy,POLREGIO Spółka Akcyjna,215,29,56,67,59,21,42,6,28,17,104,44,688
Chorzelów Południowy ,,215,29,56,67,59,21,42,6,28,17,104,44,688
Chorzelów,POLREGIO Spółka Akcyjna,206,29,57,67,59,21,43,6,28,17,97,44,674
Chorzelów ,,206,29,57,67,59,21,43,6,28,17,97,44,674
Kije,POLREGIO Spółka Akcyjna,366,52,166,6,255,17,426,50,,38,236,143,1755
Kije ,,366,52,166,6,255,17,426,50,,38,236,143,1755
Grochowiska,POLREGIO Spółka Akcyjna,369,52,164,6,254,9,425,47,,31,234,138,1729
Grochowiska ,,369,52,164,6,254,9,425,47,,31,234,138,1729
Busko-Zdrój,POLREGIO Spółka Akcyjna,366,46,163,,254,8,420,47,,31,226,122,1683
Busko-Zdrój ,,366,46,163,,254,8,420,47,,31,226,122,1683
Sandomierz,PKP INTERCITY Spółka Akcyjna ,457,135,77,237,264,106,503,316,81,60,90,428,2754
Sandomierz,POLREGIO Spółka Akcyjna,275,115,189,79,112,150,17,11,79,113,47,116,1303
Sandomierz ,,732,250,266,316,376,256,520,327,160,173,137,544,4057
Żabiny,POLREGIO Spółka Akcyjna,708,89,61,373,85,102,158,201,194,63,266,220,2520
Żabiny ,,708,89,61,373,85,102,158,201,194,63,266,220,2520
Zajączkowo Lubawskie,POLREGIO Spółka Akcyjna,785,90,36,330,66,67,167,195,175,89,300,256,2556
Zajączkowo Lubawskie ,,785,90,36,330,66,67,167,195,175,89,300,256,2556
Turza Wielka,POLREGIO Spółka Akcyjna,708,82,30,376,91,104,148,193,170,58,281,233,2474
Turza Wielka ,,708,82,30,376,91,104,148,193,170,58,281,233,2474
Tuczki,POLREGIO Spółka Akcyjna,726,89,61,373,85,103,155,201,184,64,264,219,2524
Tuczki ,,726,89,61,373,85,103,155,201,184,64,264,219,2524
Smolniki,POLREGIO Spółka Akcyjna,789,70,43,320,44,84,107,117,128,82,298,235,2317
Smolniki ,,789,70,43,320,44,84,107,117,128,82,298,235,2317
Rybno Pomorskie,POLREGIO Spółka Akcyjna,709,86,37,343,66,71,163,170,172,58,262,210,2347
Rybno Pomorskie ,,709,86,37,343,66,71,163,170,172,58,262,210,2347
Rakowice,POLREGIO Spółka Akcyjna,795,70,43,321,50,46,96,88,108,73,298,237,2225
Rakowice ,,795,70,43,321,50,46,96,88,108,73,298,237,2225
Montowo,POLREGIO Spółka Akcyjna,773,93,37,331,65,73,166,189,194,81,290,245,2537
Montowo ,,773,93,37,331,65,73,166,189,194,81,290,245,2537
Hartowiec,POLREGIO Spółka Akcyjna,764,88,38,346,73,85,169,192,195,78,293,240,2561
Hartowiec ,,764,88,38,346,73,85,169,192,195,78,293,240,2561
Gralewo,POLREGIO Spółka Akcyjna,728,78,29,361,79,98,143,182,170,56,276,228,2428
Gralewo ,,728,78,29,361,79,98,143,182,170,56,276,228,2428
Jeglia,POLREGIO Spółka Akcyjna,762,87,38,350,73,89,163,182,198,78,299,240,2559
Jeglia ,,762,87,38,350,73,89,163,182,198,78,299,240,2559
Burkat,POLREGIO Spółka Akcyjna,707,79,34,387,87,102,148,193,176,58,298,238,2507
Burkat ,,707,79,34,387,87,102,148,193,176,58,298,238,2507
Słupia,POLREGIO Spółka Akcyjna,80,60,25,205,52,53,25,46,143,279,256,198,1422
Słupia ,,80,60,25,205,52,53,25,46,143,279,256,198,1422
Łęka Opatowska,POLREGIO Spółka Akcyjna,78,59,20,159,44,51,20,33,127,269,260,183,1303
Łęka Opatowska ,,78,59,20,159,44,51,20,33,127,269,260,183,1303
Kostów,POLREGIO Spółka Akcyjna,88,60,10,158,45,52,14,38,165,272,249,177,1328
Kostów ,,88,60,10,158,45,52,14,38,165,272,249,177,1328
Krzywizna,POLREGIO Spółka Akcyjna,82,71,9,164,44,43,26,38,181,322,254,171,1405
Krzywizna ,,82,71,9,164,44,43,26,38,181,322,254,171,1405
Biskupice koło Kluczborka,POLREGIO Spółka Akcyjna,90,72,10,165,45,51,26,45,201,315,265,175,1460
Biskupice koło Kluczborka ,,90,72,10,165,45,51,26,45,201,315,265,175,1460
Spychowo,POLREGIO Spółka Akcyjna,567,551,300,182,295,655,725,502,211,332,272,357,4949
Spychowo ,,567,551,300,182,295,655,725,502,211,332,272,357,4949
Świętajno,POLREGIO Spółka Akcyjna,584,578,295,213,298,495,757,489,226,318,276,378,4907
Świętajno ,,584,578,295,213,298,495,757,489,226,318,276,378,4907
Olszyny,POLREGIO Spółka Akcyjna,625,436,301,213,303,508,767,485,228,323,289,383,4861
Olszyny ,,625,436,301,213,303,508,767,485,228,323,289,383,4861
Kolonia,POLREGIO Spółka Akcyjna,592,583,300,216,304,680,772,496,229,327,273,381,5153
Kolonia ,,592,583,300,216,304,680,772,496,229,327,273,381,5153
Jeruty,POLREGIO Spółka Akcyjna,622,436,301,213,304,509,767,491,228,320,289,383,4863
Jeruty ,,622,436,301,213,304,509,767,491,228,320,289,383,4863
Szeroki Bór,POLREGIO Spółka Akcyjna,598,593,327,185,292,467,800,643,224,343,203,365,5040
Szeroki Bór ,,598,593,327,185,292,467,800,643,224,343,203,365,5040
Ruciane-Nida Zachód,POLREGIO Spółka Akcyjna,616,607,329,184,304,474,783,636,217,338,204,358,5050
Ruciane-Nida Zachód ,,616,607,329,184,304,474,783,636,217,338,204,358,5050
Pisz Wschodni,POLREGIO Spółka Akcyjna,536,555,323,176,228,308,773,585,252,350,310,400,4796
Pisz Wschodni ,,536,555,323,176,228,308,773,585,252,350,310,400,4796
Stare Guty,POLREGIO Spółka Akcyjna,534,555,313,172,223,305,769,576,251,334,302,406,4740
Stare Guty ,,534,555,313,172,223,305,769,576,251,334,302,406,4740
Pogorzel Wielka,POLREGIO Spółka Akcyjna,511,464,330,158,210,295,624,584,247,331,334,383,4471
Pogorzel Wielka ,,511,464,330,158,210,295,624,584,247,331,334,383,4471
Nowa Wieś Ełcka,POLREGIO Spółka Akcyjna,495,441,318,87,207,270,596,566,224,303,323,372,4202
Nowa Wieś Ełcka ,,495,441,318,87,207,270,596,566,224,303,323,372,4202
Kaliszki,POLREGIO Spółka Akcyjna,530,541,312,172,216,302,769,563,244,325,300,390,4664
Kaliszki ,,530,541,312,172,216,302,769,563,244,325,300,390,4664
Drygały,POLREGIO Spółka Akcyjna,489,471,286,162,205,290,612,569,244,313,293,367,4301
Drygały ,,489,471,286,162,205,290,612,569,244,313,293,367,4301
Ełk Szyba Zachód,POLREGIO Spółka Akcyjna,478,438,313,76,203,252,573,556,222,300,313,369,4093
Ełk Szyba Zachód ,,478,438,313,76,203,252,573,556,222,300,313,369,4093
Bajtkowo,POLREGIO Spółka Akcyjna,502,451,326,144,208,277,601,569,234,319,325,374,4330
Bajtkowo ,,502,451,326,144,208,277,601,569,234,319,325,374,4330
Golina,Koleje Wielkopolskie Sp. z o.o.,,,,24,254,499,328,134,260,162,286,192,2139
Golina ,,,,,24,254,499,328,134,260,162,286,192,2139
Obra Stara,Koleje Wielkopolskie Sp. z o.o.,,,,24,247,498,325,135,256,162,288,191,2126
Obra Stara ,,,,,24,247,498,325,135,256,162,288,191,2126
Strzelce Świdnickie,Koleje Dolnośląskie S.A.,,,,,,,,,1238,625,853,432,3148
Strzelce Świdnickie ,,,,,,,,,,1238,625,853,432,3148
Radzyń Podlaski,PKP INTERCITY Spółka Akcyjna ,479,422,678,134,404,374,326,420,441,1038,920,391,6027
Radzyń Podlaski,POLREGIO Spółka Akcyjna,55,,8,34,28,,48,243,135,159,44,115,869
Radzyń Podlaski ,,534,422,686,168,432,374,374,663,576,1197,964,506,6896
Kraków Lubocza,Koleje Małopolskie Sp. z o.o.,328,35,6,34,86,51,67,127,138,191,82,12,1157
Kraków Lubocza,POLREGIO Spółka Akcyjna,,,,,,,,,,,,147,147
Kraków Lubocza ,,328,35,6,34,86,51,67,127,138,191,82,159,1304
Kraków Nowa Huta,Koleje Małopolskie Sp. z o.o.,324,32,,27,85,50,63,126,111,189,79,13,1099
Kraków Nowa Huta,POLREGIO Spółka Akcyjna,,,,,,,,,,,,127,127
Kraków Nowa Huta ,,324,32,,27,85,50,63,126,111,189,79,140,1226
Mikulovice,Ceskie Drahy,201,62,82,78,299,388,370,77,,,,102,1659
Mikulovice ,,201,62,82,78,299,388,370,77,,,,102,1659
Jindrichov Ve Slez,Ceskie Drahy,378,94,107,129,443,598,606,185,36,,,128,2704
Jindrichov Ve Slez ,,378,94,107,129,443,598,606,185,36,,,128,2704
Kulin Kłodzki,Koleje Dolnośląskie S.A.,395,151,442,601,725,521,860,951,,,,,4646
Kulin Kłodzki ,,395,151,442,601,725,521,860,951,,,,,4646
Dąbrowa Górnicza Pogoria,Koleje Śląskie Spółka z o.o.,,,,,,1206,959,599,,,,,2764
Dąbrowa Górnicza Pogoria ,,,,,,,1206,959,599,,,,,2764
Otmuchów,PKP INTERCITY Spółka Akcyjna ,906,330,315,245,258,165,598,488,354,530,1197,1178,6564
Otmuchów,POLREGIO Spółka Akcyjna,162,109,347,56,42,115,110,79,379,191,198,482,2270
Otmuchów,CARGO Master Spółka z o.o.,,,,,,,,,,,,,
Otmuchów ,,1068,439,662,301,300,280,708,567,733,721,1395,1660,8834
Paczków,PKP INTERCITY Spółka Akcyjna ,878,306,308,215,248,162,588,498,382,564,1169,1187,6505
Paczków,POLREGIO Spółka Akcyjna,155,106,348,50,41,63,115,86,383,192,199,491,2229
Paczków,CARGO Master Spółka z o.o.,,,,,,,,,,,,,
Paczków ,,1033,412,656,265,289,225,703,584,765,756,1368,1678,8734
Okrąglica,POLREGIO Spółka Akcyjna,290,279,223,196,119,368,278,404,1855,1016,2032,1174,8234
Okrąglica ,,290,279,223,196,119,368,278,404,1855,1016,2032,1174,8234
Nowy Zagórz,POLREGIO Spółka Akcyjna,99,,115,59,57,107,197,35,55,66,182,39,1011
Nowy Zagórz,PKP INTERCITY Spółka Akcyjna ,,,,,8,,20,45,,,,,73
Nowy Zagórz,SKPL Cargo Sp. z o.o.  (przewozy pasażerskie),,,,,,,,,,26,,,26
Nowy Zagórz ,,99,,115,59,65,107,217,80,55,92,182,39,1110
Uherce,POLREGIO Spółka Akcyjna,89,,85,36,38,7,180,28,38,83,128,43,755
Uherce,PKP INTERCITY Spółka Akcyjna ,,,,,8,,18,16,,,,,42
Uherce ,,89,,85,36,46,7,198,44,38,83,128,43,797
Lesko Łukawica,POLREGIO Spółka Akcyjna,93,,93,36,40,15,185,30,39,77,128,44,780
Lesko Łukawica,PKP INTERCITY Spółka Akcyjna ,,,,,8,,18,41,,,,,67
Lesko Łukawica ,,93,,93,36,48,15,203,71,39,77,128,44,847
Gorlice Zagórzany,PKP INTERCITY Spółka Akcyjna ,627,366,404,220,221,246,683,1112,562,,216,260,4917
Gorlice Zagórzany,Koleje Małopolskie Sp. z o.o.,22,118,213,,14,8,44,28,,12,,12,471
Gorlice Zagórzany,POLREGIO Spółka Akcyjna,,25,,73,44,6,,,,,15,,163
Gorlice Zagórzany,PKP CARGO S.A. w restrukturyzacji,,,,,,,,,,,,,
Gorlice Zagórzany ,,649,509,617,293,279,260,727,1140,562,12,231,272,5551
Załuż,POLREGIO Spółka Akcyjna,92,,94,37,40,15,186,30,39,75,128,44,780
Załuż ,,92,,94,37,40,15,186,30,39,75,128,44,780
Uherce Tunel,POLREGIO Spółka Akcyjna,90,,89,36,39,9,183,30,39,80,129,44,768
Uherce Tunel ,,90,,89,36,39,9,183,30,39,80,129,44,768
Jankowce,POLREGIO Spółka Akcyjna,92,,91,36,39,9,184,30,39,78,129,44,771
Jankowce ,,92,,91,36,39,9,184,30,39,78,129,44,771
Wielowieś,POLREGIO Spółka Akcyjna,519,191,350,131,201,231,18,42,140,192,73,220,2308
Wielowieś ,,519,191,350,131,201,231,18,42,140,192,73,220,2308
Lublin AIRPORT,POLREGIO Spółka Akcyjna,20,69,24,25,22,80,,,91,,,27,358
Lublin AIRPORT ,,20,69,24,25,22,80,,,91,,,27,358
Koszalin Wschodni,POLREGIO Spółka Akcyjna,,,,,,,,,653,598,703,1135,3089
Koszalin Wschodni ,,,,,,,,,,653,598,703,1135,3089
Koszalin Politechnika,POLREGIO Spółka Akcyjna,,,,,,,,,648,597,706,1134,3085
Koszalin Politechnika ,,,,,,,,,,648,597,706,1134,3085
Biecz,PKP INTERCITY Spółka Akcyjna ,661,371,402,260,224,231,680,1112,568,,224,261,4994
Biecz,Koleje Małopolskie Sp. z o.o.,23,119,214,,14,14,45,28,,11,,12,480
Biecz,POLREGIO Spółka Akcyjna,,25,,67,44,6,,,,,16,,158
Biecz,PKP CARGO S.A. w restrukturyzacji,,,,,,,,,,,,,
Biecz ,,684,515,616,327,282,251,725,1140,568,11,240,273,5632
Nida,POLREGIO Spółka Akcyjna,,,,,,26,412,53,126,218,169,145,1149
Nida ,,,,,,,26,412,53,126,218,169,145,1149
Wierzchowice,Koleje Dolnośląskie S.A.,136,125,32,80,87,76,146,213,164,120,192,38,1409
Wierzchowice ,,136,125,32,80,87,76,146,213,164,120,192,38,1409
Hrubieszów Miasto,PKP INTERCITY Spółka Akcyjna ,1339,733,596,394,589,721,911,1201,605,776,842,1171,9878
Hrubieszów Miasto ,,1339,733,596,394,589,721,911,1201,605,776,842,1171,9878
Werbkowice,PKP INTERCITY Spółka Akcyjna ,1350,758,603,406,600,721,939,1213,566,809,884,1204,10053
Werbkowice ,,1350,758,603,406,600,721,939,1213,566,809,884,1204,10053
Łeba,POLREGIO Spółka Akcyjna,,,,,,189,1205,406,,,,,1800
Łeba,PKP INTERCITY Spółka Akcyjna ,,,,,,285,1028,299,,,,,1612
Łeba ,,,,,,,474,2233,705,,,,,3412
Ustrzyki Dolne,POLREGIO Spółka Akcyjna,91,,87,35,,,177,28,35,78,125,42,698
Ustrzyki Dolne ,,91,,87,35,,,177,28,35,78,125,42,698
Ustianowa,POLREGIO Spółka Akcyjna,92,,101,36,,6,183,28,40,85,129,44,744
Ustianowa ,,92,,101,36,,6,183,28,40,85,129,44,744
Olszanica,POLREGIO Spółka Akcyjna,90,,103,36,,7,181,28,40,85,128,44,742
Olszanica ,,90,,103,36,,7,181,28,40,85,128,44,742
Wolenice,Koleje Wielkopolskie Sp. z o.o.,70,9,43,36,250,501,304,,,,,9,1222
Wolenice ,,70,9,43,36,250,501,304,,,,,9,1222
Bożacin,Koleje Wielkopolskie Sp. z o.o.,70,9,43,36,253,500,312,,,,,12,1235
Bożacin ,,70,9,43,36,253,500,312,,,,,12,1235
Stalowa Wola Charzewice,PKP INTERCITY Spółka Akcyjna ,863,413,473,293,353,684,943,1214,411,512,495,237,6891
Stalowa Wola Charzewice ,,863,413,473,293,353,684,943,1214,411,512,495,237,6891
Opole Wschodnie,PKP INTERCITY Spółka Akcyjna ,431,194,157,525,323,97,,,,13,,,1740
Opole Wschodnie,POLREGIO Spółka Akcyjna,115,23,34,126,82,91,203,36,221,193,112,25,1261
Opole Wschodnie ,,546,217,191,651,405,188,203,36,221,206,112,25,3001
Szczecinek Bugno,POLREGIO Spółka Akcyjna,,,,,,1003,1767,1731,35,,,3955,8491
Szczecinek Bugno ,,,,,,,1003,1767,1731,35,,,3955,8491
Oleszyce,POLREGIO Spółka Akcyjna,463,14,72,90,278,196,852,683,101,148,198,168,3263
Oleszyce ,,463,14,72,90,278,196,852,683,101,148,198,168,3263
Lubaczów,POLREGIO Spółka Akcyjna,454,12,72,89,279,194,841,676,95,142,194,169,3217
Lubaczów ,,454,12,72,89,279,194,841,676,95,142,194,169,3217
Zagrody,POLREGIO Spółka Akcyjna,442,9,74,93,276,198,857,683,103,157,233,183,3308
Zagrody ,,442,9,74,93,276,198,857,683,103,157,233,183,3308
Nowa Grobla,POLREGIO Spółka Akcyjna,458,14,72,91,278,197,852,676,100,148,204,170,3260
Nowa Grobla ,,458,14,72,91,278,197,852,676,100,148,204,170,3260
Korzenica,POLREGIO Spółka Akcyjna,434,9,72,92,279,185,853,680,103,157,226,184,3274
Korzenica ,,434,9,72,92,279,185,853,680,103,157,226,184,3274
Bobrówka,POLREGIO Spółka Akcyjna,423,9,74,92,267,202,842,665,108,157,232,187,3258
Bobrówka ,,423,9,74,92,267,202,842,665,108,157,232,187,3258
Surochów,POLREGIO Spółka Akcyjna,442,9,79,92,73,199,799,651,121,186,235,186,3072
Surochów ,,442,9,79,92,73,199,799,651,121,186,235,186,3072
Jastrowie Miasto,POLREGIO Spółka Akcyjna,,,,,,,,,123,991,818,3380,5312
Jastrowie Miasto ,,,,,,,,,,123,991,818,3380,5312
Mielno Koszalińskie,POLREGIO Spółka Akcyjna,,,,,,135,281,288,7,,,,711
Mielno Koszalińskie ,,,,,,,135,281,288,7,,,,711
Suszka,Koleje Dolnośląskie S.A.,358,42,97,136,145,153,393,456,,,1262,941,3983
Suszka ,,358,42,97,136,145,153,393,456,,,1262,941,3983
Kraków Piastów,POLREGIO Spółka Akcyjna,,,,,,,,,,,,458,458
Kraków Piastów,Koleje Małopolskie Sp. z o.o.,,,,,,,,,,,,136,136
Kraków Piastów ,,,,,,,,,,,,,594,594
Suszec,Koleje Śląskie Spółka z o.o.,194,65,97,175,84,128,,,,,,,743
Suszec ,,194,65,97,175,84,128,,,,,,,743
Suszec Rudziczka,Koleje Śląskie Spółka z o.o.,198,63,101,181,64,129,,,,,,,736
Suszec Rudziczka ,,198,63,101,181,64,129,,,,,,,736
Suszec Kopalnia,Koleje Śląskie Spółka z o.o.,203,65,97,181,68,129,,,,,,,743
Suszec Kopalnia ,,203,65,97,181,68,129,,,,,,,743
Pszczyna Czarków,Koleje Śląskie Spółka z o.o.,205,70,106,177,88,124,,,,,,,770
Pszczyna Czarków ,,205,70,106,177,88,124,,,,,,,770
Radostowice,Koleje Śląskie Spółka z o.o.,191,63,102,175,86,128,,,,,,,745
Radostowice ,,191,63,102,175,86,128,,,,,,,745
Dorohusk,PKP INTERCITY Spółka Akcyjna ,766,443,698,274,506,1886,1526,1400,2148,766,1222,1091,12726
Dorohusk ,,766,443,698,274,506,1886,1526,1400,2148,766,1222,1091,12726
Stawiany Pińczowskie,POLREGIO Spółka Akcyjna,,,,,,6,421,49,,38,236,144,894
Stawiany Pińczowskie ,,,,,,,6,421,49,,38,236,144,894
Słubice,POLREGIO Spółka Akcyjna,383,46,384,37,364,190,89,175,189,133,,,1990
Słubice ,,383,46,384,37,364,190,89,175,189,133,,,1990
Kunowice,POLREGIO Spółka Akcyjna,409,53,394,37,371,192,89,182,199,140,,,2066
Kunowice ,,409,53,394,37,371,192,89,182,199,140,,,2066
Targowiska,POLREGIO Spółka Akcyjna,18,9,44,62,77,101,35,33,19,91,132,,621
Targowiska,SKPL Cargo Sp. z o.o.  (przewozy pasażerskie),,,,,,,,,,79,,,79
Targowiska ,,18,9,44,62,77,101,35,33,19,170,132,,700
Besko,POLREGIO Spółka Akcyjna,18,9,46,63,80,100,40,20,19,95,134,,624
Besko,SKPL Cargo Sp. z o.o.  (przewozy pasażerskie),,,,,,,,,,54,,,54
Besko ,,18,9,46,63,80,100,40,20,19,149,134,,678
Sanok Miasto,POLREGIO Spółka Akcyjna,16,,30,63,73,107,52,62,8,87,118,6,622
Sanok Miasto,SKPL Cargo Sp. z o.o.  (przewozy pasażerskie),,,,,,,,,,26,,,26
Sanok Miasto ,,16,,30,63,73,107,52,62,8,113,118,6,648
Tarnowiec,POLREGIO Spółka Akcyjna,16,8,31,60,72,98,32,18,47,93,112,16,603
Tarnowiec ,,16,8,31,60,72,98,32,18,47,93,112,16,603
Widacz,POLREGIO Spółka Akcyjna,18,9,45,63,78,19,35,40,19,98,133,,557
Widacz,SKPL Cargo Sp. z o.o.  (przewozy pasażerskie),,,,,,,,,,55,,,55
Widacz ,,18,9,45,63,78,19,35,40,19,153,133,,612
Milcza,POLREGIO Spółka Akcyjna,18,9,45,63,79,19,35,20,19,93,133,,533
Milcza,SKPL Cargo Sp. z o.o.  (przewozy pasażerskie),,,,,,,,,,53,,,53
Milcza ,,18,9,45,63,79,19,35,20,19,146,133,,586
Sanok Dąbrówka,POLREGIO Spółka Akcyjna,16,,36,63,73,27,56,72,9,96,120,6,574
Sanok Dąbrówka,SKPL Cargo Sp. z o.o.  (przewozy pasażerskie),,,,,,,,,,26,,,26
Sanok Dąbrówka ,,16,,36,63,73,27,56,72,9,122,120,6,600
Nowosielce,POLREGIO Spółka Akcyjna,16,6,37,63,74,27,55,76,9,95,120,6,584
Nowosielce,SKPL Cargo Sp. z o.o.  (przewozy pasażerskie),,,,,,,,,,26,,,26
Nowosielce ,,16,6,37,63,74,27,55,76,9,121,120,6,610
Długie,POLREGIO Spółka Akcyjna,17,8,46,63,80,27,55,78,9,95,121,6,605
Długie,SKPL Cargo Sp. z o.o.  (przewozy pasażerskie),,,,,,,,,,34,,,34
Długie ,,17,8,46,63,80,27,55,78,9,129,121,6,639
Krusze,Koleje Mazowieckie - KM Spółka z o.o.,1678,1100,382,287,218,436,,,,15,37,195,4348
Krusze,CARGO Master Spółka z o.o.,,,,,,,,,,,,,
Krusze ,,1678,1100,382,287,218,436,,,,15,37,195,4348
Krosno Turaszówka,POLREGIO Spółka Akcyjna,18,8,37,60,74,19,30,19,39,90,95,13,502
Krosno Turaszówka ,,18,8,37,60,74,19,30,19,39,90,95,13,502
Krosno Polanka,POLREGIO Spółka Akcyjna,18,8,37,60,76,19,38,19,39,82,89,13,498
Krosno Polanka ,,18,8,37,60,76,19,38,19,39,82,89,13,498
Gliniczek,POLREGIO Spółka Akcyjna,16,8,32,61,73,12,33,18,47,94,112,17,523
Gliniczek ,,16,8,32,61,73,12,33,18,47,94,112,17,523
Jedlicze Męcinka,POLREGIO Spółka Akcyjna,16,8,37,60,72,12,32,18,47,96,111,16,525
Jedlicze Męcinka ,,16,8,37,60,72,12,32,18,47,96,111,16,525
Śniadowo,POLREGIO Spółka Akcyjna,,,64,79,35,124,294,488,339,95,74,139,1731
Śniadowo,PKP INTERCITY Spółka Akcyjna ,,,,,,,10,,,,,,10
Śniadowo ,,,,64,79,35,124,304,488,339,95,74,139,1741
Tarnowiec Brzeski,POLREGIO Spółka Akcyjna,133,73,82,189,79,91,262,47,270,193,97,35,1551
Tarnowiec Brzeski ,,133,73,82,189,79,91,262,47,270,193,97,35,1551
Popielów,POLREGIO Spółka Akcyjna,127,50,50,144,73,85,201,27,236,187,103,35,1318
Popielów ,,127,50,50,144,73,85,201,27,236,187,103,35,1318
Opole Czarnowąsy,POLREGIO Spółka Akcyjna,124,23,34,129,79,85,204,36,230,193,113,33,1283
Opole Czarnowąsy ,,124,23,34,129,79,85,204,36,230,193,113,33,1283
Opole Borki,POLREGIO Spółka Akcyjna,127,40,40,131,85,93,210,28,231,192,105,34,1316
Opole Borki ,,127,40,40,131,85,93,210,28,231,192,105,34,1316
Minkowice Oławskie,POLREGIO Spółka Akcyjna,133,73,86,217,77,100,234,45,279,205,116,42,1607
Minkowice Oławskie ,,133,73,86,217,77,100,234,45,279,205,116,42,1607
Kopalina,POLREGIO Spółka Akcyjna,130,72,75,213,74,98,245,45,270,204,109,42,1577
Kopalina ,,130,72,75,213,74,98,245,45,270,204,109,42,1577
Karłowice,POLREGIO Spółka Akcyjna,124,51,44,161,72,71,206,27,238,188,95,34,1311
Karłowice ,,124,51,44,161,72,71,206,27,238,188,95,34,1311
Chróścice,POLREGIO Spółka Akcyjna,127,44,57,139,82,98,208,27,240,199,110,35,1366
Chróścice ,,127,44,57,139,82,98,208,27,240,199,110,35,1366
Dobrzeń Wielki,POLREGIO Spółka Akcyjna,129,39,54,133,84,93,209,27,235,194,104,34,1335
Dobrzeń Wielki ,,129,39,54,133,84,93,209,27,235,194,104,34,1335
Sokoły,POLREGIO Spółka Akcyjna,,,70,50,13,94,155,428,485,121,84,246,1746
Sokoły ,,,,70,50,13,94,155,428,485,121,84,246,1746
Rogalice,POLREGIO Spółka Akcyjna,136,78,94,207,79,98,255,49,283,198,103,37,1617
Rogalice ,,136,78,94,207,79,98,255,49,283,198,103,37,1617
Kulesze Kościelne,POLREGIO Spółka Akcyjna,,,72,63,27,107,183,464,519,125,78,159,1797
Kulesze Kościelne ,,,,72,63,27,107,183,464,519,125,78,159,1797
Mąkoszyce,POLREGIO Spółka Akcyjna,133,74,82,195,78,91,256,47,282,197,103,35,1573
Mąkoszyce ,,133,74,82,195,78,91,256,47,282,197,103,35,1573
Borucice,POLREGIO Spółka Akcyjna,137,79,90,216,79,96,263,51,284,211,110,37,1653
Borucice ,,137,79,90,216,79,96,263,51,284,211,110,37,1653
Biskupice Oławskie,POLREGIO Spółka Akcyjna,137,78,92,225,77,97,241,46,278,215,125,43,1654
Biskupice Oławskie ,,137,78,92,225,77,97,241,46,278,215,125,43,1654
Studzianka,Koleje Dolnośląskie S.A.,,,76,60,53,49,70,46,375,146,75,,950
Studzianka ,,,,76,60,53,49,70,46,375,146,75,,950
Horyniec-Zdrój,POLREGIO Spółka Akcyjna,378,60,59,,267,164,749,622,57,136,177,99,2768
Horyniec-Zdrój ,,378,60,59,,267,164,749,622,57,136,177,99,2768
Bohumin Vrbice,PKP INTERCITY Spółka Akcyjna ,468,262,253,138,241,276,294,619,137,1730,935,2348,7701
Bohumin Vrbice ,,468,262,253,138,241,276,294,619,137,1730,935,2348,7701
Basznia,POLREGIO Spółka Akcyjna,396,49,65,,267,170,748,647,69,136,181,113,2841
Basznia ,,396,49,65,,267,170,748,647,69,136,181,113,2841
Basznia Dolna,POLREGIO Spółka Akcyjna,396,32,64,,270,172,746,647,77,142,188,115,2849
Basznia Dolna ,,396,32,64,,270,172,746,647,77,142,188,115,2849
Kurpie,POLREGIO Spółka Akcyjna,,,,,,120,301,501,334,96,69,137,1558
Kurpie ,,,,,,,120,301,501,334,96,69,137,1558
Rava Ruskaia,SKPL Cargo Sp. z o.o.  (przewozy pasażerskie),646,561,891,813,1409,1290,1235,1965,1057,710,493,520,11590
Rava Ruskaia,PKP INTERCITY Spółka Akcyjna ,,,,,,,,,,,,908,908
Rava Ruskaia ,,646,561,891,813,1409,1290,1235,1965,1057,710,493,1428,12498
Wieruszów Miasto,PKP INTERCITY Spółka Akcyjna ,726,93,46,145,429,532,206,526,336,204,370,261,3874
Wieruszów Miasto,Koleje Śląskie Spółka z o.o.,,,,,,10,,,,,,,10
Wieruszów Miasto,Łódzka Kolej Aglomeracyjna Sp. z o.o.,,,,,,9,,,,,,,9
Wieruszów Miasto ,,726,93,46,145,429,551,206,526,336,204,370,261,3893
Inowrocław Rąbinek,PKP INTERCITY Spółka Akcyjna ,162,233,370,390,442,415,427,716,81,210,208,493,4147
Inowrocław Rąbinek,CARGO Master Spółka z o.o.,,,,,,,,,,,,,
Inowrocław Rąbinek ,,162,233,370,390,442,415,427,716,81,210,208,493,4147
Piotrków Kujawski,PKP INTERCITY Spółka Akcyjna ,195,250,403,444,502,414,457,742,110,245,237,518,4517
Piotrków Kujawski ,,195,250,403,444,502,414,457,742,110,245,237,518,4517
Babiak,PKP INTERCITY Spółka Akcyjna ,191,254,405,450,521,415,459,773,118,283,251,554,4674
Babiak ,,191,254,405,450,521,415,459,773,118,283,251,554,4674
Biłgoraj,PKP INTERCITY Spółka Akcyjna ,750,287,271,276,300,278,442,612,321,430,463,594,5024
Biłgoraj ,,750,287,271,276,300,278,442,612,321,430,463,594,5024
Tereszpol Biłgorajski,PKP INTERCITY Spółka Akcyjna ,823,390,366,350,382,307,446,617,320,437,545,636,5619
Tereszpol Biłgorajski ,,823,390,366,350,382,307,446,617,320,437,545,636,5619
Wrzeście,POLREGIO Spółka Akcyjna,,,,,,203,1252,450,,,,,1905
Wrzeście ,,,,,,,203,1252,450,,,,,1905
Nowa Wieś Lęborska,POLREGIO Spółka Akcyjna,,,,,,196,1274,532,,,,,2002
Nowa Wieś Lęborska ,,,,,,,196,1274,532,,,,,2002
Lędziechowo,POLREGIO Spółka Akcyjna,,,,,,190,1285,547,,,,,2022
Lędziechowo ,,,,,,,190,1285,547,,,,,2022
Garczegorze,POLREGIO Spółka Akcyjna,,,,,,199,1304,561,,,,,2064
Garczegorze ,,,,,,,199,1304,561,,,,,2064
Lębork Nowy Świat,POLREGIO Spółka Akcyjna,,,,,,195,1249,523,,,,,1967
Lębork Nowy Świat ,,,,,,,195,1249,523,,,,,1967
Steknica,POLREGIO Spółka Akcyjna,,,,,,198,1250,438,,,,,1886
Steknica ,,,,,,,198,1250,438,,,,,1886
Rypin,PKP INTERCITY Spółka Akcyjna ,318,82,298,140,310,145,477,290,387,269,606,295,3617
Rypin,CARGO Master Spółka z o.o.,,,,,,,,,,,,,
Rypin ,,318,82,298,140,310,145,477,290,387,269,606,295,3617
Trakiszki,PKP INTERCITY Spółka Akcyjna ,113,21,7,,368,229,197,172,144,16,123,127,1517
Trakiszki ,,113,21,7,,368,229,197,172,144,16,123,127,1517
Mockava,PKP INTERCITY Spółka Akcyjna ,87,15,,,276,228,184,165,141,14,98,114,1322
Mockava ,,87,15,,,276,228,184,165,141,14,98,114,1322
Powodowo,Koleje Wielkopolskie Sp. z o.o.,,,,,,,,,,,,65,65
Powodowo,Parowozownia Wolsztyn,,,,,17,,,,,,,,17
Powodowo ,,,,,,17,,,,,,,65,82
Wronki Zamość,POLREGIO Spółka Akcyjna,,,,,,,,,,,,876,876
Wronki Zamość,Koleje Wielkopolskie Sp. z o.o.,,,,,,,,,,,,603,603
Wronki Zamość ,,,,,,,,,,,,,1479,1479
Warszowice,Koleje Śląskie Spółka z o.o.,139,30,23,68,102,108,270,73,75,16,203,83,1190
Warszowice ,,139,30,23,68,102,108,270,73,75,16,203,83,1190
Strumień,Koleje Śląskie Spółka z o.o.,139,16,23,69,101,107,270,78,63,9,279,92,1246
Strumień ,,139,16,23,69,101,107,270,78,63,9,279,92,1246
Pawłowice Śląskie Centrum,Koleje Śląskie Spółka z o.o.,139,30,23,69,104,107,276,73,75,16,259,75,1246
Pawłowice Śląskie Centrum ,,139,30,23,69,104,107,276,73,75,16,259,75,1246
Jeleśnia,PKP INTERCITY Spółka Akcyjna ,191,72,,,,,279,692,,,,,1234
Jeleśnia,Koleje Śląskie Spółka z o.o.,,,,,93,23,190,144,,,,,450
Jeleśnia,POLREGIO Spółka Akcyjna,70,,21,12,9,54,,,,10,,,176
Jeleśnia,PKP CARGO S.A.,,,,,,,,,,,,,
Jeleśnia ,,261,72,21,12,102,77,469,836,,10,,,1860
Spała,Łódzka Kolej Aglomeracyjna Sp. z o.o.,,,,37,,49,,40,,,,,126
Spała ,,,,,37,,49,,40,,,,,126
Radziszewo,POLREGIO Spółka Akcyjna,,,,,,,,,,,,505,505
Radziszewo ,,,,,,,,,,,,,505,505
Kraków Przylasek,POLREGIO Spółka Akcyjna,,,,,,,,,,,,122,122
Kraków Przylasek,Koleje Małopolskie Sp. z o.o.,,,,,,,,,,,,6,6
Kraków Przylasek ,,,,,,,,,,,,,128,128
Kraków Kościelniki,POLREGIO Spółka Akcyjna,,,,,,,,,,,,132,132
Kraków Kościelniki,Koleje Małopolskie Sp. z o.o.,,,,,,,,,,,,6,6
Kraków Kościelniki ,,,,,,,,,,,,,138,138
Chorzów Stary,Koleje Śląskie Spółka z o.o.,,,,,,,,,,,,387,387
Chorzów Stary ,,,,,,,,,,,,,387,387
Bytom Karb,Koleje Śląskie Spółka z o.o.,,,,,,,,,,,,331,331
Bytom Karb ,,,,,,,,,,,,,331,331
Chorzów Miasto,Koleje Śląskie Spółka z o.o.,,,,,,,,,,,,379,379
Chorzów Miasto ,,,,,,,,,,,,,379,379
Nakło Śląskie,Koleje Śląskie Spółka z o.o.,,,,,,,,,,,,310,310
Nakło Śląskie ,,,,,,,,,,,,,310,310
Chorzów Uniwersytet,Koleje Śląskie Spółka z o.o.,,,,,,,,,,,,426,426
Chorzów Uniwersytet ,,,,,,,,,,,,,426,426
Radzionków Rojca,Koleje Śląskie Spółka z o.o.,,,,,,,,,,,,348,348
Radzionków Rojca ,,,,,,,,,,,,,348,348
Radzionków,Koleje Śląskie Spółka z o.o.,,,,,,,,,,,,301,301
Radzionków ,,,,,,,,,,,,,301,301
Głuchołazy,POLREGIO Spółka Akcyjna,30,6,67,57,39,7,16,36,19,27,28,27,359
Głuchołazy,PKP INTERCITY Spółka Akcyjna ,,,,,,,,,,,,,
Głuchołazy,CARGO Master Spółka z o.o.,,,,,,,,,,,,,
Głuchołazy,Ceskie Drahy,,,,,,,,,,,,,
Głuchołazy ,,30,6,67,57,39,7,16,36,19,27,28,27,359
Goświnowice,POLREGIO Spółka Akcyjna,165,122,355,59,38,152,101,79,378,188,199,489,2325
Goświnowice,PKP INTERCITY Spółka Akcyjna ,,,,,,,,10,,,,,10
Goświnowice,CARGO Master Spółka z o.o.,,,,,,,,,,,,,
Goświnowice ,,165,122,355,59,38,152,101,89,378,188,199,489,2335
Głuchołazy Miasto,POLREGIO Spółka Akcyjna,30,,57,56,33,,9,30,19,14,14,27,289
Głuchołazy Miasto ,,30,,57,56,33,,9,30,19,14,14,27,289
Podchojny,POLREGIO Spółka Akcyjna,,,,,,,,,,,,421,421
Podchojny ,,,,,,,,,,,,,421,421
Wójcice,POLREGIO Spółka Akcyjna,165,113,351,59,43,153,118,78,379,190,206,489,2344
Wójcice,CARGO Master Spółka z o.o.,,,,,,,,,,,,,
Wójcice ,,165,113,351,59,43,153,118,78,379,190,206,489,2344
Otmuchów Jezioro,POLREGIO Spółka Akcyjna,162,110,348,57,43,117,116,87,383,193,200,492,2308
Otmuchów Jezioro ,,162,110,348,57,43,117,116,87,383,193,200,492,2308
Doboszowice,POLREGIO Spółka Akcyjna,158,110,350,51,49,64,115,87,383,189,201,394,2151
Doboszowice,CARGO Master Spółka z o.o.,,,,,,,,,,,,,
Doboszowice ,,158,110,350,51,49,64,115,87,383,189,201,394,2151
Zabrze Maciejów,Koleje Śląskie Spółka z o.o.,,,,,,,,,,,,208,208
Zabrze Maciejów ,,,,,,,,,,,,,208,208
Zabrze Północne,Koleje Śląskie Spółka z o.o.,,,,,,,,,,,,198,198
Zabrze Północne ,,,,,,,,,,,,,198,198
Brzoza Toruńska,POLREGIO Spółka Akcyjna,,,,,,,,,,,,331,331
Brzoza Toruńska ,,,,,,,,,,,,,331,331
Lubiewo,POLREGIO Spółka Akcyjna,,,,,36,44,120,272,,,,55,527
Lubiewo ,,,,,,36,44,120,272,,,,55,527
Sosnowiec Jęzor Południowy,POLREGIO Spółka Akcyjna,,,,,,,,,,,,148,148
Sosnowiec Jęzor Południowy,Koleje Śląskie Spółka z o.o.,,,,,,,,,,,,62,62
Sosnowiec Jęzor Południowy ,,,,,,,,,,,,,210,210
Rzepin Miasto,POLREGIO Spółka Akcyjna,,,,,,,,,,,,2089,2089
Rzepin Miasto ,,,,,,,,,,,,,2089,2089
Aleksandrów,POLREGIO Spółka Akcyjna,,,,,,,41,240,131,143,29,96,680
Aleksandrów ,,,,,,,,41,240,131,143,29,96,680
Jaski,POLREGIO Spółka Akcyjna,,,,,,,44,242,132,153,36,106,713
Jaski ,,,,,,,,44,242,132,153,36,106,713
Ustrzesz,POLREGIO Spółka Akcyjna,,,,,,,57,261,136,159,43,115,771
Ustrzesz ,,,,,,,,57,261,136,159,43,115,771
Bezwola,POLREGIO Spółka Akcyjna,,,,,,,55,260,136,157,42,114,764
Bezwola ,,,,,,,,55,260,136,157,42,114,764
Milanów,POLREGIO Spółka Akcyjna,,,,,,6,51,256,132,152,82,111,790
Milanów ,,,,,,,6,51,256,132,152,82,111,790
Libusza,Koleje Małopolskie Sp. z o.o.,23,119,214,,14,14,45,28,,12,,12,481
Libusza,POLREGIO Spółka Akcyjna,,25,,74,44,6,,,,,16,,165
Libusza ,,23,144,214,74,58,20,45,28,,12,16,12,646
Słone,POLREGIO Spółka Akcyjna,,,,,,,,,,,,2558,2558
Słone ,,,,,,,,,,,,,2558,2558
Skołyszyn,Koleje Małopolskie Sp. z o.o.,25,122,215,19,15,14,45,30,,,6,12,503
Skołyszyn,POLREGIO Spółka Akcyjna,,26,,75,44,6,,,,,17,,168
Skołyszyn ,,25,148,215,94,59,20,45,30,,,23,12,671
Siepietnica,Koleje Małopolskie Sp. z o.o.,25,122,215,19,15,14,45,30,,,6,12,503
Siepietnica,POLREGIO Spółka Akcyjna,,26,,75,44,6,,,,,17,,168
Siepietnica ,,25,148,215,94,59,20,45,30,,,23,12,671
Przysieki,Koleje Małopolskie Sp. z o.o.,25,121,215,6,8,8,12,24,,,6,12,437
Przysieki,POLREGIO Spółka Akcyjna,,15,,68,44,6,,,,,17,,150
Przysieki ,,25,136,215,74,52,14,12,24,,,23,12,587
Jasło Niegłowice,Koleje Małopolskie Sp. z o.o.,25,122,215,6,8,8,13,25,,,6,12,440
Jasło Niegłowice,POLREGIO Spółka Akcyjna,,15,,68,44,6,,,,,16,,149
Jasło Niegłowice ,,25,137,215,74,52,14,13,25,,,22,12,589
Hucisko,Koleje Śląskie Spółka z o.o.,,,,,94,23,191,145,,,,,453
Hucisko,POLREGIO Spółka Akcyjna,69,6,21,14,6,55,,,,7,,,178
Hucisko,PKP CARGO S.A.,,,,,,6,,,,,,,6
Hucisko ,,69,6,21,14,100,84,191,145,,7,,,637
Lachowice Centrum,Koleje Śląskie Spółka z o.o.,,27,,,94,23,190,144,,,,,478
Lachowice Centrum,POLREGIO Spółka Akcyjna,69,6,20,15,,55,,,,,,,165
Lachowice Centrum ,,69,33,20,15,94,78,190,144,,,,,643
Chorzew Siemkowice,Łódzka Kolej Aglomeracyjna Sp. z o.o.,,,,,,,,,,,,27,27
Chorzew Siemkowice,POLREGIO Spółka Akcyjna,,,,,,,,,,,,7,7
Chorzew Siemkowice ,,,,,,,,,,,,,34,34
Biała Pajęczańska,Łódzka Kolej Aglomeracyjna Sp. z o.o.,,,,,,,,,,,,28,28
Biała Pajęczańska,POLREGIO Spółka Akcyjna,,,,,,,,,,,,6,6
Biała Pajęczańska ,,,,,,,,,,,,,34,34
Cykarzew Północny,Łódzka Kolej Aglomeracyjna Sp. z o.o.,,,,,,,,,,,,30,30
Cykarzew Północny,POLREGIO Spółka Akcyjna,,,,,,,,,,,,7,7
Cykarzew Północny ,,,,,,,,,,,,,37,37
Cykarzew Stary,Łódzka Kolej Aglomeracyjna Sp. z o.o.,,,,,,,,,,,,30,30
Cykarzew Stary,POLREGIO Spółka Akcyjna,,,,,,,,,,,,13,13
Cykarzew Stary ,,,,,,,,,,,,,43,43
Mykanów,Łódzka Kolej Aglomeracyjna Sp. z o.o.,,,,,,,,,,,,30,30
Mykanów,POLREGIO Spółka Akcyjna,,,,,,,,,,,,20,20
Mykanów ,,,,,,,,,,,,,50,50
Ważne Młyny,Łódzka Kolej Aglomeracyjna Sp. z o.o.,,,,,,,,,,,,29,29
Ważne Młyny,POLREGIO Spółka Akcyjna,,,,,,,,,,,,13,13
Ważne Młyny ,,,,,,,,,,,,,42,42
Broniszew Stary,Łódzka Kolej Aglomeracyjna Sp. z o.o.,,,,,,,,,,,,29,29
Broniszew Stary,POLREGIO Spółka Akcyjna,,,,,,,,,,,,13,13
Broniszew Stary ,,,,,,,,,,,,,42,42
Pieńki Dubidzkie,Łódzka Kolej Aglomeracyjna Sp. z o.o.,,,,,,,,,,,,28,28
Pieńki Dubidzkie,POLREGIO Spółka Akcyjna,,,,,,,,,,,,12,12
Pieńki Dubidzkie ,,,,,,,,,,,,,40,40
Nowa Brzeźnica,Łódzka Kolej Aglomeracyjna Sp. z o.o.,,,,,,,,,,,,29,29
Nowa Brzeźnica,POLREGIO Spółka Akcyjna,,,,,,,,,,,,13,13
Nowa Brzeźnica ,,,,,,,,,,,,,42,42
Dubidze,Łódzka Kolej Aglomeracyjna Sp. z o.o.,,,,,,,,,,,,34,34
Dubidze,POLREGIO Spółka Akcyjna,,,,,,,,,,,,12,12
Dubidze ,,,,,,,,,,,,,46,46
Rząsawa,Łódzka Kolej Aglomeracyjna Sp. z o.o.,,,,,,,,,,,,30,30
Rząsawa,POLREGIO Spółka Akcyjna,,,,,,,,,,,,26,26
Rząsawa ,,,,,,,,,,,,,56,56
Wola Łużańska,Koleje Małopolskie Sp. z o.o.,80,117,212,,6,8,44,30,,12,,12,521
Wola Łużańska ,,80,117,212,,6,8,44,30,,12,,12,521
Szalowa,Koleje Małopolskie Sp. z o.o.,81,117,212,,6,8,44,30,,12,,12,522
Szalowa ,,81,117,212,,6,8,44,30,,12,,12,522
Pawonków,POLREGIO Spółka Akcyjna,6,25,26,,28,,9,58,,42,19,40,253
Pawonków ,,6,25,26,,28,,9,58,,42,19,40,253
Polna,Koleje Małopolskie Sp. z o.o.,81,117,212,,,8,44,30,,12,,12,516
Polna ,,81,117,212,,,8,44,30,,12,,12,516
Pludry,POLREGIO Spółka Akcyjna,6,26,26,,28,8,8,58,,41,19,38,258
Pludry ,,6,26,26,,28,8,8,58,,41,19,38,258
Lubycza Królewska,POLREGIO Spółka Akcyjna,33,6,18,7,244,185,524,516,118,37,46,18,1752
Lubycza Królewska ,,33,6,18,7,244,185,524,516,118,37,46,18,1752
Hrebenne,POLREGIO Spółka Akcyjna,32,,11,7,224,179,424,499,114,19,37,17,1563
Hrebenne ,,32,,11,7,224,179,424,499,114,19,37,17,1563
Moszczenica Małopolska,Koleje Małopolskie Sp. z o.o.,23,118,213,,6,8,44,30,,12,,12,466
Moszczenica Małopolska ,,23,118,213,,6,8,44,30,,12,,12,466
Zduńska Wola Karsznice,PKP INTERCITY Spółka Akcyjna ,,,9,,,240,530,117,,,,,896
Zduńska Wola Karsznice,Łódzka Kolej Aglomeracyjna Sp. z o.o.,,,,,,,,,,,,41,41
Zduńska Wola Karsznice ,,,,9,,,240,530,117,,,,41,937
Żary Muzyków,POLREGIO Spółka Akcyjna,,,,,,,,,,,,1051,1051
Żary Muzyków ,,,,,,,,,,,,,1051,1051
Szymany Lotnisko,POLREGIO Spółka Akcyjna,,58,95,11,9,,,,,,,,173
Szymany Lotnisko ,,,58,95,11,9,,,,,,,,173
Nowy Łupków,POLREGIO Spółka Akcyjna,,,,,,183,6,7,31,,,,227
Nowy Łupków,PKP INTERCITY Spółka Akcyjna ,,,,,30,24,22,,16,,,16,108
Nowy Łupków,SKPL Cargo Sp. z o.o.  (przewozy pasażerskie),,,,,,,,,,,,,
Nowy Łupków ,,,,,,30,207,28,7,47,,,16,335
Łupków,POLREGIO Spółka Akcyjna,,,,,,183,6,,31,,,,220
Łupków,PKP INTERCITY Spółka Akcyjna ,,,,,22,24,21,,14,,,16,97
Łupków,SKPL Cargo Sp. z o.o.  (przewozy pasażerskie),,,,,,,,,,,,,
Łupków ,,,,,,22,207,27,,45,,,16,317
Komańcza,POLREGIO Spółka Akcyjna,,,,,,182,6,7,31,,,,226
Komańcza,PKP INTERCITY Spółka Akcyjna ,,,,,30,25,24,,16,,,16,111
Komańcza,SKPL Cargo Sp. z o.o.  (przewozy pasażerskie),,,,,,,,,,,,,
Komańcza ,,,,,,30,207,30,7,47,,,16,337
Szczawne Kulaszne,POLREGIO Spółka Akcyjna,,,,,,182,6,7,25,,,,220
Szczawne Kulaszne,PKP INTERCITY Spółka Akcyjna ,,,,,31,26,25,,16,,,17,115
Szczawne Kulaszne,SKPL Cargo Sp. z o.o.  (przewozy pasażerskie),,,,,,,,,,,,,
Szczawne Kulaszne ,,,,,,31,208,31,7,41,,,17,335
Rzepedź,POLREGIO Spółka Akcyjna,,,,,,182,6,7,31,,,,226
Rzepedź,PKP INTERCITY Spółka Akcyjna ,,,,,31,26,25,,16,,,16,114
Rzepedź,SKPL Cargo Sp. z o.o.  (przewozy pasażerskie),,,,,,,,,,,,,
Rzepedź ,,,,,,31,208,31,7,47,,,16,340
Komańcza Letnisko,POLREGIO Spółka Akcyjna,,,,,,182,6,7,31,,,,226
Komańcza Letnisko,PKP INTERCITY Spółka Akcyjna ,,,,,31,26,25,,16,,,16,114
Komańcza Letnisko,SKPL Cargo Sp. z o.o.  (przewozy pasażerskie),,,,,,,,,,,,,
Komańcza Letnisko ,,,,,,31,208,31,7,47,,,16,340
Plavec,Koleje Małopolskie Sp. z o.o.,,,,,,164,225,52,,,,,441
Plavec ,,,,,,,164,225,52,,,,,441
Gdańsk Stadion Expo,PKP Szybka Kolej Miejska w Trójmieście sp. z o.o.,,,,,38,289,26,6,8,,70,,437
Gdańsk Stadion Expo,PKP INTERCITY Spółka Akcyjna ,,,,,,,,,,8,172,,180
Gdańsk Stadion Expo ,,,,,,38,289,26,6,8,8,242,,617
Mieroszów,Koleje Dolnośląskie S.A.,,,,22,102,141,41,82,,,,,388
Mieroszów ,,,,,22,102,141,41,82,,,,,388
Boguszów-Gorce Dzikowiec,Koleje Dolnośląskie S.A.,,,,21,114,148,49,89,,,,,421
Boguszów-Gorce Dzikowiec ,,,,,21,114,148,49,89,,,,,421
Unisław Śląski,Koleje Dolnośląskie S.A.,,,,28,115,142,48,84,,,,,417
Unisław Śląski ,,,,,28,115,142,48,84,,,,,417
Mezimesti,Koleje Dolnośląskie S.A.,,,,24,101,125,38,76,,,,,364
Mezimesti ,,,,,24,101,125,38,76,,,,,364
Repczyce,POLREGIO Spółka Akcyjna,,,,,,,,,,,,126,126
Repczyce ,,,,,,,,,,,,,126,126
Lachowice,POLREGIO Spółka Akcyjna,30,6,22,15,,51,,,,,,,124
Lachowice,PKP CARGO S.A.,,,,,,9,,,,,,,9
Lachowice ,,30,6,22,15,,60,,,,,,,133
Żywiec Sporysz,POLREGIO Spółka Akcyjna,63,,18,,10,55,,,6,11,,,163
Żywiec Sporysz ,,63,,18,,10,55,,,6,11,,,163
Stryszawa,POLREGIO Spółka Akcyjna,30,,20,15,,62,,,,6,,,133
Stryszawa ,,30,,20,15,,62,,,,6,,,133
Pewel Mała,POLREGIO Spółka Akcyjna,70,,20,13,10,56,,,6,11,,,186
Pewel Mała ,,70,,20,13,10,56,,,6,11,,,186
Pewel Wielka Centrum,POLREGIO Spółka Akcyjna,69,,21,14,8,54,,,,9,,,175
Pewel Wielka Centrum ,,69,,21,14,8,54,,,,9,,,175
Pewel Wielka,POLREGIO Spółka Akcyjna,69,6,21,14,7,55,,,,8,,,180
Pewel Wielka ,,69,6,21,14,7,55,,,,8,,,180
Kurów Suski,POLREGIO Spółka Akcyjna,69,6,20,15,,55,,,,,,,165
Kurów Suski ,,69,6,20,15,,55,,,,,,,165
Waliły,POLREGIO Spółka Akcyjna,,,,,,,87,191,,,,,278
Waliły ,,,,,,,,87,191,,,,,278
Sokole Białostockie,POLREGIO Spółka Akcyjna,,,,,,,86,189,,,,,275
Sokole Białostockie ,,,,,,,,86,189,,,,,275
Żednia,POLREGIO Spółka Akcyjna,,,,,,,86,189,,,,,275
Żednia ,,,,,,,,86,189,,,,,275
Kuriany,POLREGIO Spółka Akcyjna,,,,,,,87,190,,,,,277
Kuriany ,,,,,,,,87,190,,,,,277
Zajezierce,POLREGIO Spółka Akcyjna,,,,,,,86,190,,,,,276
Zajezierce ,,,,,,,,86,190,,,,,276
Białystok Fabryczny,POLREGIO Spółka Akcyjna,,,,,,,30,191,,,,,221
Białystok Fabryczny ,,,,,,,,30,191,,,,,221
Horka Gbf,Koleje Dolnośląskie S.A.,,,,135,90,91,272,66,61,215,67,117,1114
Horka Gbf ,,,,,135,90,91,272,66,61,215,67,117,1114
Dwikozy,PKP INTERCITY Spółka Akcyjna ,,,,,,,,,,,575,371,946
Dwikozy ,,,,,,,,,,,,575,371,946
Gorlice Glinik,POLREGIO Spółka Akcyjna,,25,,73,44,6,,,,,15,,163
Gorlice Glinik,Koleje Małopolskie Sp. z o.o.,,,,,,,,,,,,,
Gorlice Glinik ,,,25,,73,44,6,,,,,15,,163
Morochów,POLREGIO Spółka Akcyjna,,,,,,182,6,6,23,,,,217
Morochów,SKPL Cargo Sp. z o.o.  (przewozy pasażerskie),,,,,,,,,,,,,
Morochów ,,,,,,,182,6,6,23,,,,217
Wysoczany,POLREGIO Spółka Akcyjna,,,,,,181,6,6,25,,,,218
Wysoczany,SKPL Cargo Sp. z o.o.  (przewozy pasażerskie),,,,,,,,,,,,,
Wysoczany ,,,,,,,181,6,6,25,,,,218
Mokre Małopolskie,POLREGIO Spółka Akcyjna,,,,,,182,6,6,23,,,,217
Mokre Małopolskie,SKPL Cargo Sp. z o.o.  (przewozy pasażerskie),,,,,,,,,,,,,
Mokre Małopolskie ,,,,,,,182,6,6,23,,,,217
Tarnawa Dolna,POLREGIO Spółka Akcyjna,,,,,,181,6,,16,,,,203
Tarnawa Dolna,SKPL Cargo Sp. z o.o.  (przewozy pasażerskie),,,,,,,,,,,,,
Tarnawa Dolna ,,,,,,,181,6,,16,,,,203
Czaszyn,POLREGIO Spółka Akcyjna,,,,,,181,6,,23,,,,210
Czaszyn,SKPL Cargo Sp. z o.o.  (przewozy pasażerskie),,,,,,,,,,,,,
Czaszyn ,,,,,,,181,6,,23,,,,210
Medzilaborce,POLREGIO Spółka Akcyjna,,,,,,177,,,23,,,,200
Medzilaborce ,,,,,,,177,,,23,,,,200
Medzilaborce Mesto,POLREGIO Spółka Akcyjna,,,,,,177,,,23,,,,200
Medzilaborce Mesto ,,,,,,,177,,,23,,,,200
Werchrata,POLREGIO Spółka Akcyjna,,,,,200,151,528,480,33,,,,1392
Werchrata ,,,,,,200,151,528,480,33,,,,1392
Siedliska Tomaszowskie,POLREGIO Spółka Akcyjna,,,,,214,163,529,415,34,,,,1355
Siedliska Tomaszowskie ,,,,,,214,163,529,415,34,,,,1355
Gorlice,POLREGIO Spółka Akcyjna,,32,,67,44,6,,,,,15,,164
Gorlice,Koleje Małopolskie Sp. z o.o.,,,,,,,,,,,,,
Gorlice,PKP CARGO S.A. w restrukturyzacji,,,,,,,,,,,,,
Gorlice ,,,32,,67,44,6,,,,,15,,164
Ruda-Opalin,POLREGIO Spółka Akcyjna,,,,,,17,,,,,,,17
Ruda-Opalin ,,,,,,,17,,,,,,,17
Zawiercie Kądzielów,Koleje Śląskie Spółka z o.o.,,,,,,,,,,,103,,103
Zawiercie Kądzielów ,,,,,,,,,,,,103,,103
Karolinówka,POLREGIO Spółka Akcyjna,,,,,,18,,,,,,,18
Karolinówka ,,,,,,,18,,,,,,,18
Okuninka Białe,POLREGIO Spółka Akcyjna,,,,,,16,,,,,,,16
Okuninka Białe ,,,,,,,16,,,,,,,16
Stulno,POLREGIO Spółka Akcyjna,,,,,,16,,,,,,,16
Stulno ,,,,,,,16,,,,,,,16
Ruda-Huta,POLREGIO Spółka Akcyjna,,,,,,18,,,,,,,18
Ruda-Huta ,,,,,,,18,,,,,,,18
Sobibór,POLREGIO Spółka Akcyjna,,,,,,16,,,,,,,16
Sobibór ,,,,,,,16,,,,,,,16
Majdan Stuleński,POLREGIO Spółka Akcyjna,,,,,,16,,,,,,,16
Majdan Stuleński ,,,,,,,16,,,,,,,16
Uhrusk Przystanek,POLREGIO Spółka Akcyjna,,,,,,17,,,,,,,17
Uhrusk Przystanek ,,,,,,,17,,,,,,,17
Uhrusk,POLREGIO Spółka Akcyjna,,,,,,17,,,,,,,17
Uhrusk ,,,,,,,17,,,,,,,17
Włodawa,POLREGIO Spółka Akcyjna,,,,,,15,,,,,,,15
Włodawa ,,,,,,,15,,,,,,,15
Recław,POLREGIO Spółka Akcyjna,,,,,,,,12,,,,,12
Recław ,,,,,,,,,12,,,,,12
Rusiec Łódzki,Łódzka Kolej Aglomeracyjna Sp. z o.o.,,,,,,,,,,,,27,27
Rusiec Łódzki ,,,,,,,,,,,,,27,27
Zduńska Wola Południowa,Łódzka Kolej Aglomeracyjna Sp. z o.o.,,,,,,,,,,,,27,27
Zduńska Wola Południowa ,,,,,,,,,,,,,27,27
Chociw Łaski,Łódzka Kolej Aglomeracyjna Sp. z o.o.,,,,,,,,,,,,26,26
Chociw Łaski ,,,,,,,,,,,,,26,26
Siedlce Łaskie,Łódzka Kolej Aglomeracyjna Sp. z o.o.,,,,,,,,,,,,27,27
Siedlce Łaskie ,,,,,,,,,,,,,27,27
Kozuby,Łódzka Kolej Aglomeracyjna Sp. z o.o.,,,,,,,,,,,,27,27
Kozuby ,,,,,,,,,,,,,27,27
Huta,Łódzka Kolej Aglomeracyjna Sp. z o.o.,,,,,,,,,,,,28,28
Huta ,,,,,,,,,,,,,28,28
Pszczew,POLREGIO Spółka Akcyjna,,,,,,17,86,91,,,,,194
Pszczew ,,,,,,,17,86,91,,,,,194
Wierzbno,POLREGIO Spółka Akcyjna,,,,,,21,75,85,,,,,181
Wierzbno ,,,,,,,21,75,85,,,,,181
Bobowicko,POLREGIO Spółka Akcyjna,,,,,,14,75,93,,,,,182
Bobowicko ,,,,,,,14,75,93,,,,,182
Policko,POLREGIO Spółka Akcyjna,,,,,,14,76,91,,,,,181
Policko ,,,,,,,14,76,91,,,,,181
Wieruszów JURA-POLSKA,Koleje Śląskie Spółka z o.o.,,,,,,10,,,,,,,10
Wieruszów JURA-POLSKA,Łódzka Kolej Aglomeracyjna Sp. z o.o.,,,,,,9,,,,,,,9
Wieruszów JURA-POLSKA ,,,,,,,19,,,,,,,19
Czastary,Koleje Śląskie Spółka z o.o.,,,,,,9,,,,,,,9
Czastary,Łódzka Kolej Aglomeracyjna Sp. z o.o.,,,,,,7,,,,,,,7
Czastary ,,,,,,,16,,,,,,,16
Wieruszów,Koleje Śląskie Spółka z o.o.,,,,,,11,,,,,,,11
Wieruszów,Łódzka Kolej Aglomeracyjna Sp. z o.o.,,,,,,9,,,,,,,9
Wieruszów ,,,,,,,20,,,,,,,20
Pieczyska,Koleje Śląskie Spółka z o.o.,,,,,,10,,,,,,,10
Pieczyska,Łódzka Kolej Aglomeracyjna Sp. z o.o.,,,,,,9,,,,,,,9
Pieczyska ,,,,,,,19,,,,,,,19
Biała,Koleje Śląskie Spółka z o.o.,,,,,,8,,,,,,,8
Biała,Łódzka Kolej Aglomeracyjna Sp. z o.o.,,,,,,7,,,,,,,7
Biała ,,,,,,,15,,,,,,,15
Świba,Koleje Śląskie Spółka z o.o.,,,,,,11,,,,,,,11
Świba,Łódzka Kolej Aglomeracyjna Sp. z o.o.,,,,,,9,,,,,,,9
Świba ,,,,,,,20,,,,,,,20
Szczecin Niebuszewo,PKP INTERCITY Spółka Akcyjna ,,,,,18,,,,28,,,,46
Szczecin Niebuszewo ,,,,,,18,,,,28,,,,46
Pakość,RAILPOLONIA Sp. z o.o. (przewozy pasażerskie),,,,,,,,,,,,,
Pakość,CARGO Master Spółka z o.o.,,,,,,,,,,,,,
Pakość ,,,,,,,,,,,,,,
Gdańsk Port Północny,PKP INTERCITY Spółka Akcyjna ,,,,,,,,,,,32,,32
Gdańsk Port Północny ,,,,,,,,,,,,32,,32
Skandawa,PKP INTERCITY Spółka Akcyjna ,,,,,,,32,,,,,,32
Skandawa ,,,,,,,,32,,,,,,32
Gdańsk Zaspa Towarowa,PKP INTERCITY Spółka Akcyjna ,,,,,,,,,,,39,,39
Gdańsk Zaspa Towarowa,CARGO Master Spółka z o.o.,,,,,,,,,,,,,
Gdańsk Zaspa Towarowa ,,,,,,,,,,,,39,,39
Przewóz,POLREGIO Spółka Akcyjna,,,,,,,,,,,,,
Przewóz ,,,,,,,,,,,,,,
Olecko,PKP INTERCITY Spółka Akcyjna ,,,,,,,,,,,,,
Olecko ,,,,,,,,,,,,,,
Stobno Szczecińskie,PKP INTERCITY Spółka Akcyjna ,,,,,31,,,,,,,,31
Stobno Szczecińskie ,,,,,,31,,,,,,,,31
Bąk,CARGO Master Spółka z o.o.,,,,18,,,,,,,,,18
Bąk ,,,,,18,,,,,,,,,18
Goworki Bsz,CARGO Master Spółka z o.o.,,,,,,,,,,,,,
Goworki Bsz ,,,,,,,,,,,,,,
Police,PKP INTERCITY Spółka Akcyjna ,,,,,20,,,,,,,,20
Police ,,,,,,20,,,,,,,,20
Gdynia Port Oksywie,PKP INTERCITY Spółka Akcyjna ,,,,,,,,,,,7,,7
Gdynia Port Oksywie ,,,,,,,,,,,,7,,7
Bydgoszcz Emilianowo,CARGO Master Spółka z o.o.,,,,13,,,,,,,,,13
Bydgoszcz Emilianowo ,,,,,13,,,,,,,,,13
Biskupiec Reszelski,PKP INTERCITY Spółka Akcyjna ,,,,,,,19,,,,,,19
Biskupiec Reszelski ,,,,,,,,19,,,,,,19
Wapienno,RAILPOLONIA Sp. z o.o. (przewozy pasażerskie),,,,,,,,,,,,6,6
Wapienno ,,,,,,,,,,,,,6,6
Piechcin,RAILPOLONIA Sp. z o.o. (przewozy pasażerskie),,,,,,,,,,,,6,6
Piechcin ,,,,,,,,,,,,,6,6
Szczecin Wzgórze Hetmańskie,PKP INTERCITY Spółka Akcyjna ,,,,,,,,,,,,,
Szczecin Wzgórze Hetmańskie ,,,,,,,,,,,,,,
Tantow,POLREGIO Spółka Akcyjna,,,,,,,,,,58,,,58
Tantow ,,,,,,,,,,,58,,,58
Poddębice,Łódzka Kolej Aglomeracyjna Sp. z o.o.,,,,,,,,,,,,,
Poddębice ,,,,,,,,,,,,,,
Łomża,PKP INTERCITY Spółka Akcyjna ,,,,,,,,,,,,,
Łomża ,,,,,,,,,,,,,,
Elbląg Zdrój,PKP INTERCITY Spółka Akcyjna ,,,,,,,,,,,,,
Elbląg Zdrój ,,,,,,,,,,,,,,
Świerże Górne,PKP INTERCITY Spółka Akcyjna ,,,7,,,,,,,,,,7
Świerże Górne ,,,,7,,,,,,,,,,7
Tworóg,PKP INTERCITY Spółka Akcyjna ,,8,,,,,,,,,,,8
Tworóg ,,,8,,,,,,,,,,,8
Kruszwica,RAILPOLONIA Sp. z o.o. (przewozy pasażerskie),,,,,,,,,,,,,
Kruszwica,CARGO Master Spółka z o.o.,,,,,,,,,,,,,
Kruszwica ,,,,,,,,,,,,,,
Katowice Szopienice Północne,PKP INTERCITY Spółka Akcyjna ,,9,,,,,,,,,,,9
Katowice Szopienice Północne ,,,9,,,,,,,,,,,9
Ciechocinek,CARGO Master Spółka z o.o.,,,,,,,,,,,,,
Ciechocinek ,,,,,,,,,,,,,,
Visnova,Koleje Dolnośląskie S.A.,,,,,,,,,,,,,
Visnova ,,,,,,,,,,,,,,
Dąbrowa Górnicza Południowa,Koleje Śląskie Spółka z o.o.,,,,,,,,,,,,,
Dąbrowa Górnicza Południowa ,,,,,,,,,,,,,,
Rogowiec,PKP INTERCITY Spółka Akcyjna ,,,,,,,16,,,,,,16
Rogowiec ,,,,,,,,16,,,,,,16
Lniano,CARGO Master Spółka z o.o.,,,,8,,,,,,,,,8
Lniano ,,,,,8,,,,,,,,,8
Gdynia Postojowa,PKP INTERCITY Spółka Akcyjna ,,,,,,,,,,,,,
Gdynia Postojowa ,,,,,,,,,,,,,,
Drzycim,CARGO Master Spółka z o.o.,,,,9,,,,,,,,,9
Drzycim ,,,,,9,,,,,,,,,9
Zawidów,Koleje Dolnośląskie S.A.,,,,,,,,,,,,,
Zawidów ,,,,,,,,,,,,,,
Szadek,PKP INTERCITY Spółka Akcyjna ,,,,,,,,,,,,,
Szadek ,,,,,,,,,,,,,,
 końcowa,,6790993,2799589,3281446,2992881,3645504,5062963,6388237,5358400,4638706,4308922,5104401,4977205,55349247
