 z Liczba opóźn. pociągów > 5 minut,Unnamed: 1,Unnamed: 2,Unnamed: 3,Unnamed: 4,Unnamed: 5,Unnamed: 6,Unnamed: 7,Unnamed: 8,Unnamed: 9,Unnamed: 10,Unnamed: 11,Unnamed: 12,Unnamed: 13,Razem:  z Liczba opóźn. pociągów > 5 minut
Stacja,Przewoźnik,styczeń,luty,marzec,kwiecień,maj,czerwiec,lipiec,sierpień,wrzesień,październik,listopad,grudzień,
Warszawa Wschodnia,Freightliner PL Spółka z o.o.,,,,,0,0,,,,,,,0
Warszawa Wschodnia,Koleje Mazowieckie - KM Spółka z o.o.,716,344,419,487,506,895,1294,886,877,1039,1053,663,9179
Warszawa Wschodnia,Łódzka Kolej Aglomeracyjna Sp. z o.o.,,,,,,2,2,3,6,3,8,19,43
Warszawa Wschodnia,PKP INTERCITY Spółka Akcyjna ,1195,606,741,638,690,946,1280,1375,1193,1021,1089,1194,11968
Warszawa Wschodnia,POLREGIO Spółka Akcyjna,,,,,,10,30,24,29,39,27,17,176
Warszawa Wschodnia,SKPL Cargo Sp. z o.o.  (przewozy pasażerskie),6,3,3,4,4,10,9,12,6,4,9,5,75
Warszawa Wschodnia,Szybka Kolej Miejska Sp. z o.o.,218,107,130,90,139,312,428,222,184,217,212,217,2476
Warszawa Wschodnia ,,2135,1060,1293,1219,1339,2175,3043,2522,2295,2323,2398,2115,23917
Warszawa Zachodnia,Freightliner PL Spółka z o.o.,,,,,0,,,,,,,,0
Warszawa Zachodnia,Koleje Mazowieckie - KM Spółka z o.o.,684,340,416,477,504,798,1227,766,881,920,921,586,8520
Warszawa Zachodnia,Łódzka Kolej Aglomeracyjna Sp. z o.o.,15,6,10,8,8,8,6,7,15,18,22,24,147
Warszawa Zachodnia,PKP INTERCITY Spółka Akcyjna ,1058,547,718,650,721,939,1294,1415,1425,1171,1262,1278,12478
Warszawa Zachodnia,POLREGIO Spółka Akcyjna,39,20,19,11,26,15,27,18,40,53,51,42,361
Warszawa Zachodnia,Szybka Kolej Miejska Sp. z o.o.,145,71,68,60,112,340,521,274,232,266,241,260,2590
Warszawa Zachodnia ,,1941,984,1231,1206,1371,2100,3075,2480,2593,2428,2497,2190,24096
Wrocław Główny,CARGO Master Spółka z o.o.,,,0,0,1,,,,,,,,1
Wrocław Główny,CARGO TRAIN Sp. z o.o.,,,,,,,0,,,,,,0
Wrocław Główny,Koleje Dolnośląskie S.A.,1200,495,516,492,618,498,903,703,1037,885,1403,1142,9892
Wrocław Główny,LEO Express Global a.s.,,,0,,,,,,,,,,0
Wrocław Główny,PKP INTERCITY Spółka Akcyjna ,685,373,393,352,472,540,666,622,676,619,744,782,6924
Wrocław Główny,POLREGIO Spółka Akcyjna,401,219,261,254,275,246,334,254,414,367,452,374,3851
Wrocław Główny ,,2286,1087,1170,1098,1366,1284,1903,1579,2127,1871,2599,2298,20668
Poznań Główny,CARGO Master Spółka z o.o.,,,,,2,,,,,,,,2
Poznań Główny,Koleje Wielkopolskie Sp. z o.o.,359,216,268,229,242,503,389,326,365,398,404,418,4117
Poznań Główny,Łódzka Kolej Aglomeracyjna Sp. z o.o.,0,1,1,4,0,0,2,2,1,0,0,4,15
Poznań Główny,Parowozownia Wolsztyn,,,,,0,,,0,,,0,0,0
Poznań Główny,PKP INTERCITY Spółka Akcyjna ,633,446,470,474,442,743,737,741,687,661,697,810,7541
Poznań Główny,POLREGIO Spółka Akcyjna,322,186,224,206,216,331,286,308,333,326,361,303,3402
Poznań Główny,RAILPOLONIA Sp. z o.o. (przewozy pasażerskie),,,,,,,,,,,,3,3
Poznań Główny ,,1314,849,963,913,902,1577,1414,1377,1386,1385,1462,1538,15080
Gdańsk Wrzeszcz,Koleje Mazowieckie - KM Spółka z o.o.,,,,,,7,29,32,1,,,,69
Gdańsk Wrzeszcz,PKP INTERCITY Spółka Akcyjna ,691,370,291,298,397,706,1120,1193,614,523,533,629,7365
Gdańsk Wrzeszcz,PKP Szybka Kolej Miejska w Trójmieście sp. z o.o.,202,46,58,76,41,51,122,85,146,138,99,114,1178
Gdańsk Wrzeszcz,POLREGIO Spółka Akcyjna,333,183,202,178,223,338,499,591,339,304,308,368,3866
Gdańsk Wrzeszcz ,,1226,599,551,552,661,1102,1770,1901,1100,965,940,1111,12478
Gdynia Główna,CARGO Master Spółka z o.o.,,,,0,,,,,,,,,0
Gdynia Główna,Koleje Mazowieckie - KM Spółka z o.o.,,,,,,5,25,28,1,,,,59
Gdynia Główna,PKP INTERCITY Spółka Akcyjna ,624,285,237,229,341,642,1023,1060,529,457,478,547,6452
Gdynia Główna,PKP Szybka Kolej Miejska w Trójmieście sp. z o.o.,243,58,71,99,63,101,186,153,130,225,180,165,1674
Gdynia Główna,POLREGIO Spółka Akcyjna,366,161,194,184,342,605,733,810,539,351,378,456,5119
Gdynia Główna ,,1233,504,502,512,746,1353,1967,2051,1199,1033,1036,1168,13304
Kraków Główny,Koleje Małopolskie Sp. z o.o.,423,131,174,163,159,174,219,256,199,191,185,146,2420
Kraków Główny,Koleje Śląskie Spółka z o.o.,31,16,9,8,11,16,20,21,14,29,37,29,241
Kraków Główny,LEO Express Global a.s.,1,1,3,4,1,2,3,3,2,1,2,7,30
Kraków Główny,PKP INTERCITY Spółka Akcyjna ,1025,506,499,441,527,594,813,1056,749,688,790,789,8477
Kraków Główny,POLREGIO Spółka Akcyjna,605,318,262,231,259,265,291,360,259,356,434,371,4011
Kraków Główny,RegioJet a.s.,27,17,34,29,32,33,32,25,35,38,48,35,385
Kraków Główny,Leo Express s.r.o.,,,,,,,,,,,,4,4
Kraków Główny ,,2112,989,981,876,989,1084,1378,1721,1258,1303,1496,1381,15568
Katowice,Koleje Śląskie Spółka z o.o.,865,457,474,503,566,675,645,509,675,687,874,739,7669
Katowice,PKP INTERCITY Spółka Akcyjna ,806,505,465,419,523,671,666,615,576,546,672,723,7187
Katowice,POLREGIO Spółka Akcyjna,181,82,51,67,84,87,72,72,61,94,117,124,1092
Katowice ,,1852,1044,990,989,1173,1433,1383,1196,1312,1327,1663,1586,15948
Sopot,CARGO Master Spółka z o.o.,,,,0,,,,,,,,,0
Sopot,Koleje Mazowieckie - KM Spółka z o.o.,,,,,,7,28,30,1,,,,66
Sopot,PKP INTERCITY Spółka Akcyjna ,691,358,281,280,382,710,1101,1189,598,499,526,622,7237
Sopot,PKP Szybka Kolej Miejska w Trójmieście sp. z o.o.,228,46,64,88,52,70,141,115,127,137,116,133,1317
Sopot,POLREGIO Spółka Akcyjna,265,132,143,130,170,269,386,476,260,236,243,273,2983
Sopot ,,1184,536,488,498,604,1056,1656,1810,986,872,885,1028,11603
Gdańsk Główny,CARGO Master Spółka z o.o.,,5,,0,,,,,,,,,5
Gdańsk Główny,Koleje Mazowieckie - KM Spółka z o.o.,,,,,,7,29,32,1,,,,69
Gdańsk Główny,PKP INTERCITY Spółka Akcyjna ,719,383,296,304,401,728,1137,1187,630,539,550,661,7535
Gdańsk Główny,PKP Szybka Kolej Miejska w Trójmieście sp. z o.o.,181,49,58,74,42,51,114,78,136,126,98,107,1114
Gdańsk Główny,POLREGIO Spółka Akcyjna,280,150,153,141,173,278,367,465,249,248,237,257,2998
Gdańsk Główny ,,1180,587,507,519,616,1064,1647,1762,1016,913,885,1025,11721
Łódź Widzew,Koleje Wielkopolskie Sp. z o.o.,0,0,0,,,,,,,,,,0
Łódź Widzew,Łódzka Kolej Aglomeracyjna Sp. z o.o.,126,76,100,114,119,107,181,165,155,157,190,138,1628
Łódź Widzew,PKP INTERCITY Spółka Akcyjna ,286,167,178,132,168,221,303,365,278,225,309,290,2922
Łódź Widzew,POLREGIO Spółka Akcyjna,100,54,62,32,52,57,121,92,71,73,102,80,896
Łódź Widzew ,,512,297,340,278,339,385,605,622,504,455,601,508,5446
Warszawa Śródmieście,Koleje Mazowieckie - KM Spółka z o.o.,257,144,147,198,244,620,965,637,720,789,814,519,6054
Warszawa Śródmieście,PKP INTERCITY Spółka Akcyjna ,,,,,,,,,,,2,2,4
Warszawa Śródmieście,POLREGIO Spółka Akcyjna,,,,,,,,,,,,1,1
Warszawa Śródmieście,Szybka Kolej Miejska Sp. z o.o.,80,38,49,43,84,229,330,152,129,169,143,160,1606
Warszawa Śródmieście ,,337,182,196,241,328,849,1295,789,849,958,959,682,7665
Warszawa Ochota,Koleje Mazowieckie - KM Spółka z o.o.,270,141,147,197,243,630,972,634,733,785,814,511,6077
Warszawa Ochota,Szybka Kolej Miejska Sp. z o.o.,90,42,50,44,84,226,334,156,130,167,144,164,1631
Warszawa Ochota ,,360,183,197,241,327,856,1306,790,863,952,958,675,7708
Warszawa Powiśle,Koleje Mazowieckie - KM Spółka z o.o.,248,141,145,189,231,601,953,620,696,781,837,514,5956
Warszawa Powiśle,Szybka Kolej Miejska Sp. z o.o.,73,34,43,42,77,225,313,142,125,169,143,155,1541
Warszawa Powiśle ,,321,175,188,231,308,826,1266,762,821,950,980,669,7497
Warszawa Stadion,Koleje Mazowieckie - KM Spółka z o.o.,245,149,147,207,241,605,955,628,735,821,866,542,6141
Warszawa Stadion,PKP INTERCITY Spółka Akcyjna ,,,,,2,,,,,,,,2
Warszawa Stadion,Szybka Kolej Miejska Sp. z o.o.,73,29,48,44,78,225,315,146,129,174,158,165,1584
Warszawa Stadion ,,318,178,195,251,321,830,1270,774,864,995,1024,707,7727
Warszawa Centralna,Freightliner PL Spółka z o.o.,,,,,0,,,,,,,,0
Warszawa Centralna,Koleje Mazowieckie - KM Spółka z o.o.,356,151,223,229,196,205,234,172,164,159,140,88,2317
Warszawa Centralna,Łódzka Kolej Aglomeracyjna Sp. z o.o.,,,,,,9,6,8,18,16,19,23,99
Warszawa Centralna,PKP INTERCITY Spółka Akcyjna ,1101,597,780,663,735,931,1305,1423,1371,1163,1237,1354,12660
Warszawa Centralna,POLREGIO Spółka Akcyjna,,,,,,9,33,21,46,49,52,39,249
Warszawa Centralna,Szybka Kolej Miejska Sp. z o.o.,5,,0,0,0,53,109,58,67,52,67,43,454
Warszawa Centralna ,,1462,748,1003,892,931,1207,1687,1682,1666,1439,1515,1547,15779
Warszawa Służewiec,Koleje Mazowieckie - KM Spółka z o.o.,430,219,244,232,301,287,401,309,308,277,237,211,3456
Warszawa Służewiec,PKP INTERCITY Spółka Akcyjna ,122,54,56,57,65,70,128,144,105,85,93,84,1063
Warszawa Służewiec,Szybka Kolej Miejska Sp. z o.o.,244,141,95,97,130,261,347,219,187,169,142,183,2215
Warszawa Służewiec ,,796,414,395,386,496,618,876,672,600,531,472,478,6734
Gdynia Chylonia,PKP INTERCITY Spółka Akcyjna ,,,,,,,,,,,0,,0
Gdynia Chylonia,PKP Szybka Kolej Miejska w Trójmieście sp. z o.o.,257,64,75,98,75,126,228,184,100,160,116,164,1647
Gdynia Chylonia,POLREGIO Spółka Akcyjna,256,103,115,129,283,480,587,643,400,233,247,316,3792
Gdynia Chylonia ,,513,167,190,227,358,606,815,827,500,393,363,480,5439
Warszawa Rakowiec,Koleje Mazowieckie - KM Spółka z o.o.,399,215,236,229,291,277,399,309,317,284,229,221,3406
Warszawa Rakowiec,Szybka Kolej Miejska Sp. z o.o.,258,150,105,104,141,287,361,225,201,189,148,203,2372
Warszawa Rakowiec ,,657,365,341,333,432,564,760,534,518,473,377,424,5778
Warszawa Żwirki i Wigury,Koleje Mazowieckie - KM Spółka z o.o.,390,208,228,224,281,271,387,299,297,265,226,209,3285
Warszawa Żwirki i Wigury,Szybka Kolej Miejska Sp. z o.o.,251,145,103,101,140,277,359,223,200,186,146,199,2330
Warszawa Żwirki i Wigury ,,641,353,331,325,421,548,746,522,497,451,372,408,5615
Warszawa Aleje Jerozolimskie,Koleje Mazowieckie - KM Spółka z o.o.,382,207,231,227,277,259,368,291,302,261,222,210,3237
Warszawa Aleje Jerozolimskie,Szybka Kolej Miejska Sp. z o.o.,219,128,89,92,126,267,357,221,214,199,148,209,2269
Warszawa Aleje Jerozolimskie ,,601,335,320,319,403,526,725,512,516,460,370,419,5506
Warszawa Włochy,Koleje Mazowieckie - KM Spółka z o.o.,433,205,264,304,326,411,622,359,427,480,450,297,4578
Warszawa Włochy,Szybka Kolej Miejska Sp. z o.o.,73,42,39,26,56,89,158,63,49,76,84,68,823
Warszawa Włochy ,,506,247,303,330,382,500,780,422,476,556,534,365,5401
Rzeszów Główny,PKP INTERCITY Spółka Akcyjna ,293,165,185,148,166,181,264,241,216,239,232,275,2605
Rzeszów Główny,POLREGIO Spółka Akcyjna,362,163,271,212,212,170,300,198,196,275,252,208,2819
Rzeszów Główny,RegioJet a.s.,29,22,31,30,31,37,44,36,39,44,37,32,412
Rzeszów Główny ,,684,350,487,390,409,388,608,475,451,558,521,515,5836
Warszawa Gdańska,Koleje Mazowieckie - KM Spółka z o.o.,462,220,236,246,299,359,370,290,237,253,239,207,3418
Warszawa Gdańska,Łódzka Kolej Aglomeracyjna Sp. z o.o.,,,,,,5,3,4,0,,,0,12
Warszawa Gdańska,PKP INTERCITY Spółka Akcyjna ,398,199,205,166,207,273,269,306,3,4,7,1,2038
Warszawa Gdańska,POLREGIO Spółka Akcyjna,,,,,,11,11,9,,,,,31
Warszawa Gdańska,Szybka Kolej Miejska Sp. z o.o.,180,102,87,107,104,84,69,43,50,39,46,55,966
Warszawa Gdańska ,,1040,521,528,519,610,732,722,652,290,296,292,263,6465
Legionowo,Koleje Mazowieckie - KM Spółka z o.o.,332,139,122,113,152,206,240,205,170,171,144,169,2163
Legionowo,PKP INTERCITY Spółka Akcyjna ,301,154,140,123,178,224,313,331,210,178,175,244,2571
Legionowo,Szybka Kolej Miejska Sp. z o.o.,159,85,62,70,84,114,138,84,81,92,83,109,1161
Legionowo ,,792,378,324,306,414,544,691,620,461,441,402,522,5895
Gliwice,Koleje Śląskie Spółka z o.o.,177,119,92,91,136,161,151,161,208,218,251,287,2052
Gliwice,PKP INTERCITY Spółka Akcyjna ,540,293,356,317,348,473,564,526,484,517,527,556,5501
Gliwice,POLREGIO Spółka Akcyjna,129,50,62,53,66,83,105,102,116,141,147,95,1149
Gliwice ,,846,462,510,461,550,717,820,789,808,876,925,938,8702
Kraków Zabłocie,Koleje Małopolskie Sp. z o.o.,282,87,148,136,127,108,145,148,127,107,82,103,1600
Kraków Zabłocie,Koleje Śląskie Spółka z o.o.,,,,,,,,,,,,18,18
Kraków Zabłocie,POLREGIO Spółka Akcyjna,392,214,170,169,195,149,178,214,152,203,196,194,2426
Kraków Zabłocie ,,674,301,318,305,322,257,323,362,279,310,278,315,4044
Kraków Grzegórzki,Koleje Małopolskie Sp. z o.o.,283,87,146,135,123,110,146,149,128,106,78,99,1590
Kraków Grzegórzki,Koleje Śląskie Spółka z o.o.,,,,,,,,,,,,18,18
Kraków Grzegórzki,POLREGIO Spółka Akcyjna,389,213,168,168,196,151,179,211,141,203,195,189,2403
Kraków Grzegórzki ,,672,300,314,303,319,261,325,360,269,309,273,306,4011
Tczew,CARGO Master Spółka z o.o.,,0,,1,,,,,,,,,1
Tczew,Koleje Mazowieckie - KM Spółka z o.o.,,,,,,7,29,31,1,,,,68
Tczew,PKP INTERCITY Spółka Akcyjna ,667,356,281,286,399,660,1001,1060,577,507,537,629,6960
Tczew,PKP Szybka Kolej Miejska w Trójmieście sp. z o.o.,,,,,0,,,,,,,,0
Tczew,POLREGIO Spółka Akcyjna,346,165,175,191,219,346,490,600,298,299,293,334,3756
Tczew ,,1013,521,456,478,618,1013,1520,1691,876,806,830,963,10785
Rumia,PKP INTERCITY Spółka Akcyjna ,197,96,64,49,95,202,397,404,109,123,107,175,2018
Rumia,PKP Szybka Kolej Miejska w Trójmieście sp. z o.o.,275,75,85,90,81,130,269,211,130,154,158,200,1858
Rumia,POLREGIO Spółka Akcyjna,143,66,55,73,237,451,547,607,343,165,186,236,3109
Rumia ,,615,237,204,212,413,783,1213,1222,582,442,451,611,6985
Gdynia Redłowo,PKP Szybka Kolej Miejska w Trójmieście sp. z o.o.,255,57,66,94,60,89,173,140,131,163,154,156,1538
Gdynia Redłowo ,,255,57,66,94,60,89,173,140,131,163,154,156,1538
Gdynia Wzgórze Św.Maksymiliana,PKP Szybka Kolej Miejska w Trójmieście sp. z o.o.,256,57,69,99,63,93,185,142,133,166,156,154,1573
Gdynia Wzgórze Św.Maksymiliana ,,256,57,69,99,63,93,185,142,133,166,156,154,1573
Gdynia Orłowo SKM,PKP Szybka Kolej Miejska w Trójmieście sp. z o.o.,253,56,67,89,60,84,163,135,133,150,146,153,1489
Gdynia Orłowo SKM ,,253,56,67,89,60,84,163,135,133,150,146,153,1489
Sopot Kamienny Potok,PKP Szybka Kolej Miejska w Trójmieście sp. z o.o.,234,51,63,87,56,71,147,127,126,144,126,137,1369
Sopot Kamienny Potok ,,234,51,63,87,56,71,147,127,126,144,126,137,1369
Gdańsk Zaspa,PKP Szybka Kolej Miejska w Trójmieście sp. z o.o.,205,41,57,77,43,51,128,86,146,137,99,118,1188
Gdańsk Zaspa ,,205,41,57,77,43,51,128,86,146,137,99,118,1188
Gdańsk Przymorze-Uniwersytet,PKP Szybka Kolej Miejska w Trójmieście sp. z o.o.,215,44,61,80,43,56,128,93,132,138,102,124,1216
Gdańsk Przymorze-Uniwersytet ,,215,44,61,80,43,56,128,93,132,138,102,124,1216
Sopot Wyścigi,PKP Szybka Kolej Miejska w Trójmieście sp. z o.o.,228,46,62,84,53,65,136,111,128,132,113,130,1288
Sopot Wyścigi ,,228,46,62,84,53,65,136,111,128,132,113,130,1288
Gdańsk Żabianka-AWFiS,PKP Szybka Kolej Miejska w Trójmieście sp. z o.o.,226,43,64,86,53,63,134,106,132,138,113,129,1287
Gdańsk Żabianka-AWFiS ,,226,43,64,86,53,63,134,106,132,138,113,129,1287
Gdańsk Oliwa SKM,PKP Szybka Kolej Miejska w Trójmieście sp. z o.o.,219,44,62,80,47,59,132,99,127,138,110,124,1241
Gdańsk Oliwa SKM ,,219,44,62,80,47,59,132,99,127,138,110,124,1241
Gdańsk Politechnika,PKP Szybka Kolej Miejska w Trójmieście sp. z o.o.,199,48,59,75,42,48,120,83,150,139,97,111,1171
Gdańsk Politechnika ,,199,48,59,75,42,48,120,83,150,139,97,111,1171
Gdańsk Oliwa,Koleje Mazowieckie - KM Spółka z o.o.,,,,,,7,29,32,1,,,,69
Gdańsk Oliwa,PKP INTERCITY Spółka Akcyjna ,703,373,298,299,395,723,1135,1219,613,528,542,640,7468
Gdańsk Oliwa,POLREGIO Spółka Akcyjna,281,150,153,144,187,297,409,501,272,252,266,273,3185
Gdańsk Oliwa ,,984,523,451,443,582,1027,1573,1752,886,780,808,913,10722
Warszawa Młynów,Koleje Mazowieckie - KM Spółka z o.o.,392,188,205,212,274,285,334,260,254,255,215,209,3083
Warszawa Młynów,PKP INTERCITY Spółka Akcyjna ,106,43,46,60,66,23,27,22,,,,,393
Warszawa Młynów,Szybka Kolej Miejska Sp. z o.o.,185,113,87,97,100,73,72,43,53,46,48,61,978
Warszawa Młynów ,,683,344,338,369,440,381,433,325,307,301,263,270,4454
Warszawa Zachodnia peron 9,Koleje Mazowieckie - KM Spółka z o.o.,412,199,218,213,281,296,325,247,269,277,230,213,3180
Warszawa Zachodnia peron 9,PKP INTERCITY Spółka Akcyjna ,113,45,47,62,65,25,23,21,,,,,401
Warszawa Zachodnia peron 9,Szybka Kolej Miejska Sp. z o.o.,191,115,90,94,107,67,69,45,53,47,48,62,988
Warszawa Zachodnia peron 9 ,,716,359,355,369,453,388,417,313,322,324,278,275,4569
Bydgoszcz Główna,Arriva RP Sp. z o.o.,79,35,47,66,52,87,110,69,114,49,88,87,883
Bydgoszcz Główna,CARGO Master Spółka z o.o.,,,0,3,0,,,,,,,,3
Bydgoszcz Główna,PKP INTERCITY Spółka Akcyjna ,363,201,202,182,224,345,546,569,359,357,316,321,3985
Bydgoszcz Główna,POLREGIO Spółka Akcyjna,193,129,100,76,109,148,207,222,179,205,220,156,1944
Bydgoszcz Główna ,,635,365,349,327,385,580,863,860,652,611,624,564,6815
Skierniewice,CARGO Master Spółka z o.o.,,,,,1,,,,,,,,1
Skierniewice,Koleje Mazowieckie - KM Spółka z o.o.,113,43,64,49,93,69,95,75,48,73,77,61,860
Skierniewice,Łódzka Kolej Aglomeracyjna Sp. z o.o.,78,40,56,67,74,80,104,90,61,105,75,90,920
Skierniewice,PKP INTERCITY Spółka Akcyjna ,380,245,304,211,269,288,367,405,285,249,294,361,3658
Skierniewice,POLREGIO Spółka Akcyjna,39,15,30,21,33,29,50,33,30,40,50,45,415
Skierniewice ,,610,343,454,348,470,466,616,603,424,467,496,557,5854
Szczecin Główny,PKP INTERCITY Spółka Akcyjna ,276,150,164,134,205,262,267,271,229,193,197,262,2610
Szczecin Główny,POLREGIO Spółka Akcyjna,316,194,265,146,262,283,210,236,276,249,307,261,3005
Szczecin Główny ,,592,344,429,280,467,545,477,507,505,442,504,523,5615
Gdańsk Śródmieście,PKP Szybka Kolej Miejska w Trójmieście sp. z o.o.,168,42,58,72,30,25,106,72,114,111,78,100,976
Gdańsk Śródmieście ,,168,42,58,72,30,25,106,72,114,111,78,100,976
Warszawa Powązki,Koleje Mazowieckie - KM Spółka z o.o.,382,181,199,218,260,294,322,254,239,245,209,206,3009
Warszawa Powązki,Szybka Kolej Miejska Sp. z o.o.,174,112,84,101,101,75,71,40,51,42,45,57,953
Warszawa Powązki ,,556,293,283,319,361,369,393,294,290,287,254,263,3962
Warszawa Koło,Koleje Mazowieckie - KM Spółka z o.o.,390,186,200,219,264,278,314,251,242,246,210,207,3007
Warszawa Koło,Szybka Kolej Miejska Sp. z o.o.,175,110,84,97,100,74,71,42,51,45,45,58,952
Warszawa Koło ,,565,296,284,316,364,352,385,293,293,291,255,265,3959
Warszawa Wola,Koleje Mazowieckie - KM Spółka z o.o.,394,191,206,212,276,287,344,266,259,266,219,214,3134
Warszawa Wola,Szybka Kolej Miejska Sp. z o.o.,190,113,90,95,105,74,76,45,53,46,48,64,999
Warszawa Wola ,,584,304,296,307,381,361,420,311,312,312,267,278,4133
Gdynia Leszczynki,PKP Szybka Kolej Miejska w Trójmieście sp. z o.o.,241,59,75,98,70,117,215,165,101,174,129,153,1597
Gdynia Leszczynki ,,241,59,75,98,70,117,215,165,101,174,129,153,1597
Gdynia Grabówek,PKP Szybka Kolej Miejska w Trójmieście sp. z o.o.,240,58,69,97,67,115,208,162,105,174,133,153,1581
Gdynia Grabówek ,,240,58,69,97,67,115,208,162,105,174,133,153,1581
Warszawa Rembertów,Koleje Mazowieckie - KM Spółka z o.o.,268,121,144,223,249,347,498,417,351,487,472,210,3787
Warszawa Rembertów,Szybka Kolej Miejska Sp. z o.o.,119,41,63,49,81,152,199,120,75,96,63,67,1125
Warszawa Rembertów ,,387,162,207,272,330,499,697,537,426,583,535,277,4912
Warszawa Toruńska,Koleje Mazowieckie - KM Spółka z o.o.,323,124,111,111,132,204,223,183,184,173,147,145,2060
Warszawa Toruńska,PKP INTERCITY Spółka Akcyjna ,,,,,,,,,,1,,,1
Warszawa Toruńska,Szybka Kolej Miejska Sp. z o.o.,167,90,67,81,84,131,157,113,103,89,98,109,1289
Warszawa Toruńska ,,490,214,178,192,216,335,380,296,287,263,245,254,3350
Koluszki,Łódzka Kolej Aglomeracyjna Sp. z o.o.,74,45,57,68,69,98,142,114,76,99,111,157,1110
Koluszki,PKP INTERCITY Spółka Akcyjna ,348,219,273,209,267,274,364,392,286,239,278,350,3499
Koluszki,POLREGIO Spółka Akcyjna,85,45,55,34,61,68,112,103,68,60,98,104,893
Koluszki ,,507,309,385,311,397,440,618,609,430,398,487,611,5502
Pruszków,Koleje Mazowieckie - KM Spółka z o.o.,227,108,126,133,177,165,239,120,175,173,199,108,1950
Pruszków,PKP INTERCITY Spółka Akcyjna ,,,0,,2,,,1,,,2,0,5
Pruszków,Szybka Kolej Miejska Sp. z o.o.,76,45,35,25,51,79,151,51,46,60,79,62,760
Pruszków ,,303,153,161,158,230,244,390,172,221,233,280,170,2715
Opole Główne,PKP INTERCITY Spółka Akcyjna ,535,269,372,317,384,455,569,521,609,583,646,635,5895
Opole Główne,POLREGIO Spółka Akcyjna,491,168,252,244,264,269,314,299,449,429,532,355,4066
Opole Główne ,,1026,437,624,561,648,724,883,820,1058,1012,1178,990,9961
Reda,PKP Szybka Kolej Miejska w Trójmieście sp. z o.o.,265,69,79,88,82,130,289,232,126,157,168,206,1891
Reda,POLREGIO Spółka Akcyjna,139,69,62,75,244,470,606,670,359,168,189,239,3290
Reda ,,404,138,141,163,326,600,895,902,485,325,357,445,5181
Piastów,Koleje Mazowieckie - KM Spółka z o.o.,225,103,117,131,172,156,233,116,174,180,195,111,1913
Piastów,Szybka Kolej Miejska Sp. z o.o.,80,43,34,28,54,83,156,51,51,62,79,64,785
Piastów ,,305,146,151,159,226,239,389,167,225,242,274,175,2698
Warszawa Ursus Niedźwiadek,Koleje Mazowieckie - KM Spółka z o.o.,231,103,114,132,176,158,239,120,172,184,198,113,1940
Warszawa Ursus Niedźwiadek,PKP INTERCITY Spółka Akcyjna ,,,,,,,1,,,,,,1
Warszawa Ursus Niedźwiadek,Szybka Kolej Miejska Sp. z o.o.,79,44,34,30,55,84,159,55,48,65,82,65,800
Warszawa Ursus Niedźwiadek ,,310,147,148,162,231,242,399,175,220,249,280,178,2741
Warszawa Ursus,Koleje Mazowieckie - KM Spółka z o.o.,227,101,113,137,174,162,241,128,172,187,200,109,1951
Warszawa Ursus,Szybka Kolej Miejska Sp. z o.o.,77,44,35,28,57,86,159,63,53,74,87,65,828
Warszawa Ursus ,,304,145,148,165,231,248,400,191,225,261,287,174,2779
Wołomin,Koleje Mazowieckie - KM Spółka z o.o.,130,55,85,67,85,120,131,90,135,123,101,62,1184
Wołomin,PKP INTERCITY Spółka Akcyjna ,142,62,80,52,81,108,148,115,102,90,86,94,1160
Wołomin ,,272,117,165,119,166,228,279,205,237,213,187,156,2344
Warszawa Płudy,Koleje Mazowieckie - KM Spółka z o.o.,288,111,109,107,121,192,202,166,149,136,112,145,1838
Warszawa Płudy,Szybka Kolej Miejska Sp. z o.o.,177,91,66,78,78,132,153,108,102,90,95,114,1284
Warszawa Płudy ,,465,202,175,185,199,324,355,274,251,226,207,259,3122
Wrocław Mikołajów,CARGO Master Spółka z o.o.,,,0,,,,,,,,,,0
Wrocław Mikołajów,Koleje Dolnośląskie S.A.,278,105,121,121,126,115,227,221,252,169,397,325,2457
Wrocław Mikołajów,PKP INTERCITY Spółka Akcyjna ,152,81,95,82,93,135,167,159,153,114,125,173,1529
Wrocław Mikołajów,POLREGIO Spółka Akcyjna,243,171,154,152,147,128,176,133,213,176,184,219,2096
Wrocław Mikołajów ,,673,357,370,355,366,378,570,513,618,459,706,717,6082
Kraków Płaszów,Koleje Małopolskie Sp. z o.o.,162,43,70,62,63,49,64,51,44,73,39,48,768
Kraków Płaszów,Koleje Śląskie Spółka z o.o.,,,,,,,,,,,,17,17
Kraków Płaszów,PKP INTERCITY Spółka Akcyjna ,329,194,212,191,181,197,288,292,240,260,241,273,2898
Kraków Płaszów,POLREGIO Spółka Akcyjna,160,94,79,79,86,66,69,83,86,123,93,81,1099
Kraków Płaszów,RegioJet a.s.,,,,,,,,,1,,,,1
Kraków Płaszów ,,651,331,361,332,330,312,421,426,371,456,373,419,4783
Otwock,Koleje Mazowieckie - KM Spółka z o.o.,170,115,129,117,132,187,225,134,135,136,153,122,1755
Otwock,PKP INTERCITY Spółka Akcyjna ,155,85,102,112,121,139,165,199,137,109,92,157,1573
Otwock,Szybka Kolej Miejska Sp. z o.o.,92,46,26,32,60,75,124,40,47,49,76,74,741
Otwock ,,417,246,257,261,313,401,514,373,319,294,321,353,4069
Łódź Fabryczna,Koleje Wielkopolskie Sp. z o.o.,0,0,0,,,,,,,,,,0
Łódź Fabryczna,Łódzka Kolej Aglomeracyjna Sp. z o.o.,57,30,43,56,66,65,117,73,81,96,65,69,818
Łódź Fabryczna,PKP INTERCITY Spółka Akcyjna ,116,71,72,51,70,64,101,107,83,70,100,112,1017
Łódź Fabryczna,POLREGIO Spółka Akcyjna,59,35,41,13,35,27,70,52,44,36,50,49,511
Łódź Fabryczna ,,232,136,156,120,171,156,288,232,208,202,215,230,2346
Gdynia Cisowa,PKP Szybka Kolej Miejska w Trójmieście sp. z o.o.,246,67,76,89,74,126,243,184,100,151,116,171,1643
Gdynia Cisowa ,,246,67,76,89,74,126,243,184,100,151,116,171,1643
Wejherowo,Koleje Mazowieckie - KM Spółka z o.o.,,,,,,6,22,27,1,,,,56
Wejherowo,PKP INTERCITY Spółka Akcyjna ,192,99,65,53,90,202,376,378,112,127,118,182,1994
Wejherowo,PKP Szybka Kolej Miejska w Trójmieście sp. z o.o.,217,52,74,69,49,92,261,198,90,110,119,152,1483
Wejherowo,POLREGIO Spółka Akcyjna,119,40,42,36,60,127,240,245,81,86,102,163,1341
Wejherowo ,,528,191,181,158,199,427,899,848,284,323,339,497,4874
Częstochowa,Koleje Śląskie Spółka z o.o.,167,94,87,127,222,108,104,81,123,109,192,196,1610
Częstochowa,Łódzka Kolej Aglomeracyjna Sp. z o.o.,,,,,,,,,,,,1,1
Częstochowa,PKP INTERCITY Spółka Akcyjna ,221,128,175,158,217,213,256,293,222,154,213,262,2512
Częstochowa,POLREGIO Spółka Akcyjna,98,50,81,49,66,74,114,89,95,90,91,82,979
Częstochowa ,,486,272,343,334,505,395,474,463,440,353,496,541,5102
Piaseczno,Koleje Mazowieckie - KM Spółka z o.o.,286,154,174,145,193,199,286,217,179,179,152,156,2320
Piaseczno,PKP INTERCITY Spółka Akcyjna ,120,54,62,56,66,72,133,150,110,91,104,109,1127
Piaseczno,Szybka Kolej Miejska Sp. z o.o.,107,56,45,40,34,55,86,71,59,48,37,66,704
Piaseczno ,,513,264,281,241,293,326,505,438,348,318,293,331,4151
Kraków Łobzów,Koleje Małopolskie Sp. z o.o.,107,48,56,43,35,58,64,56,46,80,90,52,735
Kraków Łobzów,Koleje Śląskie Spółka z o.o.,33,17,12,11,13,17,18,22,16,31,37,28,255
Kraków Łobzów,POLREGIO Spółka Akcyjna,235,134,103,90,111,96,98,115,115,204,216,171,1688
Kraków Łobzów ,,375,199,171,144,159,171,180,193,177,315,343,251,2678
Kraków Bronowice,Koleje Małopolskie Sp. z o.o.,106,52,56,43,38,57,66,60,45,85,90,53,751
Kraków Bronowice,Koleje Śląskie Spółka z o.o.,35,20,13,12,15,17,20,22,16,34,37,30,271
Kraków Bronowice,POLREGIO Spółka Akcyjna,243,143,109,93,114,99,101,114,118,214,216,180,1744
Kraków Bronowice ,,384,215,178,148,167,173,187,196,179,333,343,263,2766
Katowice Ligota,Koleje Śląskie Spółka z o.o.,563,301,357,379,331,491,494,427,484,509,633,460,5429
Katowice Ligota,PKP INTERCITY Spółka Akcyjna ,,,,,,,,,20,113,57,18,208
Katowice Ligota ,,563,301,357,379,331,491,494,427,504,622,690,478,5637
Katowice Piotrowice,Koleje Śląskie Spółka z o.o.,582,308,358,396,337,509,514,426,495,541,656,481,5603
Katowice Piotrowice ,,582,308,358,396,337,509,514,426,495,541,656,481,5603
Zielonka,Koleje Mazowieckie - KM Spółka z o.o.,120,51,79,74,79,115,142,89,164,130,125,79,1247
Zielonka ,,120,51,79,74,79,115,142,89,164,130,125,79,1247
Gdynia Stocznia-Uniwersytet Morski,PKP Szybka Kolej Miejska w Trójmieście sp. z o.o.,243,62,70,99,66,108,193,155,104,,19,130,1249
Gdynia Stocznia-Uniwersytet Morski ,,243,62,70,99,66,108,193,155,104,,19,130,1249
Łódź Kaliska,Koleje Wielkopolskie Sp. z o.o.,4,3,1,1,4,4,8,10,7,6,6,2,56
Łódź Kaliska,Łódzka Kolej Aglomeracyjna Sp. z o.o.,46,35,47,41,32,51,74,81,81,55,159,86,788
Łódź Kaliska,PKP INTERCITY Spółka Akcyjna ,77,53,64,50,56,79,126,164,95,62,93,58,977
Łódź Kaliska,POLREGIO Spółka Akcyjna,75,38,51,42,40,58,79,91,71,74,90,58,767
Łódź Kaliska ,,202,129,163,134,132,192,287,346,254,197,348,204,2588
Tłuszcz,CARGO Master Spółka z o.o.,,,,,0,,,,,,,,0
Tłuszcz,Koleje Mazowieckie - KM Spółka z o.o.,195,103,102,96,100,122,125,96,124,148,125,72,1408
Tłuszcz,PKP INTERCITY Spółka Akcyjna ,135,66,83,52,71,113,149,113,100,81,88,88,1139
Tłuszcz,POLREGIO Spółka Akcyjna,,,,,0,,,,,,,,0
Tłuszcz ,,330,169,185,148,171,235,274,209,224,229,213,160,2547
Radom Główny,Koleje Mazowieckie - KM Spółka z o.o.,224,134,198,209,207,207,282,275,254,169,167,129,2455
Radom Główny,Łódzka Kolej Aglomeracyjna Sp. z o.o.,0,0,1,2,2,1,0,0,1,3,0,1,11
Radom Główny,PKP INTERCITY Spółka Akcyjna ,204,103,118,118,135,133,203,226,193,176,220,201,2030
Radom Główny,POLREGIO Spółka Akcyjna,,,1,5,5,1,5,5,4,2,3,2,33
Radom Główny ,,428,237,318,334,349,342,490,506,452,350,390,333,4529
Toruń Główny,Arriva RP Sp. z o.o.,103,58,79,59,94,112,120,67,117,74,95,75,1053
Toruń Główny,CARGO Master Spółka z o.o.,0,0,2,1,0,,,,,,,,3
Toruń Główny,PKP INTERCITY Spółka Akcyjna ,237,105,126,125,140,181,309,364,206,161,196,182,2332
Toruń Główny,POLREGIO Spółka Akcyjna,215,107,91,92,119,139,191,196,157,185,193,131,1816
Toruń Główny,RAILPOLONIA Sp. z o.o. (przewozy pasażerskie),,,,,,,,,,,,0,0
Toruń Główny ,,555,270,298,277,353,432,620,627,480,420,484,388,5204
Kutno,CARGO Master Spółka z o.o.,,,,,1,,,,,,,,1
Kutno,Koleje Mazowieckie - KM Spółka z o.o.,48,117,50,73,51,63,78,77,56,60,42,41,756
Kutno,Koleje Wielkopolskie Sp. z o.o.,11,14,19,49,27,20,24,20,25,18,11,22,260
Kutno,Łódzka Kolej Aglomeracyjna Sp. z o.o.,62,56,49,76,59,69,94,119,91,77,76,71,899
Kutno,PKP INTERCITY Spółka Akcyjna ,517,363,398,414,395,471,571,637,548,424,437,423,5598
Kutno,POLREGIO Spółka Akcyjna,35,21,23,27,28,20,41,43,41,34,41,30,384
Kutno ,,673,571,539,639,561,643,808,896,761,613,607,587,7898
Łódź Chojny,Koleje Wielkopolskie Sp. z o.o.,0,0,0,,,,,,,,,,0
Łódź Chojny,Łódzka Kolej Aglomeracyjna Sp. z o.o.,65,48,47,35,41,37,63,72,78,61,150,78,775
Łódź Chojny,PKP INTERCITY Spółka Akcyjna ,161,104,108,81,99,152,219,270,192,150,214,174,1924
Łódź Chojny,POLREGIO Spółka Akcyjna,44,25,26,21,13,26,41,38,27,37,62,35,395
Łódź Chojny ,,270,177,181,137,153,215,323,380,297,248,426,287,3094
Łódź Niciarniana,Koleje Wielkopolskie Sp. z o.o.,0,0,0,,,,,,,,,,0
Łódź Niciarniana,Łódzka Kolej Aglomeracyjna Sp. z o.o.,63,30,44,62,68,69,117,79,85,101,70,74,862
Łódź Niciarniana,PKP INTERCITY Spółka Akcyjna ,,0,0,1,,,0,0,,0,1,,2
Łódź Niciarniana,POLREGIO Spółka Akcyjna,89,52,51,20,46,34,93,69,55,53,70,63,695
Łódź Niciarniana ,,152,82,95,83,114,103,210,148,140,154,141,137,1559
Szczecin Dąbie,Koleje Dolnośląskie S.A.,,,,,,1,0,1,0,,,,2
Szczecin Dąbie,PKP INTERCITY Spółka Akcyjna ,301,149,170,146,200,279,289,341,228,177,200,280,2760
Szczecin Dąbie,POLREGIO Spółka Akcyjna,312,154,197,109,218,274,210,250,278,237,291,295,2825
Szczecin Dąbie ,,613,303,367,255,418,554,499,592,506,414,491,575,5587
Warszawa Falenica,Koleje Mazowieckie - KM Spółka z o.o.,156,95,104,90,106,179,225,124,130,149,142,125,1625
Warszawa Falenica,Szybka Kolej Miejska Sp. z o.o.,100,41,37,31,59,87,137,45,55,59,85,78,814
Warszawa Falenica ,,256,136,141,121,165,266,362,169,185,208,227,203,2439
Warszawa Wawer,Koleje Mazowieckie - KM Spółka z o.o.,149,89,98,94,106,178,234,130,130,154,160,127,1649
Warszawa Wawer,Szybka Kolej Miejska Sp. z o.o.,87,45,51,26,56,95,132,56,47,71,80,74,820
Warszawa Wawer ,,236,134,149,120,162,273,366,186,177,225,240,201,2469
Warszawa Anin,Koleje Mazowieckie - KM Spółka z o.o.,153,92,104,94,112,179,233,131,136,159,163,136,1692
Warszawa Anin,Szybka Kolej Miejska Sp. z o.o.,99,44,56,37,60,97,138,59,59,74,85,79,887
Warszawa Anin ,,252,136,160,131,172,276,371,190,195,233,248,215,2579
Warszawa Międzylesie,Koleje Mazowieckie - KM Spółka z o.o.,158,93,105,92,110,177,231,127,138,158,162,137,1688
Warszawa Międzylesie,Szybka Kolej Miejska Sp. z o.o.,101,46,53,37,62,93,137,55,56,70,86,81,877
Warszawa Międzylesie ,,259,139,158,129,172,270,368,182,194,228,248,218,2565
Warszawa Radość,Koleje Mazowieckie - KM Spółka z o.o.,157,92,108,89,103,177,233,129,137,154,156,135,1670
Warszawa Radość,Szybka Kolej Miejska Sp. z o.o.,100,44,45,32,62,92,141,53,55,68,87,81,860
Warszawa Radość ,,257,136,153,121,165,269,374,182,192,222,243,216,2530
Warszawa Miedzeszyn,Koleje Mazowieckie - KM Spółka z o.o.,159,93,107,89,104,181,229,129,133,154,157,130,1665
Warszawa Miedzeszyn,Szybka Kolej Miejska Sp. z o.o.,106,44,42,36,64,92,146,53,54,66,89,81,873
Warszawa Miedzeszyn ,,265,137,149,125,168,273,375,182,187,220,246,211,2538
Wołomin Słoneczna,Koleje Mazowieckie - KM Spółka z o.o.,112,49,79,72,77,111,103,88,130,118,95,57,1091
Wołomin Słoneczna ,,112,49,79,72,77,111,103,88,130,118,95,57,1091
Kobyłka Ossów,Koleje Mazowieckie - KM Spółka z o.o.,99,46,76,66,75,108,105,84,147,115,86,59,1066
Kobyłka Ossów ,,99,46,76,66,75,108,105,84,147,115,86,59,1066
Kobyłka,Koleje Mazowieckie - KM Spółka z o.o.,109,46,76,67,76,108,106,80,137,116,87,59,1067
Kobyłka ,,109,46,76,67,76,108,106,80,137,116,87,59,1067
Michalin,Koleje Mazowieckie - KM Spółka z o.o.,173,111,112,102,115,188,229,138,136,157,147,136,1744
Michalin,Szybka Kolej Miejska Sp. z o.o.,110,48,37,34,66,90,136,52,60,61,86,81,861
Michalin ,,283,159,149,136,181,278,365,190,196,218,233,217,2605
Otwock Świder,Koleje Mazowieckie - KM Spółka z o.o.,170,124,134,113,135,192,232,138,137,144,155,143,1817
Otwock Świder,Szybka Kolej Miejska Sp. z o.o.,103,50,28,34,66,83,125,46,53,52,80,76,796
Otwock Świder ,,273,174,162,147,201,275,357,184,190,196,235,219,2613
Józefów,Koleje Mazowieckie - KM Spółka z o.o.,178,121,127,110,132,197,236,143,141,152,157,143,1837
Józefów,Szybka Kolej Miejska Sp. z o.o.,108,48,34,34,66,86,131,49,55,54,84,78,827
Józefów ,,286,169,161,144,198,283,367,192,196,206,241,221,2664
Tychy,Koleje Śląskie Spółka z o.o.,510,242,306,307,268,415,393,302,376,455,493,433,4500
Tychy,PKP INTERCITY Spółka Akcyjna ,215,109,129,138,173,196,157,164,158,166,219,234,2058
Tychy ,,725,351,435,445,441,611,550,466,534,621,712,667,6558
Warszawa Gocławek,Koleje Mazowieckie - KM Spółka z o.o.,155,87,102,99,109,157,239,127,128,160,169,129,1661
Warszawa Gocławek,Szybka Kolej Miejska Sp. z o.o.,86,48,54,28,61,83,145,52,39,68,90,74,828
Warszawa Gocławek ,,241,135,156,127,170,240,384,179,167,228,259,203,2489
Warszawa Olszynka Grochowska,Koleje Mazowieckie - KM Spółka z o.o.,155,91,107,97,108,157,244,123,131,160,172,127,1672
Warszawa Olszynka Grochowska,Szybka Kolej Miejska Sp. z o.o.,85,46,55,24,58,82,143,52,38,69,91,75,818
Warszawa Olszynka Grochowska ,,240,137,162,121,166,239,387,175,169,229,263,202,2490
Warszawa Grochów,Koleje Mazowieckie - KM Spółka z o.o.,152,89,104,92,103,157,247,129,138,164,174,126,1675
Warszawa Grochów,Szybka Kolej Miejska Sp. z o.o.,83,50,52,27,55,79,144,56,37,69,91,77,820
Warszawa Grochów ,,235,139,156,119,158,236,391,185,175,233,265,203,2495
Nowy Dwór Mazowiecki,Koleje Mazowieckie - KM Spółka z o.o.,398,194,154,140,187,244,248,240,193,183,175,206,2562
Nowy Dwór Mazowiecki,PKP INTERCITY Spółka Akcyjna ,319,163,149,138,180,245,342,351,242,187,201,285,2802
Nowy Dwór Mazowiecki ,,717,357,303,278,367,489,590,591,435,370,376,491,5364
Żyrardów,Koleje Mazowieckie - KM Spółka z o.o.,158,75,104,99,140,109,143,85,83,103,140,70,1309
Żyrardów,PKP INTERCITY Spółka Akcyjna ,354,235,272,200,251,274,355,398,277,232,278,350,3476
Żyrardów,POLREGIO Spółka Akcyjna,41,15,28,21,30,25,40,32,31,45,51,42,401
Żyrardów ,,553,325,404,320,421,408,538,515,391,380,469,462,5186
Legnica,Koleje Dolnośląskie S.A.,641,257,315,289,372,270,427,251,585,489,453,385,4734
Legnica,PKP INTERCITY Spółka Akcyjna ,156,83,108,68,115,100,114,109,117,122,121,109,1322
Legnica ,,797,340,423,357,487,370,541,360,702,611,574,494,6056
Sulejówek Miłosna,Koleje Mazowieckie - KM Spółka z o.o.,225,110,119,237,282,295,350,365,261,486,514,197,3441
Sulejówek Miłosna,PKP INTERCITY Spółka Akcyjna ,,,,7,5,,,,,,0,,12
Sulejówek Miłosna,Szybka Kolej Miejska Sp. z o.o.,121,36,55,7,65,162,192,108,79,57,,30,912
Sulejówek Miłosna ,,346,146,174,251,352,457,542,473,340,543,514,227,4365
Poznań Garbary,CARGO Master Spółka z o.o.,,,,,0,,,,,,,,0
Poznań Garbary,Koleje Wielkopolskie Sp. z o.o.,186,113,111,113,102,240,211,137,174,223,212,187,2009
Poznań Garbary,PKP INTERCITY Spółka Akcyjna ,,2,,0,,,0,,0,,0,,2
Poznań Garbary,POLREGIO Spółka Akcyjna,78,37,23,34,34,57,44,40,59,65,62,31,564
Poznań Garbary,RAILPOLONIA Sp. z o.o. (przewozy pasażerskie),,,,,,,,,,,,1,1
Poznań Garbary ,,264,152,134,147,136,297,255,177,233,288,274,219,2576
Poznań Wschód,CARGO Master Spółka z o.o.,,,,,0,,,,,,,,0
Poznań Wschód,Koleje Wielkopolskie Sp. z o.o.,179,117,113,114,109,242,209,136,170,221,216,173,1999
Poznań Wschód,PKP INTERCITY Spółka Akcyjna ,,,,,,,,,,,0,,0
Poznań Wschód,POLREGIO Spółka Akcyjna,75,38,25,35,35,58,48,40,59,62,62,31,568
Poznań Wschód,RAILPOLONIA Sp. z o.o. (przewozy pasażerskie),,,,,,,,,,,,2,2
Poznań Wschód ,,254,155,138,149,144,300,257,176,229,283,278,206,2569
Malbork,CARGO Master Spółka z o.o.,,0,,,,,,,,,,,0
Malbork,Koleje Mazowieckie - KM Spółka z o.o.,,,,,,7,29,31,1,,,,68
Malbork,PKP INTERCITY Spółka Akcyjna ,485,243,196,196,261,405,622,660,388,291,336,401,4484
Malbork,POLREGIO Spółka Akcyjna,249,99,111,95,107,169,348,368,154,166,160,215,2241
Malbork ,,734,342,307,291,368,581,999,1059,543,457,496,616,6793
Warszawa Dawidy,Koleje Mazowieckie - KM Spółka z o.o.,224,125,132,135,185,188,266,202,176,164,152,135,2084
Warszawa Dawidy,Szybka Kolej Miejska Sp. z o.o.,116,60,49,49,52,69,98,78,69,62,46,74,822
Warszawa Dawidy ,,340,185,181,184,237,257,364,280,245,226,198,209,2906
Warszawa Jeziorki,Koleje Mazowieckie - KM Spółka z o.o.,229,128,137,137,189,186,269,203,175,164,151,138,2106
Warszawa Jeziorki,Szybka Kolej Miejska Sp. z o.o.,116,61,49,48,48,68,96,79,70,59,44,75,813
Warszawa Jeziorki ,,345,189,186,185,237,254,365,282,245,223,195,213,2919
Nowa Iwiczna,Koleje Mazowieckie - KM Spółka z o.o.,227,130,138,135,179,181,264,200,166,154,142,136,2052
Nowa Iwiczna,Szybka Kolej Miejska Sp. z o.o.,116,60,49,45,45,65,96,77,67,56,42,71,789
Nowa Iwiczna ,,343,190,187,180,224,246,360,277,233,210,184,207,2841
Warszawa Okęcie,Koleje Mazowieckie - KM Spółka z o.o.,212,125,133,128,183,188,266,203,175,167,151,128,2059
Warszawa Okęcie,Szybka Kolej Miejska Sp. z o.o.,124,61,46,51,56,73,102,79,69,62,52,72,847
Warszawa Okęcie ,,336,186,179,179,239,261,368,282,244,229,203,200,2906
Zgierz,Łódzka Kolej Aglomeracyjna Sp. z o.o.,36,30,39,38,33,35,54,59,54,59,136,77,650
Zgierz,PKP INTERCITY Spółka Akcyjna ,75,50,60,48,53,74,115,156,91,59,94,70,945
Zgierz,POLREGIO Spółka Akcyjna,5,3,6,4,2,9,12,14,15,6,12,10,98
Zgierz ,,116,83,105,90,88,118,181,229,160,124,242,157,1693
Katowice Zawodzie,Koleje Śląskie Spółka z o.o.,349,174,176,160,265,228,192,170,229,260,327,320,2850
Katowice Zawodzie,PKP INTERCITY Spółka Akcyjna ,,,,,,,,,,1,,,1
Katowice Zawodzie,POLREGIO Spółka Akcyjna,191,90,58,75,90,95,73,77,68,119,147,147,1230
Katowice Zawodzie ,,540,264,234,235,355,323,265,247,297,380,474,467,4081
Katowice Szopienice Południowe,Koleje Śląskie Spółka z o.o.,377,168,181,165,279,249,210,174,231,254,329,333,2950
Katowice Szopienice Południowe,PKP INTERCITY Spółka Akcyjna ,,,,,,,,,,1,2,,3
Katowice Szopienice Południowe,POLREGIO Spółka Akcyjna,201,97,68,79,99,107,76,83,74,96,151,168,1299
Katowice Szopienice Południowe ,,578,265,249,244,378,356,286,257,305,351,482,501,4252
Zabrze,Koleje Śląskie Spółka z o.o.,184,122,97,84,134,147,124,104,184,185,214,268,1847
Zabrze,PKP INTERCITY Spółka Akcyjna ,518,283,342,305,342,452,509,468,441,370,452,511,4993
Zabrze ,,702,405,439,389,476,599,633,572,625,555,666,779,6840
Ząbki,Koleje Mazowieckie - KM Spółka z o.o.,83,40,54,68,54,79,57,65,130,71,48,40,789
Ząbki ,,83,40,54,68,54,79,57,65,130,71,48,40,789
Warszawa Zacisze Wilno,Koleje Mazowieckie - KM Spółka z o.o.,77,38,54,68,49,73,60,64,128,67,45,43,766
Warszawa Zacisze Wilno ,,77,38,54,68,49,73,60,64,128,67,45,43,766
Warszawa Wileńska,Koleje Mazowieckie - KM Spółka z o.o.,70,33,50,66,38,73,69,61,118,61,38,42,719
Warszawa Wileńska ,,70,33,50,66,38,73,69,61,118,61,38,42,719
Katowice Brynów,Koleje Śląskie Spółka z o.o.,409,215,243,244,200,345,394,300,355,366,460,348,3879
Katowice Brynów ,,409,215,243,244,200,345,394,300,355,366,460,348,3879
Warszawa Praga,Koleje Mazowieckie - KM Spółka z o.o.,178,62,63,66,73,109,93,100,79,85,83,73,1064
Warszawa Praga,PKP INTERCITY Spółka Akcyjna ,,,,,,,,,,1,,,1
Warszawa Praga,Szybka Kolej Miejska Sp. z o.o.,170,90,70,84,85,138,154,114,105,87,102,111,1310
Warszawa Praga ,,348,152,133,150,158,247,247,214,184,173,185,184,2375
Leszno,CARGO Master Spółka z o.o.,,,,,0,,,,,,,,0
Leszno,Koleje Dolnośląskie S.A.,,,,,,0,,,,,,,0
Leszno,Koleje Wielkopolskie Sp. z o.o.,52,91,58,34,52,63,61,38,62,80,82,93,766
Leszno,PKP INTERCITY Spółka Akcyjna ,258,191,158,140,180,260,328,272,248,244,248,380,2907
Leszno,POLREGIO Spółka Akcyjna,116,124,91,73,89,133,155,109,136,188,186,161,1561
Leszno ,,426,406,307,247,321,456,544,419,446,512,516,634,5234
Warszawa Żerań,Koleje Mazowieckie - KM Spółka z o.o.,177,64,65,65,71,112,98,103,72,74,73,75,1049
Warszawa Żerań,PKP INTERCITY Spółka Akcyjna ,,,,,,,,,,1,,,1
Warszawa Żerań,Szybka Kolej Miejska Sp. z o.o.,171,87,65,81,85,128,150,111,102,92,97,107,1276
Warszawa Żerań ,,348,151,130,146,156,240,248,214,174,167,170,182,2326
Warszawa Choszczówka,Koleje Mazowieckie - KM Spółka z o.o.,176,65,70,65,74,111,99,101,66,70,76,86,1059
Warszawa Choszczówka,Szybka Kolej Miejska Sp. z o.o.,177,91,65,76,80,130,152,105,99,94,93,113,1275
Warszawa Choszczówka ,,353,156,135,141,154,241,251,206,165,164,169,199,2334
Warszawa Wesoła,Koleje Mazowieckie - KM Spółka z o.o.,214,102,120,249,276,306,386,366,289,450,479,183,3420
Warszawa Wesoła,Szybka Kolej Miejska Sp. z o.o.,133,48,60,8,64,155,198,108,72,53,,34,933
Warszawa Wesoła ,,347,150,180,257,340,461,584,474,361,503,479,217,4353
Lublin Główny,PKP INTERCITY Spółka Akcyjna ,294,176,166,152,198,204,262,277,275,243,254,275,2776
Lublin Główny,POLREGIO Spółka Akcyjna,165,61,98,79,80,116,179,227,131,114,153,139,1542
Lublin Główny,SKPL Cargo Sp. z o.o.  (przewozy pasażerskie),10,2,4,4,9,12,18,30,21,9,6,4,129
Lublin Główny ,,469,239,268,235,287,332,459,534,427,366,413,418,4447
Warszawa Wola Grzybowska,Koleje Mazowieckie - KM Spółka z o.o.,216,103,124,222,278,309,373,363,280,442,454,185,3349
Warszawa Wola Grzybowska,Szybka Kolej Miejska Sp. z o.o.,131,45,57,7,66,159,193,108,70,54,,33,923
Warszawa Wola Grzybowska ,,347,148,181,229,344,468,566,471,350,496,454,218,4272
Sulejówek,Koleje Mazowieckie - KM Spółka z o.o.,216,104,123,221,286,301,369,362,277,438,453,185,3335
Sulejówek,Szybka Kolej Miejska Sp. z o.o.,129,42,59,7,66,161,194,110,79,56,,30,933
Sulejówek ,,345,146,182,228,352,462,563,472,356,494,453,215,4268
Warszawa Lotnisko Chopina,Koleje Mazowieckie - KM Spółka z o.o.,144,66,67,54,66,52,84,61,74,50,39,54,811
Warszawa Lotnisko Chopina,Szybka Kolej Miejska Sp. z o.o.,101,78,41,41,67,172,241,122,106,95,81,104,1249
Warszawa Lotnisko Chopina ,,245,144,108,95,133,224,325,183,180,145,120,158,2060
Zielona Góra Główna,Koleje Dolnośląskie S.A.,,,40,39,84,49,37,25,68,62,72,100,576
Zielona Góra Główna,PKP INTERCITY Spółka Akcyjna ,237,155,175,155,198,190,176,182,190,195,157,207,2217
Zielona Góra Główna,POLREGIO Spółka Akcyjna,460,333,324,341,377,318,317,314,485,560,555,647,5031
Zielona Góra Główna ,,697,488,539,535,659,557,530,521,743,817,784,954,7824
Krzeszowice,Koleje Małopolskie Sp. z o.o.,69,34,26,24,22,27,42,34,32,62,69,38,479
Krzeszowice,Koleje Śląskie Spółka z o.o.,38,17,19,19,24,17,23,21,19,45,48,33,323
Krzeszowice,PKP INTERCITY Spółka Akcyjna ,335,240,204,166,183,240,253,259,270,372,364,336,3222
Krzeszowice,POLREGIO Spółka Akcyjna,264,152,117,95,97,107,106,126,100,257,224,193,1838
Krzeszowice ,,706,443,366,304,326,391,424,440,421,736,705,600,5862
Rumia Janowo,PKP Szybka Kolej Miejska w Trójmieście sp. z o.o.,252,70,84,91,82,131,243,198,114,148,124,183,1720
Rumia Janowo ,,252,70,84,91,82,131,243,198,114,148,124,183,1720
Trzebinia,Koleje Małopolskie Sp. z o.o.,67,32,26,24,23,28,38,29,29,70,60,33,459
Trzebinia,Koleje Śląskie Spółka z o.o.,34,17,18,20,23,19,25,23,20,48,46,35,328
Trzebinia,PKP INTERCITY Spółka Akcyjna ,328,237,203,159,186,239,255,263,267,379,351,341,3208
Trzebinia,POLREGIO Spółka Akcyjna,279,175,142,101,108,103,105,129,109,264,231,194,1940
Trzebinia ,,708,461,389,304,340,389,423,444,425,761,688,603,5935
Zawiercie,Koleje Śląskie Spółka z o.o.,184,124,123,177,308,185,135,106,179,144,251,272,2188
Zawiercie,PKP INTERCITY Spółka Akcyjna ,363,245,239,231,324,302,281,302,267,241,350,412,3557
Zawiercie ,,547,369,362,408,632,487,416,408,446,385,601,684,5745
Tarnów,Koleje Małopolskie Sp. z o.o.,116,47,54,38,45,26,50,38,51,65,72,47,649
Tarnów,PKP CARGO S.A. w restrukturyzacji,,,,,,,,,0,,,,0
Tarnów,PKP INTERCITY Spółka Akcyjna ,365,188,202,164,191,208,307,284,276,262,260,296,3003
Tarnów,POLREGIO Spółka Akcyjna,241,101,109,69,91,85,131,111,120,136,126,106,1426
Tarnów ,,722,336,365,271,327,319,488,433,447,463,458,449,5078
Warszawa ZOO,Koleje Mazowieckie - KM Spółka z o.o.,233,89,83,89,108,155,131,109,99,101,103,100,1400
Warszawa ZOO,Szybka Kolej Miejska Sp. z o.o.,172,92,69,83,86,85,71,43,50,40,46,58,895
Warszawa ZOO ,,405,181,152,172,194,240,202,152,149,141,149,158,2295
Oświęcim,Koleje Małopolskie Sp. z o.o.,114,47,66,68,46,58,88,98,78,85,85,55,888
Oświęcim,Koleje Śląskie Spółka z o.o.,60,20,22,16,22,30,27,27,24,25,46,24,343
Oświęcim,LEO Express Global a.s.,3,5,3,2,1,2,2,1,4,3,3,7,36
Oświęcim,PKP INTERCITY Spółka Akcyjna ,145,118,66,43,51,102,125,123,72,136,151,116,1248
Oświęcim,POLREGIO Spółka Akcyjna,63,48,21,18,22,21,23,30,18,68,41,54,427
Oświęcim,Leo Express s.r.o.,,,,,,,,,,,,4,4
Oświęcim ,,385,238,178,147,142,213,265,279,196,317,326,260,2946
Grodzisk Mazowiecki,Koleje Mazowieckie - KM Spółka z o.o.,241,117,156,142,180,182,252,128,155,169,210,109,2041
Grodzisk Mazowiecki,PKP INTERCITY Spółka Akcyjna ,57,37,39,34,59,50,34,47,,,2,15,374
Grodzisk Mazowiecki,POLREGIO Spółka Akcyjna,42,16,22,17,27,27,39,31,,,,16,237
Grodzisk Mazowiecki ,,340,170,217,193,266,259,325,206,155,169,212,140,2652
Wejherowo Śmiechowo,PKP Szybka Kolej Miejska w Trójmieście sp. z o.o.,273,76,86,89,79,129,307,241,124,137,173,206,1920
Wejherowo Śmiechowo ,,273,76,86,89,79,129,307,241,124,137,173,206,1920
Wejherowo-Nanice,PKP Szybka Kolej Miejska w Trójmieście sp. z o.o.,266,68,79,85,71,121,296,226,112,128,153,191,1796
Wejherowo-Nanice ,,266,68,79,85,71,121,296,226,112,128,153,191,1796
Reda Pieleszewo,PKP Szybka Kolej Miejska w Trójmieście sp. z o.o.,287,80,92,95,88,136,312,247,137,151,182,213,2020
Reda Pieleszewo ,,287,80,92,95,88,136,312,247,137,151,182,213,2020
Kraków Bieżanów,Koleje Małopolskie Sp. z o.o.,153,42,68,61,57,46,59,49,42,79,39,47,742
Kraków Bieżanów,POLREGIO Spółka Akcyjna,109,70,52,55,67,52,49,58,70,89,68,59,798
Kraków Bieżanów ,,262,112,120,116,124,98,108,107,112,168,107,106,1540
Łowicz Główny,CARGO Master Spółka z o.o.,,,,,1,,,,,,,,1
Łowicz Główny,Koleje Mazowieckie - KM Spółka z o.o.,61,37,33,48,48,59,141,82,94,90,91,66,850
Łowicz Główny,Łódzka Kolej Aglomeracyjna Sp. z o.o.,40,11,20,35,31,38,29,20,33,34,56,44,391
Łowicz Główny,PKP INTERCITY Spółka Akcyjna ,253,142,163,216,247,209,282,322,324,231,228,245,2862
Łowicz Główny ,,354,190,216,299,327,306,452,424,451,355,375,355,4104
Wrocław Nadodrze,CARGO Master Spółka z o.o.,,,0,0,,,,,,,,,0
Wrocław Nadodrze,Koleje Dolnośląskie S.A.,178,70,85,89,87,73,143,140,193,118,191,184,1551
Wrocław Nadodrze,LEO Express Global a.s.,,,0,,,,,,,,,,0
Wrocław Nadodrze,PKP INTERCITY Spółka Akcyjna ,57,35,35,32,39,37,61,83,72,54,58,74,637
Wrocław Nadodrze,POLREGIO Spółka Akcyjna,143,61,80,90,82,42,86,55,111,84,85,116,1035
Wrocław Nadodrze ,,378,166,200,211,208,152,290,278,376,256,334,374,3223
Łódź Pabianicka,Koleje Wielkopolskie Sp. z o.o.,0,0,0,,,,,,,,,,0
Łódź Pabianicka,Łódzka Kolej Aglomeracyjna Sp. z o.o.,60,47,46,36,39,43,62,68,74,57,158,82,772
Łódź Pabianicka,PKP INTERCITY Spółka Akcyjna ,,,9,11,23,19,22,29,20,9,62,25,229
Łódź Pabianicka,POLREGIO Spółka Akcyjna,47,26,27,22,13,25,40,35,26,38,67,37,403
Łódź Pabianicka ,,107,73,82,69,75,87,124,132,120,104,287,144,1404
Łódź Andrzejów,Łódzka Kolej Aglomeracyjna Sp. z o.o.,70,29,37,52,60,71,120,96,80,92,92,138,937
Łódź Andrzejów,POLREGIO Spółka Akcyjna,81,43,52,23,51,53,113,89,66,60,90,91,812
Łódź Andrzejów ,,151,72,89,75,111,124,233,185,146,152,182,229,1749
Sosnowiec Główny,Koleje Śląskie Spółka z o.o.,215,116,131,133,222,200,149,130,171,227,293,312,2299
Sosnowiec Główny,PKP INTERCITY Spółka Akcyjna ,325,239,230,202,244,259,253,274,214,206,287,319,3052
Sosnowiec Główny,POLREGIO Spółka Akcyjna,7,0,,,,,,,18,23,32,35,115
Sosnowiec Główny ,,547,355,361,335,466,459,402,404,403,456,612,666,5466
Skarżysko-Kamienna,Koleje Mazowieckie - KM Spółka z o.o.,75,32,36,46,40,40,50,46,48,34,31,38,516
Skarżysko-Kamienna,Łódzka Kolej Aglomeracyjna Sp. z o.o.,9,4,5,4,12,6,7,14,7,4,10,9,91
Skarżysko-Kamienna,PKP INTERCITY Spółka Akcyjna ,211,109,107,114,127,113,181,224,170,150,211,175,1892
Skarżysko-Kamienna,POLREGIO Spółka Akcyjna,123,55,51,50,83,57,102,125,84,93,163,71,1057
Skarżysko-Kamienna ,,418,200,199,214,262,216,340,409,309,281,415,293,3556
Rzeszów Zachodni,PKP INTERCITY Spółka Akcyjna ,26,19,18,18,17,14,24,35,25,38,19,8,261
Rzeszów Zachodni,POLREGIO Spółka Akcyjna,236,101,167,90,89,82,147,103,93,132,109,125,1474
Rzeszów Zachodni ,,262,120,185,108,106,96,171,138,118,170,128,133,1735
Gdańsk Strzyża,POLREGIO Spółka Akcyjna,90,47,71,48,63,73,173,132,114,86,82,146,1125
Gdańsk Strzyża ,,90,47,71,48,63,73,173,132,114,86,82,146,1125
Gdańsk Jasień,POLREGIO Spółka Akcyjna,97,46,75,47,65,78,180,134,115,89,76,149,1151
Gdańsk Jasień ,,97,46,75,47,65,78,180,134,115,89,76,149,1151
Gdańsk Kiełpinek,POLREGIO Spółka Akcyjna,98,45,75,48,63,79,175,134,117,82,74,146,1136
Gdańsk Kiełpinek ,,98,45,75,48,63,79,175,134,117,82,74,146,1136
Kielce Główne,Łódzka Kolej Aglomeracyjna Sp. z o.o.,,,,,,,,,,,,2,2
Kielce Główne,PKP INTERCITY Spółka Akcyjna ,196,104,108,100,123,114,174,212,174,167,197,196,1865
Kielce Główne,POLREGIO Spółka Akcyjna,207,101,119,81,110,117,187,183,181,169,227,126,1808
Kielce Główne ,,403,205,227,181,233,231,361,395,355,336,424,324,3675
Gdańsk Brętowo,POLREGIO Spółka Akcyjna,90,43,73,46,64,74,177,130,114,87,76,143,1117
Gdańsk Brętowo ,,90,43,73,46,64,74,177,130,114,87,76,143,1117
Gdańsk Niedźwiednik,POLREGIO Spółka Akcyjna,88,46,72,45,62,73,176,133,113,86,77,145,1116
Gdańsk Niedźwiednik ,,88,46,72,45,62,73,176,133,113,86,77,145,1116
Gdańsk Stocznia,PKP Szybka Kolej Miejska w Trójmieście sp. z o.o.,191,49,59,76,41,45,104,,,,,,565
Gdańsk Stocznia ,,191,49,59,76,41,45,104,,,,,,565
Olsztyn Główny,PKP INTERCITY Spółka Akcyjna ,195,77,74,67,92,138,215,196,81,111,123,145,1514
Olsztyn Główny,POLREGIO Spółka Akcyjna,250,96,77,66,83,106,142,152,81,151,171,95,1470
Olsztyn Główny ,,445,173,151,133,175,244,357,348,162,262,294,240,2984
Siedlce,Koleje Mazowieckie - KM Spółka z o.o.,162,108,102,159,255,256,283,366,255,433,397,185,2961
Siedlce,PKP INTERCITY Spółka Akcyjna ,107,46,78,68,106,68,75,111,95,158,163,113,1188
Siedlce,POLREGIO Spółka Akcyjna,27,13,6,12,20,20,22,35,15,41,41,26,278
Siedlce ,,296,167,186,239,381,344,380,512,365,632,601,324,4427
Wrocław Muchobór,Koleje Dolnośląskie S.A.,656,297,322,253,350,258,433,267,595,466,481,400,4778
Wrocław Muchobór,POLREGIO Spółka Akcyjna,,,17,33,42,26,28,20,57,54,64,16,357
Wrocław Muchobór ,,656,297,339,286,392,284,461,287,652,520,545,416,5135
Kraków Prokocim,Koleje Małopolskie Sp. z o.o.,156,44,69,60,54,47,59,46,39,65,35,46,720
Kraków Prokocim,POLREGIO Spółka Akcyjna,77,47,36,32,38,31,32,35,37,61,38,45,509
Kraków Prokocim ,,233,91,105,92,92,78,91,81,76,126,73,91,1229
Zbąszynek,CARGO Master Spółka z o.o.,,,,,0,,,,,,,,0
Zbąszynek,Koleje Wielkopolskie Sp. z o.o.,84,29,43,37,47,55,58,73,50,81,59,63,679
Zbąszynek,PKP INTERCITY Spółka Akcyjna ,253,191,231,244,204,318,237,265,254,290,216,258,2961
Zbąszynek,POLREGIO Spółka Akcyjna,290,222,270,217,238,258,230,294,283,329,280,307,3218
Zbąszynek ,,627,442,544,498,489,631,525,632,587,700,555,628,6858
Mińsk Mazowiecki,Koleje Mazowieckie - KM Spółka z o.o.,207,117,121,172,291,298,328,381,277,525,452,204,3373
Mińsk Mazowiecki,PKP INTERCITY Spółka Akcyjna ,109,52,80,68,98,68,69,114,95,160,164,107,1184
Mińsk Mazowiecki ,,316,169,201,240,389,366,397,495,372,685,616,311,4557
Wrocław Sołtysowice,Koleje Dolnośląskie S.A.,170,69,81,91,76,75,140,138,179,114,184,177,1494
Wrocław Sołtysowice,POLREGIO Spółka Akcyjna,139,61,83,87,77,43,90,54,104,75,81,116,1010
Wrocław Sołtysowice ,,309,130,164,178,153,118,230,192,283,189,265,293,2504
Klembów,Koleje Mazowieckie - KM Spółka z o.o.,102,44,70,67,73,90,94,83,104,104,88,54,973
Klembów ,,102,44,70,67,73,90,94,83,104,104,88,54,973
Jasienica Mazowiecka,Koleje Mazowieckie - KM Spółka z o.o.,103,44,69,68,69,91,95,82,103,110,88,53,975
Jasienica Mazowiecka ,,103,44,69,68,69,91,95,82,103,110,88,53,975
Zagościniec,Koleje Mazowieckie - KM Spółka z o.o.,97,38,72,64,78,91,96,82,106,105,87,57,973
Zagościniec ,,97,38,72,64,78,91,96,82,106,105,87,57,973
Dobczyn,Koleje Mazowieckie - KM Spółka z o.o.,100,41,71,65,74,89,93,83,105,106,88,58,973
Dobczyn ,,100,41,71,65,74,89,93,83,105,106,88,58,973
Modlin,Koleje Mazowieckie - KM Spółka z o.o.,392,187,150,138,180,228,227,209,177,177,186,198,2449
Modlin ,,392,187,150,138,180,228,227,209,177,177,186,198,2449
Dęblin,Koleje Mazowieckie - KM Spółka z o.o.,88,74,63,78,83,155,124,87,108,75,78,75,1088
Dęblin,PKP INTERCITY Spółka Akcyjna ,192,110,124,152,174,177,216,233,167,136,162,191,2034
Dęblin,POLREGIO Spółka Akcyjna,29,14,14,13,13,23,31,59,38,17,23,22,296
Dęblin ,,309,198,201,243,270,355,371,379,313,228,263,288,3418
Szczecin Zdroje,POLREGIO Spółka Akcyjna,299,152,205,107,199,258,208,243,284,257,299,310,2821
Szczecin Zdroje ,,299,152,205,107,199,258,208,243,284,257,299,310,2821
Czechowice-Dziedzice,Koleje Śląskie Spółka z o.o.,325,152,178,199,150,291,328,187,243,316,289,324,2982
Czechowice-Dziedzice,PKP INTERCITY Spółka Akcyjna ,282,170,155,127,142,236,286,247,162,252,292,275,2626
Czechowice-Dziedzice,POLREGIO Spółka Akcyjna,38,32,18,14,21,25,20,28,12,30,25,41,304
Czechowice-Dziedzice,RegioJet a.s.,,,,,,,,,,,,13,13
Czechowice-Dziedzice ,,645,354,351,340,313,552,634,462,417,598,606,653,5925
Gdańsk Port Lotniczy,POLREGIO Spółka Akcyjna,98,44,80,43,67,81,153,130,104,82,78,131,1091
Gdańsk Port Lotniczy ,,98,44,80,43,67,81,153,130,104,82,78,131,1091
Gdańsk Firoga,POLREGIO Spółka Akcyjna,98,43,74,43,62,79,153,125,100,81,75,125,1058
Gdańsk Firoga ,,98,43,74,43,62,79,153,125,100,81,75,125,1058
Gdańsk Matarnia,POLREGIO Spółka Akcyjna,94,43,71,44,64,80,159,127,100,80,75,130,1067
Gdańsk Matarnia ,,94,43,71,44,64,80,159,127,100,80,75,130,1067
Gniezno,CARGO Master Spółka z o.o.,,,,1,,,,,,,,,1
Gniezno,Koleje Wielkopolskie Sp. z o.o.,68,33,36,34,47,77,70,50,53,82,102,80,732
Gniezno,PKP INTERCITY Spółka Akcyjna ,209,158,133,147,166,286,330,312,230,253,265,236,2725
Gniezno,POLREGIO Spółka Akcyjna,72,56,32,36,44,57,64,38,74,79,67,33,652
Gniezno,RAILPOLONIA Sp. z o.o. (przewozy pasażerskie),,,,,,,,,,,,1,1
Gniezno ,,349,247,201,218,257,420,464,400,357,414,434,350,4111
Ostrów Wielkopolski,Koleje Wielkopolskie Sp. z o.o.,41,23,38,46,41,83,61,66,74,46,91,78,688
Ostrów Wielkopolski,Łódzka Kolej Aglomeracyjna Sp. z o.o.,1,0,1,8,1,1,6,5,0,2,2,5,32
Ostrów Wielkopolski,PKP INTERCITY Spółka Akcyjna ,113,76,71,68,73,112,169,168,123,114,165,174,1426
Ostrów Wielkopolski,POLREGIO Spółka Akcyjna,78,63,60,78,81,88,80,117,129,120,148,96,1138
Ostrów Wielkopolski ,,233,162,170,200,196,284,316,356,326,282,406,353,3284
Gałkówek,Łódzka Kolej Aglomeracyjna Sp. z o.o.,75,30,36,49,54,74,125,97,77,94,97,138,946
Gałkówek,POLREGIO Spółka Akcyjna,47,27,28,15,27,22,63,54,28,26,37,51,425
Gałkówek ,,122,57,64,64,81,96,188,151,105,120,134,189,1371
Brzeg,PKP INTERCITY Spółka Akcyjna ,313,164,219,202,251,296,390,347,394,363,424,421,3784
Brzeg,POLREGIO Spółka Akcyjna,281,142,155,145,183,161,208,196,266,288,345,219,2589
Brzeg ,,594,306,374,347,434,457,598,543,660,651,769,640,6373
Bedoń,Łódzka Kolej Aglomeracyjna Sp. z o.o.,72,29,36,49,59,70,126,96,85,96,93,137,948
Bedoń,POLREGIO Spółka Akcyjna,48,28,29,13,26,22,68,56,33,28,37,50,438
Bedoń ,,120,57,65,62,85,92,194,152,118,124,130,187,1386
Milanówek,Koleje Mazowieckie - KM Spółka z o.o.,225,105,139,142,181,177,236,122,158,175,201,106,1967
Milanówek ,,225,105,139,142,181,177,236,122,158,175,201,106,1967
Justynów,Łódzka Kolej Aglomeracyjna Sp. z o.o.,72,29,38,47,58,72,127,98,83,96,92,139,951
Justynów,POLREGIO Spółka Akcyjna,47,27,30,13,27,22,67,56,31,27,37,52,436
Justynów ,,119,56,68,60,85,94,194,154,114,123,129,191,1387
Brwinów,Koleje Mazowieckie - KM Spółka z o.o.,227,106,138,139,181,172,235,121,169,173,204,106,1971
Brwinów ,,227,106,138,139,181,172,235,121,169,173,204,106,1971
Parzniew,Koleje Mazowieckie - KM Spółka z o.o.,228,105,133,137,184,174,241,121,173,176,202,103,1977
Parzniew ,,228,105,133,137,184,174,241,121,173,176,202,103,1977
Dąbrowa Górnicza,Koleje Śląskie Spółka z o.o.,196,97,137,133,245,242,195,142,191,196,247,273,2294
Dąbrowa Górnicza,PKP INTERCITY Spółka Akcyjna ,239,190,182,188,221,209,186,202,138,150,219,245,2369
Dąbrowa Górnicza ,,435,287,319,321,466,451,381,344,329,346,466,518,4663
Pruszcz Gdański,PKP INTERCITY Spółka Akcyjna ,52,27,25,28,36,62,100,100,38,44,55,61,628
Pruszcz Gdański,PKP Szybka Kolej Miejska w Trójmieście sp. z o.o.,,,,,0,,,,,,,,0
Pruszcz Gdański,POLREGIO Spółka Akcyjna,273,146,131,141,171,294,379,467,263,237,239,248,2989
Pruszcz Gdański ,,325,173,156,169,207,356,479,567,301,281,294,309,3617
Szczecin Port Centralny,PKP INTERCITY Spółka Akcyjna ,,,,,1,,,,,,,,1
Szczecin Port Centralny,POLREGIO Spółka Akcyjna,253,140,157,85,127,200,155,173,230,232,267,248,2267
Szczecin Port Centralny ,,253,140,157,85,128,200,155,173,230,232,267,248,2268
Katowice Podlesie,Koleje Śląskie Spółka z o.o.,351,170,191,186,137,286,296,195,247,316,314,288,2977
Katowice Podlesie ,,351,170,191,186,137,286,296,195,247,316,314,288,2977
Wrocław Szczepin,Koleje Dolnośląskie S.A.,170,61,74,80,87,62,123,98,174,97,168,180,1374
Wrocław Szczepin,PKP INTERCITY Spółka Akcyjna ,,,,1,0,,,,,,,,1
Wrocław Szczepin,POLREGIO Spółka Akcyjna,151,68,80,85,82,42,87,55,120,94,89,131,1084
Wrocław Szczepin ,,321,129,154,166,169,104,210,153,294,191,257,311,2459
Piła Główna,CARGO Master Spółka z o.o.,,,,1,1,,,,,,,,2
Piła Główna,Koleje Wielkopolskie Sp. z o.o.,51,13,59,23,23,45,39,38,12,14,37,63,417
Piła Główna,PKP INTERCITY Spółka Akcyjna ,203,81,155,127,103,217,274,274,75,74,87,250,1920
Piła Główna,POLREGIO Spółka Akcyjna,201,137,141,127,138,216,230,226,166,224,232,242,2280
Piła Główna ,,455,231,355,278,265,478,543,538,253,312,356,555,4619
Łódź Żabieniec,Łódzka Kolej Aglomeracyjna Sp. z o.o.,29,33,35,32,26,33,42,51,45,36,124,67,553
Łódź Żabieniec,PKP INTERCITY Spółka Akcyjna ,73,51,61,43,47,63,96,150,85,51,90,64,874
Łódź Żabieniec,POLREGIO Spółka Akcyjna,5,3,6,4,2,9,10,16,16,5,10,8,94
Łódź Żabieniec ,,107,87,102,79,75,105,148,217,146,92,224,139,1521
Gdańsk Rębiechowo,POLREGIO Spółka Akcyjna,98,43,77,40,60,75,139,119,101,64,75,122,1013
Gdańsk Rębiechowo ,,98,43,77,40,60,75,139,119,101,64,75,122,1013
Krzyż,Koleje Wielkopolskie Sp. z o.o.,11,0,8,9,16,22,9,13,10,10,15,17,140
Krzyż,PKP INTERCITY Spółka Akcyjna ,137,74,83,90,87,119,118,118,139,108,128,142,1343
Krzyż,POLREGIO Spółka Akcyjna,254,147,163,170,165,164,147,121,145,156,201,209,2042
Krzyż ,,402,221,254,269,268,305,274,252,294,274,344,368,3525
Gdynia Orłowo,POLREGIO Spółka Akcyjna,258,121,137,129,166,267,363,437,255,236,248,270,2887
Gdynia Orłowo ,,258,121,137,129,166,267,363,437,255,236,248,270,2887
Iława Główna,Koleje Mazowieckie - KM Spółka z o.o.,,,,,,6,26,28,1,,,,61
Iława Główna,PKP INTERCITY Spółka Akcyjna ,534,263,207,216,275,396,594,618,459,331,361,448,4702
Iława Główna,POLREGIO Spółka Akcyjna,171,58,51,57,59,70,79,95,62,86,89,65,942
Iława Główna ,,705,321,258,273,334,472,699,741,522,417,450,513,5705
Legionowo Przystanek,CARGO Master Spółka z o.o.,,,,,0,,,,,,,,0
Legionowo Przystanek,Koleje Mazowieckie - KM Spółka z o.o.,340,156,134,114,154,199,203,179,145,143,124,169,2060
Legionowo Przystanek ,,340,156,134,114,154,199,203,179,145,143,124,169,2060
Sochaczew,Koleje Mazowieckie - KM Spółka z o.o.,158,84,95,141,126,127,248,187,196,194,179,125,1860
Sochaczew,PKP INTERCITY Spółka Akcyjna ,219,113,160,210,234,216,272,327,295,217,215,245,2723
Sochaczew ,,377,197,255,351,360,343,520,514,491,411,394,370,4583
Dębica,PKP INTERCITY Spółka Akcyjna ,298,157,171,137,158,172,248,212,215,258,223,256,2505
Dębica,POLREGIO Spółka Akcyjna,180,97,94,53,68,66,80,72,69,100,78,88,1045
Dębica ,,478,254,265,190,226,238,328,284,284,358,301,344,3550
Chotomów,Koleje Mazowieckie - KM Spółka z o.o.,303,128,126,103,145,182,206,182,156,149,129,165,1974
Chotomów ,,303,128,126,103,145,182,206,182,156,149,129,165,1974
Głogów,Koleje Dolnośląskie S.A.,398,195,184,190,318,146,145,68,165,168,210,199,2386
Głogów,PKP INTERCITY Spółka Akcyjna ,208,133,133,102,139,143,143,139,135,150,136,136,1697
Głogów,POLREGIO Spółka Akcyjna,137,81,109,108,113,111,130,85,120,123,109,64,1290
Głogów ,,743,409,426,400,570,400,418,292,420,441,455,399,5373
Myszków,Koleje Śląskie Spółka z o.o.,162,93,84,133,267,148,109,71,143,106,211,216,1743
Myszków,PKP INTERCITY Spółka Akcyjna ,128,71,63,68,145,122,106,108,91,74,127,160,1263
Myszków ,,290,164,147,201,412,270,215,179,234,180,338,376,3006
Rybnik,Koleje Śląskie Spółka z o.o.,146,90,77,86,99,124,197,213,213,172,302,155,1874
Rybnik,PKP INTERCITY Spółka Akcyjna ,202,142,127,123,147,187,229,225,168,180,255,251,2236
Rybnik ,,348,232,204,209,246,311,426,438,381,352,557,406,4110
Słupsk,CARGO Master Spółka z o.o.,,,,,0,,,,,,,,0
Słupsk,Koleje Mazowieckie - KM Spółka z o.o.,,,,,,12,25,30,1,,,,68
Słupsk,PKP INTERCITY Spółka Akcyjna ,270,118,106,109,121,369,470,549,96,91,106,249,2654
Słupsk,POLREGIO Spółka Akcyjna,195,78,57,97,109,318,411,541,44,49,51,230,2180
Słupsk ,,465,196,163,206,230,699,906,1120,141,140,157,479,4902
Przeworsk,PKP INTERCITY Spółka Akcyjna ,223,116,127,103,143,137,191,163,162,182,171,222,1940
Przeworsk,POLREGIO Spółka Akcyjna,159,53,89,70,62,64,157,96,72,79,99,74,1074
Przeworsk ,,382,169,216,173,205,201,348,259,234,261,270,296,3014
Jaworzyna Śląska,CARGO Master Spółka z o.o.,,,,0,,,,,,,,,0
Jaworzyna Śląska,Koleje Dolnośląskie S.A.,451,221,248,275,235,267,346,291,404,580,484,343,4145
Jaworzyna Śląska,LEO Express Global a.s.,,,0,,,,,,,,,,0
Jaworzyna Śląska,PKP INTERCITY Spółka Akcyjna ,99,44,46,61,50,76,89,87,102,104,85,87,930
Jaworzyna Śląska,POLREGIO Spółka Akcyjna,14,13,6,8,10,15,14,6,9,13,14,14,136
Jaworzyna Śląska ,,564,278,300,344,295,358,449,384,515,697,583,444,5211
Stargard,PKP INTERCITY Spółka Akcyjna ,234,116,138,135,165,231,208,221,210,180,199,240,2277
Stargard,POLREGIO Spółka Akcyjna,199,77,176,95,118,166,122,108,193,206,182,213,1855
Stargard ,,433,193,314,230,283,397,330,329,403,386,381,453,4132
Łódź Dąbrowa,Koleje Wielkopolskie Sp. z o.o.,0,0,0,,,,,,,,,,0
Łódź Dąbrowa,Łódzka Kolej Aglomeracyjna Sp. z o.o.,47,33,40,34,38,46,74,89,77,57,121,61,717
Łódź Dąbrowa,PKP INTERCITY Spółka Akcyjna ,,,11,11,24,19,22,27,19,10,63,19,225
Łódź Dąbrowa,POLREGIO Spółka Akcyjna,12,7,11,14,8,23,18,23,13,21,32,19,201
Łódź Dąbrowa ,,59,40,62,59,70,88,114,139,109,88,216,99,1143
Luboń koło Poznania,CARGO Master Spółka z o.o.,,,,,0,,,,,,,,0
Luboń koło Poznania,Koleje Wielkopolskie Sp. z o.o.,65,77,45,53,50,96,70,57,84,87,84,100,868
Luboń koło Poznania,PKP INTERCITY Spółka Akcyjna ,,1,,,,,,,0,,0,,1
Luboń koło Poznania,POLREGIO Spółka Akcyjna,64,64,33,25,44,59,67,68,78,77,84,76,739
Luboń koło Poznania ,,129,142,78,78,94,155,137,125,162,164,168,176,1608
Poznań Dębiec,CARGO Master Spółka z o.o.,,,,,0,,,,,,,,0
Poznań Dębiec,Koleje Wielkopolskie Sp. z o.o.,73,80,58,63,55,105,89,64,101,102,93,104,987
Poznań Dębiec,PKP INTERCITY Spółka Akcyjna ,,0,,,,,,,,,0,,0
Poznań Dębiec,POLREGIO Spółka Akcyjna,69,72,43,27,50,67,79,77,83,85,101,88,841
Poznań Dębiec ,,142,152,101,90,105,172,168,141,184,187,194,192,1828
Bochnia,Koleje Małopolskie Sp. z o.o.,139,48,60,40,56,33,48,43,57,79,61,44,708
Bochnia,PKP INTERCITY Spółka Akcyjna ,329,199,206,180,179,197,261,236,235,255,242,266,2785
Bochnia,POLREGIO Spółka Akcyjna,113,77,71,59,78,50,56,63,83,101,82,69,902
Bochnia ,,581,324,337,279,313,280,365,342,375,435,385,379,4395
Chorzów Batory,Koleje Śląskie Spółka z o.o.,203,128,121,96,151,153,125,107,193,199,228,312,2016
Chorzów Batory,PKP INTERCITY Spółka Akcyjna ,69,51,50,49,60,81,71,83,62,56,68,31,731
Chorzów Batory ,,272,179,171,145,211,234,196,190,255,255,296,343,2747
Zabierzów,Koleje Małopolskie Sp. z o.o.,71,36,31,22,24,33,39,45,43,81,93,44,562
Zabierzów,Koleje Śląskie Spółka z o.o.,,,9,16,15,17,21,23,18,38,48,29,234
Zabierzów,POLREGIO Spółka Akcyjna,275,151,126,98,122,109,115,130,114,238,252,197,1927
Zabierzów ,,346,187,166,136,161,159,175,198,175,357,393,270,2723
Olsztyn Zachodni,PKP INTERCITY Spółka Akcyjna ,208,83,78,76,101,143,228,224,105,132,143,158,1679
Olsztyn Zachodni,POLREGIO Spółka Akcyjna,170,58,55,45,52,62,79,96,67,121,124,51,980
Olsztyn Zachodni ,,378,141,133,121,153,205,307,320,172,253,267,209,2659
Białystok,PKP INTERCITY Spółka Akcyjna ,172,82,93,69,104,98,131,120,127,109,118,110,1333
Białystok,POLREGIO Spółka Akcyjna,256,97,112,86,130,103,107,168,156,111,129,78,1533
Białystok ,,428,179,205,155,234,201,238,288,283,220,247,188,2866
Ciechanów,Koleje Mazowieckie - KM Spółka z o.o.,133,65,51,44,66,74,110,92,64,67,80,91,937
Ciechanów,PKP INTERCITY Spółka Akcyjna ,374,198,167,145,182,270,376,394,286,226,243,324,3185
Ciechanów ,,507,263,218,189,248,344,486,486,350,293,323,415,4122
Halinów,Koleje Mazowieckie - KM Spółka z o.o.,250,122,146,231,317,313,376,467,284,501,534,216,3757
Halinów ,,250,122,146,231,317,313,376,467,284,501,534,216,3757
Lubliniec,Koleje Śląskie Spółka z o.o.,48,21,24,13,16,19,30,26,45,39,50,49,380
Lubliniec,PKP INTERCITY Spółka Akcyjna ,188,86,134,113,145,151,234,248,240,205,229,217,2190
Lubliniec,POLREGIO Spółka Akcyjna,57,21,27,30,24,20,32,26,40,28,32,35,372
Lubliniec ,,293,128,185,156,185,190,296,300,325,272,311,301,2942
Kędzierzyn-Koźle,CARGO Master Spółka z o.o.,,,,0,,,,,,,,,0
Kędzierzyn-Koźle,PKP INTERCITY Spółka Akcyjna ,205,111,135,98,123,149,195,182,177,188,249,296,2108
Kędzierzyn-Koźle,POLREGIO Spółka Akcyjna,293,158,191,145,165,167,235,205,262,289,341,247,2698
Kędzierzyn-Koźle ,,498,269,326,243,288,316,430,387,439,477,590,543,4806
Mysłowice,Koleje Śląskie Spółka z o.o.,118,52,48,39,63,61,75,56,63,61,90,58,784
Mysłowice,PKP INTERCITY Spółka Akcyjna ,191,120,123,110,132,174,197,178,170,173,186,204,1958
Mysłowice,POLREGIO Spółka Akcyjna,153,96,67,38,64,65,62,69,67,88,125,100,994
Mysłowice ,,462,268,238,187,259,300,334,303,300,322,401,362,3736
Miechów,Koleje Małopolskie Sp. z o.o.,111,21,30,35,32,41,45,153,38,38,41,32,617
Miechów,PKP INTERCITY Spółka Akcyjna ,360,156,178,147,202,211,299,502,213,204,291,216,2979
Miechów,POLREGIO Spółka Akcyjna,109,55,64,60,56,74,80,154,98,83,96,67,996
Miechów ,,580,232,272,242,290,326,424,809,349,325,428,315,4592
Rawicz,CARGO Master Spółka z o.o.,,,,,0,,,,,,,,0
Rawicz,Koleje Dolnośląskie S.A.,70,19,30,26,24,29,51,55,38,43,166,110,661
Rawicz,Koleje Wielkopolskie Sp. z o.o.,8,28,11,2,11,8,8,2,13,11,12,15,129
Rawicz,PKP INTERCITY Spółka Akcyjna ,260,180,158,137,180,250,299,250,231,215,235,322,2717
Rawicz,POLREGIO Spółka Akcyjna,86,93,60,44,65,84,93,75,87,88,98,117,990
Rawicz ,,424,320,259,209,280,371,451,382,369,357,511,564,4497
Wrocław Brochów,Koleje Dolnośląskie S.A.,78,48,38,35,44,42,90,48,74,60,73,75,705
Wrocław Brochów,POLREGIO Spółka Akcyjna,238,111,153,162,159,166,210,171,239,246,322,235,2412
Wrocław Brochów ,,316,159,191,197,203,208,300,219,313,306,395,310,3117
Częstochowa Raków,Koleje Śląskie Spółka z o.o.,149,86,79,136,224,117,107,66,124,91,190,181,1550
Częstochowa Raków,POLREGIO Spółka Akcyjna,26,7,20,13,10,16,24,8,24,23,19,9,199
Częstochowa Raków ,,175,93,99,149,234,133,131,74,148,114,209,190,1749
Oława,Koleje Dolnośląskie S.A.,,,,,,,,,,,0,,0
Oława,PKP INTERCITY Spółka Akcyjna ,290,159,203,181,244,269,347,314,329,300,383,378,3397
Oława,POLREGIO Spółka Akcyjna,215,93,124,123,159,142,171,167,238,247,296,196,2171
Oława ,,505,252,327,304,403,411,518,481,567,547,679,574,5568
Gdańsk Orunia,POLREGIO Spółka Akcyjna,301,158,155,153,186,308,389,502,259,252,247,272,3182
Gdańsk Orunia ,,301,158,155,153,186,308,389,502,259,252,247,272,3182
Jarocin,Koleje Wielkopolskie Sp. z o.o.,60,32,41,49,52,107,78,87,67,66,87,81,807
Jarocin,Łódzka Kolej Aglomeracyjna Sp. z o.o.,1,0,1,5,2,1,3,4,1,1,3,4,26
Jarocin,PKP INTERCITY Spółka Akcyjna ,86,45,57,58,42,96,114,134,89,85,102,99,1007
Jarocin,POLREGIO Spółka Akcyjna,33,20,19,37,25,48,43,72,54,55,60,48,514
Jarocin ,,180,97,118,149,121,252,238,297,211,207,252,232,2354
Będzin Miasto,Koleje Śląskie Spółka z o.o.,211,121,144,148,304,315,256,201,218,231,342,366,2857
Będzin Miasto,PKP INTERCITY Spółka Akcyjna ,118,98,84,88,106,84,66,65,40,29,69,103,950
Będzin Miasto ,,329,219,228,236,410,399,322,266,258,260,411,469,3807
Toruń Wschodni,Arriva RP Sp. z o.o.,119,58,88,68,104,128,140,73,135,86,118,72,1189
Toruń Wschodni,CARGO Master Spółka z o.o.,0,0,1,1,0,,,,,,,,2
Toruń Wschodni,PKP INTERCITY Spółka Akcyjna ,46,22,24,25,29,50,72,56,48,45,50,42,509
Toruń Wschodni,POLREGIO Spółka Akcyjna,120,56,49,57,72,63,78,79,72,89,97,71,903
Toruń Wschodni ,,285,136,162,151,205,241,290,208,255,220,265,185,2603
Toruń Miasto,Arriva RP Sp. z o.o.,123,63,89,70,106,123,136,79,134,92,106,84,1205
Toruń Miasto,CARGO Master Spółka z o.o.,0,0,1,1,0,,,,,,,,2
Toruń Miasto,PKP INTERCITY Spółka Akcyjna ,49,22,24,27,30,51,69,57,54,46,52,43,524
Toruń Miasto,POLREGIO Spółka Akcyjna,134,69,48,64,77,70,82,88,79,100,96,79,986
Toruń Miasto,RAILPOLONIA Sp. z o.o. (przewozy pasażerskie),,,,,,,,,,,,1,1
Toruń Miasto ,,306,154,162,162,213,244,287,224,267,238,254,207,2718
Kościan,CARGO Master Spółka z o.o.,,,,,0,,,,,,,,0
Kościan,Koleje Wielkopolskie Sp. z o.o.,31,66,33,21,30,37,36,31,37,61,36,60,479
Kościan,PKP INTERCITY Spółka Akcyjna ,255,183,151,140,171,251,291,263,238,213,236,317,2709
Kościan,POLREGIO Spółka Akcyjna,83,74,49,32,49,70,80,77,97,92,92,107,902
Kościan ,,369,323,233,193,250,358,407,371,372,366,364,484,4090
Laskowice Pomorskie,Arriva RP Sp. z o.o.,40,33,42,44,45,62,104,70,106,66,86,61,759
Laskowice Pomorskie,CARGO Master Spółka z o.o.,,,,1,,,,,,,,,1
Laskowice Pomorskie,PKP INTERCITY Spółka Akcyjna ,204,118,105,109,141,238,385,375,208,223,202,172,2480
Laskowice Pomorskie,POLREGIO Spółka Akcyjna,52,29,33,24,40,48,61,60,41,50,53,43,534
Laskowice Pomorskie ,,296,180,180,178,226,348,550,505,355,339,341,276,3774
Racibórz,Koleje Śląskie Spółka z o.o.,85,54,43,31,41,57,68,94,70,88,134,71,836
Racibórz,PKP INTERCITY Spółka Akcyjna ,93,40,58,48,72,94,102,117,61,108,129,96,1018
Racibórz,POLREGIO Spółka Akcyjna,72,38,40,51,45,49,46,61,68,85,77,86,718
Racibórz ,,250,132,141,130,158,200,216,272,199,281,340,253,2572
Mrozy,Koleje Mazowieckie - KM Spółka z o.o.,163,110,110,160,241,246,267,332,246,475,411,175,2936
Mrozy,PKP INTERCITY Spółka Akcyjna ,109,47,75,68,101,67,72,107,91,153,161,106,1157
Mrozy ,,272,157,185,228,342,313,339,439,337,628,572,281,4093
Ożarów Mazowiecki,Koleje Mazowieckie - KM Spółka z o.o.,236,119,143,165,166,251,416,259,318,348,275,215,2911
Ożarów Mazowiecki ,,236,119,143,165,166,251,416,259,318,348,275,215,2911
Pszczyna,Koleje Śląskie Spółka z o.o.,492,236,285,345,275,452,441,305,354,494,485,423,4587
Pszczyna,PKP INTERCITY Spółka Akcyjna ,97,47,77,76,79,109,107,60,81,104,117,119,1073
Pszczyna ,,589,283,362,421,354,561,548,365,435,598,602,542,5660
Zalesie Górne,Koleje Mazowieckie - KM Spółka z o.o.,267,148,161,142,188,183,273,204,166,170,144,155,2201
Zalesie Górne ,,267,148,161,142,188,183,273,204,166,170,144,155,2201
Bydgoszcz Wschód,Arriva RP Sp. z o.o.,26,11,10,23,22,24,29,20,23,12,21,15,236
Bydgoszcz Wschód,CARGO Master Spółka z o.o.,,,0,0,,,,,,,,,0
Bydgoszcz Wschód,PKP INTERCITY Spółka Akcyjna ,190,84,96,78,97,134,240,287,161,126,142,118,1753
Bydgoszcz Wschód,POLREGIO Spółka Akcyjna,113,66,46,43,57,77,96,136,90,104,130,78,1036
Bydgoszcz Wschód ,,329,161,152,144,176,235,365,443,274,242,293,211,3025
Łańcut,PKP INTERCITY Spółka Akcyjna ,250,148,149,122,145,162,226,194,179,200,188,258,2221
Łańcut,POLREGIO Spółka Akcyjna,127,57,74,59,51,53,140,90,60,72,80,52,915
Łańcut ,,377,205,223,181,196,215,366,284,239,272,268,310,3136
Wrocław Psie Pole,Koleje Dolnośląskie S.A.,114,51,46,72,59,57,101,116,140,72,158,149,1135
Wrocław Psie Pole,PKP INTERCITY Spółka Akcyjna ,,,,1,0,,,,,,,,1
Wrocław Psie Pole,POLREGIO Spółka Akcyjna,136,56,82,85,81,47,92,56,105,76,87,119,1022
Wrocław Psie Pole ,,250,107,128,158,140,104,193,172,245,148,245,268,2158
Błonie,Koleje Mazowieckie - KM Spółka z o.o.,216,114,133,172,162,206,349,257,237,258,238,179,2521
Błonie ,,216,114,133,172,162,206,349,257,237,258,238,179,2521
Bydgoszcz Leśna,Arriva RP Sp. z o.o.,25,9,9,21,22,25,25,18,24,12,17,16,223
Bydgoszcz Leśna,CARGO Master Spółka z o.o.,,,0,1,0,,,,,,,,1
Bydgoszcz Leśna,PKP INTERCITY Spółka Akcyjna ,192,92,98,74,95,137,239,282,161,124,142,119,1755
Bydgoszcz Leśna,POLREGIO Spółka Akcyjna,110,63,46,42,57,69,93,136,89,102,130,84,1021
Bydgoszcz Leśna ,,327,164,153,138,174,231,357,436,274,238,289,219,3000
Łódź Radogoszcz Zachód,Łódzka Kolej Aglomeracyjna Sp. z o.o.,30,33,36,34,25,38,45,55,48,37,124,69,574
Łódź Radogoszcz Zachód,POLREGIO Spółka Akcyjna,5,4,6,4,2,9,11,16,16,5,11,10,99
Łódź Radogoszcz Zachód ,,35,37,42,38,27,47,56,71,64,42,135,79,673
Września,Koleje Wielkopolskie Sp. z o.o.,100,77,81,102,103,136,110,88,131,171,169,154,1422
Września,PKP INTERCITY Spółka Akcyjna ,100,84,100,142,115,136,127,160,169,151,144,139,1567
Września ,,200,161,181,244,218,272,237,248,300,322,313,293,2989
Nasielsk,CARGO Master Spółka z o.o.,,,,,0,,,,,,,,0
Nasielsk,Koleje Mazowieckie - KM Spółka z o.o.,286,156,133,110,154,181,142,176,120,120,143,143,1864
Nasielsk,PKP INTERCITY Spółka Akcyjna ,64,32,31,20,21,25,27,33,18,22,34,27,354
Nasielsk ,,350,188,164,130,175,206,169,209,138,142,177,170,2218
Bielsko-Biała Główna,Koleje Śląskie Spółka z o.o.,325,161,183,196,147,287,387,234,205,285,224,237,2871
Bielsko-Biała Główna,PKP INTERCITY Spółka Akcyjna ,134,55,59,59,63,120,154,120,95,103,121,127,1210
Bielsko-Biała Główna,POLREGIO Spółka Akcyjna,110,62,36,34,94,53,48,12,,,,,449
Bielsko-Biała Główna ,,569,278,278,289,304,460,589,366,300,388,345,364,4530
Jaworzno Szczakowa,Koleje Śląskie Spółka z o.o.,34,18,17,19,28,20,26,23,22,47,45,33,332
Jaworzno Szczakowa,PKP INTERCITY Spółka Akcyjna ,237,151,151,131,153,186,203,210,224,267,253,257,2423
Jaworzno Szczakowa,POLREGIO Spółka Akcyjna,206,119,90,72,91,78,89,95,78,183,181,143,1425
Jaworzno Szczakowa ,,477,288,258,222,272,284,318,328,324,497,479,433,4180
Białystok Zielone Wzgórza,PKP INTERCITY Spółka Akcyjna ,196,81,115,77,115,105,158,137,130,124,145,129,1512
Białystok Zielone Wzgórza,POLREGIO Spółka Akcyjna,199,77,101,75,102,47,91,125,130,85,94,61,1187
Białystok Zielone Wzgórza ,,395,158,216,152,217,152,249,262,260,209,239,190,2699
Wrzosów,Koleje Mazowieckie - KM Spółka z o.o.,188,96,126,162,257,265,309,391,231,427,414,181,3047
Wrzosów ,,188,96,126,162,257,265,309,391,231,427,414,181,3047
Nowe Dębe Wielkie,Koleje Mazowieckie - KM Spółka z o.o.,190,96,129,168,255,260,311,386,233,437,419,175,3059
Nowe Dębe Wielkie ,,190,96,129,168,255,260,311,386,233,437,419,175,3059
Radomsko,Łódzka Kolej Aglomeracyjna Sp. z o.o.,25,7,7,16,15,25,27,22,21,9,25,30,229
Radomsko,PKP INTERCITY Spółka Akcyjna ,219,131,155,140,191,203,228,256,206,143,198,257,2327
Radomsko,POLREGIO Spółka Akcyjna,70,38,53,30,53,54,92,87,73,62,74,66,752
Radomsko ,,314,176,215,186,259,282,347,365,300,214,297,353,3308
Dębe Wielkie,Koleje Mazowieckie - KM Spółka z o.o.,196,97,126,168,262,267,326,399,242,426,440,185,3134
Dębe Wielkie ,,196,97,126,168,262,267,326,399,242,426,440,185,3134
Warszawa Gołąbki,Koleje Mazowieckie - KM Spółka z o.o.,225,119,144,169,165,243,397,244,270,308,255,202,2741
Warszawa Gołąbki ,,225,119,144,169,165,243,397,244,270,308,255,202,2741
Warszawa Ursus Północny,Koleje Mazowieckie - KM Spółka z o.o.,230,121,152,174,169,249,401,249,269,305,263,203,2785
Warszawa Ursus Północny ,,230,121,152,174,169,249,401,249,269,305,263,203,2785
Cisie,Koleje Mazowieckie - KM Spółka z o.o.,205,94,125,176,270,267,320,395,241,422,440,186,3141
Cisie ,,205,94,125,176,270,267,320,395,241,422,440,186,3141
Józefin,Koleje Mazowieckie - KM Spółka z o.o.,216,99,123,204,268,287,345,405,261,435,464,189,3296
Józefin ,,216,99,123,204,268,287,345,405,261,435,464,189,3296
Brzesko Okocim,Koleje Małopolskie Sp. z o.o.,140,54,62,48,60,35,56,44,59,81,79,54,772
Brzesko Okocim,PKP INTERCITY Spółka Akcyjna ,182,111,101,95,100,106,149,140,133,133,131,171,1552
Brzesko Okocim,POLREGIO Spółka Akcyjna,116,83,73,48,63,57,64,62,82,99,85,73,905
Brzesko Okocim ,,438,248,236,191,223,198,269,246,274,313,295,298,3229
Ustanówek,Koleje Mazowieckie - KM Spółka z o.o.,224,125,137,130,169,165,240,183,149,148,127,131,1928
Ustanówek ,,224,125,137,130,169,165,240,183,149,148,127,131,1928
Przemyśl Główny,PKP INTERCITY Spółka Akcyjna ,419,294,363,348,370,416,462,368,364,380,308,406,4498
Przemyśl Główny,POLREGIO Spółka Akcyjna,106,38,70,57,51,57,81,55,33,62,51,53,714
Przemyśl Główny,RegioJet a.s.,37,23,33,30,31,41,40,38,41,41,31,35,421
Przemyśl Główny ,,562,355,466,435,452,514,583,461,438,483,390,494,5633
Ruda Chebzie,Koleje Śląskie Spółka z o.o.,193,123,112,87,147,156,132,103,191,195,222,276,1937
Ruda Chebzie,PKP INTERCITY Spółka Akcyjna ,,,,1,,,,,,,,,1
Ruda Chebzie ,,193,123,112,88,147,156,132,103,191,195,222,276,1938
Ruda Śląska,Koleje Śląskie Spółka z o.o.,194,125,113,85,148,158,136,105,198,197,227,281,1967
Ruda Śląska,PKP INTERCITY Spółka Akcyjna ,,,,1,,,,,,,,,1
Ruda Śląska ,,194,125,113,86,148,158,136,105,198,197,227,281,1968
Świętochłowice,Koleje Śląskie Spółka z o.o.,203,129,119,92,155,163,139,110,201,204,239,295,2049
Świętochłowice,PKP INTERCITY Spółka Akcyjna ,,,,1,,,,,,,,,1
Świętochłowice ,,203,129,119,93,155,163,139,110,201,204,239,295,2050
Katowice Załęże,Koleje Śląskie Spółka z o.o.,218,137,124,104,159,157,136,105,245,220,239,277,2121
Katowice Załęże,PKP INTERCITY Spółka Akcyjna ,,6,,0,,,,,1,1,4,,12
Katowice Załęże ,,218,143,124,104,159,157,136,105,246,221,243,277,2133
Grudziądz,Arriva RP Sp. z o.o.,52,64,75,52,104,120,138,88,139,63,115,66,1076
Grudziądz,CARGO Master Spółka z o.o.,,0,,1,,,,,,,,,1
Grudziądz,PKP INTERCITY Spółka Akcyjna ,6,2,8,6,8,9,24,18,14,4,6,7,112
Grudziądz,POLREGIO Spółka Akcyjna,15,7,15,7,5,14,41,41,0,3,10,14,172
Grudziądz ,,73,73,98,66,117,143,203,147,153,70,131,87,1361
Płochocin,Koleje Mazowieckie - KM Spółka z o.o.,236,118,140,171,167,213,371,248,295,299,236,171,2665
Płochocin ,,236,118,140,171,167,213,371,248,295,299,236,171,2665
Błonie Rokitno,Koleje Mazowieckie - KM Spółka z o.o.,225,116,139,167,166,207,359,253,272,283,227,169,2583
Błonie Rokitno ,,225,116,139,167,166,207,359,253,272,283,227,169,2583
Legionowo Piaski,CARGO Master Spółka z o.o.,,,,,0,,,,,,,,0
Legionowo Piaski,Koleje Mazowieckie - KM Spółka z o.o.,40,26,10,7,12,19,,,,3,5,10,132
Legionowo Piaski,Szybka Kolej Miejska Sp. z o.o.,138,80,56,63,70,99,118,77,79,78,71,92,1021
Legionowo Piaski ,,178,106,66,70,82,118,118,77,79,81,76,102,1153
Warka,Koleje Mazowieckie - KM Spółka z o.o.,199,110,181,124,157,140,213,181,154,123,120,88,1790
Warka,PKP INTERCITY Spółka Akcyjna ,122,54,74,57,67,73,127,147,110,93,116,119,1159
Warka ,,321,164,255,181,224,213,340,328,264,216,236,207,2949
Kraków Lotnisko,Koleje Małopolskie Sp. z o.o.,32,17,32,16,14,23,24,15,12,15,5,16,221
Kraków Lotnisko ,,32,17,32,16,14,23,24,15,12,15,5,16,221
Kraków Zakliki,Koleje Małopolskie Sp. z o.o.,34,18,31,22,16,22,28,16,13,12,5,17,234
Kraków Zakliki ,,34,18,31,22,16,22,28,16,13,12,5,17,234
Kraków Młynówka,Koleje Małopolskie Sp. z o.o.,34,17,31,22,15,21,27,16,13,12,4,14,226
Kraków Młynówka ,,34,17,31,22,15,21,27,16,13,12,4,14,226
Kraków Olszanica,Koleje Małopolskie Sp. z o.o.,36,18,31,22,16,23,27,16,13,14,5,16,237
Kraków Olszanica ,,36,18,31,22,16,23,27,16,13,14,5,16,237
Pilawa,Koleje Mazowieckie - KM Spółka z o.o.,138,94,112,96,105,143,166,104,98,114,107,100,1377
Pilawa,PKP INTERCITY Spółka Akcyjna ,181,96,130,152,173,189,214,244,167,135,148,187,2016
Pilawa ,,319,190,242,248,278,332,380,348,265,249,255,287,3393
Działdowo,Koleje Mazowieckie - KM Spółka z o.o.,34,9,11,8,16,23,37,39,13,18,17,25,250
Działdowo,PKP INTERCITY Spółka Akcyjna ,390,209,173,173,206,287,408,404,308,261,281,340,3440
Działdowo,POLREGIO Spółka Akcyjna,40,17,5,17,9,18,31,36,22,31,43,26,295
Działdowo ,,464,235,189,198,231,328,476,479,343,310,341,391,3985
Pszczółki,POLREGIO Spółka Akcyjna,247,133,125,124,155,263,363,440,225,213,214,249,2751
Pszczółki ,,247,133,125,124,155,263,363,440,225,213,214,249,2751
Małkinia,Koleje Mazowieckie - KM Spółka z o.o.,68,20,16,24,29,32,48,36,52,49,43,21,438
Małkinia,PKP INTERCITY Spółka Akcyjna ,134,67,97,53,74,116,149,111,92,78,87,84,1142
Małkinia,POLREGIO Spółka Akcyjna,,,,,0,,,,,,,,0
Małkinia ,,202,87,113,77,103,148,197,147,144,127,130,105,1580
Konin,Koleje Wielkopolskie Sp. z o.o.,90,53,59,81,89,95,76,54,73,92,88,82,932
Konin,PKP INTERCITY Spółka Akcyjna ,277,207,231,247,188,282,252,285,260,235,219,229,2912
Konin ,,367,260,290,328,277,377,328,339,333,327,307,311,3844
Środa Wielkopolska,Koleje Wielkopolskie Sp. z o.o.,36,23,43,58,40,76,70,70,57,48,72,64,657
Środa Wielkopolska,Łódzka Kolej Aglomeracyjna Sp. z o.o.,1,0,1,4,0,0,2,2,0,0,1,4,15
Środa Wielkopolska,PKP INTERCITY Spółka Akcyjna ,80,43,57,62,48,96,107,128,75,74,94,86,950
Środa Wielkopolska,POLREGIO Spółka Akcyjna,24,12,16,28,26,33,41,61,44,45,53,39,422
Środa Wielkopolska ,,141,78,117,152,114,205,220,261,176,167,220,193,2044
Inowrocław,CARGO Master Spółka z o.o.,,,0,0,,,,,,,,,0
Inowrocław,Koleje Wielkopolskie Sp. z o.o.,,0,,,,,,,,,,,0
Inowrocław,PKP INTERCITY Spółka Akcyjna ,232,157,123,131,146,253,343,304,256,241,216,230,2632
Inowrocław,POLREGIO Spółka Akcyjna,117,75,46,57,59,81,108,76,109,102,96,68,994
Inowrocław,RAILPOLONIA Sp. z o.o. (przewozy pasażerskie),,,,,,,,,,,,0,0
Inowrocław ,,349,232,169,188,205,334,451,380,365,343,312,298,3626
Żmigród,CARGO Master Spółka z o.o.,,,,,0,,,,,,,,0
Żmigród,Koleje Dolnośląskie S.A.,77,29,32,27,22,35,65,68,40,53,174,118,740
Żmigród,PKP INTERCITY Spółka Akcyjna ,251,165,156,136,167,246,293,242,240,218,230,322,2666
Żmigród,POLREGIO Spółka Akcyjna,86,78,56,44,63,93,96,74,95,90,92,104,971
Żmigród ,,414,272,244,207,252,374,454,384,375,361,496,544,4377
Oborniki Śląskie,Koleje Dolnośląskie S.A.,85,30,38,31,28,37,73,71,45,51,184,121,794
Oborniki Śląskie,PKP INTERCITY Spółka Akcyjna ,246,148,154,130,160,250,294,240,243,217,227,318,2627
Oborniki Śląskie,POLREGIO Spółka Akcyjna,85,74,65,53,58,97,99,77,96,95,91,96,986
Oborniki Śląskie ,,416,252,257,214,246,384,466,388,384,363,502,535,4407
Siedlce Zachodnie,Koleje Mazowieckie - KM Spółka z o.o.,145,94,102,142,216,228,246,326,240,412,360,161,2672
Siedlce Zachodnie,PKP INTERCITY Spółka Akcyjna ,103,46,78,73,106,68,75,112,99,158,159,43,1120
Siedlce Zachodnie ,,248,140,180,215,322,296,321,438,339,570,519,204,3792
Skawina,Koleje Małopolskie Sp. z o.o.,102,31,56,57,49,45,66,89,67,33,32,37,664
Skawina,PKP CARGO S.A. w restrukturyzacji,,,,,,,,,0,,,,0
Skawina,PKP INTERCITY Spółka Akcyjna ,,,,,,,,,1,,,,1
Skawina,POLREGIO Spółka Akcyjna,218,100,72,76,98,72,118,129,50,62,94,116,1205
Skawina ,,320,131,128,133,147,117,184,218,118,95,126,153,1870
Kraków Podgórze,Koleje Małopolskie Sp. z o.o.,107,37,66,64,62,54,67,86,65,30,35,43,716
Kraków Podgórze,POLREGIO Spółka Akcyjna,217,110,78,83,97,78,106,125,59,66,92,104,1215
Kraków Podgórze ,,324,147,144,147,159,132,173,211,124,96,127,147,1931
Kraków Łagiewniki,Koleje Małopolskie Sp. z o.o.,100,33,60,60,54,48,68,86,69,29,30,46,683
Kraków Łagiewniki,POLREGIO Spółka Akcyjna,221,105,77,79,94,75,111,129,51,63,92,114,1211
Kraków Łagiewniki ,,321,138,137,139,148,123,179,215,120,92,122,160,1894
Zgorzelec,Koleje Dolnośląskie S.A.,213,65,96,87,142,95,180,130,231,306,304,187,2036
Zgorzelec,PKP INTERCITY Spółka Akcyjna ,6,1,4,1,3,2,4,10,10,8,7,3,59
Zgorzelec,POLREGIO Spółka Akcyjna,17,20,18,14,13,38,26,58,153,124,126,92,699
Zgorzelec ,,236,86,118,102,158,135,210,198,394,438,437,282,2794
Sędziszów,Koleje Małopolskie Sp. z o.o.,39,9,8,14,10,11,16,74,8,5,13,13,220
Sędziszów,PKP INTERCITY Spółka Akcyjna ,124,58,53,48,58,75,116,169,105,88,96,122,1112
Sędziszów,POLREGIO Spółka Akcyjna,158,65,74,49,59,86,115,155,124,118,137,101,1241
Sędziszów ,,321,132,135,111,127,172,247,398,237,211,246,236,2573
Skawina Jagielnia,Koleje Małopolskie Sp. z o.o.,100,32,57,59,52,48,73,92,66,33,35,45,692
Skawina Jagielnia,POLREGIO Spółka Akcyjna,221,106,77,80,99,74,116,135,51,64,90,111,1224
Skawina Jagielnia ,,321,138,134,139,151,122,189,227,117,97,125,156,1916
Kraków Sidzina,Koleje Małopolskie Sp. z o.o.,102,33,57,58,53,46,71,93,65,32,35,44,689
Kraków Sidzina,POLREGIO Spółka Akcyjna,221,107,76,81,99,73,117,135,50,65,91,111,1226
Kraków Sidzina ,,323,140,133,139,152,119,188,228,115,97,126,155,1915
Kraków Opatkowice,Koleje Małopolskie Sp. z o.o.,102,32,59,60,53,47,72,90,69,31,33,43,691
Kraków Opatkowice,POLREGIO Spółka Akcyjna,221,107,76,80,98,73,112,132,52,67,91,112,1221
Kraków Opatkowice ,,323,139,135,140,151,120,184,222,121,98,124,155,1912
Kraków Swoszowice,Koleje Małopolskie Sp. z o.o.,101,31,58,60,52,46,70,88,71,32,32,44,685
Kraków Swoszowice,POLREGIO Spółka Akcyjna,220,106,76,81,95,72,111,131,53,67,90,112,1214
Kraków Swoszowice ,,321,137,134,141,147,118,181,219,124,99,122,156,1899
Kraków Sanktuarium,Koleje Małopolskie Sp. z o.o.,98,32,58,60,52,47,68,87,69,31,31,45,678
Kraków Sanktuarium,PKP INTERCITY Spółka Akcyjna ,,,,,,0,,,,,,,0
Kraków Sanktuarium,POLREGIO Spółka Akcyjna,219,105,75,80,95,73,112,130,51,65,89,113,1207
Kraków Sanktuarium ,,317,137,133,140,147,120,180,217,120,96,120,158,1885
Kraków Bonarka,Koleje Małopolskie Sp. z o.o.,99,34,60,60,58,45,65,81,63,28,31,40,664
Kraków Bonarka,POLREGIO Spółka Akcyjna,222,108,74,79,94,72,106,123,53,63,91,100,1185
Kraków Bonarka ,,321,142,134,139,152,117,171,204,116,91,122,140,1849
Kostrzyn,PKP INTERCITY Spółka Akcyjna ,112,74,70,63,91,101,102,105,87,91,86,75,1057
Kostrzyn,POLREGIO Spółka Akcyjna,246,180,191,185,184,163,196,202,213,218,297,305,2580
Kostrzyn ,,358,254,261,248,275,264,298,307,300,309,383,380,3637
Środa Śląska,Koleje Dolnośląskie S.A.,435,210,239,204,230,197,313,186,412,333,244,265,3268
Środa Śląska,PKP INTERCITY Spółka Akcyjna ,27,13,24,17,27,22,16,25,26,34,28,10,269
Środa Śląska ,,462,223,263,221,257,219,329,211,438,367,272,275,3537
Kraków Mydlniki,Koleje Małopolskie Sp. z o.o.,68,32,22,18,22,33,34,42,29,70,84,35,489
Kraków Mydlniki,Koleje Śląskie Spółka z o.o.,,,,,,,,,,,,5,5
Kraków Mydlniki,POLREGIO Spółka Akcyjna,189,122,87,80,93,80,85,93,101,171,164,140,1405
Kraków Mydlniki ,,257,154,109,98,115,113,119,135,130,241,248,180,1899
Zabierzów Rząska,Koleje Małopolskie Sp. z o.o.,69,37,33,20,26,34,40,45,33,75,106,47,565
Zabierzów Rząska,Koleje Śląskie Spółka z o.o.,,,,,,,,,,,,4,4
Zabierzów Rząska,POLREGIO Spółka Akcyjna,212,131,103,89,95,88,95,106,111,175,197,162,1564
Zabierzów Rząska ,,281,168,136,109,121,122,135,151,144,250,303,213,2133
Kraków Mydlniki Wapiennik,Koleje Małopolskie Sp. z o.o.,69,34,29,21,25,33,38,44,32,72,104,47,548
Kraków Mydlniki Wapiennik,Koleje Śląskie Spółka z o.o.,,,,,,,,,,,,5,5
Kraków Mydlniki Wapiennik,POLREGIO Spółka Akcyjna,209,130,103,88,97,88,92,106,112,175,187,162,1549
Kraków Mydlniki Wapiennik ,,278,164,132,109,122,121,130,150,144,247,291,214,2102
Rudawa,Koleje Małopolskie Sp. z o.o.,80,39,33,24,24,34,43,49,44,103,104,45,622
Rudawa,Koleje Śląskie Spółka z o.o.,,,,,,,,,,,,4,4
Rudawa,POLREGIO Spółka Akcyjna,243,145,106,85,90,93,104,129,104,253,214,165,1731
Rudawa ,,323,184,139,109,114,127,147,178,148,356,318,214,2357
Poraj,Koleje Śląskie Spółka z o.o.,158,93,85,166,332,137,113,68,131,95,193,183,1754
Poraj ,,158,93,85,166,332,137,113,68,131,95,193,183,1754
Warszawa Targówek,Koleje Mazowieckie - KM Spółka z o.o.,161,61,57,54,71,118,140,97,92,73,55,69,1048
Warszawa Targówek,Szybka Kolej Miejska Sp. z o.o.,,,,,,47,74,54,58,43,53,58,387
Warszawa Targówek ,,161,61,57,54,71,165,214,151,150,116,108,127,1435
Solec Kujawski,CARGO Master Spółka z o.o.,,,,,0,,,,,,,,0
Solec Kujawski,PKP INTERCITY Spółka Akcyjna ,191,82,92,79,95,137,239,292,162,128,149,120,1766
Solec Kujawski,POLREGIO Spółka Akcyjna,108,62,45,47,57,76,104,135,91,101,144,74,1044
Solec Kujawski ,,299,144,137,126,152,213,343,427,253,229,293,194,2810
Pabianice,Koleje Wielkopolskie Sp. z o.o.,6,4,2,1,7,4,10,11,8,6,7,2,68
Pabianice,Łódzka Kolej Aglomeracyjna Sp. z o.o.,18,12,17,16,9,11,25,36,31,22,42,28,267
Pabianice,PKP INTERCITY Spółka Akcyjna ,100,70,68,48,47,86,118,137,124,106,122,128,1154
Pabianice,POLREGIO Spółka Akcyjna,33,16,25,29,31,39,46,68,47,52,48,32,466
Pabianice ,,157,102,112,94,94,140,199,252,210,186,219,190,1955
Będzin Ksawera,Koleje Śląskie Spółka z o.o.,197,115,141,144,294,303,251,201,219,227,338,365,2795
Będzin Ksawera ,,197,115,141,144,294,303,251,201,219,227,338,365,2795
Dulowa,Koleje Małopolskie Sp. z o.o.,74,37,32,27,27,31,45,39,33,70,73,43,531
Dulowa,Koleje Śląskie Spółka z o.o.,,,,,,,,,,,,4,4
Dulowa,POLREGIO Spółka Akcyjna,224,151,117,83,93,89,93,117,99,225,192,156,1639
Dulowa ,,298,188,149,110,120,120,138,156,132,295,265,203,2174
Wola Filipowska,Koleje Małopolskie Sp. z o.o.,73,36,26,26,22,31,45,37,34,67,73,43,513
Wola Filipowska,Koleje Śląskie Spółka z o.o.,,,,,,,,,,,,4,4
Wola Filipowska,POLREGIO Spółka Akcyjna,217,141,104,82,85,83,93,115,98,219,182,156,1575
Wola Filipowska ,,290,177,130,108,107,114,138,152,132,286,255,203,2092
Dąbrowa Górnicza Ząbkowice,Koleje Śląskie Spółka z o.o.,204,120,146,128,226,245,167,126,170,163,231,250,2176
Dąbrowa Górnicza Ząbkowice,PKP INTERCITY Spółka Akcyjna ,,,,,,,,,,,,44,44
Dąbrowa Górnicza Ząbkowice ,,204,120,146,128,226,245,167,126,170,163,231,294,2220
Łuków,Koleje Mazowieckie - KM Spółka z o.o.,38,22,19,35,41,54,56,101,49,96,84,31,626
Łuków,PKP INTERCITY Spółka Akcyjna ,69,42,64,41,76,52,44,60,64,116,114,75,817
Łuków,POLREGIO Spółka Akcyjna,46,30,22,21,21,26,32,46,78,46,27,31,426
Łuków ,,153,94,105,97,138,132,132,207,191,258,225,137,1869
Skierniewice Rawka,Koleje Mazowieckie - KM Spółka z o.o.,130,53,77,60,101,83,111,85,60,89,91,66,1006
Skierniewice Rawka,POLREGIO Spółka Akcyjna,40,15,30,19,27,30,48,32,29,46,51,44,411
Skierniewice Rawka ,,170,68,107,79,128,113,159,117,89,135,142,110,1417
Piotrków Trybunalski,Łódzka Kolej Aglomeracyjna Sp. z o.o.,16,7,7,13,16,36,32,12,17,11,23,39,229
Piotrków Trybunalski,PKP INTERCITY Spółka Akcyjna ,220,126,145,154,184,196,236,251,198,139,183,251,2283
Piotrków Trybunalski,POLREGIO Spółka Akcyjna,50,32,39,21,36,46,77,62,57,45,59,55,579
Piotrków Trybunalski ,,286,165,191,188,236,278,345,325,272,195,265,345,3091
Międzyborów,Koleje Mazowieckie - KM Spółka z o.o.,174,87,120,107,146,127,175,94,101,122,150,76,1479
Międzyborów ,,174,87,120,107,146,127,175,94,101,122,150,76,1479
Jaktorów,Koleje Mazowieckie - KM Spółka z o.o.,182,92,122,106,148,129,175,96,106,123,162,76,1517
Jaktorów ,,182,92,122,106,148,129,175,96,106,123,162,76,1517
Dąbrowa Górnicza Gołonóg,Koleje Śląskie Spółka z o.o.,205,101,140,135,232,260,183,138,187,187,236,270,2274
Dąbrowa Górnicza Gołonóg ,,205,101,140,135,232,260,183,138,187,187,236,270,2274
Jarosław,PKP INTERCITY Spółka Akcyjna ,214,107,127,102,141,143,188,153,159,180,169,226,1909
Jarosław,POLREGIO Spółka Akcyjna,152,44,85,72,54,77,133,88,56,83,75,69,988
Jarosław ,,366,151,212,174,195,220,321,241,215,263,244,295,2897
Wrocław Nowy Dwór,Koleje Dolnośląskie S.A.,449,190,235,175,226,184,320,195,380,309,259,262,3184
Wrocław Nowy Dwór ,,449,190,235,175,226,184,320,195,380,309,259,262,3184
Wieliczka Park,Koleje Małopolskie Sp. z o.o.,32,13,29,19,9,27,22,13,10,10,6,18,208
Wieliczka Park ,,32,13,29,19,9,27,22,13,10,10,6,18,208
Wieliczka Bogucice,Koleje Małopolskie Sp. z o.o.,33,13,29,19,9,26,21,13,10,9,6,19,207
Wieliczka Bogucice ,,33,13,29,19,9,26,21,13,10,9,6,19,207
Kraków Bieżanów Drożdżownia,Koleje Małopolskie Sp. z o.o.,33,13,29,20,9,26,21,13,10,8,6,19,207
Kraków Bieżanów Drożdżownia ,,33,13,29,20,9,26,21,13,10,8,6,19,207
Wieliczka Rynek-Kopalnia,Koleje Małopolskie Sp. z o.o.,29,14,28,19,9,27,23,13,10,11,6,16,205
Wieliczka Rynek-Kopalnia ,,29,14,28,19,9,27,23,13,10,11,6,16,205
Jelcz Miłoszyce,Koleje Dolnośląskie S.A.,140,73,67,60,59,81,122,75,98,96,97,99,1067
Jelcz Miłoszyce,POLREGIO Spółka Akcyjna,10,9,11,15,6,15,20,10,24,16,10,5,151
Jelcz Miłoszyce ,,150,82,78,75,65,96,142,85,122,112,107,104,1218
Jelcz-Laskowice,Koleje Dolnośląskie S.A.,110,52,46,45,44,57,103,61,64,58,73,75,788
Jelcz-Laskowice,POLREGIO Spółka Akcyjna,10,9,8,14,6,13,16,10,18,15,9,4,132
Jelcz-Laskowice ,,120,61,54,59,50,70,119,71,82,73,82,79,920
Swarzędz,CARGO Master Spółka z o.o.,,,,,0,,,,,,,,0
Swarzędz,Koleje Wielkopolskie Sp. z o.o.,77,66,69,82,74,88,96,56,111,128,115,97,1059
Swarzędz,Parowozownia Wolsztyn,,,,,,,,0,,,,,0
Swarzędz,PKP INTERCITY Spółka Akcyjna ,107,90,104,128,101,138,119,146,172,142,144,135,1526
Swarzędz ,,184,156,173,210,175,226,215,202,283,270,259,232,2585
Zaczernie,POLREGIO Spółka Akcyjna,142,57,111,47,46,43,73,46,43,68,51,64,791
Zaczernie ,,142,57,111,47,46,43,73,46,43,68,51,64,791
Rzeszów Staromieście,POLREGIO Spółka Akcyjna,135,56,111,50,49,49,81,48,48,71,56,63,817
Rzeszów Staromieście ,,135,56,111,50,49,49,81,48,48,71,56,63,817
Rzeszów Miłocin,POLREGIO Spółka Akcyjna,139,57,113,55,50,49,82,48,48,71,59,63,834
Rzeszów Miłocin ,,139,57,113,55,50,49,82,48,48,71,59,63,834
Łochów,Koleje Mazowieckie - KM Spółka z o.o.,65,23,30,27,29,37,60,46,59,62,47,19,504
Łochów,PKP INTERCITY Spółka Akcyjna ,137,66,87,50,75,113,150,112,102,82,86,86,1146
Łochów,POLREGIO Spółka Akcyjna,,,,,0,,,,,,,,0
Łochów ,,202,89,117,77,104,150,210,158,161,144,133,105,1650
Zduńska Wola,Koleje Wielkopolskie Sp. z o.o.,7,3,1,1,7,3,9,13,8,5,7,2,66
Zduńska Wola,Łódzka Kolej Aglomeracyjna Sp. z o.o.,19,9,17,12,8,9,29,45,30,25,46,31,280
Zduńska Wola,PKP INTERCITY Spółka Akcyjna ,104,71,69,44,56,87,114,134,118,108,126,123,1154
Zduńska Wola,POLREGIO Spółka Akcyjna,34,15,23,29,25,42,44,86,39,49,48,35,469
Zduńska Wola ,,164,98,110,86,96,141,196,278,195,187,227,191,1969
Łask,Koleje Wielkopolskie Sp. z o.o.,6,3,1,1,7,4,10,12,8,6,6,2,66
Łask,Łódzka Kolej Aglomeracyjna Sp. z o.o.,18,7,14,12,8,8,28,40,29,25,42,31,262
Łask,PKP INTERCITY Spółka Akcyjna ,97,72,72,47,49,85,109,134,122,107,122,123,1139
Łask,POLREGIO Spółka Akcyjna,36,16,25,28,25,42,42,69,43,49,48,35,458
Łask ,,157,98,112,88,89,139,189,255,202,187,218,191,1925
Pomiechówek,Koleje Mazowieckie - KM Spółka z o.o.,273,132,124,107,143,177,140,157,123,124,147,144,1791
Pomiechówek ,,273,132,124,107,143,177,140,157,123,124,147,144,1791
Zbąszyń,CARGO Master Spółka z o.o.,,,,,0,,,,,,,,0
Zbąszyń,Koleje Wielkopolskie Sp. z o.o.,89,30,48,41,48,58,59,81,65,90,68,76,753
Zbąszyń,PKP INTERCITY Spółka Akcyjna ,60,38,48,79,75,85,94,95,95,86,74,36,865
Zbąszyń,POLREGIO Spółka Akcyjna,72,44,72,52,61,85,47,84,78,83,76,59,813
Zbąszyń ,,221,112,168,172,184,228,200,260,238,259,218,171,2431
Mogilno,Koleje Wielkopolskie Sp. z o.o.,32,13,12,14,18,22,21,13,28,20,42,27,262
Mogilno,PKP INTERCITY Spółka Akcyjna ,200,139,121,136,155,252,319,291,220,232,221,163,2449
Mogilno,POLREGIO Spółka Akcyjna,92,63,41,47,45,63,80,49,93,94,78,47,792
Mogilno,RAILPOLONIA Sp. z o.o. (przewozy pasażerskie),,,,,,,,,,,,1,1
Mogilno ,,324,215,174,197,218,337,420,353,341,346,341,238,3504
Włoszczowa Północ,PKP INTERCITY Spółka Akcyjna ,344,199,201,152,208,273,302,374,236,241,310,214,3054
Włoszczowa Północ,POLREGIO Spółka Akcyjna,43,26,35,32,33,30,32,34,64,47,31,21,428
Włoszczowa Północ ,,387,225,236,184,241,303,334,408,300,288,341,235,3482
Mława,Koleje Mazowieckie - KM Spółka z o.o.,70,30,28,25,41,44,49,33,39,54,48,60,521
Mława,PKP INTERCITY Spółka Akcyjna ,352,180,153,133,168,250,361,374,256,223,237,112,2799
Mława ,,422,210,181,158,209,294,410,407,295,277,285,172,3320
Koszalin,PKP INTERCITY Spółka Akcyjna ,237,105,107,110,147,306,365,403,108,115,138,266,2407
Koszalin,POLREGIO Spółka Akcyjna,153,38,60,54,70,138,170,182,66,68,83,127,1209
Koszalin ,,390,143,167,164,217,444,535,585,174,183,221,393,3616
Rzepin,PKP INTERCITY Spółka Akcyjna ,347,236,294,234,234,341,241,301,281,343,272,270,3394
Rzepin,POLREGIO Spółka Akcyjna,231,215,229,240,228,223,231,218,240,279,277,277,2888
Rzepin ,,578,451,523,474,462,564,472,519,521,622,549,547,6282
Goleniów,PKP INTERCITY Spółka Akcyjna ,75,37,31,34,41,73,100,128,39,28,41,59,686
Goleniów,POLREGIO Spółka Akcyjna,104,52,69,38,105,149,164,165,113,81,160,140,1340
Goleniów ,,179,89,100,72,146,222,264,293,152,109,201,199,2026
Chojnice,Arriva RP Sp. z o.o.,27,6,3,15,16,5,1,17,20,7,19,18,154
Chojnice,PKP INTERCITY Spółka Akcyjna ,11,2,4,3,3,11,6,5,1,8,4,5,63
Chojnice,POLREGIO Spółka Akcyjna,149,67,79,162,130,173,161,203,132,107,106,109,1578
Chojnice ,,187,75,86,180,149,189,168,225,153,122,129,132,1795
Jelenia Góra,Koleje Dolnośląskie S.A.,177,61,60,92,79,85,135,109,150,312,199,128,1587
Jelenia Góra,PKP INTERCITY Spółka Akcyjna ,79,32,39,30,,39,69,64,59,94,71,58,634
Jelenia Góra,POLREGIO Spółka Akcyjna,21,9,6,10,2,4,6,3,11,16,18,16,122
Jelenia Góra ,,277,102,105,132,81,128,210,176,220,422,288,202,2343
Żakowice,Łódzka Kolej Aglomeracyjna Sp. z o.o.,60,19,28,28,44,57,94,68,53,71,75,116,713
Żakowice,POLREGIO Spółka Akcyjna,26,17,22,8,14,4,13,12,7,6,10,22,161
Żakowice ,,86,36,50,36,58,61,107,80,60,77,85,138,874
Szamotuły,Koleje Wielkopolskie Sp. z o.o.,25,9,14,18,30,45,25,20,17,25,32,34,294
Szamotuły,Parowozownia Wolsztyn,,,,,,,,,,,1,,1
Szamotuły,PKP INTERCITY Spółka Akcyjna ,78,40,70,73,67,90,94,99,109,81,96,109,1006
Szamotuły,POLREGIO Spółka Akcyjna,80,40,69,62,40,70,48,36,59,51,70,72,697
Szamotuły ,,183,89,153,153,137,205,167,155,185,157,199,215,1998
Goczałkowice,Koleje Śląskie Spółka z o.o.,500,247,281,362,295,451,437,289,350,513,444,431,4600
Goczałkowice ,,500,247,281,362,295,451,437,289,350,513,444,431,4600
Opalenica,Koleje Wielkopolskie Sp. z o.o.,83,44,57,37,48,74,88,70,78,53,69,94,795
Opalenica,PKP INTERCITY Spółka Akcyjna ,58,40,58,75,74,88,97,96,85,63,69,107,910
Opalenica,POLREGIO Spółka Akcyjna,71,45,85,47,62,89,56,84,88,74,76,65,842
Opalenica ,,212,129,200,159,184,251,241,250,251,190,214,266,2547
Lębork,Koleje Mazowieckie - KM Spółka z o.o.,,,,,,10,31,34,1,,,,76
Lębork,PKP INTERCITY Spółka Akcyjna ,221,103,67,51,94,254,518,555,109,109,103,207,2391
Lębork,PKP Szybka Kolej Miejska w Trójmieście sp. z o.o.,42,10,13,9,17,30,96,63,22,19,16,33,370
Lębork,POLREGIO Spółka Akcyjna,102,31,36,23,45,145,262,317,75,71,75,174,1356
Lębork ,,365,144,116,83,156,439,907,969,207,199,194,414,4193
Chałupki,Koleje Śląskie Spółka z o.o.,85,64,55,48,71,76,83,101,102,153,136,66,1040
Chałupki,PKP INTERCITY Spółka Akcyjna ,254,167,174,162,191,227,245,265,134,241,293,239,2592
Chałupki ,,339,231,229,210,262,303,328,366,236,394,429,305,3632
Suchedniów,Łódzka Kolej Aglomeracyjna Sp. z o.o.,,,,,,,,,,,,2,2
Suchedniów,PKP INTERCITY Spółka Akcyjna ,202,106,102,108,119,107,175,214,167,148,205,147,1800
Suchedniów,POLREGIO Spółka Akcyjna,119,55,49,45,69,54,88,118,78,83,143,67,968
Suchedniów ,,321,161,151,153,188,161,263,332,245,231,348,216,2770
Świdnica Miasto,CARGO Master Spółka z o.o.,,,,1,,,,,,,,,1
Świdnica Miasto,Koleje Dolnośląskie S.A.,320,150,183,196,184,195,256,212,296,380,359,234,2965
Świdnica Miasto,PKP INTERCITY Spółka Akcyjna ,31,9,8,7,11,13,16,12,17,31,28,17,200
Świdnica Miasto ,,351,159,191,204,195,208,272,224,313,411,387,251,3166
Węgliniec,Koleje Dolnośląskie S.A.,193,88,86,74,110,88,160,84,205,181,125,138,1532
Węgliniec,PKP INTERCITY Spółka Akcyjna ,9,2,3,4,6,4,5,12,13,10,7,5,80
Węgliniec,POLREGIO Spółka Akcyjna,34,19,22,25,19,34,31,71,149,109,132,102,747
Węgliniec ,,236,109,111,103,135,126,196,167,367,300,264,245,2359
Sędziszów Małopolski,PKP INTERCITY Spółka Akcyjna ,135,68,78,71,78,80,120,104,93,105,104,124,1160
Sędziszów Małopolski,POLREGIO Spółka Akcyjna,104,44,54,42,48,41,66,51,55,68,58,56,687
Sędziszów Małopolski ,,239,112,132,113,126,121,186,155,148,173,162,180,1847
Ropczyce,PKP INTERCITY Spółka Akcyjna ,138,70,79,71,79,78,122,106,95,109,106,124,1177
Ropczyce,POLREGIO Spółka Akcyjna,107,40,50,39,49,37,67,43,51,77,59,60,679
Ropczyce ,,245,110,129,110,128,115,189,149,146,186,165,184,1856
Cegłów,Koleje Mazowieckie - KM Spółka z o.o.,161,108,107,166,235,237,259,338,237,479,428,176,2931
Cegłów ,,161,108,107,166,235,237,259,338,237,479,428,176,2931
Tychy Aleja Bielska,Koleje Śląskie Spółka z o.o.,73,31,51,44,38,66,70,48,79,73,82,70,725
Tychy Aleja Bielska ,,73,31,51,44,38,66,70,48,79,73,82,70,725
Tychy Grota Roweckiego,Koleje Śląskie Spółka z o.o.,66,29,50,40,35,61,67,45,75,68,79,64,679
Tychy Grota Roweckiego ,,66,29,50,40,35,61,67,45,75,68,79,64,679
Tychy Zachodnie,Koleje Śląskie Spółka z o.o.,73,32,52,45,37,69,72,47,78,75,83,72,735
Tychy Zachodnie ,,73,32,52,45,37,69,72,47,78,75,83,72,735
Tychy Lodowisko,Koleje Śląskie Spółka z o.o.,60,26,46,35,29,56,63,44,70,62,78,56,625
Tychy Lodowisko ,,60,26,46,35,29,56,63,44,70,62,78,56,625
Sieradz,Koleje Wielkopolskie Sp. z o.o.,8,3,1,3,6,2,10,13,13,3,10,3,75
Sieradz,Łódzka Kolej Aglomeracyjna Sp. z o.o.,20,7,21,14,8,9,25,48,20,16,25,25,238
Sieradz,PKP INTERCITY Spółka Akcyjna ,102,72,72,48,72,90,106,139,102,100,113,115,1131
Sieradz,POLREGIO Spółka Akcyjna,37,16,27,36,35,47,46,66,45,53,56,34,498
Sieradz ,,167,98,121,101,121,148,187,266,180,172,204,177,1942
Rogów,Łódzka Kolej Aglomeracyjna Sp. z o.o.,49,29,49,40,49,63,85,71,50,64,63,87,699
Rogów,POLREGIO Spółka Akcyjna,38,17,31,18,31,29,47,35,29,33,51,41,400
Rogów ,,87,46,80,58,80,92,132,106,79,97,114,128,1099
Pleszew,Koleje Wielkopolskie Sp. z o.o.,33,20,38,45,33,66,58,61,49,50,64,56,573
Pleszew,Łódzka Kolej Aglomeracyjna Sp. z o.o.,1,0,1,5,1,1,3,4,1,1,3,4,25
Pleszew,PKP INTERCITY Spółka Akcyjna ,89,51,62,54,43,95,128,136,93,92,109,105,1057
Pleszew,POLREGIO Spółka Akcyjna,33,22,16,40,26,44,39,68,58,58,61,46,511
Pleszew ,,156,93,117,144,103,206,228,269,201,201,237,211,2166
Białogard,PKP INTERCITY Spółka Akcyjna ,234,105,144,144,129,282,324,361,93,109,118,322,2365
Białogard,POLREGIO Spółka Akcyjna,161,44,96,64,80,121,166,163,58,57,44,205,1259
Białogard ,,395,149,240,208,209,403,490,524,151,166,162,527,3624
Wronki,Koleje Wielkopolskie Sp. z o.o.,22,11,16,15,26,43,22,20,12,25,25,28,265
Wronki,PKP INTERCITY Spółka Akcyjna ,81,54,64,79,67,89,92,97,110,83,96,108,1020
Wronki,POLREGIO Spółka Akcyjna,88,46,71,66,47,77,53,41,65,57,80,81,772
Wronki ,,191,111,151,160,140,209,167,158,187,165,201,217,2057
Tarnowskie Góry,Koleje Śląskie Spółka z o.o.,58,32,44,37,52,39,18,14,37,32,46,43,452
Tarnowskie Góry,PKP INTERCITY Spółka Akcyjna ,,1,,,,,,,,,,,1
Tarnowskie Góry,POLREGIO Spółka Akcyjna,23,0,3,3,5,9,9,13,3,5,13,6,92
Tarnowskie Góry ,,81,33,47,40,57,48,27,27,40,37,59,49,545
Nowy Tomyśl,Koleje Wielkopolskie Sp. z o.o.,86,36,47,34,53,67,56,71,69,48,63,95,725
Nowy Tomyśl,PKP INTERCITY Spółka Akcyjna ,59,39,54,80,72,89,90,93,92,71,68,107,914
Nowy Tomyśl,POLREGIO Spółka Akcyjna,73,44,75,48,60,83,45,83,81,68,75,65,800
Nowy Tomyśl ,,218,119,176,162,185,239,191,247,242,187,206,267,2439
Miłkowice,Koleje Dolnośląskie S.A.,209,100,100,82,112,97,160,94,263,192,157,156,1722
Miłkowice ,,209,100,100,82,112,97,160,94,263,192,157,156,1722
Chojnów,Koleje Dolnośląskie S.A.,221,100,105,93,129,102,179,95,261,204,148,171,1808
Chojnów,PKP INTERCITY Spółka Akcyjna ,10,3,7,3,7,6,4,11,14,14,7,18,104
Chojnów ,,231,103,112,96,136,108,183,106,275,218,155,189,1912
Przemyśl Zasanie,PKP INTERCITY Spółka Akcyjna ,165,75,102,90,136,120,147,131,125,145,142,196,1574
Przemyśl Zasanie,POLREGIO Spółka Akcyjna,107,44,73,63,55,62,89,66,40,67,60,59,785
Przemyśl Zasanie ,,272,119,175,153,191,182,236,197,165,212,202,255,2359
Teresin Niepokalanów,Koleje Mazowieckie - KM Spółka z o.o.,173,87,101,145,127,148,275,213,197,196,204,151,2017
Teresin Niepokalanów ,,173,87,101,145,127,148,275,213,197,196,204,151,2017
Żukowo Wschodnie,CARGO Master Spółka z o.o.,,,,0,,,,,,,,,0
Żukowo Wschodnie,POLREGIO Spółka Akcyjna,66,42,43,37,48,55,94,110,66,67,59,98,785
Żukowo Wschodnie ,,66,42,43,37,48,55,94,110,66,67,59,98,785
Rębiechowo,POLREGIO Spółka Akcyjna,77,45,52,35,58,64,113,115,82,73,70,117,901
Rębiechowo ,,77,45,52,35,58,64,113,115,82,73,70,117,901
Celestynów,Koleje Mazowieckie - KM Spółka z o.o.,157,110,125,106,116,174,212,132,126,121,130,115,1624
Celestynów ,,157,110,125,106,116,174,212,132,126,121,130,115,1624
Pępowo Kartuskie,POLREGIO Spółka Akcyjna,77,46,52,35,58,65,111,116,82,73,69,118,902
Pępowo Kartuskie ,,77,46,52,35,58,65,111,116,82,73,69,118,902
Żukowo,POLREGIO Spółka Akcyjna,64,46,44,38,52,54,96,114,66,60,55,96,785
Żukowo ,,64,46,44,38,52,54,96,114,66,60,55,96,785
Borkowo,POLREGIO Spółka Akcyjna,64,46,45,38,51,54,93,115,66,60,54,95,781
Borkowo ,,64,46,45,38,51,54,93,115,66,60,54,95,781
Stara Wieś,Koleje Mazowieckie - KM Spółka z o.o.,159,113,128,115,126,184,222,136,130,135,140,117,1705
Stara Wieś ,,159,113,128,115,126,184,222,136,130,135,140,117,1705
Pogorzel Warszawska,Koleje Mazowieckie - KM Spółka z o.o.,167,122,133,126,136,190,228,144,136,140,143,125,1790
Pogorzel Warszawska ,,167,122,133,126,136,190,228,144,136,140,143,125,1790
Otwock Śródborów,Koleje Mazowieckie - KM Spółka z o.o.,170,117,131,122,129,186,222,142,134,137,140,122,1752
Otwock Śródborów ,,170,117,131,122,129,186,222,142,134,137,140,122,1752
Łódź Retkinia,Koleje Wielkopolskie Sp. z o.o.,5,3,1,1,5,4,9,10,8,6,6,2,60
Łódź Retkinia,Łódzka Kolej Aglomeracyjna Sp. z o.o.,19,12,16,15,12,15,25,34,30,25,45,25,273
Łódź Retkinia,PKP INTERCITY Spółka Akcyjna ,44,26,42,24,16,47,66,74,56,48,57,19,519
Łódź Retkinia,POLREGIO Spółka Akcyjna,37,14,27,31,33,40,45,68,48,51,48,34,476
Łódź Retkinia ,,105,55,86,71,66,106,145,186,142,130,156,80,1328
Rybnik Towarowy,Koleje Śląskie Spółka z o.o.,150,86,74,87,75,94,158,153,102,147,220,119,1465
Rybnik Towarowy ,,150,86,74,87,75,94,158,153,102,147,220,119,1465
Słupca,Koleje Wielkopolskie Sp. z o.o.,110,77,77,102,103,139,112,79,110,167,137,102,1315
Słupca,PKP INTERCITY Spółka Akcyjna ,112,92,102,146,118,142,126,165,175,146,148,142,1614
Słupca ,,222,169,179,248,221,281,238,244,285,313,285,244,2929
Łazy,Koleje Śląskie Spółka z o.o.,156,95,111,126,219,177,129,92,147,131,202,234,1819
Łazy ,,156,95,111,126,219,177,129,92,147,131,202,234,1819
Puławy Miasto,PKP INTERCITY Spółka Akcyjna ,247,140,144,164,188,201,252,255,223,191,215,235,2455
Puławy Miasto,POLREGIO Spółka Akcyjna,30,15,15,15,11,22,35,49,37,21,30,23,303
Puławy Miasto ,,277,155,159,179,199,223,287,304,260,212,245,258,2758
Nałęczów,PKP INTERCITY Spółka Akcyjna ,245,138,136,150,185,190,244,239,216,194,209,233,2379
Nałęczów,POLREGIO Spółka Akcyjna,32,25,18,13,12,26,37,42,41,24,33,25,328
Nałęczów ,,277,163,154,163,197,216,281,281,257,218,242,258,2707
Lublin Zachodni,PKP INTERCITY Spółka Akcyjna ,242,132,133,143,182,184,246,246,224,198,205,229,2364
Lublin Zachodni,POLREGIO Spółka Akcyjna,29,13,21,14,8,19,28,40,34,21,34,23,284
Lublin Zachodni ,,271,145,154,157,190,203,274,286,258,219,239,252,2648
Sędzisław,Koleje Dolnośląskie S.A.,159,69,68,88,83,76,119,86,162,246,179,131,1466
Sędzisław,PKP INTERCITY Spółka Akcyjna ,80,36,42,40,42,64,81,66,73,112,76,73,785
Sędzisław,POLREGIO Spółka Akcyjna,16,11,5,8,8,7,7,2,13,18,17,13,125
Sędzisław ,,255,116,115,136,133,147,207,154,248,376,272,217,2376
Szczecinek,CARGO Master Spółka z o.o.,,,,,1,,,,,,,,1
Szczecinek,PKP INTERCITY Spółka Akcyjna ,161,78,162,187,105,166,228,219,33,25,26,265,1655
Szczecinek,POLREGIO Spółka Akcyjna,190,82,177,147,136,184,215,212,66,64,75,246,1794
Szczecinek ,,351,160,339,334,242,350,443,431,99,89,101,511,3450
Aleksandrów Kujawski,CARGO Master Spółka z o.o.,,,2,,,,,,,,,,2
Aleksandrów Kujawski,PKP INTERCITY Spółka Akcyjna ,214,124,120,113,126,145,263,321,171,134,141,142,2014
Aleksandrów Kujawski,POLREGIO Spółka Akcyjna,92,42,37,41,36,62,99,86,70,76,69,52,762
Aleksandrów Kujawski ,,306,166,159,154,162,207,362,407,241,210,210,194,2778
Włocławek,PKP INTERCITY Spółka Akcyjna ,198,116,133,119,127,153,268,337,195,143,152,154,2095
Włocławek,POLREGIO Spółka Akcyjna,62,37,43,38,33,45,93,91,66,68,61,48,685
Włocławek ,,260,153,176,157,160,198,361,428,261,211,213,202,2780
Wałbrzych Miasto,Koleje Dolnośląskie S.A.,210,108,119,145,142,121,152,123,214,312,236,173,2055
Wałbrzych Miasto,PKP INTERCITY Spółka Akcyjna ,106,48,47,60,41,72,99,89,100,118,92,74,946
Wałbrzych Miasto,POLREGIO Spółka Akcyjna,14,14,9,8,8,16,16,9,18,26,19,17,174
Wałbrzych Miasto ,,330,170,175,213,191,209,267,221,332,456,347,264,3175
Kąty Wrocławskie,Koleje Dolnośląskie S.A.,244,105,126,168,141,144,190,143,218,299,247,245,2270
Kąty Wrocławskie,POLREGIO Spółka Akcyjna,18,12,8,6,8,14,10,4,9,12,15,14,130
Kąty Wrocławskie ,,262,117,134,174,149,158,200,147,227,311,262,259,2400
Wrocław Grabiszyn,Koleje Dolnośląskie S.A.,237,91,111,147,130,130,174,129,229,266,251,222,2117
Wrocław Grabiszyn,POLREGIO Spółka Akcyjna,18,11,7,5,7,13,10,6,7,11,12,13,120
Wrocław Grabiszyn ,,255,102,118,152,137,143,184,135,236,277,263,235,2237
Opole Groszowice,POLREGIO Spółka Akcyjna,294,122,147,139,148,169,196,185,252,277,355,231,2515
Opole Groszowice ,,294,122,147,139,148,169,196,185,252,277,355,231,2515
Opole Zachodnie,POLREGIO Spółka Akcyjna,288,126,178,178,203,184,235,217,325,302,360,229,2825
Opole Zachodnie ,,288,126,178,178,203,184,235,217,325,302,360,229,2825
Podłęże,Koleje Małopolskie Sp. z o.o.,135,35,47,42,55,35,42,42,41,86,40,35,635
Podłęże,POLREGIO Spółka Akcyjna,111,79,60,54,74,49,59,62,70,97,74,71,860
Podłęże ,,246,114,107,96,129,84,101,104,111,183,114,106,1495
Wałbrzych Główny,CARGO Master Spółka z o.o.,,,,0,,,,,,,,,0
Wałbrzych Główny,Koleje Dolnośląskie S.A.,211,106,132,142,156,138,171,135,220,333,274,193,2211
Wałbrzych Główny,LEO Express Global a.s.,,,0,,,,,,,,,,0
Wałbrzych Główny,PKP INTERCITY Spółka Akcyjna ,91,48,48,54,48,75,99,90,88,120,96,79,936
Wałbrzych Główny,POLREGIO Spółka Akcyjna,15,12,8,8,8,17,17,9,18,28,22,21,183
Wałbrzych Główny ,,317,166,188,204,212,230,287,234,326,481,392,293,3330
Jabłonowo Pomorskie,Arriva RP Sp. z o.o.,15,13,14,14,19,14,36,22,15,15,29,22,228
Jabłonowo Pomorskie,CARGO Master Spółka z o.o.,0,,,,,,,,,,,,0
Jabłonowo Pomorskie,PKP INTERCITY Spółka Akcyjna ,60,24,22,22,27,60,91,70,60,44,52,47,579
Jabłonowo Pomorskie,POLREGIO Spółka Akcyjna,80,33,29,33,48,49,46,62,36,41,63,51,571
Jabłonowo Pomorskie ,,155,70,65,69,94,123,173,154,111,100,144,120,1378
Toruń Kluczyki,CARGO Master Spółka z o.o.,,,0,,,,,,,,,,0
Toruń Kluczyki,POLREGIO Spółka Akcyjna,188,93,93,80,90,116,160,180,145,172,158,112,1587
Toruń Kluczyki ,,188,93,93,80,90,116,160,180,145,172,158,112,1587
Kłodzko Główne,Koleje Dolnośląskie S.A.,247,118,172,150,188,161,339,300,46,219,486,465,2891
Kłodzko Główne,LEO Express Global a.s.,,,0,,,,,,,,,,0
Kłodzko Główne,PKP INTERCITY Spółka Akcyjna ,28,24,31,23,17,20,75,31,16,47,70,63,445
Kłodzko Główne,POLREGIO Spółka Akcyjna,9,2,6,1,0,2,4,6,8,6,12,15,71
Kłodzko Główne ,,284,144,209,174,205,183,418,337,70,272,568,543,3407
Kobiór,Koleje Śląskie Spółka z o.o.,433,196,264,255,212,379,333,241,270,371,398,334,3686
Kobiór ,,433,196,264,255,212,379,333,241,270,371,398,334,3686
Piasek,Koleje Śląskie Spółka z o.o.,492,245,305,317,276,445,414,291,334,485,489,432,4525
Piasek ,,492,245,305,317,276,445,414,291,334,485,489,432,4525
Poznań Starołęka,CARGO Master Spółka z o.o.,,,,,0,,,,,,,,0
Poznań Starołęka,Koleje Wielkopolskie Sp. z o.o.,39,15,29,63,49,71,63,61,57,50,72,63,632
Poznań Starołęka,Łódzka Kolej Aglomeracyjna Sp. z o.o.,0,1,1,4,0,0,2,2,0,0,1,4,15
Poznań Starołęka,PKP INTERCITY Spółka Akcyjna ,,3,,0,,,,,0,,3,,6
Poznań Starołęka,POLREGIO Spółka Akcyjna,25,16,13,31,26,31,37,56,43,38,50,36,402
Poznań Starołęka,RAILPOLONIA Sp. z o.o. (przewozy pasażerskie),,,,,,,,,,,,2,2
Poznań Starołęka ,,64,35,43,98,75,102,102,119,100,88,126,105,1057
Poznań Dębina,CARGO Master Spółka z o.o.,,,,,0,,,,,,,,0
Poznań Dębina,Koleje Wielkopolskie Sp. z o.o.,34,20,33,61,49,75,62,62,61,52,71,65,645
Poznań Dębina,Łódzka Kolej Aglomeracyjna Sp. z o.o.,0,1,1,4,0,0,2,2,1,0,1,4,16
Poznań Dębina,POLREGIO Spółka Akcyjna,26,16,12,31,26,35,37,56,43,39,49,37,407
Poznań Dębina ,,60,37,46,96,75,110,101,120,105,91,121,106,1068
Rudna Miasto,Koleje Dolnośląskie S.A.,445,216,193,205,334,173,212,105,245,225,320,238,2911
Rudna Miasto,POLREGIO Spółka Akcyjna,,,34,55,75,62,55,41,69,44,72,28,535
Rudna Miasto ,,445,216,227,260,409,235,267,146,314,269,392,266,3446
Tarnów Mościce,Koleje Małopolskie Sp. z o.o.,130,55,58,48,55,32,54,41,60,72,79,52,736
Tarnów Mościce,POLREGIO Spółka Akcyjna,130,76,68,44,65,58,63,62,81,86,77,78,888
Tarnów Mościce ,,260,131,126,92,120,90,117,103,141,158,156,130,1624
Staniątki,Koleje Małopolskie Sp. z o.o.,146,45,63,47,62,38,48,49,59,95,58,45,755
Staniątki,POLREGIO Spółka Akcyjna,118,79,68,59,77,49,61,68,78,106,77,67,907
Staniątki ,,264,124,131,106,139,87,109,117,137,201,135,112,1662
Kłaj,Koleje Małopolskie Sp. z o.o.,146,47,63,43,60,35,48,49,57,88,56,44,736
Kłaj,POLREGIO Spółka Akcyjna,116,78,71,55,72,46,60,65,79,103,80,68,893
Kłaj ,,262,125,134,98,132,81,108,114,136,191,136,112,1629
Kotuń,Koleje Mazowieckie - KM Spółka z o.o.,139,95,101,148,218,232,248,330,255,429,370,167,2732
Kotuń,PKP INTERCITY Spółka Akcyjna ,,,,,,,,,0,,,,0
Kotuń ,,139,95,101,148,218,232,248,330,255,429,370,167,2732
Warszawa Główna,Koleje Mazowieckie - KM Spółka z o.o.,67,25,34,30,46,11,3,,,,,7,223
Warszawa Główna,Łódzka Kolej Aglomeracyjna Sp. z o.o.,14,6,9,8,8,0,0,1,,,,,46
Warszawa Główna,PKP INTERCITY Spółka Akcyjna ,10,4,3,3,6,0,,,,,,,26
Warszawa Główna,POLREGIO Spółka Akcyjna,40,18,19,13,25,8,,,,,,0,123
Warszawa Główna,Szybka Kolej Miejska Sp. z o.o.,38,12,16,10,31,31,33,28,29,32,13,17,290
Warszawa Główna ,,169,65,81,64,116,50,36,29,29,32,13,24,708
Szczecin Zdunowo,POLREGIO Spółka Akcyjna,214,90,177,94,118,160,114,139,172,176,147,183,1784
Szczecin Zdunowo ,,214,90,177,94,118,160,114,139,172,176,147,183,1784
Witanów,Koleje Mazowieckie - KM Spółka z o.o.,178,82,112,153,126,142,271,217,193,207,205,153,2039
Witanów ,,178,82,112,153,126,142,271,217,193,207,205,153,2039
Boża Wola,Koleje Mazowieckie - KM Spółka z o.o.,181,85,111,157,127,143,274,215,203,208,203,156,2063
Boża Wola ,,181,85,111,157,127,143,274,215,203,208,203,156,2063
Piasecznica,Koleje Mazowieckie - KM Spółka z o.o.,170,89,99,148,128,136,253,198,194,201,192,136,1944
Piasecznica ,,170,89,99,148,128,136,253,198,194,201,192,136,1944
Seroki,Koleje Mazowieckie - KM Spółka z o.o.,178,84,110,153,126,144,276,213,197,202,204,155,2042
Seroki ,,178,84,110,153,126,144,276,213,197,202,204,155,2042
Grębocice,Koleje Dolnośląskie S.A.,474,233,207,216,351,171,181,92,185,202,273,212,2797
Grębocice,POLREGIO Spółka Akcyjna,,,37,62,65,58,52,40,66,41,58,20,499
Grębocice ,,474,233,244,278,416,229,233,132,251,243,331,232,3296
Czempiń,Koleje Wielkopolskie Sp. z o.o.,30,60,28,20,27,51,35,34,36,55,36,57,469
Czempiń,POLREGIO Spółka Akcyjna,77,67,39,27,48,64,74,78,92,81,86,100,833
Czempiń ,,107,127,67,47,75,115,109,112,128,136,122,157,1302
Mosina,Koleje Wielkopolskie Sp. z o.o.,30,58,28,26,29,41,35,35,37,45,38,51,453
Mosina,POLREGIO Spółka Akcyjna,70,67,34,25,45,62,72,74,87,77,86,88,787
Mosina ,,100,125,62,51,74,103,107,109,124,122,124,139,1240
Wieliszew,CARGO Master Spółka z o.o.,,,,,0,,,,,,,,0
Wieliszew,Koleje Mazowieckie - KM Spółka z o.o.,39,26,10,7,10,17,,,,4,4,11,128
Wieliszew,PKP INTERCITY Spółka Akcyjna ,,,0,,,,,,,,,,0
Wieliszew,Szybka Kolej Miejska Sp. z o.o.,102,63,51,49,48,75,87,60,64,50,52,73,774
Wieliszew ,,141,89,61,56,58,92,87,60,64,54,56,84,902
Michałów-Reginów,Koleje Mazowieckie - KM Spółka z o.o.,42,26,11,7,12,20,,,,4,5,10,137
Michałów-Reginów,Szybka Kolej Miejska Sp. z o.o.,108,68,50,50,54,80,92,64,66,59,55,77,823
Michałów-Reginów ,,150,94,61,57,66,100,92,64,66,63,60,87,960
Mińsk Mazowiecki Anielina,Koleje Mazowieckie - KM Spółka z o.o.,131,94,88,140,207,218,247,305,213,402,369,149,2563
Mińsk Mazowiecki Anielina ,,131,94,88,140,207,218,247,305,213,402,369,149,2563
Zielona Góra Przylep,PKP INTERCITY Spółka Akcyjna ,,,,,,,,,1,,,,1
Zielona Góra Przylep,POLREGIO Spółka Akcyjna,327,271,243,246,296,221,268,269,303,340,307,402,3493
Zielona Góra Przylep ,,327,271,243,246,296,221,268,269,304,340,307,402,3494
Lipce Reymontowskie,Łódzka Kolej Aglomeracyjna Sp. z o.o.,56,29,39,34,47,45,76,61,43,60,52,74,616
Lipce Reymontowskie,POLREGIO Spółka Akcyjna,40,17,29,18,32,30,47,35,32,39,53,44,416
Lipce Reymontowskie ,,96,46,68,52,79,75,123,96,75,99,105,118,1032
Kraków Złocień,Koleje Małopolskie Sp. z o.o.,126,32,47,44,49,29,43,43,37,80,42,38,610
Kraków Złocień,POLREGIO Spółka Akcyjna,111,74,53,55,73,54,51,61,70,93,73,60,828
Kraków Złocień ,,237,106,100,99,122,83,94,104,107,173,115,98,1438
Janówek,Koleje Mazowieckie - KM Spółka z o.o.,197,86,88,71,96,118,114,137,90,83,86,107,1273
Janówek ,,197,86,88,71,96,118,114,137,90,83,86,107,1273
Studzianki Nowe,Koleje Mazowieckie - KM Spółka z o.o.,195,94,99,88,105,130,119,152,109,86,102,107,1386
Studzianki Nowe ,,195,94,99,88,105,130,119,152,109,86,102,107,1386
Brody Warszawskie,Koleje Mazowieckie - KM Spółka z o.o.,198,98,101,88,107,133,122,151,109,89,101,109,1406
Brody Warszawskie ,,198,98,101,88,107,133,122,151,109,89,101,109,1406
Czyżew,Koleje Mazowieckie - KM Spółka z o.o.,21,4,4,2,7,5,14,5,10,11,8,6,97
Czyżew,PKP INTERCITY Spółka Akcyjna ,137,62,97,56,76,117,147,110,84,74,86,83,1129
Czyżew,POLREGIO Spółka Akcyjna,44,24,33,9,15,21,24,15,17,9,6,4,221
Czyżew ,,202,90,134,67,98,143,185,130,111,94,100,93,1447
Wrocław Leśnica,CARGO Master Spółka z o.o.,,,0,,,,,,,,,,0
Wrocław Leśnica,Koleje Dolnośląskie S.A.,288,131,162,121,148,119,205,128,266,220,174,165,2127
Wrocław Leśnica,PKP INTERCITY Spółka Akcyjna ,30,12,26,20,27,23,18,24,26,32,29,9,276
Wrocław Leśnica ,,318,143,188,141,175,142,223,152,292,252,203,174,2403
Czachówek Południowy,Koleje Mazowieckie - KM Spółka z o.o.,205,111,133,111,160,136,213,174,148,119,124,100,1734
Czachówek Południowy,PKP INTERCITY Spółka Akcyjna ,,,0,,,,,,,,,,0
Czachówek Południowy ,,205,111,133,111,160,136,213,174,148,119,124,100,1734
Radymno,PKP INTERCITY Spółka Akcyjna ,114,54,65,63,87,83,113,107,87,81,95,126,1075
Radymno,POLREGIO Spółka Akcyjna,107,34,65,58,50,45,90,54,36,56,50,59,704
Radymno ,,221,88,130,121,137,128,203,161,123,137,145,185,1779
Oborniki Wielkopolskie Miasto,Koleje Wielkopolskie Sp. z o.o.,78,32,132,21,35,59,66,56,48,40,31,57,655
Oborniki Wielkopolskie Miasto,PKP INTERCITY Spółka Akcyjna ,107,41,96,75,75,121,153,143,25,16,26,136,1014
Oborniki Wielkopolskie Miasto,POLREGIO Spółka Akcyjna,74,38,59,29,41,65,63,62,54,61,57,72,675
Oborniki Wielkopolskie Miasto ,,259,111,287,125,151,245,282,261,127,117,114,265,2344
Puszczykówko,Koleje Wielkopolskie Sp. z o.o.,40,59,31,27,29,52,41,39,39,56,44,69,526
Puszczykówko,POLREGIO Spółka Akcyjna,73,80,46,29,52,67,80,84,88,88,100,99,886
Puszczykówko ,,113,139,77,56,81,119,121,123,127,144,144,168,1412
Chynów,Koleje Mazowieckie - KM Spółka z o.o.,210,110,171,119,163,132,212,178,144,118,118,94,1769
Chynów ,,210,110,171,119,163,132,212,178,144,118,118,94,1769
Iłowiec,Koleje Wielkopolskie Sp. z o.o.,40,64,44,35,34,60,39,39,50,61,47,63,576
Iłowiec,POLREGIO Spółka Akcyjna,80,82,50,38,53,69,82,89,101,93,100,116,953
Iłowiec ,,120,146,94,73,87,129,121,128,151,154,147,179,1529
Drużyna Poznańska,Koleje Wielkopolskie Sp. z o.o.,40,65,42,35,35,59,40,39,49,60,47,59,570
Drużyna Poznańska,POLREGIO Spółka Akcyjna,79,80,48,35,53,68,83,88,101,92,101,117,945
Drużyna Poznańska ,,119,145,90,70,88,127,123,127,150,152,148,176,1515
Puszczykowo,Koleje Wielkopolskie Sp. z o.o.,40,59,34,30,28,50,47,41,43,55,45,68,540
Puszczykowo,POLREGIO Spółka Akcyjna,70,80,46,30,53,68,85,88,89,91,102,100,902
Puszczykowo ,,110,139,80,60,81,118,132,129,132,146,147,168,1442
Kołobrzeg,CARGO TRAIN Sp. z o.o.,,,,,,,0,,,,,,0
Kołobrzeg,PKP INTERCITY Spółka Akcyjna ,75,25,33,39,47,146,206,235,22,12,21,145,1006
Kołobrzeg,POLREGIO Spółka Akcyjna,98,32,65,42,92,149,164,154,56,40,76,180,1148
Kołobrzeg ,,173,57,98,81,139,295,370,389,78,52,97,325,2154
Lublin Północny,POLREGIO Spółka Akcyjna,112,51,53,54,58,68,128,139,100,80,112,110,1065
Lublin Północny ,,112,51,53,54,58,68,128,139,100,80,112,110,1065
Wolsztyn,CARGO Master Spółka z o.o.,,,,,2,,,,,,,,2
Wolsztyn,Koleje Wielkopolskie Sp. z o.o.,27,27,25,23,28,44,43,22,26,20,30,50,365
Wolsztyn,Parowozownia Wolsztyn,,,2,0,3,0,,0,,,0,2,7
Wolsztyn,POLREGIO Spółka Akcyjna,,,,,1,,,,,,,,1
Wolsztyn ,,27,27,27,23,34,44,43,22,26,20,30,52,375
Kozłów,Koleje Małopolskie Sp. z o.o.,69,13,17,18,18,16,33,135,21,15,25,26,406
Kozłów,POLREGIO Spółka Akcyjna,141,58,71,67,75,96,103,143,106,93,132,94,1179
Kozłów ,,210,71,88,85,93,112,136,278,127,108,157,120,1585
Tunel,Koleje Małopolskie Sp. z o.o.,77,15,17,21,21,19,33,138,26,14,27,26,434
Tunel,PKP INTERCITY Spółka Akcyjna ,,,,,,,,,,,1,,1
Tunel,POLREGIO Spółka Akcyjna,149,62,74,69,76,97,102,151,107,95,135,94,1211
Tunel ,,226,77,91,90,97,116,135,289,133,109,163,120,1646
Pobiedziska,Koleje Wielkopolskie Sp. z o.o.,54,39,27,36,29,78,57,53,43,84,91,49,640
Pobiedziska,PKP INTERCITY Spółka Akcyjna ,,,,1,,,,,,,,,1
Pobiedziska,POLREGIO Spółka Akcyjna,77,50,30,39,44,51,54,41,62,72,68,33,621
Pobiedziska ,,131,89,57,76,73,129,111,94,105,156,159,82,1262
Kobylnica,Koleje Wielkopolskie Sp. z o.o.,57,29,32,31,28,78,64,60,38,81,103,50,651
Kobylnica,POLREGIO Spółka Akcyjna,74,38,24,32,38,59,51,43,55,64,70,29,577
Kobylnica ,,131,67,56,63,66,137,115,103,93,145,173,79,1228
Biskupice Wielkopolskie,Koleje Wielkopolskie Sp. z o.o.,61,39,33,34,31,80,64,75,42,85,101,49,694
Biskupice Wielkopolskie,POLREGIO Spółka Akcyjna,74,48,26,36,43,64,54,50,59,68,71,32,625
Biskupice Wielkopolskie ,,135,87,59,70,74,144,118,125,101,153,172,81,1319
Kłodzko Miasto,Koleje Dolnośląskie S.A.,217,97,142,134,161,149,317,299,39,184,397,380,2516
Kłodzko Miasto,PKP INTERCITY Spółka Akcyjna ,15,12,21,15,12,13,46,23,7,24,51,79,318
Kłodzko Miasto,POLREGIO Spółka Akcyjna,5,2,5,1,0,1,3,4,4,6,8,13,52
Kłodzko Miasto ,,237,111,168,150,173,163,366,326,50,214,456,472,2886
Pobiedziska Letnisko,Koleje Wielkopolskie Sp. z o.o.,59,42,32,37,36,82,68,63,44,87,104,50,704
Pobiedziska Letnisko,POLREGIO Spółka Akcyjna,78,51,27,37,45,64,56,44,61,72,74,33,642
Pobiedziska Letnisko ,,137,93,59,74,81,146,124,107,105,159,178,83,1346
Promno,Koleje Wielkopolskie Sp. z o.o.,58,37,32,36,35,80,64,70,44,87,103,48,694
Promno,POLREGIO Spółka Akcyjna,77,48,27,37,45,65,56,48,61,71,74,33,642
Promno ,,135,85,59,73,80,145,120,118,105,158,177,81,1336
Ligowiec,Koleje Wielkopolskie Sp. z o.o.,58,33,31,29,29,83,64,56,43,84,108,58,676
Ligowiec,POLREGIO Spółka Akcyjna,81,40,26,36,39,61,49,43,61,67,77,35,615
Ligowiec ,,139,73,57,65,68,144,113,99,104,151,185,93,1291
Nowa Sól,Koleje Dolnośląskie S.A.,99,53,70,53,90,61,50,33,77,75,88,117,866
Nowa Sól,PKP INTERCITY Spółka Akcyjna ,127,87,99,80,102,83,72,84,82,81,84,86,1067
Nowa Sól,POLREGIO Spółka Akcyjna,178,100,111,110,115,111,98,96,137,101,113,59,1329
Nowa Sól ,,404,240,280,243,307,255,220,213,296,257,285,262,3262
Rudna Gwizdanów,Koleje Dolnośląskie S.A.,427,201,184,189,317,158,200,95,205,206,294,203,2679
Rudna Gwizdanów,POLREGIO Spółka Akcyjna,,,34,56,74,61,54,42,66,42,69,25,523
Rudna Gwizdanów ,,427,201,218,245,391,219,254,137,271,248,363,228,3202
Barcząca,Koleje Mazowieckie - KM Spółka z o.o.,117,78,82,131,186,207,228,284,202,396,353,135,2399
Barcząca ,,117,78,82,131,186,207,228,284,202,396,353,135,2399
Mienia,Koleje Mazowieckie - KM Spółka z o.o.,121,83,86,131,180,200,226,274,199,391,346,136,2373
Mienia ,,121,83,86,131,180,200,226,274,199,391,346,136,2373
Radom Gołębiów,Koleje Mazowieckie - KM Spółka z o.o.,152,91,159,121,152,127,199,205,158,102,96,77,1639
Radom Gołębiów,PKP INTERCITY Spółka Akcyjna ,19,7,12,13,23,25,40,45,27,20,21,9,261
Radom Gołębiów ,,171,98,171,134,175,152,239,250,185,122,117,86,1900
Długołęka,Koleje Dolnośląskie S.A.,48,33,19,33,32,31,68,61,59,47,71,50,552
Długołęka,POLREGIO Spółka Akcyjna,120,56,79,79,73,47,90,55,96,75,78,118,966
Długołęka ,,168,89,98,112,105,78,158,116,155,122,149,168,1518
Świebodzice,Koleje Dolnośląskie S.A.,205,104,108,124,107,118,146,128,211,286,217,168,1922
Świebodzice,PKP INTERCITY Spółka Akcyjna ,99,44,42,55,48,73,88,85,92,103,78,84,891
Świebodzice,POLREGIO Spółka Akcyjna,15,13,8,8,9,15,16,8,13,16,16,17,154
Świebodzice ,,319,161,158,187,164,206,250,221,316,405,311,269,2967
Goerlitz,Koleje Dolnośląskie S.A.,99,28,56,54,76,53,95,86,117,210,228,102,1204
Goerlitz,POLREGIO Spółka Akcyjna,17,16,10,14,10,37,23,51,144,115,121,87,645
Goerlitz ,,116,44,66,68,86,90,118,137,261,325,349,189,1849
Leszczyny,Koleje Śląskie Spółka z o.o.,105,64,63,70,78,107,209,230,154,145,233,107,1565
Leszczyny ,,105,64,63,70,78,107,209,230,154,145,233,107,1565
Sucha Żyrardowska,Koleje Mazowieckie - KM Spółka z o.o.,129,56,72,60,101,85,112,74,61,87,94,60,991
Sucha Żyrardowska ,,129,56,72,60,101,85,112,74,61,87,94,60,991
Radziwiłłów Mazowiecki,Koleje Mazowieckie - KM Spółka z o.o.,131,51,74,58,99,83,110,76,61,88,92,63,986
Radziwiłłów Mazowiecki ,,131,51,74,58,99,83,110,76,61,88,92,63,986
Jesionka,Koleje Mazowieckie - KM Spółka z o.o.,129,56,71,60,100,86,113,75,60,87,91,60,988
Jesionka ,,129,56,71,60,100,86,113,75,60,87,91,60,988
Ozorków,Łódzka Kolej Aglomeracyjna Sp. z o.o.,24,27,31,27,20,23,53,72,46,37,59,43,462
Ozorków,PKP INTERCITY Spółka Akcyjna ,75,44,56,54,52,73,132,166,100,61,95,78,986
Ozorków,POLREGIO Spółka Akcyjna,6,8,9,6,4,9,14,20,14,7,15,10,122
Ozorków ,,105,79,96,87,76,105,199,258,160,105,169,131,1570
Gdynia Karwiny,POLREGIO Spółka Akcyjna,46,15,37,19,25,47,65,47,68,41,25,52,487
Gdynia Karwiny ,,46,15,37,19,25,47,65,47,68,41,25,52,487
Gdańsk Osowa,POLREGIO Spółka Akcyjna,43,15,34,16,27,39,56,45,61,40,23,50,449
Gdańsk Osowa ,,43,15,34,16,27,39,56,45,61,40,23,50,449
Gdynia Stadion,POLREGIO Spółka Akcyjna,48,14,39,19,26,48,67,49,73,42,29,54,508
Gdynia Stadion ,,48,14,39,19,26,48,67,49,73,42,29,54,508
Rejowiec,PKP INTERCITY Spółka Akcyjna ,35,20,17,15,18,20,35,20,39,43,43,50,355
Rejowiec,POLREGIO Spółka Akcyjna,69,35,40,38,44,58,88,102,80,68,90,102,814
Rejowiec ,,104,55,57,53,62,78,123,122,119,111,133,152,1169
Bydgoszcz Bielawy,Arriva RP Sp. z o.o.,26,9,9,21,22,25,25,21,25,13,17,17,230
Bydgoszcz Bielawy,POLREGIO Spółka Akcyjna,114,65,46,42,58,73,91,133,95,107,134,82,1040
Bydgoszcz Bielawy ,,140,74,55,63,80,98,116,154,120,120,151,99,1270
Sławno,PKP INTERCITY Spółka Akcyjna ,259,124,110,118,151,330,391,410,98,107,129,221,2448
Sławno,POLREGIO Spółka Akcyjna,91,45,27,39,40,123,113,155,29,40,66,54,822
Sławno ,,350,169,137,157,191,453,504,565,127,147,195,275,3270
Oborzyska Stare,Koleje Wielkopolskie Sp. z o.o.,41,68,37,27,35,44,45,37,48,69,44,61,556
Oborzyska Stare,POLREGIO Spółka Akcyjna,87,77,49,31,54,74,92,94,97,103,104,115,977
Oborzyska Stare ,,128,145,86,58,89,118,137,131,145,172,148,176,1533
Maksymilianowo,Arriva RP Sp. z o.o.,78,37,45,51,37,83,106,67,105,45,84,89,827
Maksymilianowo,CARGO Master Spółka z o.o.,,,0,1,,,,,,,,,1
Maksymilianowo,POLREGIO Spółka Akcyjna,47,24,25,20,20,32,42,45,35,36,41,36,403
Maksymilianowo ,,125,61,70,72,57,115,148,112,140,81,125,125,1231
Pabianice Północne,Koleje Wielkopolskie Sp. z o.o.,8,4,2,2,6,4,10,11,8,6,7,2,70
Pabianice Północne,Łódzka Kolej Aglomeracyjna Sp. z o.o.,19,12,17,13,8,12,16,28,28,18,36,24,231
Pabianice Północne,POLREGIO Spółka Akcyjna,37,18,27,30,32,41,45,69,52,53,52,34,490
Pabianice Północne ,,64,34,46,45,46,57,71,108,88,77,95,60,791
Rynkowo Wiadukt,Arriva RP Sp. z o.o.,72,35,43,57,35,80,108,67,107,43,85,85,817
Rynkowo Wiadukt,POLREGIO Spółka Akcyjna,46,26,25,21,20,30,42,44,35,36,40,35,400
Rynkowo Wiadukt ,,118,61,68,78,55,110,150,111,142,79,125,120,1217
Świdnik Miasto,PKP INTERCITY Spółka Akcyjna ,86,52,34,29,43,36,56,43,58,70,66,81,654
Świdnik Miasto,POLREGIO Spółka Akcyjna,81,39,34,35,41,56,105,104,78,63,71,91,798
Świdnik Miasto ,,167,91,68,64,84,92,161,147,136,133,137,172,1452
Tomaszów Mazowiecki,Łódzka Kolej Aglomeracyjna Sp. z o.o.,35,20,21,36,26,25,56,45,28,26,34,32,384
Tomaszów Mazowiecki,PKP INTERCITY Spółka Akcyjna ,81,38,59,49,55,71,95,142,70,74,85,43,862
Tomaszów Mazowiecki,POLREGIO Spółka Akcyjna,1,0,1,1,0,2,2,2,4,3,4,10,30
Tomaszów Mazowiecki ,,117,58,81,86,81,98,153,189,102,103,123,85,1276
Malczyce,Koleje Dolnośląskie S.A.,268,122,143,122,139,126,185,106,267,218,165,154,2015
Malczyce ,,268,122,143,122,139,126,185,106,267,218,165,154,2015
Kliniska,POLREGIO Spółka Akcyjna,112,73,76,38,96,140,130,131,114,88,163,134,1295
Kliniska ,,112,73,76,38,96,140,130,131,114,88,163,134,1295
Miękinia,Koleje Dolnośląskie S.A.,276,136,165,129,154,124,207,130,265,237,183,166,2172
Miękinia ,,276,136,165,129,154,124,207,130,265,237,183,166,2172
Gąsocin,Koleje Mazowieckie - KM Spółka z o.o.,151,68,64,54,84,96,98,106,85,93,93,96,1088
Gąsocin ,,151,68,64,54,84,96,98,106,85,93,93,96,1088
Świercze,Koleje Mazowieckie - KM Spółka z o.o.,162,82,76,59,86,107,119,133,106,93,107,110,1240
Świercze ,,162,82,76,59,86,107,119,133,106,93,107,110,1240
Dobieszyn,Koleje Mazowieckie - KM Spółka z o.o.,176,107,168,124,152,137,215,191,157,130,117,91,1765
Dobieszyn ,,176,107,168,124,152,137,215,191,157,130,117,91,1765
Kraków Batowice,Koleje Małopolskie Sp. z o.o.,129,30,30,36,51,48,68,113,68,47,48,29,697
Kraków Batowice,POLREGIO Spółka Akcyjna,103,49,55,47,39,61,69,115,70,49,115,68,840
Kraków Batowice ,,232,79,85,83,90,109,137,228,138,96,163,97,1537
Nędza,Koleje Śląskie Spółka z o.o.,73,43,29,32,27,42,63,66,53,52,103,63,646
Nędza,POLREGIO Spółka Akcyjna,64,32,38,51,50,46,48,57,69,77,64,89,685
Nędza ,,137,75,67,83,77,88,111,123,122,129,167,152,1331
Racibórz Markowice,Koleje Śląskie Spółka z o.o.,76,45,33,34,29,43,63,70,57,58,106,70,684
Racibórz Markowice,POLREGIO Spółka Akcyjna,71,39,42,53,49,53,52,62,74,89,81,94,759
Racibórz Markowice ,,147,84,75,87,78,96,115,132,131,147,187,164,1443
Kamieniec Ząbkowicki,CARGO Master Spółka z o.o.,,,,0,,,,,,,,,0
Kamieniec Ząbkowicki,Koleje Dolnośląskie S.A.,214,98,126,129,155,152,302,283,96,129,497,402,2583
Kamieniec Ząbkowicki,PKP INTERCITY Spółka Akcyjna ,49,23,23,25,23,26,70,42,23,46,101,108,559
Kamieniec Ząbkowicki,POLREGIO Spółka Akcyjna,7,6,6,3,3,2,10,6,16,10,12,14,95
Kamieniec Ząbkowicki ,,270,127,155,157,181,180,382,331,135,185,610,524,3237
Gołotczyzna,Koleje Mazowieckie - KM Spółka z o.o.,165,77,67,60,81,95,114,104,103,86,86,111,1149
Gołotczyzna ,,165,77,67,60,81,95,114,104,103,86,86,111,1149
Łęczyca,Łódzka Kolej Aglomeracyjna Sp. z o.o.,29,31,33,36,29,33,56,81,47,44,63,43,525
Łęczyca,PKP INTERCITY Spółka Akcyjna ,83,48,60,52,53,81,136,181,113,67,95,80,1049
Łęczyca,POLREGIO Spółka Akcyjna,9,8,5,6,5,11,14,22,16,10,20,11,137
Łęczyca ,,121,87,98,94,87,125,206,284,176,121,178,134,1711
Wilkowice Bystra,Koleje Śląskie Spółka z o.o.,284,134,158,147,110,246,351,191,155,217,183,192,2368
Wilkowice Bystra,PKP INTERCITY Spółka Akcyjna ,,1,,,,,,,,,,,1
Wilkowice Bystra ,,284,135,158,147,110,246,351,191,155,217,183,192,2369
Bielsko-Biała Leszczyny,Koleje Śląskie Spółka z o.o.,283,128,151,153,109,240,346,208,160,219,183,195,2375
Bielsko-Biała Leszczyny,PKP INTERCITY Spółka Akcyjna ,,1,,,,,,,,,,,1
Bielsko-Biała Leszczyny ,,283,129,151,153,109,240,346,208,160,219,183,195,2376
Bielsko-Biała Lipnik,Koleje Śląskie Spółka z o.o.,271,132,142,152,112,243,355,218,155,218,185,195,2378
Bielsko-Biała Lipnik ,,271,132,142,152,112,243,355,218,155,218,185,195,2378
Szczecin Załom,POLREGIO Spółka Akcyjna,108,69,74,37,102,135,126,135,112,89,160,135,1282
Szczecin Załom ,,108,69,74,37,102,135,126,135,112,89,160,135,1282
Częstochowa Stradom,Koleje Śląskie Spółka z o.o.,25,8,10,6,9,8,16,18,27,23,29,30,209
Częstochowa Stradom,PKP INTERCITY Spółka Akcyjna ,165,72,130,104,154,137,180,199,239,207,225,209,2021
Częstochowa Stradom,POLREGIO Spółka Akcyjna,16,14,20,16,15,8,12,13,16,15,17,21,183
Częstochowa Stradom ,,206,94,160,126,178,153,208,230,282,245,271,260,2413
Poznań Krzesiny,Koleje Wielkopolskie Sp. z o.o.,32,15,28,48,45,63,59,54,46,41,62,53,546
Poznań Krzesiny,Łódzka Kolej Aglomeracyjna Sp. z o.o.,0,0,1,4,0,0,2,2,0,0,1,4,14
Poznań Krzesiny,POLREGIO Spółka Akcyjna,25,15,14,31,26,31,38,57,44,38,51,38,408
Poznań Krzesiny ,,57,30,43,83,71,94,99,113,90,79,114,95,968
Palędzie,Koleje Wielkopolskie Sp. z o.o.,76,45,39,40,51,88,75,66,63,39,55,89,726
Palędzie,PKP INTERCITY Spółka Akcyjna ,,,,,2,,1,1,,2,5,,11
Palędzie,POLREGIO Spółka Akcyjna,62,39,78,52,58,90,55,82,73,71,64,62,786
Palędzie ,,138,84,117,92,111,178,131,149,136,112,124,151,1523
Paczkowo,Koleje Wielkopolskie Sp. z o.o.,79,73,74,90,76,92,103,63,128,132,120,113,1143
Paczkowo ,,79,73,74,90,76,92,103,63,128,132,120,113,1143
Kostrzyn Wielkopolski,Koleje Wielkopolskie Sp. z o.o.,109,103,109,119,93,121,109,80,143,150,131,114,1381
Kostrzyn Wielkopolski ,,109,103,109,119,93,121,109,80,143,150,131,114,1381
Buk,Koleje Wielkopolskie Sp. z o.o.,84,48,52,39,50,84,90,76,79,58,73,98,831
Buk,POLREGIO Spółka Akcyjna,70,46,81,50,59,96,57,85,82,74,75,70,845
Buk ,,154,94,133,89,109,180,147,161,161,132,148,168,1676
Otusz,Koleje Wielkopolskie Sp. z o.o.,76,46,52,37,47,83,83,77,68,42,70,86,767
Otusz,POLREGIO Spółka Akcyjna,68,49,80,54,59,95,58,88,83,79,80,69,862
Otusz ,,144,95,132,91,106,178,141,165,151,121,150,155,1629
Dopiewo,Koleje Wielkopolskie Sp. z o.o.,77,41,48,40,49,87,80,71,70,40,59,94,756
Dopiewo,POLREGIO Spółka Akcyjna,68,49,81,55,59,94,62,88,80,79,76,67,858
Dopiewo ,,145,90,129,95,108,181,142,159,150,119,135,161,1614
Wojnowice Wielkopolskie,Koleje Wielkopolskie Sp. z o.o.,79,44,55,39,46,77,87,73,77,55,70,94,796
Wojnowice Wielkopolskie,POLREGIO Spółka Akcyjna,73,47,85,52,62,94,58,83,89,80,77,69,869
Wojnowice Wielkopolskie ,,152,91,140,91,108,171,145,156,166,135,147,163,1665
Chełm,PKP INTERCITY Spółka Akcyjna ,72,43,44,29,34,56,84,68,105,112,121,122,890
Chełm,POLREGIO Spółka Akcyjna,40,18,24,21,20,39,74,69,60,25,46,68,504
Chełm ,,112,61,68,50,54,95,158,137,165,137,167,190,1394
Zabieżki,Koleje Mazowieckie - KM Spółka z o.o.,149,103,117,110,116,152,170,111,111,121,115,114,1489
Zabieżki ,,149,103,117,110,116,152,170,111,111,121,115,114,1489
Kołbiel,Koleje Mazowieckie - KM Spółka z o.o.,155,107,125,104,125,153,173,116,123,114,117,113,1525
Kołbiel ,,155,107,125,104,125,153,173,116,123,114,117,113,1525
Chrosna,Koleje Mazowieckie - KM Spółka z o.o.,154,107,121,105,123,153,171,114,117,120,120,114,1519
Chrosna ,,154,107,121,105,123,153,171,114,117,120,120,114,1519
Augustówka,Koleje Mazowieckie - KM Spółka z o.o.,145,103,117,107,110,155,169,113,110,119,115,113,1476
Augustówka ,,145,103,117,107,110,155,169,113,110,119,115,113,1476
Wiesiółka,Koleje Śląskie Spółka z o.o.,149,84,108,95,202,157,122,83,137,109,187,205,1638
Wiesiółka ,,149,84,108,95,202,157,122,83,137,109,187,205,1638
Poznań Górczyn,Koleje Wielkopolskie Sp. z o.o.,70,33,27,23,40,76,59,59,51,32,47,67,584
Poznań Górczyn,POLREGIO Spółka Akcyjna,60,37,72,48,55,87,49,80,69,63,63,54,737
Poznań Górczyn ,,130,70,99,71,95,163,108,139,120,95,110,121,1321
Poznań Junikowo,Koleje Wielkopolskie Sp. z o.o.,74,35,28,35,46,83,73,62,58,37,55,90,676
Poznań Junikowo,POLREGIO Spółka Akcyjna,63,40,77,51,58,93,54,83,74,72,66,66,797
Poznań Junikowo ,,137,75,105,86,104,176,127,145,132,109,121,156,1473
Dąbrowa Górnicza Sikorka,Koleje Śląskie Spółka z o.o.,145,82,111,95,202,168,131,88,140,112,187,204,1665
Dąbrowa Górnicza Sikorka ,,145,82,111,95,202,168,131,88,140,112,187,204,1665
Chruszczobród,Koleje Śląskie Spółka z o.o.,151,85,115,98,203,162,128,86,137,112,189,209,1675
Chruszczobród ,,151,85,115,98,203,162,128,86,137,112,189,209,1675
Olsztyn Śródmieście,POLREGIO Spółka Akcyjna,159,58,53,44,51,57,71,89,64,121,121,47,935
Olsztyn Śródmieście ,,159,58,53,44,51,57,71,89,64,121,121,47,935
Żarów,Koleje Dolnośląskie S.A.,239,118,132,160,144,150,193,151,239,316,256,213,2311
Żarów,POLREGIO Spółka Akcyjna,15,12,7,6,9,15,12,5,8,12,16,14,131
Żarów ,,254,130,139,166,153,165,205,156,247,328,272,227,2442
Poznań Antoninek,CARGO Master Spółka z o.o.,,,,,0,,,,,,,,0
Poznań Antoninek,Koleje Wielkopolskie Sp. z o.o.,80,62,66,79,69,89,95,57,101,111,112,89,1010
Poznań Antoninek ,,80,62,66,79,69,89,95,57,101,111,112,89,1010
Kartuzy,CARGO Master Spółka z o.o.,,2,,0,,,,,,,,,2
Kartuzy,POLREGIO Spółka Akcyjna,15,13,13,8,15,13,25,47,24,12,18,42,245
Kartuzy ,,15,15,13,8,15,13,25,47,24,12,18,42,247
Dzierżążno,POLREGIO Spółka Akcyjna,28,19,23,10,19,21,41,62,39,26,24,51,363
Dzierżążno ,,28,19,23,10,19,21,41,62,39,26,24,51,363
Rybnik Paruszowiec,Koleje Śląskie Spółka z o.o.,107,64,64,75,81,100,209,220,161,155,235,117,1588
Rybnik Paruszowiec ,,107,64,64,75,81,100,209,220,161,155,235,117,1588
Strażów,POLREGIO Spółka Akcyjna,112,51,62,54,45,44,118,83,55,66,75,42,807
Strażów ,,112,51,62,54,45,44,118,83,55,66,75,42,807
Krzemienica,POLREGIO Spółka Akcyjna,122,60,71,57,48,52,129,94,61,74,80,55,903
Krzemienica ,,122,60,71,57,48,52,129,94,61,74,80,55,903
Rzeszów Pobitno,POLREGIO Spółka Akcyjna,110,46,62,50,47,46,113,78,57,64,72,38,783
Rzeszów Pobitno ,,110,46,62,50,47,46,113,78,57,64,72,38,783
Rzeszów Załęże,POLREGIO Spółka Akcyjna,115,49,64,52,46,44,115,79,58,68,74,40,804
Rzeszów Załęże ,,115,49,64,52,46,44,115,79,58,68,74,40,804
Rogóżno koło Łańcuta,POLREGIO Spółka Akcyjna,127,59,78,56,46,53,119,80,67,72,83,60,900
Rogóżno koło Łańcuta ,,127,59,78,56,46,53,119,80,67,72,83,60,900
Grzęska,POLREGIO Spółka Akcyjna,132,58,80,59,47,57,136,83,66,74,88,62,942
Grzęska ,,132,58,80,59,47,57,136,83,66,74,88,62,942
Kosina,POLREGIO Spółka Akcyjna,131,56,78,61,48,60,134,89,65,80,85,63,950
Kosina ,,131,56,78,61,48,60,134,89,65,80,85,63,950
Głuchów,POLREGIO Spółka Akcyjna,130,57,79,62,49,59,135,91,63,79,84,58,946
Głuchów ,,130,57,79,62,49,59,135,91,63,79,84,58,946
Rogoźno Wielkopolskie,CARGO Master Spółka z o.o.,,,,,1,,,,,,,,1
Rogoźno Wielkopolskie,Koleje Wielkopolskie Sp. z o.o.,100,39,101,33,38,78,67,58,37,36,37,75,699
Rogoźno Wielkopolskie,PKP INTERCITY Spółka Akcyjna ,117,53,116,84,64,127,151,144,25,16,25,152,1074
Rogoźno Wielkopolskie,POLREGIO Spółka Akcyjna,92,52,62,28,36,72,74,76,61,55,61,87,756
Rogoźno Wielkopolskie ,,309,144,279,145,139,277,292,278,123,107,123,314,2530
Pierzyska,Koleje Wielkopolskie Sp. z o.o.,59,36,35,34,36,73,73,53,48,88,82,58,675
Pierzyska,POLREGIO Spółka Akcyjna,75,54,31,33,42,55,57,42,72,83,67,34,645
Pierzyska ,,134,90,66,67,78,128,130,95,120,171,149,92,1320
Lednogóra,Koleje Wielkopolskie Sp. z o.o.,65,42,39,41,40,75,71,57,53,104,92,63,742
Lednogóra,POLREGIO Spółka Akcyjna,79,56,32,40,44,56,59,43,73,83,71,37,673
Lednogóra ,,144,98,71,81,84,131,130,100,126,187,163,100,1415
Fałkowo,Koleje Wielkopolskie Sp. z o.o.,60,44,41,46,40,75,72,57,57,103,91,61,747
Fałkowo,POLREGIO Spółka Akcyjna,77,55,32,42,44,57,62,42,72,88,70,35,676
Fałkowo ,,137,99,73,88,84,132,134,99,129,191,161,96,1423
Kolumna,Koleje Wielkopolskie Sp. z o.o.,6,3,1,1,7,4,10,11,8,6,6,2,65
Kolumna,Łódzka Kolej Aglomeracyjna Sp. z o.o.,21,10,16,15,9,9,28,41,34,30,49,35,297
Kolumna,POLREGIO Spółka Akcyjna,35,16,25,28,26,43,44,70,44,51,48,34,464
Kolumna ,,62,29,42,44,42,56,82,122,86,87,103,71,826
Elbląg,PKP INTERCITY Spółka Akcyjna ,77,38,36,23,38,78,109,111,37,43,48,61,699
Elbląg,POLREGIO Spółka Akcyjna,111,46,46,35,44,62,131,135,93,98,93,77,971
Elbląg ,,188,84,82,58,82,140,240,246,130,141,141,138,1670
Brzeg Dolny,Koleje Dolnośląskie S.A.,230,113,100,100,134,91,124,67,182,147,244,143,1675
Brzeg Dolny,PKP INTERCITY Spółka Akcyjna ,53,34,35,33,39,44,41,40,44,43,61,42,509
Brzeg Dolny,POLREGIO Spółka Akcyjna,,,23,41,43,44,40,30,77,47,62,15,422
Brzeg Dolny ,,283,147,158,174,216,179,205,137,303,237,367,200,2606
Wołów,Koleje Dolnośląskie S.A.,235,125,102,98,137,106,129,63,162,131,225,131,1644
Wołów,PKP INTERCITY Spółka Akcyjna ,54,39,40,36,42,48,46,43,45,44,59,40,536
Wołów,POLREGIO Spółka Akcyjna,,,26,47,46,55,47,33,77,42,65,21,459
Wołów ,,289,164,168,181,225,209,222,139,284,217,349,192,2639
Cieszyn,Koleje Śląskie Spółka z o.o.,117,53,52,87,72,163,73,51,74,68,89,89,988
Cieszyn,PKP INTERCITY Spółka Akcyjna ,,0,,,,,,,,,,,0
Cieszyn ,,117,53,52,87,72,163,73,51,74,68,89,89,988
Gądki,Koleje Wielkopolskie Sp. z o.o.,34,16,32,48,43,62,63,55,48,40,62,50,553
Gądki,POLREGIO Spółka Akcyjna,26,11,16,35,26,30,38,58,43,41,51,37,412
Gądki ,,60,27,48,83,69,92,101,113,91,81,113,87,965
Pierzchno,Koleje Wielkopolskie Sp. z o.o.,31,20,34,47,38,63,65,61,49,44,60,54,566
Pierzchno,POLREGIO Spółka Akcyjna,25,13,12,31,26,31,38,60,43,43,53,39,414
Pierzchno ,,56,33,46,78,64,94,103,121,92,87,113,93,980
Kórnik,Koleje Wielkopolskie Sp. z o.o.,33,20,35,46,42,64,66,59,53,42,65,54,579
Kórnik,POLREGIO Spółka Akcyjna,27,14,15,35,26,32,39,60,45,42,55,39,429
Kórnik ,,60,34,50,81,68,96,105,119,98,84,120,93,1008
Szczecin Łasztownia,POLREGIO Spółka Akcyjna,,,,,,,64,143,202,201,247,237,1094
Szczecin Łasztownia ,,,,,,,,64,143,202,201,247,237,1094
Sułkowice,Koleje Mazowieckie - KM Spółka z o.o.,169,92,121,108,156,114,192,158,131,102,107,81,1531
Sułkowice ,,169,92,121,108,156,114,192,158,131,102,107,81,1531
Michalczew,Koleje Mazowieckie - KM Spółka z o.o.,160,91,150,113,148,115,186,161,127,102,101,71,1525
Michalczew ,,160,91,150,113,148,115,186,161,127,102,101,71,1525
Krężel,Koleje Mazowieckie - KM Spółka z o.o.,165,86,156,115,150,115,190,161,129,103,103,74,1547
Krężel ,,165,86,156,115,150,115,190,161,129,103,103,74,1547
Gośniewice,Koleje Mazowieckie - KM Spółka z o.o.,159,90,149,111,143,116,183,162,128,99,98,70,1508
Gośniewice ,,159,90,149,111,143,116,183,162,128,99,98,70,1508
Czachówek Górny,Koleje Mazowieckie - KM Spółka z o.o.,171,93,109,98,142,117,192,163,132,107,102,86,1512
Czachówek Górny ,,171,93,109,98,142,117,192,163,132,107,102,86,1512
Kiekrz,Koleje Wielkopolskie Sp. z o.o.,30,7,14,17,23,42,15,20,21,28,30,34,281
Kiekrz,PKP INTERCITY Spółka Akcyjna ,,0,,,,,,,,,,,0
Kiekrz,POLREGIO Spółka Akcyjna,81,42,70,62,35,63,47,36,53,50,66,65,670
Kiekrz ,,111,49,84,79,58,105,62,56,74,78,96,99,951
Łódź Lublinek,Łódzka Kolej Aglomeracyjna Sp. z o.o.,15,12,14,13,7,12,14,25,26,17,36,20,211
Łódź Lublinek,POLREGIO Spółka Akcyjna,34,12,26,31,32,40,45,67,48,50,49,35,469
Łódź Lublinek ,,49,24,40,44,39,52,59,92,74,67,85,55,680
Rokietnica,Koleje Wielkopolskie Sp. z o.o.,27,13,14,18,27,43,18,21,17,24,27,31,280
Rokietnica,POLREGIO Spółka Akcyjna,80,42,69,64,40,66,44,34,52,50,61,61,663
Rokietnica ,,107,55,83,82,67,109,62,55,69,74,88,92,943
Mokra Wieś,CARGO Master Spółka z o.o.,,,,,0,,,,,,,,0
Mokra Wieś,Koleje Mazowieckie - KM Spółka z o.o.,68,27,31,31,36,51,64,51,60,62,51,24,556
Mokra Wieś ,,68,27,31,31,36,51,64,51,60,62,51,24,556
Chrzęsne,CARGO Master Spółka z o.o.,,,,,0,,,,,,,,0
Chrzęsne,Koleje Mazowieckie - KM Spółka z o.o.,68,27,31,31,36,51,65,51,61,62,51,24,558
Chrzęsne ,,68,27,31,31,36,51,65,51,61,62,51,24,558
Barchów,Koleje Mazowieckie - KM Spółka z o.o.,65,23,30,28,32,40,57,44,60,61,50,22,512
Barchów ,,65,23,30,28,32,40,57,44,60,61,50,22,512
Urle,Koleje Mazowieckie - KM Spółka z o.o.,65,23,31,27,32,40,58,44,59,60,49,22,510
Urle ,,65,23,31,27,32,40,58,44,59,60,49,22,510
Szewnica,Koleje Mazowieckie - KM Spółka z o.o.,69,27,32,34,38,51,65,52,62,61,51,24,566
Szewnica ,,69,27,32,34,38,51,65,52,62,61,51,24,566
Smolec,Koleje Dolnośląskie S.A.,181,92,87,114,89,90,135,103,167,198,185,183,1624
Smolec,POLREGIO Spółka Akcyjna,18,12,8,7,7,12,10,6,7,10,14,12,123
Smolec ,,199,104,95,121,96,102,145,109,174,208,199,195,1747
Chrzanów Śródmieście,Koleje Małopolskie Sp. z o.o.,69,33,31,27,26,28,38,34,32,77,67,35,497
Chrzanów Śródmieście,PKP INTERCITY Spółka Akcyjna ,105,90,54,36,40,66,66,70,60,132,119,97,935
Chrzanów Śródmieście,POLREGIO Spółka Akcyjna,60,51,31,18,18,23,21,28,22,64,36,44,416
Chrzanów Śródmieście ,,234,174,116,81,84,117,125,132,114,273,222,176,1848
Reptowo,POLREGIO Spółka Akcyjna,168,72,150,74,95,127,97,117,138,147,131,146,1462
Reptowo ,,168,72,150,74,95,127,97,117,138,147,131,146,1462
Miedwiecko,POLREGIO Spółka Akcyjna,173,70,146,68,88,126,95,113,142,148,140,141,1450
Miedwiecko ,,173,70,146,68,88,126,95,113,142,148,140,141,1450
Grzędzice,POLREGIO Spółka Akcyjna,167,71,148,69,84,129,95,112,144,152,141,143,1455
Grzędzice ,,167,71,148,69,84,129,95,112,144,152,141,143,1455
Wysoka Kamieńska,PKP INTERCITY Spółka Akcyjna ,72,38,32,33,39,58,64,85,31,28,44,57,581
Wysoka Kamieńska,POLREGIO Spółka Akcyjna,32,11,25,21,40,54,65,71,44,45,57,74,539
Wysoka Kamieńska ,,104,49,57,54,79,112,129,156,75,73,101,131,1120
Kluczbork,PKP INTERCITY Spółka Akcyjna ,55,25,24,19,22,50,81,53,41,54,58,62,544
Kluczbork,POLREGIO Spółka Akcyjna,100,27,47,54,39,34,48,27,64,56,63,63,622
Kluczbork ,,155,52,71,73,61,84,129,80,105,110,121,125,1166
Szymankowo,POLREGIO Spółka Akcyjna,154,82,81,73,85,128,237,261,122,112,119,160,1614
Szymankowo ,,154,82,81,73,85,128,237,261,122,112,119,160,1614
Lubin,Koleje Dolnośląskie S.A.,285,108,123,144,170,113,169,92,163,140,169,124,1800
Lubin,PKP INTERCITY Spółka Akcyjna ,135,72,89,69,103,74,79,57,88,95,107,81,1049
Lubin ,,420,180,212,213,273,187,248,149,251,235,276,205,2849
Żywiec,Koleje Śląskie Spółka z o.o.,302,169,171,143,113,253,394,218,137,203,36,68,2207
Żywiec,PKP CARGO S.A.,,,0,,,0,,,,,,,0
Żywiec,PKP INTERCITY Spółka Akcyjna ,11,3,,,,2,14,29,0,,,1,60
Żywiec,POLREGIO Spółka Akcyjna,2,0,1,0,1,2,,,0,1,0,,7
Żywiec ,,315,172,172,143,114,257,408,247,137,204,36,69,2274
Jędrzejów,PKP INTERCITY Spółka Akcyjna ,124,60,51,46,57,70,104,151,99,90,93,126,1071
Jędrzejów,POLREGIO Spółka Akcyjna,114,63,66,35,53,73,105,122,125,106,128,87,1077
Jędrzejów ,,238,123,117,81,110,143,209,273,224,196,221,213,2148
Bytom Odrzański,Koleje Dolnośląskie S.A.,107,61,74,59,102,67,53,33,84,84,84,121,929
Bytom Odrzański,PKP INTERCITY Spółka Akcyjna ,122,80,92,73,89,84,66,82,79,79,81,26,953
Bytom Odrzański,POLREGIO Spółka Akcyjna,159,93,99,89,100,97,79,80,128,97,103,49,1173
Bytom Odrzański ,,388,234,265,221,291,248,198,195,291,260,268,196,3055
Zębice Wrocławskie,POLREGIO Spółka Akcyjna,239,110,189,181,218,163,183,168,247,259,382,253,2592
Zębice Wrocławskie ,,239,110,189,181,218,163,183,168,247,259,382,253,2592
Lizawice,POLREGIO Spółka Akcyjna,244,111,187,181,219,162,187,170,249,259,379,250,2598
Lizawice ,,244,111,187,181,219,162,187,170,249,259,379,250,2598
Święta Katarzyna,POLREGIO Spółka Akcyjna,220,102,145,153,162,153,174,155,228,236,314,218,2260
Święta Katarzyna ,,220,102,145,153,162,153,174,155,228,236,314,218,2260
Koło,Koleje Wielkopolskie Sp. z o.o.,51,28,50,66,76,54,43,40,49,66,54,45,622
Koło,PKP INTERCITY Spółka Akcyjna ,139,96,100,172,136,143,144,180,165,122,147,142,1686
Koło ,,190,124,150,238,212,197,187,220,214,188,201,187,2308
Nowy Targ,Koleje Małopolskie Sp. z o.o.,1,0,,,1,1,3,2,0,,,0,8
Nowy Targ,Koleje Śląskie Spółka z o.o.,1,3,,,2,1,5,6,0,,,3,21
Nowy Targ,PKP INTERCITY Spółka Akcyjna ,150,70,38,33,34,67,118,134,77,35,27,144,927
Nowy Targ,POLREGIO Spółka Akcyjna,183,58,35,74,47,110,170,111,84,31,23,128,1054
Nowy Targ ,,335,131,73,107,84,179,296,253,161,66,50,275,2010
Stare Bojanowo,Koleje Wielkopolskie Sp. z o.o.,35,56,32,20,33,40,37,28,34,48,27,50,440
Stare Bojanowo,POLREGIO Spółka Akcyjna,81,74,50,33,48,78,80,82,92,96,98,114,926
Stare Bojanowo ,,116,130,82,53,81,118,117,110,126,144,125,164,1366
Porażyn,Koleje Wielkopolskie Sp. z o.o.,98,45,57,42,55,70,76,78,78,55,69,96,819
Porażyn,POLREGIO Spółka Akcyjna,78,50,85,54,63,90,57,85,89,75,78,66,870
Porażyn ,,176,95,142,96,118,160,133,163,167,130,147,162,1689
Sątopy,Koleje Wielkopolskie Sp. z o.o.,97,45,58,42,50,71,71,77,74,50,70,99,804
Sątopy,POLREGIO Spółka Akcyjna,77,53,83,53,62,88,52,87,87,73,78,66,859
Sątopy ,,174,98,141,95,112,159,123,164,161,123,148,165,1663
Pionki Zachodnie,Koleje Mazowieckie - KM Spółka z o.o.,39,38,30,47,41,78,58,53,70,45,37,28,564
Pionki Zachodnie,PKP INTERCITY Spółka Akcyjna ,71,45,39,56,69,68,82,78,78,69,94,73,822
Pionki Zachodnie ,,110,83,69,103,110,146,140,131,148,114,131,101,1386
Zakopane,Koleje Małopolskie Sp. z o.o.,1,0,,,1,1,3,0,0,,,0,6
Zakopane,Koleje Śląskie Spółka z o.o.,1,1,,,3,1,4,2,0,,,1,13
Zakopane,PKP INTERCITY Spółka Akcyjna ,105,27,22,23,25,49,100,118,59,27,20,107,682
Zakopane,POLREGIO Spółka Akcyjna,125,24,33,34,25,76,151,90,54,25,20,84,741
Zakopane ,,232,52,55,57,54,127,258,210,113,52,40,192,1442
Grodziszcze Mazowieckie,Koleje Mazowieckie - KM Spółka z o.o.,104,69,79,113,161,188,212,266,223,343,316,134,2208
Grodziszcze Mazowieckie,PKP INTERCITY Spółka Akcyjna ,,,,,,,,,2,,,,2
Grodziszcze Mazowieckie ,,104,69,79,113,161,188,212,266,225,343,316,134,2210
Strzelin,Koleje Dolnośląskie S.A.,204,98,93,74,89,85,212,243,107,130,662,396,2393
Strzelin,PKP INTERCITY Spółka Akcyjna ,9,4,5,7,4,12,27,32,8,17,98,70,293
Strzelin,POLREGIO Spółka Akcyjna,10,4,1,0,0,2,0,0,2,5,24,5,53
Strzelin ,,223,106,99,81,93,99,239,275,117,152,784,471,2739
Lipki,POLREGIO Spółka Akcyjna,272,147,181,144,187,171,200,207,277,278,335,237,2636
Lipki ,,272,147,181,144,187,171,200,207,277,278,335,237,2636
Sosnowe,Koleje Mazowieckie - KM Spółka z o.o.,102,66,78,113,163,188,212,270,218,340,294,137,2181
Sosnowe ,,102,66,78,113,163,188,212,270,218,340,294,137,2181
Koszewnica,Koleje Mazowieckie - KM Spółka z o.o.,102,66,75,113,163,182,213,269,216,338,291,135,2163
Koszewnica ,,102,66,75,113,163,182,213,269,216,338,291,135,2163
Sabinka,Koleje Mazowieckie - KM Spółka z o.o.,98,63,70,103,149,178,208,265,207,319,278,121,2059
Sabinka ,,98,63,70,103,149,178,208,265,207,319,278,121,2059
Żarki-Letnisko,Koleje Śląskie Spółka z o.o.,117,65,55,114,261,97,87,50,108,80,140,146,1320
Żarki-Letnisko ,,117,65,55,114,261,97,87,50,108,80,140,146,1320
Pamiątkowo,Koleje Wielkopolskie Sp. z o.o.,32,11,14,18,25,38,26,15,21,21,30,32,283
Pamiątkowo,POLREGIO Spółka Akcyjna,81,43,71,65,40,68,48,32,61,54,70,77,710
Pamiątkowo ,,113,54,85,83,65,106,74,47,82,75,100,109,993
Poznań Wola,Koleje Wielkopolskie Sp. z o.o.,31,8,13,17,22,30,16,16,20,28,27,26,254
Poznań Wola,Parowozownia Wolsztyn,,,,,,,,,,,0,,0
Poznań Wola,PKP INTERCITY Spółka Akcyjna ,,0,,,,3,,,,,,,3
Poznań Wola,POLREGIO Spółka Akcyjna,80,42,66,62,35,60,43,32,52,50,64,64,650
Poznań Wola ,,111,50,79,79,57,93,59,48,72,78,91,90,907
Baborówko,Koleje Wielkopolskie Sp. z o.o.,30,10,14,17,25,38,26,15,19,23,30,32,279
Baborówko,POLREGIO Spółka Akcyjna,80,42,70,63,39,68,47,33,63,54,69,75,703
Baborówko ,,110,52,84,80,64,106,73,48,82,77,99,107,982
Gorzów Wielkopolski,PKP INTERCITY Spółka Akcyjna ,29,12,21,31,32,42,35,48,31,16,26,29,352
Gorzów Wielkopolski,POLREGIO Spółka Akcyjna,263,175,190,194,159,128,177,143,149,193,217,227,2215
Gorzów Wielkopolski ,,292,187,211,225,191,170,212,191,180,209,243,256,2567
Zdzieszowice,PKP INTERCITY Spółka Akcyjna ,84,48,56,44,50,76,101,91,78,77,112,107,924
Zdzieszowice,POLREGIO Spółka Akcyjna,192,100,102,108,116,119,138,131,183,213,239,168,1809
Zdzieszowice ,,276,148,158,152,166,195,239,222,261,290,351,275,2733
Gogolin,PKP INTERCITY Spółka Akcyjna ,81,48,59,45,52,76,98,88,81,81,117,107,933
Gogolin,POLREGIO Spółka Akcyjna,195,103,109,101,110,121,142,135,190,216,234,170,1826
Gogolin ,,276,151,168,146,162,197,240,223,271,297,351,277,2759
Ścinawa,Koleje Dolnośląskie S.A.,244,119,106,96,140,92,116,63,142,121,196,133,1568
Ścinawa,PKP INTERCITY Spółka Akcyjna ,56,39,41,38,41,48,47,44,41,42,57,40,534
Ścinawa,POLREGIO Spółka Akcyjna,,,30,51,50,56,50,39,74,44,67,25,486
Ścinawa ,,300,158,177,185,231,196,213,146,257,207,320,198,2588
Trawniki,PKP INTERCITY Spółka Akcyjna ,88,52,24,22,38,34,50,42,52,72,70,48,592
Trawniki,POLREGIO Spółka Akcyjna,70,30,33,33,40,48,94,104,81,58,80,94,765
Trawniki ,,158,82,57,55,78,82,144,146,133,130,150,142,1357
Łodygowice,Koleje Śląskie Spółka z o.o.,307,156,168,147,104,246,395,221,155,215,41,70,2225
Łodygowice ,,307,156,168,147,104,246,395,221,155,215,41,70,2225
Trzciana,POLREGIO Spółka Akcyjna,116,60,56,41,45,47,76,63,63,75,63,72,777
Trzciana ,,116,60,56,41,45,47,76,63,63,75,63,72,777
Przysieka Stara,Koleje Wielkopolskie Sp. z o.o.,38,65,37,20,33,41,37,30,34,48,34,52,469
Przysieka Stara,POLREGIO Spółka Akcyjna,88,76,52,34,48,80,83,81,93,94,100,110,939
Przysieka Stara ,,126,141,89,54,81,121,120,111,127,142,134,162,1408
Górka Duchowna,Koleje Wielkopolskie Sp. z o.o.,42,80,41,26,38,46,42,35,38,56,31,51,526
Górka Duchowna,POLREGIO Spółka Akcyjna,88,98,57,34,48,87,97,88,94,114,107,114,1026
Górka Duchowna ,,130,178,98,60,86,133,139,123,132,170,138,165,1552
Lipno Nowe,Koleje Wielkopolskie Sp. z o.o.,40,82,40,25,39,45,43,35,38,56,30,50,523
Lipno Nowe,POLREGIO Spółka Akcyjna,86,100,55,35,47,90,97,85,91,114,111,115,1026
Lipno Nowe ,,126,182,95,60,86,135,140,120,129,170,141,165,1549
Kolbuszowa,PKP INTERCITY Spółka Akcyjna ,38,26,22,18,18,22,31,38,20,24,15,23,295
Kolbuszowa,POLREGIO Spółka Akcyjna,117,61,111,44,45,54,69,40,41,59,52,64,757
Kolbuszowa ,,155,87,133,62,63,76,100,78,61,83,67,87,1052
Łodygowice Górne,Koleje Śląskie Spółka z o.o.,313,163,171,153,113,255,407,228,166,231,48,58,2306
Łodygowice Górne ,,313,163,171,153,113,255,407,228,166,231,48,58,2306
Bogumiłowice,Koleje Małopolskie Sp. z o.o.,120,53,56,44,48,32,48,36,55,65,70,48,675
Bogumiłowice,POLREGIO Spółka Akcyjna,84,58,53,30,37,39,42,45,51,68,61,65,633
Bogumiłowice ,,204,111,109,74,85,71,90,81,106,133,131,113,1308
Biadoliny,Koleje Małopolskie Sp. z o.o.,129,54,58,45,53,34,46,42,61,64,70,48,704
Biadoliny,POLREGIO Spółka Akcyjna,89,60,55,31,37,40,47,45,51,68,62,65,650
Biadoliny ,,218,114,113,76,90,74,93,87,112,132,132,113,1354
Sterkowiec,Koleje Małopolskie Sp. z o.o.,133,56,62,49,54,36,54,48,62,70,75,50,749
Sterkowiec,POLREGIO Spółka Akcyjna,88,63,54,32,39,39,47,46,51,73,62,66,660
Sterkowiec ,,221,119,116,81,93,75,101,94,113,143,137,116,1409
Szarów,Koleje Małopolskie Sp. z o.o.,130,43,61,41,51,31,36,42,57,75,46,41,654
Szarów,POLREGIO Spółka Akcyjna,79,52,50,37,49,28,41,47,47,84,55,60,629
Szarów ,,209,95,111,78,100,59,77,89,104,159,101,101,1283
Rzezawa,Koleje Małopolskie Sp. z o.o.,134,54,63,44,52,34,48,49,65,71,66,56,736
Rzezawa,POLREGIO Spółka Akcyjna,83,57,52,34,40,35,44,45,50,83,68,64,655
Rzezawa ,,217,111,115,78,92,69,92,94,115,154,134,120,1391
Jasień Brzeski,Koleje Małopolskie Sp. z o.o.,133,57,63,44,52,32,48,42,60,70,66,53,720
Jasień Brzeski,POLREGIO Spółka Akcyjna,86,59,55,33,41,36,45,47,50,79,67,64,662
Jasień Brzeski ,,219,116,118,77,93,68,93,89,110,149,133,117,1382
Cikowice,Koleje Małopolskie Sp. z o.o.,129,47,58,45,51,34,46,44,62,74,53,49,692
Cikowice,POLREGIO Spółka Akcyjna,79,51,51,41,48,30,40,44,50,82,63,59,638
Cikowice ,,208,98,109,86,99,64,86,88,112,156,116,108,1330
Stanisławice,Koleje Małopolskie Sp. z o.o.,130,47,61,44,50,34,46,47,62,73,54,47,695
Stanisławice,POLREGIO Spółka Akcyjna,80,50,52,41,48,30,41,46,47,84,64,59,642
Stanisławice ,,210,97,113,85,98,64,87,93,109,157,118,106,1337
Nekla,Koleje Wielkopolskie Sp. z o.o.,99,90,91,112,96,128,119,83,137,165,139,116,1375
Nekla ,,99,90,91,112,96,128,119,83,137,165,139,116,1375
Zawiercie Borowe Pole,Koleje Śląskie Spółka z o.o.,124,77,71,92,182,105,88,54,111,79,179,172,1334
Zawiercie Borowe Pole ,,124,77,71,92,182,105,88,54,111,79,179,172,1334
Myszków Światowit,Koleje Śląskie Spółka z o.o.,123,72,65,90,181,103,84,54,107,79,175,162,1295
Myszków Światowit ,,123,72,65,90,181,103,84,54,107,79,175,162,1295
Myszków Mrzygłód,Koleje Śląskie Spółka z o.o.,122,74,66,90,180,102,87,54,107,81,175,169,1307
Myszków Mrzygłód ,,122,74,66,90,180,102,87,54,107,81,175,169,1307
Podstolice,Koleje Wielkopolskie Sp. z o.o.,71,60,72,87,78,105,96,70,118,141,118,99,1115
Podstolice ,,71,60,72,87,78,105,96,70,118,141,118,99,1115
Gułtowy,Koleje Wielkopolskie Sp. z o.o.,90,84,91,112,91,125,113,81,137,164,145,113,1346
Gułtowy ,,90,84,91,112,91,125,113,81,137,164,145,113,1346
Niedźwiedź,Koleje Małopolskie Sp. z o.o.,122,34,39,40,40,44,56,142,56,34,44,31,682
Niedźwiedź,POLREGIO Spółka Akcyjna,102,52,66,63,44,63,63,152,85,58,104,63,915
Niedźwiedź ,,224,86,105,103,84,107,119,294,141,92,148,94,1597
Zastów,Koleje Małopolskie Sp. z o.o.,114,33,32,38,43,38,56,137,50,29,43,29,642
Zastów,POLREGIO Spółka Akcyjna,98,51,63,60,46,65,62,146,77,50,115,53,886
Zastów ,,212,84,95,98,89,103,118,283,127,79,158,82,1528
Słomniki Miasto,Koleje Małopolskie Sp. z o.o.,124,35,43,45,44,45,61,149,57,36,53,37,729
Słomniki Miasto,POLREGIO Spółka Akcyjna,106,54,72,64,47,71,70,154,92,64,104,68,966
Słomniki Miasto ,,230,89,115,109,91,116,131,303,149,100,157,105,1695
Łuczyce,Koleje Małopolskie Sp. z o.o.,132,36,36,44,50,50,62,144,57,37,53,34,735
Łuczyce,POLREGIO Spółka Akcyjna,109,53,66,64,49,67,67,150,86,62,117,64,954
Łuczyce ,,241,89,102,108,99,117,129,294,143,99,170,98,1689
Goszcza,Koleje Małopolskie Sp. z o.o.,129,35,37,44,48,50,61,145,59,38,53,34,733
Goszcza,POLREGIO Spółka Akcyjna,109,54,64,63,51,65,65,147,87,59,113,67,944
Goszcza ,,238,89,101,107,99,115,126,292,146,97,166,101,1677
Baranówka,Koleje Małopolskie Sp. z o.o.,130,34,34,42,49,50,62,144,58,34,52,33,722
Baranówka,POLREGIO Spółka Akcyjna,107,54,66,64,50,65,68,149,85,62,119,66,955
Baranówka ,,237,88,100,106,99,115,130,293,143,96,171,99,1677
Słomniki,Koleje Małopolskie Sp. z o.o.,114,31,34,42,36,41,52,159,53,32,43,36,673
Słomniki,POLREGIO Spółka Akcyjna,107,57,71,61,47,72,76,164,101,73,93,71,993
Słomniki ,,221,88,105,103,83,113,128,323,154,105,136,107,1666
Bielsko-Biała Mikuszowice,Koleje Śląskie Spółka z o.o.,258,117,139,135,105,221,324,190,137,193,156,167,2142
Bielsko-Biała Mikuszowice ,,258,117,139,135,105,221,324,190,137,193,156,167,2142
Lubzina,POLREGIO Spółka Akcyjna,114,52,55,40,48,35,67,43,54,77,59,64,708
Lubzina ,,114,52,55,40,48,35,67,43,54,77,59,64,708
Dębica Wschodnia,POLREGIO Spółka Akcyjna,111,51,57,40,49,35,63,43,54,77,57,62,699
Dębica Wschodnia ,,111,51,57,40,49,35,63,43,54,77,57,62,699
Świlcza,POLREGIO Spółka Akcyjna,115,60,59,41,44,45,76,60,63,74,64,71,772
Świlcza ,,115,60,59,41,44,45,76,60,63,74,64,71,772
Rzeszów Baranówka,POLREGIO Spółka Akcyjna,106,53,58,42,42,35,71,55,53,64,57,64,700
Rzeszów Baranówka ,,106,53,58,42,42,35,71,55,53,64,57,64,700
Rzeszów Dworzysko,POLREGIO Spółka Akcyjna,109,56,59,43,43,36,70,54,57,65,57,67,716
Rzeszów Dworzysko ,,109,56,59,43,43,36,70,54,57,65,57,67,716
Rudna Wielka,POLREGIO Spółka Akcyjna,109,58,58,41,44,40,72,54,60,68,60,69,733
Rudna Wielka ,,109,58,58,41,44,40,72,54,60,68,60,69,733
Ropczyce Witkowice,POLREGIO Spółka Akcyjna,105,46,55,44,50,45,71,50,59,78,64,63,730
Ropczyce Witkowice ,,105,46,55,44,50,45,71,50,59,78,64,63,730
Sędziszów Małopolski Wschodni,POLREGIO Spółka Akcyjna,120,64,58,43,45,51,79,72,66,82,73,74,827
Sędziszów Małopolski Wschodni ,,120,64,58,43,45,51,79,72,66,82,73,74,827
Będziemyśl,POLREGIO Spółka Akcyjna,117,62,57,43,44,50,81,67,63,81,65,73,803
Będziemyśl ,,117,62,57,43,44,50,81,67,63,81,65,73,803
Myszków Nowa Wieś,Koleje Śląskie Spółka z o.o.,113,61,53,109,266,91,85,48,105,75,139,147,1292
Myszków Nowa Wieś ,,113,61,53,109,266,91,85,48,105,75,139,147,1292
Masłońskie Natalin,Koleje Śląskie Spółka z o.o.,115,63,55,109,240,85,77,44,100,71,138,131,1228
Masłońskie Natalin ,,115,63,55,109,240,85,77,44,100,71,138,131,1228
Korwinów,Koleje Śląskie Spółka z o.o.,114,56,49,97,163,73,72,41,90,65,132,130,1082
Korwinów ,,114,56,49,97,163,73,72,41,90,65,132,130,1082
Dobroń,Łódzka Kolej Aglomeracyjna Sp. z o.o.,19,12,14,11,7,9,20,30,31,23,40,29,245
Dobroń,POLREGIO Spółka Akcyjna,35,16,27,28,31,43,45,69,45,55,50,33,477
Dobroń ,,54,28,41,39,38,52,65,99,76,78,90,62,722
Chechło,Łódzka Kolej Aglomeracyjna Sp. z o.o.,18,14,14,12,7,10,20,28,30,21,39,26,239
Chechło,POLREGIO Spółka Akcyjna,35,17,28,28,31,43,46,70,46,56,51,33,484
Chechło ,,53,31,42,40,38,53,66,98,76,77,90,59,723
Borszewice,Łódzka Kolej Aglomeracyjna Sp. z o.o.,18,10,16,10,6,9,21,33,25,19,36,27,230
Borszewice,POLREGIO Spółka Akcyjna,37,17,25,29,26,43,43,73,43,51,49,35,471
Borszewice ,,55,27,41,39,32,52,64,106,68,70,85,62,701
Strzyżów nad Wisłokiem,PKP INTERCITY Spółka Akcyjna ,,,,,,,,,2,12,1,,15
Strzyżów nad Wisłokiem,POLREGIO Spółka Akcyjna,84,41,98,89,137,52,86,36,80,136,95,63,997
Strzyżów nad Wisłokiem ,,84,41,98,89,137,52,86,36,82,148,96,63,1012
Kątne,Koleje Mazowieckie - KM Spółka z o.o.,139,64,64,46,68,86,102,121,94,71,85,83,1023
Kątne ,,139,64,64,46,68,86,102,121,94,71,85,83,1023
Kałęczyn,Koleje Mazowieckie - KM Spółka z o.o.,140,64,61,50,68,89,103,111,82,72,79,93,1012
Kałęczyn ,,140,64,61,50,68,89,103,111,82,72,79,93,1012
Jackowo Dworskie,Koleje Mazowieckie - KM Spółka z o.o.,136,64,64,46,66,87,105,118,93,72,83,84,1018
Jackowo Dworskie ,,136,64,64,46,66,87,105,118,93,72,83,84,1018
Ciechanów Przemysłowy,Koleje Mazowieckie - KM Spółka z o.o.,125,51,51,42,56,71,89,71,65,57,66,82,826
Ciechanów Przemysłowy ,,125,51,51,42,56,71,89,71,65,57,66,82,826
Gryfino,PKP INTERCITY Spółka Akcyjna ,91,59,56,52,72,77,64,62,84,71,63,65,816
Gryfino,POLREGIO Spółka Akcyjna,37,34,57,40,66,45,27,25,31,36,59,40,497
Gryfino ,,128,93,113,92,138,122,91,87,115,107,122,105,1313
Węgrzce Wielkie,Koleje Małopolskie Sp. z o.o.,119,35,49,38,39,30,35,36,37,68,32,35,553
Węgrzce Wielkie,POLREGIO Spółka Akcyjna,75,53,45,34,43,32,34,38,44,71,48,50,567
Węgrzce Wielkie ,,194,88,94,72,82,62,69,74,81,139,80,85,1120
Kokotów,Koleje Małopolskie Sp. z o.o.,118,34,45,38,39,30,38,36,36,65,33,35,547
Kokotów,POLREGIO Spółka Akcyjna,75,51,40,33,43,32,33,37,40,69,46,50,549
Kokotów ,,193,85,85,71,82,62,71,73,76,134,79,85,1096
Kalisz,Koleje Wielkopolskie Sp. z o.o.,6,3,7,8,10,12,8,8,25,19,25,9,140
Kalisz,Łódzka Kolej Aglomeracyjna Sp. z o.o.,1,0,1,5,0,3,6,6,1,1,1,4,29
Kalisz,PKP INTERCITY Spółka Akcyjna ,96,69,72,50,61,96,121,148,98,107,133,127,1178
Kalisz,POLREGIO Spółka Akcyjna,50,21,28,38,35,49,48,67,44,56,75,43,554
Kalisz ,,153,93,108,101,106,160,183,229,168,183,234,183,1901
Janowice Wielkie,Koleje Dolnośląskie S.A.,140,63,59,71,53,66,108,73,123,213,155,106,1230
Janowice Wielkie,PKP INTERCITY Spółka Akcyjna ,79,36,42,35,29,58,76,60,63,100,79,22,679
Janowice Wielkie,POLREGIO Spółka Akcyjna,15,10,5,8,9,5,6,0,12,14,15,13,112
Janowice Wielkie ,,234,109,106,114,91,129,190,133,198,327,249,141,2021
Pęckowo,Koleje Wielkopolskie Sp. z o.o.,22,16,16,16,26,38,26,17,10,22,25,31,265
Pęckowo,POLREGIO Spółka Akcyjna,89,47,72,66,46,75,45,40,63,59,76,77,755
Pęckowo ,,111,63,88,82,72,113,71,57,73,81,101,108,1020
Smroków,Koleje Małopolskie Sp. z o.o.,121,27,34,49,38,45,53,177,49,40,49,43,725
Smroków,POLREGIO Spółka Akcyjna,111,56,74,75,57,78,90,213,111,79,95,75,1114
Smroków ,,232,83,108,124,95,123,143,390,160,119,144,118,1839
Szczepanowice,Koleje Małopolskie Sp. z o.o.,125,27,34,49,38,48,54,179,51,41,51,42,739
Szczepanowice,POLREGIO Spółka Akcyjna,112,58,74,79,61,81,91,216,113,83,100,81,1149
Szczepanowice ,,237,85,108,128,99,129,145,395,164,124,151,123,1888
Kamieńczyce,Koleje Małopolskie Sp. z o.o.,122,28,33,49,38,45,53,176,49,42,48,36,719
Kamieńczyce,POLREGIO Spółka Akcyjna,114,57,71,77,59,82,92,216,113,84,102,79,1146
Kamieńczyce ,,236,85,104,126,97,127,145,392,162,126,150,115,1865
Poronin,Koleje Małopolskie Sp. z o.o.,1,0,,,1,1,5,2,0,,,0,10
Poronin,Koleje Śląskie Spółka z o.o.,1,1,,,3,1,3,2,0,,,2,13
Poronin,PKP INTERCITY Spółka Akcyjna ,108,45,25,23,24,44,80,88,48,23,15,105,628
Poronin,POLREGIO Spółka Akcyjna,163,43,38,55,38,91,178,112,76,35,24,102,955
Poronin ,,273,89,63,78,66,137,266,204,124,58,39,209,1606
Rudyszwałd,Koleje Śląskie Spółka z o.o.,96,70,64,56,79,84,97,107,108,160,141,72,1134
Rudyszwałd ,,96,70,64,56,79,84,97,107,108,160,141,72,1134
Chodzież,Koleje Wielkopolskie Sp. z o.o.,57,24,72,25,24,61,55,53,23,25,36,76,531
Chodzież,PKP INTERCITY Spółka Akcyjna ,127,48,113,87,63,137,158,161,26,17,26,162,1125
Chodzież,POLREGIO Spółka Akcyjna,97,55,74,41,39,72,77,93,56,47,65,104,820
Chodzież ,,281,127,259,153,126,270,290,307,105,89,127,342,2476
Orzesze,Koleje Śląskie Spółka z o.o.,117,66,54,74,71,88,146,139,133,112,179,90,1269
Orzesze ,,117,66,54,74,71,88,146,139,133,112,179,90,1269
Mikołów,Koleje Śląskie Spółka z o.o.,97,61,56,84,75,83,132,133,146,111,178,91,1247
Mikołów ,,97,61,56,84,75,83,132,133,146,111,178,91,1247
Łaziska Górne,Koleje Śląskie Spółka z o.o.,98,63,58,91,81,91,142,137,148,116,190,95,1310
Łaziska Górne ,,98,63,58,91,81,91,142,137,148,116,190,95,1310
Wola Bierwiecka,Koleje Mazowieckie - KM Spółka z o.o.,136,91,135,109,139,107,175,171,138,105,99,73,1478
Wola Bierwiecka ,,136,91,135,109,139,107,175,171,138,105,99,73,1478
Kruszyna,Koleje Mazowieckie - KM Spółka z o.o.,133,89,132,102,137,104,179,165,136,103,95,75,1450
Kruszyna ,,133,89,132,102,137,104,179,165,136,103,95,75,1450
Bartodzieje,Koleje Mazowieckie - KM Spółka z o.o.,126,89,134,105,140,108,170,168,138,99,96,72,1445
Bartodzieje ,,126,89,134,105,140,108,170,168,138,99,96,72,1445
Warka Miasto,Koleje Mazowieckie - KM Spółka z o.o.,138,87,130,102,127,107,180,160,125,101,92,74,1423
Warka Miasto ,,138,87,130,102,127,107,180,160,125,101,92,74,1423
Strzyżyna,Koleje Mazowieckie - KM Spółka z o.o.,139,91,135,107,133,109,179,165,134,104,94,76,1466
Strzyżyna ,,139,91,135,107,133,109,179,165,134,104,94,76,1466
Grabów nad Pilicą,Koleje Mazowieckie - KM Spółka z o.o.,141,89,136,105,133,108,181,163,129,105,94,74,1458
Grabów nad Pilicą ,,141,89,136,105,133,108,181,163,129,105,94,74,1458
Radom Stara Wola,Koleje Mazowieckie - KM Spółka z o.o.,126,85,133,102,137,108,182,186,145,91,87,64,1446
Radom Stara Wola ,,126,85,133,102,137,108,182,186,145,91,87,64,1446
Lesiów,Koleje Mazowieckie - KM Spółka z o.o.,129,89,133,106,141,109,184,191,148,94,87,67,1478
Lesiów ,,129,89,133,106,141,109,184,191,148,94,87,67,1478
Mieszków,Koleje Wielkopolskie Sp. z o.o.,38,22,28,32,37,74,61,59,46,48,62,49,556
Mieszków,POLREGIO Spółka Akcyjna,30,15,15,35,25,39,40,61,52,47,55,46,460
Mieszków ,,68,37,43,67,62,113,101,120,98,95,117,95,1016
Chocicza,Koleje Wielkopolskie Sp. z o.o.,37,21,30,31,38,73,60,60,48,50,62,47,557
Chocicza,POLREGIO Spółka Akcyjna,32,15,17,32,24,34,41,62,50,45,55,42,449
Chocicza ,,69,36,47,63,62,107,101,122,98,95,117,89,1006
Sulęcinek,Koleje Wielkopolskie Sp. z o.o.,35,20,33,35,34,68,63,60,51,46,63,48,556
Sulęcinek,POLREGIO Spółka Akcyjna,29,15,17,30,24,37,42,67,50,45,56,41,453
Sulęcinek ,,64,35,50,65,58,105,105,127,101,91,119,89,1009
Solec Wielkopolski,Koleje Wielkopolskie Sp. z o.o.,38,21,34,36,35,72,64,61,49,51,66,51,578
Solec Wielkopolski,POLREGIO Spółka Akcyjna,32,14,20,33,24,39,42,70,51,49,60,41,475
Solec Wielkopolski ,,70,35,54,69,59,111,106,131,100,100,126,92,1053
Oleśnica,CARGO Master Spółka z o.o.,,,1,,,,,,,,,,1
Oleśnica,Koleje Dolnośląskie S.A.,33,22,9,14,14,17,32,18,32,22,38,26,277
Oleśnica,PKP INTERCITY Spółka Akcyjna ,,,,,,,,,2,,,,2
Oleśnica,POLREGIO Spółka Akcyjna,122,65,75,81,75,51,85,60,93,81,88,127,1003
Oleśnica ,,155,87,85,95,89,68,117,78,127,103,126,153,1283
Czerwionka,Koleje Śląskie Spółka z o.o.,95,62,59,79,78,85,169,170,114,112,163,73,1259
Czerwionka ,,95,62,59,79,78,85,169,170,114,112,163,73,1259
Klimontów,Koleje Małopolskie Sp. z o.o.,48,13,13,18,12,15,24,86,11,10,21,19,290
Klimontów,POLREGIO Spółka Akcyjna,137,60,71,61,57,90,104,143,100,93,131,93,1140
Klimontów ,,185,73,84,79,69,105,128,229,111,103,152,112,1430
Orzesze Jaśkowice,Koleje Śląskie Spółka z o.o.,100,65,67,82,76,90,152,161,132,116,174,76,1291
Orzesze Jaśkowice ,,100,65,67,82,76,90,152,161,132,116,174,76,1291
Czechowice-Dziedzice Południowe,Koleje Śląskie Spółka z o.o.,255,132,139,146,122,224,261,145,166,233,192,202,2217
Czechowice-Dziedzice Południowe ,,255,132,139,146,122,224,261,145,166,233,192,202,2217
Bielsko-Biała Komorowice,Koleje Śląskie Spółka z o.o.,255,132,141,145,127,229,262,144,168,234,184,198,2219
Bielsko-Biała Komorowice ,,255,132,141,145,127,229,262,144,168,234,184,198,2219
Czechowice-Dziedzice Przystanek,Koleje Śląskie Spółka z o.o.,263,133,143,152,128,225,272,155,175,247,196,205,2294
Czechowice-Dziedzice Przystanek ,,263,133,143,152,128,225,272,155,175,247,196,205,2294
Łapy,PKP INTERCITY Spółka Akcyjna ,125,69,116,57,84,94,119,99,79,75,81,66,1064
Łapy,POLREGIO Spółka Akcyjna,67,39,71,19,38,33,34,45,41,18,17,20,442
Łapy ,,192,108,187,76,122,127,153,144,120,93,98,86,1506
Wrocław Stadion,Koleje Dolnośląskie S.A.,219,108,91,87,127,75,110,67,190,161,228,128,1591
Wrocław Stadion,PKP INTERCITY Spółka Akcyjna ,,0,1,1,1,,,0,,,1,,4
Wrocław Stadion,POLREGIO Spółka Akcyjna,,,19,35,42,33,33,26,56,50,64,15,373
Wrocław Stadion ,,219,108,111,123,170,108,143,93,246,211,293,143,1968
Wrocław Kuźniki,CARGO Master Spółka z o.o.,,,1,0,,,,,,,,,1
Wrocław Kuźniki,Koleje Dolnośląskie S.A.,207,99,86,79,121,73,105,65,183,155,217,124,1514
Wrocław Kuźniki,LEO Express Global a.s.,,,0,,,,,,,,,,0
Wrocław Kuźniki,POLREGIO Spółka Akcyjna,,,17,34,43,31,31,22,55,49,64,15,361
Wrocław Kuźniki ,,207,99,104,113,164,104,136,87,238,204,281,139,1876
Wrocław Pracze,CARGO Master Spółka z o.o.,,,,0,,,,,,,,,0
Wrocław Pracze,Koleje Dolnośląskie S.A.,217,106,87,90,129,77,111,69,190,157,223,125,1581
Wrocław Pracze,PKP INTERCITY Spółka Akcyjna ,,,,,,,,,,,1,,1
Wrocław Pracze,POLREGIO Spółka Akcyjna,,,19,35,42,33,36,26,58,49,63,15,376
Wrocław Pracze ,,217,106,106,125,171,110,147,95,248,206,287,140,1958
Czerna Mała,Koleje Dolnośląskie S.A.,220,115,105,102,134,88,120,70,179,159,239,137,1668
Czerna Mała,POLREGIO Spółka Akcyjna,,,21,41,43,41,40,29,69,50,68,15,417
Czerna Mała ,,220,115,126,143,177,129,160,99,248,209,307,152,2085
Brzezinka Średzka,Koleje Dolnośląskie S.A.,214,110,97,100,134,83,121,70,178,158,229,135,1629
Brzezinka Średzka,POLREGIO Spółka Akcyjna,,,22,38,44,39,39,29,68,48,65,14,406
Brzezinka Średzka ,,214,110,119,138,178,122,160,99,246,206,294,149,2035
Radom Północny,Koleje Mazowieckie - KM Spółka z o.o.,119,77,134,100,137,108,185,193,142,91,84,62,1432
Radom Północny ,,119,77,134,100,137,108,185,193,142,91,84,62,1432
Księginice,Koleje Dolnośląskie S.A.,223,115,101,105,133,86,121,71,182,158,241,134,1670
Księginice,POLREGIO Spółka Akcyjna,,,22,40,43,41,37,29,73,50,66,14,415
Księginice ,,223,115,123,145,176,127,158,100,255,208,307,148,2085
Łososiowice,Koleje Dolnośląskie S.A.,231,122,100,102,140,104,122,64,171,150,271,158,1735
Łososiowice,POLREGIO Spółka Akcyjna,,,24,44,44,50,45,35,78,47,73,16,456
Łososiowice ,,231,122,124,146,184,154,167,99,249,197,344,174,2191
Cieplewo,POLREGIO Spółka Akcyjna,154,82,75,79,99,159,232,276,129,130,147,148,1710
Cieplewo ,,154,82,75,79,99,159,232,276,129,130,147,148,1710
Lisewo,POLREGIO Spółka Akcyjna,142,72,72,68,77,109,226,227,117,103,110,145,1468
Lisewo ,,142,72,72,68,77,109,226,227,117,103,110,145,1468
Ostrołęka,CARGO Master Spółka z o.o.,,,,,0,,,,,,,,0
Ostrołęka,Koleje Mazowieckie - KM Spółka z o.o.,67,54,28,26,22,55,40,43,26,47,52,23,483
Ostrołęka,PKP INTERCITY Spółka Akcyjna ,,,0,,,,0,,,,,,0
Ostrołęka,POLREGIO Spółka Akcyjna,,,4,6,2,10,15,26,23,10,3,8,107
Ostrołęka ,,67,54,32,32,24,65,55,69,49,57,55,31,590
Malbork Kałdowo,POLREGIO Spółka Akcyjna,135,74,69,66,72,103,212,225,106,106,98,134,1400
Malbork Kałdowo ,,135,74,69,66,72,103,212,225,106,106,98,134,1400
Stogi Malborskie,POLREGIO Spółka Akcyjna,133,78,69,66,74,105,216,227,108,106,100,139,1421
Stogi Malborskie ,,133,78,69,66,74,105,216,227,108,106,100,139,1421
Boguchwała,POLREGIO Spółka Akcyjna,63,39,86,88,111,65,86,42,69,129,93,77,948
Boguchwała ,,63,39,86,88,111,65,86,42,69,129,93,77,948
Wodzisław Śląski,Koleje Śląskie Spółka z o.o.,89,51,44,49,46,66,97,87,88,115,113,64,909
Wodzisław Śląski,PKP INTERCITY Spółka Akcyjna ,160,121,103,113,126,131,143,149,89,129,156,143,1563
Wodzisław Śląski ,,249,172,147,162,172,197,240,236,177,244,269,207,2472
Runowo Pomorskie,PKP INTERCITY Spółka Akcyjna ,86,44,60,48,65,103,109,134,70,77,87,121,1004
Runowo Pomorskie,POLREGIO Spółka Akcyjna,75,32,84,38,51,65,76,68,73,75,63,82,782
Runowo Pomorskie ,,161,76,144,86,116,168,185,202,143,152,150,203,1786
Wrocław Zachodni,Koleje Dolnośląskie S.A.,164,82,76,92,78,73,116,87,145,171,172,159,1415
Wrocław Zachodni,POLREGIO Spółka Akcyjna,9,1,0,3,0,5,5,2,1,2,6,2,36
Wrocław Zachodni ,,173,83,76,95,78,78,121,89,146,173,178,161,1451
Jastrzębsko,Koleje Wielkopolskie Sp. z o.o.,85,33,44,38,53,58,54,87,63,51,61,102,729
Jastrzębsko,POLREGIO Spółka Akcyjna,74,47,78,51,63,86,47,86,84,77,80,71,844
Jastrzębsko ,,159,80,122,89,116,144,101,173,147,128,141,173,1573
Chrośnica,Koleje Wielkopolskie Sp. z o.o.,83,32,43,36,52,57,52,89,63,89,61,97,754
Chrośnica,POLREGIO Spółka Akcyjna,73,46,78,51,65,87,48,88,83,80,80,71,850
Chrośnica ,,156,78,121,87,117,144,100,177,146,169,141,168,1604
Sadowice Wrocławskie,Koleje Dolnośląskie S.A.,176,92,85,105,81,79,130,94,154,196,173,183,1548
Sadowice Wrocławskie,POLREGIO Spółka Akcyjna,9,1,0,3,0,5,5,2,1,2,6,2,36
Sadowice Wrocławskie ,,185,93,85,108,81,84,135,96,155,198,179,185,1584
Mokronos Górny,Koleje Dolnośląskie S.A.,168,86,78,106,78,76,119,90,148,178,176,165,1468
Mokronos Górny,POLREGIO Spółka Akcyjna,9,1,0,3,0,5,5,2,1,2,6,2,36
Mokronos Górny ,,177,87,78,109,78,81,124,92,149,180,182,167,1504
Rzeszów Centrum,POLREGIO Spółka Akcyjna,59,39,78,83,101,54,72,42,72,120,102,85,907
Rzeszów Centrum ,,59,39,78,83,101,54,72,42,72,120,102,85,907
Rzeszów Staroniwa,POLREGIO Spółka Akcyjna,60,35,72,80,97,54,71,40,69,115,92,81,866
Rzeszów Staroniwa ,,60,35,72,80,97,54,71,40,69,115,92,81,866
Rzeszów Zwięczyca,POLREGIO Spółka Akcyjna,66,43,89,94,115,63,83,42,79,135,104,91,1004
Rzeszów Zwięczyca ,,66,43,89,94,115,63,83,42,79,135,104,91,1004
Rzeszów Politechnika,POLREGIO Spółka Akcyjna,68,45,89,90,114,62,78,45,77,137,105,97,1007
Rzeszów Politechnika ,,68,45,89,90,114,62,78,45,77,137,105,97,1007
Rzeszów Osiedle,POLREGIO Spółka Akcyjna,68,44,92,93,114,64,80,44,78,135,103,91,1006
Rzeszów Osiedle ,,68,44,92,93,114,64,80,44,78,135,103,91,1006
Boguchwała Dolna,POLREGIO Spółka Akcyjna,68,42,91,99,116,66,85,41,80,139,105,89,1021
Boguchwała Dolna ,,68,42,91,99,116,66,85,41,80,139,105,89,1021
Zaborów,POLREGIO Spółka Akcyjna,84,40,95,90,138,62,88,40,77,132,98,65,1009
Zaborów ,,84,40,95,90,138,62,88,40,77,132,98,65,1009
Wisłoczanka,POLREGIO Spółka Akcyjna,95,48,98,103,126,67,89,49,96,157,112,89,1129
Wisłoczanka ,,95,48,98,103,126,67,89,49,96,157,112,89,1129
Czudec,POLREGIO Spółka Akcyjna,89,40,95,96,131,59,81,41,85,136,106,62,1021
Czudec ,,89,40,95,96,131,59,81,41,85,136,106,62,1021
Babica Kolonia,POLREGIO Spółka Akcyjna,98,43,104,104,140,64,90,49,87,153,114,74,1120
Babica Kolonia ,,98,43,104,104,140,64,90,49,87,153,114,74,1120
Babica,POLREGIO Spółka Akcyjna,89,39,94,90,117,62,82,40,82,135,103,72,1005
Babica ,,89,39,94,90,117,62,82,40,82,135,103,72,1005
Zaborów Błonia,POLREGIO Spółka Akcyjna,91,42,103,96,142,67,94,44,87,139,106,66,1077
Zaborów Błonia ,,91,42,103,96,142,67,94,44,87,139,106,66,1077
Żarnowa,POLREGIO Spółka Akcyjna,92,47,110,99,164,62,90,43,84,140,110,72,1113
Żarnowa ,,92,47,110,99,164,62,90,43,84,140,110,72,1113
Lubań Śląski,Koleje Dolnośląskie S.A.,128,44,45,45,89,64,123,81,153,270,230,127,1399
Lubań Śląski,POLREGIO Spółka Akcyjna,1,0,0,2,2,0,0,2,5,1,9,5,27
Lubań Śląski ,,129,44,45,47,91,64,123,83,158,271,239,132,1426
Jelenia Góra Zabobrze,Koleje Dolnośląskie S.A.,153,49,38,84,95,81,115,92,131,307,207,132,1484
Jelenia Góra Zabobrze,POLREGIO Spółka Akcyjna,20,6,6,11,2,6,5,4,10,25,16,16,127
Jelenia Góra Zabobrze ,,173,55,44,95,97,87,120,96,141,332,223,148,1611
Wałbrzych Szczawienko,Koleje Dolnośląskie S.A.,201,102,105,120,112,115,144,128,209,285,220,169,1910
Wałbrzych Szczawienko,POLREGIO Spółka Akcyjna,15,13,9,8,8,15,16,8,14,19,17,17,159
Wałbrzych Szczawienko ,,216,115,114,128,120,130,160,136,223,304,237,186,2069
Siechnice,CARGO Master Spółka z o.o.,,,0,0,,,,,,,,,0
Siechnice,Koleje Dolnośląskie S.A.,82,47,34,39,45,66,90,55,71,59,71,73,732
Siechnice,POLREGIO Spółka Akcyjna,9,6,8,11,2,12,18,11,18,12,9,6,122
Siechnice ,,91,53,42,50,47,78,108,66,89,71,80,79,854
Czernica Wrocławska,Koleje Dolnośląskie S.A.,76,47,31,33,38,63,87,53,61,48,69,67,673
Czernica Wrocławska,POLREGIO Spółka Akcyjna,9,5,7,13,6,12,20,10,21,13,9,5,130
Czernica Wrocławska ,,85,52,38,46,44,75,107,63,82,61,78,72,803
Zakrzów Kotowice,Koleje Dolnośląskie S.A.,90,56,38,45,46,67,94,59,81,61,75,75,787
Zakrzów Kotowice,POLREGIO Spółka Akcyjna,8,5,11,13,6,14,20,13,22,13,14,7,146
Zakrzów Kotowice ,,98,61,49,58,52,81,114,72,103,74,89,82,933
Mirków,Koleje Dolnośląskie S.A.,32,18,11,17,16,18,35,21,34,24,35,27,288
Mirków,POLREGIO Spółka Akcyjna,127,55,74,80,66,44,89,56,91,74,81,118,955
Mirków ,,159,73,85,97,82,62,124,77,125,98,116,145,1243
Chełm Miasto,PKP INTERCITY Spółka Akcyjna ,32,18,20,14,19,20,5,,9,38,34,38,247
Chełm Miasto,POLREGIO Spółka Akcyjna,51,23,29,28,22,42,84,81,78,36,51,79,604
Chełm Miasto ,,83,41,49,42,41,62,89,81,87,74,85,117,851
Łódź Stoki,Łódzka Kolej Aglomeracyjna Sp. z o.o.,14,5,5,8,6,0,5,4,4,16,14,9,90
Łódź Stoki ,,14,5,5,8,6,0,5,4,4,16,14,9,90
Łódź Marysin,Łódzka Kolej Aglomeracyjna Sp. z o.o.,13,5,5,8,5,0,6,3,4,16,12,8,85
Łódź Marysin ,,13,5,5,8,5,0,6,3,4,16,12,8,85
Czerwonak,CARGO Master Spółka z o.o.,,,,,0,,,,,,,,0
Czerwonak,Koleje Wielkopolskie Sp. z o.o.,51,33,37,26,35,86,74,34,45,46,41,39,547
Czerwonak,PKP INTERCITY Spółka Akcyjna ,,,,,,,,,,,0,,0
Czerwonak ,,51,33,37,26,35,86,74,34,45,46,41,39,547
Murowana Goślina,CARGO Master Spółka z o.o.,,,,,0,,,,,,,,0
Murowana Goślina,Koleje Wielkopolskie Sp. z o.o.,64,31,45,21,39,77,70,34,52,51,54,44,582
Murowana Goślina,PKP INTERCITY Spółka Akcyjna ,,,,,,,,,,,1,,1
Murowana Goślina ,,64,31,45,21,39,77,70,34,52,51,55,44,583
Łódź Warszawska,Łódzka Kolej Aglomeracyjna Sp. z o.o.,11,5,5,8,4,0,7,4,5,19,16,10,94
Łódź Warszawska ,,11,5,5,8,4,0,7,4,5,19,16,10,94
Łódź Arturówek,Łódzka Kolej Aglomeracyjna Sp. z o.o.,11,4,5,7,4,0,7,4,5,20,16,10,93
Łódź Arturówek ,,11,4,5,7,4,0,7,4,5,20,16,10,93
Łódź Radogoszcz Wschód,Łódzka Kolej Aglomeracyjna Sp. z o.o.,13,4,5,7,4,1,7,3,5,20,15,10,94
Łódź Radogoszcz Wschód ,,13,4,5,7,4,1,7,3,5,20,15,10,94
Bolechowo,Koleje Wielkopolskie Sp. z o.o.,54,30,44,19,41,86,74,36,50,47,46,44,571
Bolechowo ,,54,30,44,19,41,86,74,36,50,47,46,44,571
Czerwonak Osiedle,Koleje Wielkopolskie Sp. z o.o.,54,35,42,25,42,89,77,37,50,51,51,45,598
Czerwonak Osiedle ,,54,35,42,25,42,89,77,37,50,51,51,45,598
Owińska,Koleje Wielkopolskie Sp. z o.o.,54,34,42,25,41,90,76,37,50,49,50,44,592
Owińska ,,54,34,42,25,41,90,76,37,50,49,50,44,592
Złotniki,CARGO Master Spółka z o.o.,,,,,1,,,,,,,,1
Złotniki,Koleje Wielkopolskie Sp. z o.o.,72,26,85,13,32,46,41,45,35,24,24,48,491
Złotniki,PKP INTERCITY Spółka Akcyjna ,,1,,,,,,,,,4,,5
Złotniki,POLREGIO Spółka Akcyjna,70,39,51,23,35,56,57,50,53,58,56,70,618
Złotniki,RAILPOLONIA Sp. z o.o. (przewozy pasażerskie),,,,,,,,,,,,1,1
Złotniki ,,142,66,136,36,68,102,98,95,88,82,84,119,1116
Mikołów Jamna,Koleje Śląskie Spółka z o.o.,86,56,57,82,71,84,125,130,131,99,163,82,1166
Mikołów Jamna ,,86,56,57,82,71,84,125,130,131,99,163,82,1166
Oborniki Wielkopolskie,Koleje Wielkopolskie Sp. z o.o.,80,31,115,19,30,64,64,55,43,36,30,55,622
Oborniki Wielkopolskie,PKP INTERCITY Spółka Akcyjna ,,,,,,,,,,,0,,0
Oborniki Wielkopolskie,POLREGIO Spółka Akcyjna,73,41,53,27,35,57,61,62,47,51,54,72,633
Oborniki Wielkopolskie ,,153,72,168,46,65,121,125,117,90,87,84,127,1255
Łaziska Górne Brada,Koleje Śląskie Spółka z o.o.,92,55,55,83,76,83,134,130,133,107,170,84,1202
Łaziska Górne Brada ,,92,55,55,83,76,83,134,130,133,107,170,84,1202
Poznań Podolany,CARGO Master Spółka z o.o.,,,,,2,,,,,,,,2
Poznań Podolany,Koleje Wielkopolskie Sp. z o.o.,60,25,76,14,36,48,43,48,36,26,27,52,491
Poznań Podolany,PKP INTERCITY Spółka Akcyjna ,,,,,,,,,,,1,,1
Poznań Podolany,POLREGIO Spółka Akcyjna,63,31,44,25,30,59,62,54,60,71,63,69,631
Poznań Podolany,RAILPOLONIA Sp. z o.o. (przewozy pasażerskie),,,,,,,,,,,,0,0
Poznań Podolany ,,123,56,120,39,68,107,105,102,96,97,91,121,1125
Poznań Strzeszyn,CARGO Master Spółka z o.o.,,,,,1,,,,,,,,1
Poznań Strzeszyn,Koleje Wielkopolskie Sp. z o.o.,60,25,78,14,36,47,42,48,36,25,26,52,489
Poznań Strzeszyn,PKP INTERCITY Spółka Akcyjna ,,1,,,,,,,,,,,1
Poznań Strzeszyn,POLREGIO Spółka Akcyjna,64,32,43,25,31,59,63,54,60,70,62,69,632
Poznań Strzeszyn ,,124,58,121,39,68,106,105,102,96,95,88,121,1123
Wargowo,Koleje Wielkopolskie Sp. z o.o.,80,30,92,17,26,51,48,52,39,26,31,46,538
Wargowo,POLREGIO Spółka Akcyjna,73,42,56,27,34,57,57,52,54,55,51,67,625
Wargowo ,,153,72,148,44,60,108,105,104,93,81,82,113,1163
Bogdanowo,Koleje Wielkopolskie Sp. z o.o.,79,32,127,19,33,53,57,55,47,37,31,53,623
Bogdanowo,POLREGIO Spółka Akcyjna,75,42,57,28,36,61,61,58,59,62,58,72,669
Bogdanowo ,,154,74,184,47,69,114,118,113,106,99,89,125,1292
Golęczewo,Koleje Wielkopolskie Sp. z o.o.,78,23,91,16,31,52,53,50,42,27,31,56,550
Golęczewo,POLREGIO Spółka Akcyjna,73,42,56,28,37,61,61,51,57,62,61,75,664
Golęczewo ,,151,65,147,44,68,113,114,101,99,89,92,131,1214
Złotniki Grzybowe,Koleje Wielkopolskie Sp. z o.o.,70,25,82,17,32,48,45,46,37,27,27,53,509
Złotniki Grzybowe,POLREGIO Spółka Akcyjna,67,33,49,27,35,59,63,53,58,71,63,71,649
Złotniki Grzybowe ,,137,58,131,44,67,107,108,99,95,98,90,124,1158
Złotkowo,Koleje Wielkopolskie Sp. z o.o.,77,26,89,16,32,51,52,47,40,27,31,54,542
Złotkowo,POLREGIO Spółka Akcyjna,73,42,56,27,37,61,61,51,57,62,61,75,663
Złotkowo ,,150,68,145,43,69,112,113,98,97,89,92,129,1205
Chludowo,Koleje Wielkopolskie Sp. z o.o.,76,24,91,16,29,54,51,52,43,27,31,56,550
Chludowo,POLREGIO Spółka Akcyjna,72,42,56,27,37,61,60,52,57,62,61,74,661
Chludowo ,,148,66,147,43,66,115,111,104,100,89,92,130,1211
Żary,CARGO Master Spółka z o.o.,,,0,,,,,,,,,,0
Żary,Koleje Dolnośląskie S.A.,39,20,17,21,28,22,36,19,71,58,55,51,437
Żary,PKP INTERCITY Spółka Akcyjna ,13,2,7,7,6,7,6,5,11,6,8,21,99
Żary,POLREGIO Spółka Akcyjna,77,42,46,54,42,52,74,110,251,229,171,188,1336
Żary ,,129,64,70,82,76,81,116,134,333,293,234,260,1872
Borowa Oleśnicka,Koleje Dolnośląskie S.A.,33,18,12,17,15,17,36,20,33,22,35,26,284
Borowa Oleśnicka,POLREGIO Spółka Akcyjna,123,60,65,72,71,44,88,54,91,74,76,112,930
Borowa Oleśnicka ,,156,78,77,89,86,61,124,74,124,96,111,138,1214
Brzeźnica,Koleje Małopolskie Sp. z o.o.,70,32,46,60,45,53,62,80,83,39,35,44,649
Brzeźnica,PKP CARGO S.A. w restrukturyzacji,,,,,,,,,0,,,,0
Brzeźnica ,,70,32,46,60,45,53,62,80,83,39,35,44,649
Cierpice Kąkol,POLREGIO Spółka Akcyjna,110,60,61,48,57,73,106,137,93,108,144,76,1073
Cierpice Kąkol ,,110,60,61,48,57,73,106,137,93,108,144,76,1073
Zator Park Rozrywki,Koleje Małopolskie Sp. z o.o.,82,32,61,68,45,53,72,88,95,37,39,38,710
Zator Park Rozrywki,PKP INTERCITY Spółka Akcyjna ,,,,,,,,,,,,0,0
Zator Park Rozrywki ,,82,32,61,68,45,53,72,88,95,37,39,38,710
Jaśkowice,Koleje Małopolskie Sp. z o.o.,120,43,58,61,55,66,84,102,108,38,38,47,820
Jaśkowice ,,120,43,58,61,55,66,84,102,108,38,38,47,820
Zelczyna,Koleje Małopolskie Sp. z o.o.,114,41,58,62,53,63,83,105,104,44,37,44,808
Zelczyna ,,114,41,58,62,53,63,83,105,104,44,37,44,808
Wielkie Drogi,Koleje Małopolskie Sp. z o.o.,117,43,58,63,55,66,84,103,108,41,39,46,823
Wielkie Drogi ,,117,43,58,63,55,66,84,103,108,41,39,46,823
Skawina Zachodnia,Koleje Małopolskie Sp. z o.o.,107,32,58,58,51,51,69,94,70,38,36,41,705
Skawina Zachodnia ,,107,32,58,58,51,51,69,94,70,38,36,41,705
Podbory Skawińskie,Koleje Małopolskie Sp. z o.o.,106,32,56,58,49,51,68,90,72,37,35,39,693
Podbory Skawińskie ,,106,32,56,58,49,51,68,90,72,37,35,39,693
Goczałkowice-Zdrój,Koleje Śląskie Spółka z o.o.,295,141,155,196,142,265,281,171,209,321,273,330,2779
Goczałkowice-Zdrój ,,295,141,155,196,142,265,281,171,209,321,273,330,2779
Dwory,Koleje Małopolskie Sp. z o.o.,78,30,49,66,36,47,66,81,75,33,38,35,634
Dwory ,,78,30,49,66,36,47,66,81,75,33,38,35,634
Przeciszów,Koleje Małopolskie Sp. z o.o.,78,34,58,63,38,54,73,86,85,35,37,35,676
Przeciszów ,,78,34,58,63,38,54,73,86,85,35,37,35,676
Włosienica,Koleje Małopolskie Sp. z o.o.,80,35,58,73,38,55,76,86,84,44,39,38,706
Włosienica ,,80,35,58,73,38,55,76,86,84,44,39,38,706
Spytkowice,Koleje Małopolskie Sp. z o.o.,77,29,55,67,41,51,66,88,80,37,36,38,665
Spytkowice,PKP CARGO S.A. w restrukturyzacji,,,,,,,,,0,,,,0
Spytkowice ,,77,29,55,67,41,51,66,88,80,37,36,38,665
Czerwionka Dębieńsko,Koleje Śląskie Spółka z o.o.,105,68,64,83,87,100,184,184,120,114,173,75,1357
Czerwionka Dębieńsko ,,105,68,64,83,87,100,184,184,120,114,173,75,1357
Zator,Koleje Małopolskie Sp. z o.o.,80,30,61,70,44,52,71,88,92,38,38,40,704
Zator ,,80,30,61,70,44,52,71,88,92,38,38,40,704
Spytkowice Kępki,Koleje Małopolskie Sp. z o.o.,81,36,57,74,53,53,67,93,83,45,39,42,723
Spytkowice Kępki ,,81,36,57,74,53,53,67,93,83,45,39,42,723
Ryczów,Koleje Małopolskie Sp. z o.o.,78,37,54,70,56,54,67,96,83,46,39,44,724
Ryczów ,,78,37,54,70,56,54,67,96,83,46,39,44,724
Półwieś,Koleje Małopolskie Sp. z o.o.,72,40,54,68,62,55,65,91,79,44,36,45,711
Półwieś ,,72,40,54,68,62,55,65,91,79,44,36,45,711
Dzierżoniów Śląski,Koleje Dolnośląskie S.A.,217,86,106,104,117,119,178,173,164,203,216,135,1818
Dzierżoniów Śląski,PKP INTERCITY Spółka Akcyjna ,33,9,8,5,12,12,17,13,16,33,28,17,203
Dzierżoniów Śląski ,,250,95,114,109,129,131,195,186,180,236,244,152,2021
Różyny,POLREGIO Spółka Akcyjna,153,85,74,76,96,151,214,260,123,131,141,153,1657
Różyny ,,153,85,74,76,96,151,214,260,123,131,141,153,1657
Skowarcz,POLREGIO Spółka Akcyjna,153,83,74,73,94,147,218,255,128,133,140,153,1651
Skowarcz ,,153,83,74,73,94,147,218,255,128,133,140,153,1651
Przecza,POLREGIO Spółka Akcyjna,254,135,180,129,169,148,209,194,286,290,294,210,2498
Przecza ,,254,135,180,129,169,148,209,194,286,290,294,210,2498
Dąbrowa Niemodlińska,POLREGIO Spółka Akcyjna,263,136,178,131,171,150,211,194,292,308,306,208,2548
Dąbrowa Niemodlińska ,,263,136,178,131,171,150,211,194,292,308,306,208,2548
Chróścina Opolska,POLREGIO Spółka Akcyjna,248,134,173,132,170,145,201,185,269,301,300,206,2464
Chróścina Opolska ,,248,134,173,132,170,145,201,185,269,301,300,206,2464
Łosiów,POLREGIO Spółka Akcyjna,258,131,179,126,160,161,211,200,273,296,297,209,2501
Łosiów ,,258,131,179,126,160,161,211,200,273,296,297,209,2501
Lewin Brzeski,POLREGIO Spółka Akcyjna,249,134,176,130,164,145,205,190,284,285,298,208,2468
Lewin Brzeski ,,249,134,176,130,164,145,205,190,284,285,298,208,2468
Rogoźnica koło Rzeszowa,POLREGIO Spółka Akcyjna,126,58,111,41,44,43,70,43,41,66,45,58,746
Rogoźnica koło Rzeszowa ,,126,58,111,41,44,43,70,43,41,66,45,58,746
Głogów Małopolski Niwa,POLREGIO Spółka Akcyjna,126,58,111,42,43,44,70,44,43,68,46,59,754
Głogów Małopolski Niwa ,,126,58,111,42,43,44,70,44,43,68,46,59,754
Głogów Małopolski,POLREGIO Spółka Akcyjna,119,51,100,35,37,43,68,44,34,61,40,55,687
Głogów Małopolski ,,119,51,100,35,37,43,68,44,34,61,40,55,687
Goleszów,Koleje Śląskie Spółka z o.o.,190,76,103,159,165,169,117,92,123,102,147,154,1597
Goleszów,PKP INTERCITY Spółka Akcyjna ,9,4,4,6,6,9,2,5,6,2,4,6,63
Goleszów ,,199,80,107,165,171,178,119,97,129,104,151,160,1660
Kolbuszowa Górna,POLREGIO Spółka Akcyjna,124,66,111,41,45,58,72,46,42,62,51,67,785
Kolbuszowa Górna ,,124,66,111,41,45,58,72,46,42,62,51,67,785
Widełka,POLREGIO Spółka Akcyjna,126,64,109,41,46,56,73,47,43,61,51,67,784
Widełka ,,126,64,109,41,46,56,73,47,43,61,51,67,784
Budy Głogowskie,POLREGIO Spółka Akcyjna,125,55,109,36,44,46,71,40,36,60,42,60,724
Budy Głogowskie ,,125,55,109,36,44,46,71,40,36,60,42,60,724
Prostyń,CARGO Master Spółka z o.o.,,,,,0,,,,,,,,0
Prostyń,Koleje Mazowieckie - KM Spółka z o.o.,55,23,15,21,27,31,46,40,49,55,43,19,424
Prostyń ,,55,23,15,21,27,31,46,40,49,55,43,19,424
Topór,Koleje Mazowieckie - KM Spółka z o.o.,57,23,23,24,27,34,50,41,51,57,45,23,455
Topór ,,57,23,23,24,27,34,50,41,51,57,45,23,455
Sadowne Węgrowskie,Koleje Mazowieckie - KM Spółka z o.o.,56,23,22,23,28,33,47,40,50,57,45,20,444
Sadowne Węgrowskie ,,56,23,22,23,28,33,47,40,50,57,45,20,444
Ostrówek Węgrowski,Koleje Mazowieckie - KM Spółka z o.o.,60,23,25,26,30,34,54,42,57,56,45,23,475
Ostrówek Węgrowski ,,60,23,25,26,30,34,54,42,57,56,45,23,475
Poznań Karolin,Koleje Wielkopolskie Sp. z o.o.,48,32,34,24,32,89,73,33,42,46,41,36,530
Poznań Karolin ,,48,32,34,24,32,89,73,33,42,46,41,36,530
Wrocław Osobowice,CARGO Master Spółka z o.o.,,,0,0,2,,,,,,,,2
Wrocław Osobowice,Koleje Dolnośląskie S.A.,87,27,39,28,26,40,73,80,49,44,187,125,805
Wrocław Osobowice,LEO Express Global a.s.,,,0,,,,,,,,,,0
Wrocław Osobowice,POLREGIO Spółka Akcyjna,82,77,62,51,57,88,94,76,89,79,89,84,928
Wrocław Osobowice ,,169,104,101,79,85,128,167,156,138,123,276,209,1735
Zgierz Północ,Łódzka Kolej Aglomeracyjna Sp. z o.o.,17,26,25,20,20,20,31,41,31,33,65,39,368
Zgierz Północ,POLREGIO Spółka Akcyjna,6,5,7,5,3,10,12,16,15,6,12,11,108
Zgierz Północ ,,23,31,32,25,23,30,43,57,46,39,77,50,476
Wrocław Różanka,Koleje Dolnośląskie S.A.,95,35,41,32,28,44,72,82,52,48,191,132,852
Wrocław Różanka,POLREGIO Spółka Akcyjna,100,102,71,61,65,94,94,77,101,86,98,91,1040
Wrocław Różanka ,,195,137,112,93,93,138,166,159,153,134,289,223,1892
Wrocław Popowice,Koleje Dolnośląskie S.A.,95,35,40,32,28,41,72,82,51,47,191,131,845
Wrocław Popowice,POLREGIO Spółka Akcyjna,96,97,70,60,60,88,93,75,97,84,97,87,1004
Wrocław Popowice ,,191,132,110,92,88,129,165,157,148,131,288,218,1849
Szewce,Koleje Dolnośląskie S.A.,93,34,39,29,28,44,79,81,50,51,189,130,847
Szewce,POLREGIO Spółka Akcyjna,91,96,69,57,64,95,104,83,103,94,97,98,1051
Szewce ,,184,130,108,86,92,139,183,164,153,145,286,228,1898
Pęgów,Koleje Dolnośląskie S.A.,90,35,39,29,28,42,78,74,47,50,188,126,826
Pęgów,POLREGIO Spółka Akcyjna,91,98,71,55,61,98,102,80,99,92,94,97,1038
Pęgów ,,181,133,110,84,89,140,180,154,146,142,282,223,1864
Wrocław Świniary,Koleje Dolnośląskie S.A.,93,34,40,28,29,44,79,81,50,50,191,131,850
Wrocław Świniary,POLREGIO Spółka Akcyjna,92,94,69,56,64,95,102,83,103,94,95,99,1046
Wrocław Świniary ,,185,128,109,84,93,139,181,164,153,144,286,230,1896
Korzeńsko,Koleje Dolnośląskie S.A.,82,35,34,28,26,33,60,63,39,51,174,120,745
Korzeńsko,POLREGIO Spółka Akcyjna,90,95,62,50,72,91,94,70,98,94,103,118,1037
Korzeńsko ,,172,130,96,78,98,124,154,133,137,145,277,238,1782
Garbce,Koleje Dolnośląskie S.A.,84,39,34,29,28,34,65,67,42,53,175,122,772
Garbce,POLREGIO Spółka Akcyjna,94,99,66,51,73,92,100,77,99,94,103,118,1066
Garbce ,,178,138,100,80,101,126,165,144,141,147,278,240,1838
Zielone Wzgórza,Koleje Wielkopolskie Sp. z o.o.,56,33,47,21,41,80,69,35,48,50,48,43,571
Zielone Wzgórza ,,56,33,47,21,41,80,69,35,48,50,48,43,571
Skokowa,Koleje Dolnośląskie S.A.,78,32,37,26,26,35,68,68,45,54,176,115,760
Skokowa,POLREGIO Spółka Akcyjna,87,74,62,52,60,89,99,74,96,89,88,89,959
Skokowa ,,165,106,99,78,86,124,167,142,141,143,264,204,1719
Osola,Koleje Dolnośląskie S.A.,92,41,40,31,30,39,74,73,51,58,182,120,831
Osola,POLREGIO Spółka Akcyjna,94,90,74,55,71,99,107,79,103,97,100,92,1061
Osola ,,186,131,114,86,101,138,181,152,154,155,282,212,1892
Wągrowiec,CARGO Master Spółka z o.o.,,,,,0,,,,,,,,0
Wągrowiec,Koleje Wielkopolskie Sp. z o.o.,47,21,34,14,27,68,58,18,36,30,29,41,423
Wągrowiec,PKP INTERCITY Spółka Akcyjna ,,,,,,,,,,,2,,2
Wągrowiec ,,47,21,34,14,27,68,58,18,36,30,31,41,425
Sława Wielkopolska,CARGO Master Spółka z o.o.,,,,,0,,,,,,,,0
Sława Wielkopolska,Koleje Wielkopolskie Sp. z o.o.,56,28,41,13,35,75,69,31,47,41,42,46,524
Sława Wielkopolska ,,56,28,41,13,35,75,69,31,47,41,42,46,524
Tychy Żwaków,Koleje Śląskie Spółka z o.o.,279,123,162,154,111,236,232,147,170,244,257,247,2362
Tychy Żwaków ,,279,123,162,154,111,236,232,147,170,244,257,247,2362
Przebędowo,Koleje Wielkopolskie Sp. z o.o.,68,35,46,18,42,81,81,35,56,51,55,52,620
Przebędowo ,,68,35,46,18,42,81,81,35,56,51,55,52,620
Skoki,Koleje Wielkopolskie Sp. z o.o.,65,24,48,13,39,77,75,28,42,38,36,53,538
Skoki ,,65,24,48,13,39,77,75,28,42,38,36,53,538
Pietrzykowice Żywieckie,Koleje Śląskie Spółka z o.o.,290,157,155,132,103,225,365,201,126,195,36,58,2043
Pietrzykowice Żywieckie ,,290,157,155,132,103,225,365,201,126,195,36,58,2043
Strzałkowo,Koleje Wielkopolskie Sp. z o.o.,80,50,58,82,83,109,98,77,103,157,117,79,1093
Strzałkowo ,,80,50,58,82,83,109,98,77,103,157,117,79,1093
Luzino,PKP Szybka Kolej Miejska w Trójmieście sp. z o.o.,51,22,22,18,26,37,128,87,27,42,44,42,546
Luzino,POLREGIO Spółka Akcyjna,124,41,42,42,64,135,277,284,75,86,105,169,1444
Luzino ,,175,63,64,60,90,172,405,371,102,128,149,211,1990
Gościcino Wejherowskie,PKP Szybka Kolej Miejska w Trójmieście sp. z o.o.,56,19,20,18,19,36,114,86,31,34,40,41,514
Gościcino Wejherowskie,POLREGIO Spółka Akcyjna,115,41,43,39,61,128,262,268,79,86,106,163,1391
Gościcino Wejherowskie ,,171,60,63,57,80,164,376,354,110,120,146,204,1905
Oleśnica Rataje,Koleje Dolnośląskie S.A.,42,30,15,29,25,28,53,62,46,41,63,44,478
Oleśnica Rataje,PKP INTERCITY Spółka Akcyjna ,66,48,43,39,44,60,69,102,70,54,71,84,750
Oleśnica Rataje,POLREGIO Spółka Akcyjna,46,46,44,40,35,21,28,35,62,40,41,64,502
Oleśnica Rataje ,,154,124,102,108,104,109,150,199,178,135,175,192,1730
Szczedrzykowice,Koleje Dolnośląskie S.A.,199,99,110,85,105,84,131,80,244,201,122,106,1566
Szczedrzykowice ,,199,99,110,85,105,84,131,80,244,201,122,106,1566
Jaśkowice Legnickie,Koleje Dolnośląskie S.A.,203,94,108,83,103,85,130,82,242,195,122,107,1554
Jaśkowice Legnickie ,,203,94,108,83,103,85,130,82,242,195,122,107,1554
Konin Zachód,Koleje Wielkopolskie Sp. z o.o.,110,66,83,99,110,117,98,70,118,139,118,95,1223
Konin Zachód ,,110,66,83,99,110,117,98,70,118,139,118,95,1223
Przedmoście Święte,Koleje Dolnośląskie S.A.,220,119,142,100,125,96,167,109,204,187,140,126,1735
Przedmoście Święte ,,220,119,142,100,125,96,167,109,204,187,140,126,1735
Mrozów,Koleje Dolnośląskie S.A.,222,109,138,96,122,92,168,113,184,179,144,124,1691
Mrozów ,,222,109,138,96,122,92,168,113,184,179,144,124,1691
Zgierz Jaracza,Łódzka Kolej Aglomeracyjna Sp. z o.o.,19,27,31,23,23,23,33,43,35,33,69,44,403
Zgierz Jaracza,POLREGIO Spółka Akcyjna,6,3,6,4,2,11,12,16,15,6,13,9,103
Zgierz Jaracza ,,25,30,37,27,25,34,45,59,50,39,82,53,506
Wrocław Żerniki,Koleje Dolnośląskie S.A.,203,93,111,83,109,82,159,96,165,154,135,117,1507
Wrocław Żerniki ,,203,93,111,83,109,82,159,96,165,154,135,117,1507
Kalety,Koleje Śląskie Spółka z o.o.,25,12,11,7,9,16,8,9,20,17,22,29,185
Kalety,POLREGIO Spółka Akcyjna,22,2,1,5,5,10,10,15,6,4,9,5,94
Kalety ,,47,14,12,12,14,26,18,24,26,21,31,34,279
Miasteczko Śląskie,Koleje Śląskie Spółka z o.o.,22,10,13,10,11,18,6,7,19,19,28,30,193
Miasteczko Śląskie,POLREGIO Spółka Akcyjna,22,3,3,5,5,10,10,14,5,5,12,6,100
Miasteczko Śląskie ,,44,13,16,15,16,28,16,21,24,24,40,36,293
Bolesławiec,Koleje Dolnośląskie S.A.,186,79,88,78,103,90,153,87,214,165,108,135,1486
Bolesławiec,PKP INTERCITY Spółka Akcyjna ,8,2,4,3,6,4,3,11,13,10,7,7,78
Bolesławiec,POLREGIO Spółka Akcyjna,,,,,,,,0,,,,,0
Bolesławiec ,,194,81,92,81,109,94,156,98,227,175,115,142,1564
Czersk,Arriva RP Sp. z o.o.,19,4,3,8,5,24,20,16,27,5,24,23,178
Czersk,CARGO Master Spółka z o.o.,,,,0,,,,,,,,,0
Czersk,PKP INTERCITY Spółka Akcyjna ,12,4,4,5,5,12,4,6,3,10,6,7,78
Czersk,POLREGIO Spółka Akcyjna,136,61,62,124,98,114,116,154,110,101,71,73,1220
Czersk ,,167,69,69,137,108,150,140,176,140,116,101,103,1476
Głowno,Łódzka Kolej Aglomeracyjna Sp. z o.o.,12,7,13,14,17,20,12,12,14,20,51,21,213
Głowno ,,12,7,13,14,17,20,12,12,14,20,51,21,213
Stryków,Łódzka Kolej Aglomeracyjna Sp. z o.o.,10,7,16,15,15,18,12,17,15,21,54,24,224
Stryków ,,10,7,16,15,15,18,12,17,15,21,54,24,224
Małowice Wołowskie,Koleje Dolnośląskie S.A.,242,121,103,97,138,93,109,63,142,122,198,131,1559
Małowice Wołowskie,POLREGIO Spółka Akcyjna,,,28,48,48,54,47,33,75,43,67,24,467
Małowice Wołowskie ,,242,121,131,145,186,147,156,96,217,165,265,155,2026
Orzeszków,Koleje Dolnośląskie S.A.,229,120,105,99,140,98,115,65,151,127,205,133,1587
Orzeszków,POLREGIO Spółka Akcyjna,,,28,48,48,56,48,34,74,42,67,24,469
Orzeszków ,,229,120,133,147,188,154,163,99,225,169,272,157,2056
Bardo Śląskie,Koleje Dolnośląskie S.A.,195,93,127,113,138,122,273,243,27,87,461,421,2300
Bardo Śląskie,PKP INTERCITY Spółka Akcyjna ,18,14,19,15,12,21,54,30,8,27,52,31,301
Bardo Śląskie,POLREGIO Spółka Akcyjna,9,6,6,3,2,3,5,6,9,11,15,16,91
Bardo Śląskie ,,222,113,152,131,152,146,332,279,44,125,528,468,2692
Świdnica Zawiszów,Koleje Dolnośląskie S.A.,239,117,148,159,143,160,215,189,230,321,285,195,2401
Świdnica Zawiszów ,,239,117,148,159,143,160,215,189,230,321,285,195,2401
Stalowa Wola Rozwadów,PKP INTERCITY Spółka Akcyjna ,82,42,31,27,33,37,56,63,52,34,47,67,571
Stalowa Wola Rozwadów,POLREGIO Spółka Akcyjna,129,74,89,48,53,69,69,69,33,58,70,85,846
Stalowa Wola Rozwadów ,,211,116,120,75,86,106,125,132,85,92,117,152,1417
Gorzkowice,Łódzka Kolej Aglomeracyjna Sp. z o.o.,24,8,8,16,19,31,38,29,26,11,27,42,279
Gorzkowice,PKP INTERCITY Spółka Akcyjna ,9,5,4,8,5,5,8,17,7,2,5,3,78
Gorzkowice,POLREGIO Spółka Akcyjna,55,34,39,18,37,45,76,67,57,35,62,53,578
Gorzkowice ,,88,47,51,42,61,81,122,113,90,48,94,98,935
Szepietowo,PKP INTERCITY Spółka Akcyjna ,130,63,123,58,75,115,145,110,80,72,83,76,1130
Szepietowo,POLREGIO Spółka Akcyjna,57,30,68,14,18,26,32,19,18,12,8,5,307
Szepietowo ,,187,93,191,72,93,141,177,129,98,84,91,81,1437
Boreczek,Koleje Dolnośląskie S.A.,196,87,83,67,75,84,215,258,126,143,633,381,2348
Boreczek,POLREGIO Spółka Akcyjna,11,5,1,0,0,3,5,3,2,4,27,7,68
Boreczek ,,207,92,84,67,75,87,220,261,128,147,660,388,2416
Żórawina,Koleje Dolnośląskie S.A.,193,86,82,66,74,81,218,269,127,144,540,353,2233
Żórawina,POLREGIO Spółka Akcyjna,11,5,1,0,0,2,4,10,3,6,21,7,70
Żórawina ,,204,91,83,66,74,83,222,279,130,150,561,360,2303
Libiąż,Koleje Małopolskie Sp. z o.o.,69,33,32,27,28,25,33,36,32,71,65,31,482
Libiąż,POLREGIO Spółka Akcyjna,56,52,24,18,19,20,19,27,19,60,40,46,400
Libiąż ,,125,85,56,45,47,45,52,63,51,131,105,77,882
Chełmek,Koleje Małopolskie Sp. z o.o.,63,41,31,25,26,25,33,35,31,71,64,33,478
Chełmek,POLREGIO Spółka Akcyjna,52,50,24,17,20,18,19,27,19,60,40,45,391
Chełmek ,,115,91,55,42,46,43,52,62,50,131,104,78,869
Gorzów Chrzanowski,Koleje Małopolskie Sp. z o.o.,63,40,33,25,26,24,34,34,32,71,65,33,480
Gorzów Chrzanowski,POLREGIO Spółka Akcyjna,52,50,24,18,21,18,17,25,17,60,38,44,384
Gorzów Chrzanowski ,,115,90,57,43,47,42,51,59,49,131,103,77,864
Chrzanów,Koleje Małopolskie Sp. z o.o.,68,30,31,26,28,26,34,35,31,74,64,32,479
Chrzanów,POLREGIO Spółka Akcyjna,55,51,25,18,19,22,19,27,22,63,38,47,406
Chrzanów ,,123,81,56,44,47,48,53,62,53,137,102,79,885
Mietków,Koleje Dolnośląskie S.A.,184,97,98,118,93,100,148,108,156,227,190,169,1688
Mietków,POLREGIO Spółka Akcyjna,17,12,7,8,9,14,11,4,9,12,16,11,130
Mietków ,,201,109,105,126,102,114,159,112,165,239,206,180,1818
Glinnik,Łódzka Kolej Aglomeracyjna Sp. z o.o.,8,6,13,12,13,14,11,15,14,21,56,23,206
Glinnik ,,8,6,13,12,13,14,11,15,14,21,56,23,206
Spławie,Koleje Wielkopolskie Sp. z o.o.,110,68,79,96,101,112,105,71,107,141,124,97,1211
Spławie ,,110,68,79,96,101,112,105,71,107,141,124,97,1211
Kawnice,Koleje Wielkopolskie Sp. z o.o.,109,67,77,97,107,115,99,70,107,133,119,96,1196
Kawnice ,,109,67,77,97,107,115,99,70,107,133,119,96,1196
Cienin Kościelny,Koleje Wielkopolskie Sp. z o.o.,108,69,78,97,104,115,108,72,108,143,127,100,1229
Cienin Kościelny ,,108,69,78,97,104,115,108,72,108,143,127,100,1229
Wólka,Koleje Wielkopolskie Sp. z o.o.,92,65,77,100,100,124,108,80,124,173,133,100,1276
Wólka ,,92,65,77,100,100,124,108,80,124,173,133,100,1276
Otoczna,Koleje Wielkopolskie Sp. z o.o.,90,65,72,98,97,123,106,81,124,171,134,101,1262
Otoczna ,,90,65,72,98,97,123,106,81,124,171,134,101,1262
Gutowo Wielkopolskie,Koleje Wielkopolskie Sp. z o.o.,87,64,71,97,94,121,106,81,123,171,133,102,1250
Gutowo Wielkopolskie ,,87,64,71,97,94,121,106,81,123,171,133,102,1250
Cienin,Koleje Wielkopolskie Sp. z o.o.,99,61,65,79,90,102,93,66,96,126,112,75,1064
Cienin ,,99,61,65,79,90,102,93,66,96,126,112,75,1064
Drawski Młyn,Koleje Wielkopolskie Sp. z o.o.,14,0,13,12,20,25,11,14,13,18,20,22,182
Drawski Młyn,POLREGIO Spółka Akcyjna,104,51,69,61,53,79,61,44,64,61,71,80,798
Drawski Młyn ,,118,51,82,73,73,104,72,58,77,79,91,102,980
Gliwice Łabędy,POLREGIO Spółka Akcyjna,160,60,92,74,74,105,149,145,139,173,183,108,1462
Gliwice Łabędy ,,160,60,92,74,74,105,149,145,139,173,183,108,1462
Jaworzno Ciężkowice,Koleje Śląskie Spółka z o.o.,32,19,20,21,28,19,28,23,23,49,47,36,345
Jaworzno Ciężkowice,POLREGIO Spółka Akcyjna,164,106,81,61,71,68,66,79,76,146,148,115,1181
Jaworzno Ciężkowice ,,196,125,101,82,99,87,94,102,99,195,195,151,1526
Sieradz Męka,Łódzka Kolej Aglomeracyjna Sp. z o.o.,21,11,20,10,9,8,22,40,18,13,27,22,221
Sieradz Męka,PKP INTERCITY Spółka Akcyjna ,,,,,,,0,,,,,,0
Sieradz Męka,POLREGIO Spółka Akcyjna,34,16,24,32,28,44,45,71,45,46,54,41,480
Sieradz Męka ,,55,27,44,42,37,52,67,111,63,59,81,63,701
Sieradz Warta,Łódzka Kolej Aglomeracyjna Sp. z o.o.,21,10,20,10,8,8,21,35,19,13,27,21,213
Sieradz Warta,POLREGIO Spółka Akcyjna,34,16,25,31,28,44,45,70,44,46,55,41,479
Sieradz Warta ,,55,26,45,41,36,52,66,105,63,59,82,62,692
Męcka Wola,Łódzka Kolej Aglomeracyjna Sp. z o.o.,20,11,20,10,7,8,20,44,19,12,29,24,224
Męcka Wola,POLREGIO Spółka Akcyjna,33,15,26,31,26,43,44,74,45,47,55,41,480
Męcka Wola ,,53,26,46,41,33,51,64,118,64,59,84,65,704
Nowy Sącz,Koleje Małopolskie Sp. z o.o.,4,3,4,2,1,3,4,5,3,4,8,4,45
Nowy Sącz,PKP CARGO S.A. w restrukturyzacji,,,,,,,,,1,,0,,1
Nowy Sącz,PKP INTERCITY Spółka Akcyjna ,27,7,9,9,23,17,19,28,28,8,10,15,200
Nowy Sącz,POLREGIO Spółka Akcyjna,82,36,56,25,43,58,66,74,65,33,50,41,629
Nowy Sącz ,,113,46,69,36,67,78,89,107,97,45,68,60,875
Strzebielino Morskie,PKP Szybka Kolej Miejska w Trójmieście sp. z o.o.,58,24,18,18,24,42,132,92,31,46,44,48,577
Strzebielino Morskie,POLREGIO Spółka Akcyjna,112,41,35,38,56,138,263,252,72,79,98,161,1345
Strzebielino Morskie ,,170,65,53,56,80,180,395,344,103,125,142,209,1922
Bożepole Wielkie,PKP Szybka Kolej Miejska w Trójmieście sp. z o.o.,59,21,18,16,24,38,119,78,32,41,37,46,529
Bożepole Wielkie,POLREGIO Spółka Akcyjna,115,39,41,40,58,133,260,247,65,78,98,154,1328
Bożepole Wielkie ,,174,60,59,56,82,171,379,325,97,119,135,200,1857
Sierpc,Arriva RP Sp. z o.o.,23,19,17,14,22,21,23,12,15,13,21,16,216
Sierpc,CARGO Master Spółka z o.o.,0,,,,1,,,,,,,,1
Sierpc,Koleje Mazowieckie - KM Spółka z o.o.,81,42,17,51,31,56,58,46,24,17,,18,441
Sierpc,PKP INTERCITY Spółka Akcyjna ,6,1,6,6,5,8,20,14,7,5,6,4,88
Sierpc ,,110,62,40,71,59,85,101,72,46,35,27,38,746
Godętowo,PKP Szybka Kolej Miejska w Trójmieście sp. z o.o.,61,18,21,16,26,43,121,82,33,47,43,50,561
Godętowo,POLREGIO Spółka Akcyjna,113,41,45,33,58,137,253,259,81,86,94,169,1369
Godętowo ,,174,59,66,49,84,180,374,341,114,133,137,219,1930
Lębork Mosty,PKP Szybka Kolej Miejska w Trójmieście sp. z o.o.,55,17,18,16,22,44,118,82,29,39,28,50,518
Lębork Mosty,POLREGIO Spółka Akcyjna,121,46,42,28,56,145,271,289,90,88,92,179,1447
Lębork Mosty ,,176,63,60,44,78,189,389,371,119,127,120,229,1965
Chełmża,Arriva RP Sp. z o.o.,73,36,70,64,90,101,102,55,115,58,96,67,927
Chełmża,CARGO Master Spółka z o.o.,,0,1,1,,,,,,,,,2
Chełmża ,,73,36,71,65,90,101,102,55,115,58,96,67,929
Zwardoń,Koleje Śląskie Spółka z o.o.,187,117,106,98,66,149,179,29,10,4,7,35,987
Zwardoń,PKP INTERCITY Spółka Akcyjna ,,0,,,,,,,,0,,,0
Zwardoń ,,187,117,106,98,66,149,179,29,10,4,7,35,987
Strzelce Opolskie,PKP INTERCITY Spółka Akcyjna ,140,85,114,111,117,160,180,168,166,182,175,156,1754
Strzelce Opolskie,POLREGIO Spółka Akcyjna,82,20,45,45,42,56,58,60,57,68,100,53,686
Strzelce Opolskie ,,222,105,159,156,159,216,238,228,223,250,275,209,2440
Gryfów Śląski,Koleje Dolnośląskie S.A.,124,31,42,42,93,55,101,76,153,270,197,105,1289
Gryfów Śląski,POLREGIO Spółka Akcyjna,3,0,0,2,3,0,1,2,5,2,8,5,31
Gryfów Śląski ,,127,31,42,44,96,55,102,78,158,272,205,110,1320
Żakowice Południowe,Łódzka Kolej Aglomeracyjna Sp. z o.o.,13,9,7,16,10,14,39,31,16,13,19,18,205
Żakowice Południowe,POLREGIO Spółka Akcyjna,18,9,4,7,8,18,49,39,21,16,24,26,239
Żakowice Południowe ,,31,18,11,23,18,32,88,70,37,29,43,44,444
Żagań,CARGO Master Spółka z o.o.,,,2,,,,,,,,,,2
Żagań,Koleje Dolnośląskie S.A.,42,24,15,18,27,22,34,18,68,57,56,47,428
Żagań,PKP INTERCITY Spółka Akcyjna ,11,2,7,6,5,6,6,5,9,8,10,16,91
Żagań,POLREGIO Spółka Akcyjna,45,31,33,23,26,35,48,81,192,195,193,178,1080
Żagań ,,98,57,57,47,58,63,88,104,269,260,259,241,1601
Bratoszewice,Łódzka Kolej Aglomeracyjna Sp. z o.o.,9,9,14,15,14,18,10,12,12,18,53,24,208
Bratoszewice ,,9,9,14,15,14,18,10,12,12,18,53,24,208
Łopuchowo,Koleje Wielkopolskie Sp. z o.o.,62,35,43,16,40,75,79,31,49,49,48,47,574
Łopuchowo ,,62,35,43,16,40,75,79,31,49,49,48,47,574
Zgierz Rudunki,Łódzka Kolej Aglomeracyjna Sp. z o.o.,9,6,10,10,12,11,13,15,16,21,52,29,204
Zgierz Rudunki ,,9,6,10,10,12,11,13,15,16,21,52,29,204
Smardzew,Łódzka Kolej Aglomeracyjna Sp. z o.o.,9,6,10,12,13,11,12,12,16,21,52,28,202
Smardzew ,,9,6,10,12,13,11,12,12,16,21,52,28,202
Glinnik Wieś,Łódzka Kolej Aglomeracyjna Sp. z o.o.,9,6,11,12,15,11,12,12,15,21,52,26,202
Glinnik Wieś ,,9,6,11,12,15,11,12,12,15,21,52,26,202
Swędów,Łódzka Kolej Aglomeracyjna Sp. z o.o.,8,7,14,13,12,15,11,13,13,21,44,21,192
Swędów ,,8,7,14,13,12,15,11,13,13,21,44,21,192
Gomunice,Łódzka Kolej Aglomeracyjna Sp. z o.o.,22,9,10,16,19,26,33,24,22,12,26,34,253
Gomunice,POLREGIO Spółka Akcyjna,56,34,44,19,37,48,79,78,56,40,64,53,608
Gomunice ,,78,43,54,35,56,74,112,102,78,52,90,87,861
Dobryszyce koło Radomska,Łódzka Kolej Aglomeracyjna Sp. z o.o.,25,9,10,17,19,27,30,25,22,11,26,33,254
Dobryszyce koło Radomska,POLREGIO Spółka Akcyjna,56,35,44,18,37,47,82,77,58,42,65,53,614
Dobryszyce koło Radomska ,,81,44,54,35,56,74,112,102,80,53,91,86,868
Rozprza,Łódzka Kolej Aglomeracyjna Sp. z o.o.,22,8,10,14,22,32,36,23,24,13,29,43,276
Rozprza,POLREGIO Spółka Akcyjna,50,33,42,19,40,48,79,70,59,39,60,58,597
Rozprza ,,72,41,52,33,62,80,115,93,83,52,89,101,873
Milejów,Łódzka Kolej Aglomeracyjna Sp. z o.o.,22,8,11,14,22,41,38,24,25,14,30,43,292
Milejów,POLREGIO Spółka Akcyjna,53,35,44,21,42,51,82,72,59,39,65,58,621
Milejów ,,75,43,55,35,64,92,120,96,84,53,95,101,913
Wilkoszewice,Łódzka Kolej Aglomeracyjna Sp. z o.o.,26,10,10,16,21,35,36,26,24,13,31,44,292
Wilkoszewice,POLREGIO Spółka Akcyjna,53,36,44,23,41,50,79,70,61,40,61,55,613
Wilkoszewice ,,79,46,54,39,62,85,115,96,85,53,92,99,905
Luciążanka,Łódzka Kolej Aglomeracyjna Sp. z o.o.,25,10,10,15,22,35,36,26,24,13,31,45,292
Luciążanka,POLREGIO Spółka Akcyjna,52,35,43,21,42,50,79,74,60,39,60,56,611
Luciążanka ,,77,45,53,36,64,85,115,100,84,52,91,101,903
Gorzędów,Łódzka Kolej Aglomeracyjna Sp. z o.o.,25,10,13,18,25,30,42,29,28,13,27,39,299
Gorzędów,POLREGIO Spółka Akcyjna,56,37,41,20,37,47,82,74,57,36,64,53,604
Gorzędów ,,81,47,54,38,62,77,124,103,85,49,91,92,903
Kamieńsk,Łódzka Kolej Aglomeracyjna Sp. z o.o.,25,10,13,18,25,30,41,30,27,12,28,38,297
Kamieńsk,POLREGIO Spółka Akcyjna,57,37,41,19,37,48,81,76,60,37,65,54,612
Kamieńsk ,,82,47,54,37,62,78,122,106,87,49,93,92,909
Szklarska Poręba Górna,Koleje Dolnośląskie S.A.,71,31,12,32,43,40,51,30,52,96,45,66,569
Szklarska Poręba Górna,PKP INTERCITY Spółka Akcyjna ,21,6,1,2,,10,12,14,1,4,5,13,89
Szklarska Poręba Górna,POLREGIO Spółka Akcyjna,6,4,3,5,,6,1,2,5,11,5,9,57
Szklarska Poręba Górna ,,98,41,16,39,43,56,64,46,58,111,55,88,715
Zielona Góra Stary Kisielin,Koleje Dolnośląskie S.A.,,,36,40,70,47,35,27,60,43,68,84,510
Zielona Góra Stary Kisielin,POLREGIO Spółka Akcyjna,193,100,116,106,112,119,97,100,137,103,125,60,1368
Zielona Góra Stary Kisielin ,,193,100,152,146,182,166,132,127,197,146,193,144,1878
Zielona Góra Nowy Kisielin,Koleje Dolnośląskie S.A.,,,38,42,70,49,35,26,62,44,69,91,526
Zielona Góra Nowy Kisielin,POLREGIO Spółka Akcyjna,191,103,118,110,114,121,101,104,138,102,122,60,1384
Zielona Góra Nowy Kisielin ,,191,103,156,152,184,170,136,130,200,146,191,151,1910
Niedoradz,Koleje Dolnośląskie S.A.,,,38,40,69,50,35,26,60,44,68,93,523
Niedoradz,POLREGIO Spółka Akcyjna,187,103,119,112,111,117,101,101,136,102,118,58,1365
Niedoradz ,,187,103,157,152,180,167,136,127,196,146,186,151,1888
Świdnik Wschód,POLREGIO Spółka Akcyjna,82,36,32,34,39,58,106,106,77,63,74,91,798
Świdnik Wschód ,,82,36,32,34,39,58,106,106,77,63,74,91,798
Kanie,POLREGIO Spółka Akcyjna,76,35,34,32,42,46,92,111,82,62,84,91,787
Kanie ,,76,35,34,32,42,46,92,111,82,62,84,91,787
Roszkowo Wągrowieckie,Koleje Wielkopolskie Sp. z o.o.,56,23,47,14,39,72,74,28,38,34,33,50,508
Roszkowo Wągrowieckie ,,56,23,47,14,39,72,74,28,38,34,33,50,508
Przysieczyn,Koleje Wielkopolskie Sp. z o.o.,56,24,46,14,34,72,72,27,38,33,33,47,496
Przysieczyn ,,56,24,46,14,34,72,72,27,38,33,33,47,496
Wałbrzych Centrum,Koleje Dolnośląskie S.A.,201,101,120,142,141,116,140,114,188,306,233,172,1974
Wałbrzych Centrum,POLREGIO Spółka Akcyjna,16,15,9,9,8,16,17,9,18,28,22,21,188
Wałbrzych Centrum ,,217,116,129,151,149,132,157,123,206,334,255,193,2162
Łopuchowo Osiedle,Koleje Wielkopolskie Sp. z o.o.,62,35,44,16,41,75,78,32,49,47,44,47,570
Łopuchowo Osiedle ,,62,35,44,16,41,75,78,32,49,47,44,47,570
Płyćwia,Łódzka Kolej Aglomeracyjna Sp. z o.o.,46,25,31,27,40,42,67,55,36,61,49,64,543
Płyćwia ,,46,25,31,27,40,42,67,55,36,61,49,64,543
Sitkówka Nowiny,POLREGIO Spółka Akcyjna,125,67,82,40,60,81,118,123,102,97,165,95,1155
Sitkówka Nowiny ,,125,67,82,40,60,81,118,123,102,97,165,95,1155
Kielce Białogon,POLREGIO Spółka Akcyjna,126,64,74,43,59,84,116,123,105,99,160,99,1152
Kielce Białogon ,,126,64,74,43,59,84,116,123,105,99,160,99,1152
Kielce Słowik,POLREGIO Spółka Akcyjna,126,71,82,41,62,86,117,126,108,100,166,102,1187
Kielce Słowik ,,126,71,82,41,62,86,117,126,108,100,166,102,1187
Chociwel,PKP INTERCITY Spółka Akcyjna ,86,40,59,51,66,101,114,138,63,75,84,119,996
Chociwel,POLREGIO Spółka Akcyjna,79,29,72,33,44,61,65,60,67,64,51,84,709
Chociwel ,,165,69,131,84,110,162,179,198,130,139,135,203,1705
Gdańsk Lipce,POLREGIO Spółka Akcyjna,136,74,67,55,83,136,202,242,115,111,140,139,1500
Gdańsk Lipce ,,136,74,67,55,83,136,202,242,115,111,140,139,1500
Raszowa,POLREGIO Spółka Akcyjna,200,101,108,111,119,127,146,135,187,219,247,177,1877
Raszowa ,,200,101,108,111,119,127,146,135,187,219,247,177,1877
Miały,Koleje Wielkopolskie Sp. z o.o.,14,3,12,12,21,24,12,9,11,15,17,20,170
Miały,POLREGIO Spółka Akcyjna,112,55,72,67,54,80,59,41,62,55,76,81,814
Miały ,,126,58,84,79,75,104,71,50,73,70,93,101,984
Przywory Opolskie,POLREGIO Spółka Akcyjna,209,103,109,100,109,120,149,134,194,217,241,178,1863
Przywory Opolskie ,,209,103,109,100,109,120,149,134,194,217,241,178,1863
Górażdże,POLREGIO Spółka Akcyjna,198,105,107,101,111,124,145,139,194,221,230,176,1851
Górażdże ,,198,105,107,101,111,124,145,139,194,221,230,176,1851
Mokrz,Koleje Wielkopolskie Sp. z o.o.,18,3,18,15,21,28,16,15,11,18,18,22,203
Mokrz,POLREGIO Spółka Akcyjna,100,53,78,74,55,80,65,45,67,69,82,87,855
Mokrz ,,118,56,96,89,76,108,81,60,78,87,100,109,1058
Jasiona,POLREGIO Spółka Akcyjna,200,105,113,109,117,127,149,141,191,227,249,176,1904
Jasiona ,,200,105,113,109,117,127,149,141,191,227,249,176,1904
Opole Grotowice,POLREGIO Spółka Akcyjna,210,104,112,101,111,124,151,140,202,219,246,182,1902
Opole Grotowice ,,210,104,112,101,111,124,151,140,202,219,246,182,1902
Sulechów,PKP INTERCITY Spółka Akcyjna ,52,29,44,59,78,45,55,64,61,63,48,78,676
Sulechów,POLREGIO Spółka Akcyjna,168,119,121,117,158,111,121,152,117,138,130,181,1633
Sulechów ,,220,148,165,176,236,156,176,216,178,201,178,259,2309
Babimost,PKP INTERCITY Spółka Akcyjna ,53,30,47,63,65,55,67,75,66,65,47,79,712
Babimost,POLREGIO Spółka Akcyjna,169,118,127,111,154,123,131,175,134,164,153,185,1744
Babimost ,,222,148,174,174,219,178,198,250,200,229,200,264,2456
Stęszew,Koleje Wielkopolskie Sp. z o.o.,43,32,25,45,36,66,41,29,65,54,53,56,545
Stęszew,Parowozownia Wolsztyn,,,,,0,,,,,,0,0,0
Stęszew ,,43,32,25,45,36,66,41,29,65,54,53,56,545
Szreniawa,Koleje Wielkopolskie Sp. z o.o.,45,33,30,48,46,73,44,34,61,55,57,58,584
Szreniawa,Parowozownia Wolsztyn,,,,,0,,,,,,,,0
Szreniawa ,,45,33,30,48,46,73,44,34,61,55,57,58,584
Wiry,Koleje Wielkopolskie Sp. z o.o.,43,33,25,45,44,76,48,36,66,57,64,57,594
Wiry ,,43,33,25,45,44,76,48,36,66,57,64,57,594
Trzebaw Rosnówko,Koleje Wielkopolskie Sp. z o.o.,48,32,26,50,45,72,46,35,66,58,57,61,596
Trzebaw Rosnówko ,,48,32,26,50,45,72,46,35,66,58,57,61,596
Zawadówka,POLREGIO Spółka Akcyjna,50,22,28,28,21,40,58,62,61,32,61,85,548
Zawadówka ,,50,22,28,28,21,40,58,62,61,32,61,85,548
Grodzisk Wielkopolski,CARGO Master Spółka z o.o.,,,,,0,,,,,,,,0
Grodzisk Wielkopolski,Koleje Wielkopolskie Sp. z o.o.,37,46,18,33,38,62,35,29,53,40,34,54,479
Grodzisk Wielkopolski,Parowozownia Wolsztyn,,,,,0,,,,,,0,0,0
Grodzisk Wielkopolski,POLREGIO Spółka Akcyjna,,,,,1,,,,,,,,1
Grodzisk Wielkopolski ,,37,46,18,33,39,62,35,29,53,40,34,54,480
Granowo,Koleje Wielkopolskie Sp. z o.o.,40,37,24,44,38,60,39,25,51,50,47,56,511
Granowo,Parowozownia Wolsztyn,,,,,0,,,,,,,,0
Granowo ,,40,37,24,44,38,60,39,25,51,50,47,56,511
Ptaszkowo,Koleje Wielkopolskie Sp. z o.o.,43,42,21,46,35,64,35,24,58,46,41,61,516
Ptaszkowo ,,43,42,21,46,35,64,35,24,58,46,41,61,516
Zebrzydowa,Koleje Dolnośląskie S.A.,181,78,84,76,97,82,141,81,206,156,101,124,1407
Zebrzydowa ,,181,78,84,76,97,82,141,81,206,156,101,124,1407
Kotowo,Koleje Wielkopolskie Sp. z o.o.,44,40,21,46,35,62,35,23,58,49,44,61,518
Kotowo ,,44,40,21,46,35,62,35,23,58,49,44,61,518
Grąblewo,Koleje Wielkopolskie Sp. z o.o.,43,42,20,45,33,64,36,23,56,45,40,63,510
Grąblewo ,,43,42,20,45,33,64,36,23,56,45,40,63,510
Strykowo Poznańskie,Koleje Wielkopolskie Sp. z o.o.,43,38,28,42,38,66,46,28,63,55,59,64,570
Strykowo Poznańskie ,,43,38,28,42,38,66,46,28,63,55,59,64,570
Parkowo,Koleje Wielkopolskie Sp. z o.o.,107,38,110,36,46,91,88,71,45,48,39,88,807
Parkowo,POLREGIO Spółka Akcyjna,94,58,61,35,35,77,89,86,78,68,70,93,844
Parkowo ,,201,96,171,71,81,168,177,157,123,116,109,181,1651
Rożnowo,Koleje Wielkopolskie Sp. z o.o.,107,38,110,38,46,91,88,72,46,48,39,88,811
Rożnowo,POLREGIO Spółka Akcyjna,94,57,62,36,35,77,89,86,78,68,69,93,844
Rożnowo ,,201,95,172,74,81,168,177,158,124,116,108,181,1655
Pstroszyce,Koleje Małopolskie Sp. z o.o.,80,15,19,26,22,25,34,148,28,15,29,30,471
Pstroszyce,POLREGIO Spółka Akcyjna,111,58,63,51,56,73,83,145,97,81,104,73,995
Pstroszyce ,,191,73,82,77,78,98,117,293,125,96,133,103,1466
Czerwieńsk,PKP INTERCITY Spółka Akcyjna ,,,,,,,,,1,,,,1
Czerwieńsk,POLREGIO Spółka Akcyjna,155,143,115,131,160,135,164,140,177,214,192,207,1933
Czerwieńsk ,,155,143,115,131,160,135,164,140,178,214,192,207,1934
Miłobądz,POLREGIO Spółka Akcyjna,124,65,61,50,78,123,196,230,104,105,114,156,1406
Miłobądz ,,124,65,61,50,78,123,196,230,104,105,114,156,1406
Zgorzelec Miasto,Koleje Dolnośląskie S.A.,112,49,45,39,62,42,91,53,118,85,59,76,831
Zgorzelec Miasto,PKP INTERCITY Spółka Akcyjna ,9,2,4,3,5,3,5,10,12,8,8,4,73
Zgorzelec Miasto,POLREGIO Spółka Akcyjna,18,22,20,16,14,34,23,56,138,106,113,88,648
Zgorzelec Miasto ,,139,73,69,58,81,79,119,119,268,199,180,168,1552
Pieńsk,Koleje Dolnośląskie S.A.,108,48,44,40,58,43,88,47,116,83,55,73,803
Pieńsk,PKP INTERCITY Spółka Akcyjna ,9,2,4,3,5,3,5,11,12,8,8,5,75
Pieńsk,POLREGIO Spółka Akcyjna,19,20,19,16,15,34,22,56,137,104,112,88,642
Pieńsk ,,136,70,67,59,78,80,115,114,265,195,175,166,1520
Sobolew,Koleje Mazowieckie - KM Spółka z o.o.,119,73,79,83,93,109,115,91,64,72,74,76,1048
Sobolew,PKP INTERCITY Spółka Akcyjna ,24,14,19,10,14,18,23,22,15,7,13,13,192
Sobolew ,,143,87,98,93,107,127,138,113,79,79,87,89,1240
Kielce Piaski,Łódzka Kolej Aglomeracyjna Sp. z o.o.,,,,,,,,,,,,2,2
Kielce Piaski,POLREGIO Spółka Akcyjna,98,52,50,39,68,41,73,103,65,68,124,64,845
Kielce Piaski ,,98,52,50,39,68,41,73,103,65,68,124,66,847
Zagnańsk,Łódzka Kolej Aglomeracyjna Sp. z o.o.,,,,,,,,,,,,2,2
Zagnańsk,POLREGIO Spółka Akcyjna,115,59,52,47,74,53,93,118,75,90,144,68,988
Zagnańsk ,,115,59,52,47,74,53,93,118,75,90,144,70,990
Tumlin,Łódzka Kolej Aglomeracyjna Sp. z o.o.,,,,,,,,,,,,2,2
Tumlin,POLREGIO Spółka Akcyjna,118,62,52,48,77,55,99,125,79,95,162,70,1042
Tumlin ,,118,62,52,48,77,55,99,125,79,95,162,72,1044
Łączna,Łódzka Kolej Aglomeracyjna Sp. z o.o.,,,,,,,,,,,,2,2
Łączna,POLREGIO Spółka Akcyjna,115,57,49,46,71,53,88,117,77,90,147,70,980
Łączna ,,115,57,49,46,71,53,88,117,77,90,147,72,982
Suchedniów Północny,Łódzka Kolej Aglomeracyjna Sp. z o.o.,,,,,,,,,,,,3,3
Suchedniów Północny,POLREGIO Spółka Akcyjna,120,54,49,46,67,55,92,119,76,82,145,65,970
Suchedniów Północny ,,120,54,49,46,67,55,92,119,76,82,145,68,973
Skarżysko Zachodnie,Łódzka Kolej Aglomeracyjna Sp. z o.o.,,,,,,,,,,,,3,3
Skarżysko Zachodnie,POLREGIO Spółka Akcyjna,118,53,49,50,67,55,93,121,77,84,144,66,977
Skarżysko Zachodnie ,,118,53,49,50,67,55,93,121,77,84,144,69,980
Berezów,Łódzka Kolej Aglomeracyjna Sp. z o.o.,,,,,,,,,,,,2,2
Berezów,POLREGIO Spółka Akcyjna,122,56,49,45,73,55,90,121,81,90,149,70,1001
Berezów ,,122,56,49,45,73,55,90,121,81,90,149,72,1003
Przyłęk Duży,Łódzka Kolej Aglomeracyjna Sp. z o.o.,52,27,38,30,41,43,77,60,41,57,53,73,592
Przyłęk Duży ,,52,27,38,30,41,43,77,60,41,57,53,73,592
Maków,Łódzka Kolej Aglomeracyjna Sp. z o.o.,49,29,34,33,48,49,75,55,43,66,49,62,592
Maków ,,49,29,34,33,48,49,75,55,43,66,49,62,592
Krosnowa,Łódzka Kolej Aglomeracyjna Sp. z o.o.,52,26,37,31,41,44,77,59,42,56,52,71,588
Krosnowa ,,52,26,37,31,41,44,77,59,42,56,52,71,588
Dąbrowice Skierniewickie,Łódzka Kolej Aglomeracyjna Sp. z o.o.,48,29,34,33,48,48,72,54,38,64,46,62,576
Dąbrowice Skierniewickie ,,48,29,34,33,48,48,72,54,38,64,46,62,576
Wągry,Łódzka Kolej Aglomeracyjna Sp. z o.o.,38,22,33,27,40,41,70,56,39,54,45,68,533
Wągry ,,38,22,33,27,40,41,70,56,39,54,45,68,533
Jaszczów,POLREGIO Spółka Akcyjna,70,33,30,35,34,50,93,100,72,58,73,88,736
Jaszczów ,,70,33,30,35,34,50,93,100,72,58,73,88,736
Minkowice,POLREGIO Spółka Akcyjna,74,35,33,33,34,57,108,108,77,63,72,86,780
Minkowice ,,74,35,33,33,34,57,108,108,77,63,72,86,780
Witaszyce,Koleje Wielkopolskie Sp. z o.o.,29,14,27,25,22,58,45,51,28,31,48,33,411
Witaszyce,POLREGIO Spółka Akcyjna,31,17,15,34,26,44,42,70,55,56,58,50,498
Witaszyce ,,60,31,42,59,48,102,87,121,83,87,106,83,909
Kotlin,Koleje Wielkopolskie Sp. z o.o.,29,14,31,24,26,59,49,48,30,33,52,36,431
Kotlin,POLREGIO Spółka Akcyjna,34,20,21,38,26,44,40,69,57,56,60,49,514
Kotlin ,,63,34,52,62,52,103,89,117,87,89,112,85,945
Bronów,Koleje Wielkopolskie Sp. z o.o.,31,17,31,32,28,57,48,52,36,35,52,37,456
Bronów,POLREGIO Spółka Akcyjna,31,21,20,39,26,47,39,64,60,61,64,45,517
Bronów ,,62,38,51,71,54,104,87,116,96,96,116,82,973
Biniew,Koleje Wielkopolskie Sp. z o.o.,32,15,28,30,27,58,46,52,33,38,54,38,451
Biniew,POLREGIO Spółka Akcyjna,31,23,18,40,26,46,41,60,59,55,68,48,515
Biniew ,,63,38,46,70,53,104,87,112,92,93,122,86,966
Taczanów,Koleje Wielkopolskie Sp. z o.o.,33,17,35,34,30,59,52,56,37,38,55,38,484
Taczanów,POLREGIO Spółka Akcyjna,34,23,20,42,27,47,40,66,61,61,67,48,536
Taczanów ,,67,40,55,76,57,106,92,122,98,99,122,86,1020
Jarosty,Łódzka Kolej Aglomeracyjna Sp. z o.o.,17,8,13,13,19,39,35,15,22,17,29,47,274
Jarosty,POLREGIO Spółka Akcyjna,43,31,33,23,38,39,69,57,49,44,56,51,533
Jarosty ,,60,39,46,36,57,78,104,72,71,61,85,98,807
Moszczenica,Łódzka Kolej Aglomeracyjna Sp. z o.o.,17,8,13,13,18,38,34,15,22,17,29,48,272
Moszczenica,POLREGIO Spółka Akcyjna,43,32,33,26,36,40,65,57,48,43,62,53,538
Moszczenica ,,60,40,46,39,54,78,99,72,70,60,91,101,810
Baby,Łódzka Kolej Aglomeracyjna Sp. z o.o.,15,8,11,9,15,34,33,12,22,17,27,44,247
Baby,POLREGIO Spółka Akcyjna,42,32,32,24,34,40,63,56,49,41,58,52,523
Baby ,,57,40,43,33,49,74,96,68,71,58,85,96,770
Wolbórka,Łódzka Kolej Aglomeracyjna Sp. z o.o.,12,8,12,12,18,27,38,13,23,17,31,41,252
Wolbórka,POLREGIO Spółka Akcyjna,47,31,31,28,36,40,63,55,50,37,53,55,526
Wolbórka ,,59,39,43,40,54,67,101,68,73,54,84,96,778
Rokiciny,Łódzka Kolej Aglomeracyjna Sp. z o.o.,16,8,11,10,14,28,33,13,21,17,25,41,237
Rokiciny,POLREGIO Spółka Akcyjna,47,29,32,27,36,39,64,56,47,34,52,56,519
Rokiciny ,,63,37,43,37,50,67,97,69,68,51,77,97,756
Łaznów,Łódzka Kolej Aglomeracyjna Sp. z o.o.,13,8,12,12,18,29,37,13,23,17,30,41,253
Łaznów,POLREGIO Spółka Akcyjna,46,31,31,28,35,38,62,57,49,36,53,58,524
Łaznów ,,59,39,43,40,53,67,99,70,72,53,83,99,777
Chrusty Nowe,Łódzka Kolej Aglomeracyjna Sp. z o.o.,14,7,11,9,13,27,29,17,19,16,24,45,231
Chrusty Nowe,POLREGIO Spółka Akcyjna,50,29,31,29,36,41,66,59,45,30,46,56,518
Chrusty Nowe ,,64,36,42,38,49,68,95,76,64,46,70,101,749
Smardzów Wrocławski,CARGO Master Spółka z o.o.,,,0,,,,,,,,,,0
Smardzów Wrocławski,Koleje Dolnośląskie S.A.,172,73,74,59,62,69,180,242,108,133,479,319,1970
Smardzów Wrocławski,LEO Express Global a.s.,,,1,,,,,,,,,,1
Smardzów Wrocławski,POLREGIO Spółka Akcyjna,11,5,2,0,0,2,5,10,3,6,21,8,73
Smardzów Wrocławski ,,183,78,77,59,62,71,185,252,111,139,500,327,2044
Iwiny,Koleje Dolnośląskie S.A.,171,72,73,60,61,70,174,238,103,132,480,327,1961
Iwiny,POLREGIO Spółka Akcyjna,11,5,2,0,0,2,5,10,3,6,21,12,77
Iwiny ,,182,77,75,60,61,72,179,248,106,138,501,339,2038
Węgry,Koleje Dolnośląskie S.A.,174,78,75,65,68,72,201,271,104,128,523,334,2093
Węgry,POLREGIO Spółka Akcyjna,11,5,1,0,0,3,5,8,3,4,26,7,73
Węgry ,,185,83,76,65,68,75,206,279,107,132,549,341,2166
Warkocz,Koleje Dolnośląskie S.A.,178,82,76,69,71,68,186,222,101,121,577,339,2090
Warkocz,POLREGIO Spółka Akcyjna,11,5,1,0,0,3,4,2,2,7,26,9,70
Warkocz ,,189,87,77,69,71,71,190,224,103,128,603,348,2160
Podzamcze,POLREGIO Spółka Akcyjna,75,35,34,37,33,47,73,78,77,68,74,92,723
Podzamcze ,,75,35,34,37,33,47,73,78,77,68,74,92,723
Dominów,POLREGIO Spółka Akcyjna,74,37,34,37,33,47,71,78,77,66,76,94,724
Dominów ,,74,37,34,37,33,47,71,78,77,66,76,94,724
Biskupice,POLREGIO Spółka Akcyjna,75,33,35,36,36,47,74,80,77,60,77,89,719
Biskupice ,,75,33,35,36,36,47,74,80,77,60,77,89,719
Wólka Kańska,POLREGIO Spółka Akcyjna,70,36,32,32,36,42,65,82,77,59,81,88,700
Wólka Kańska ,,70,36,32,32,36,42,65,82,77,59,81,88,700
Bojanowo,Koleje Wielkopolskie Sp. z o.o.,12,32,13,4,13,11,11,4,13,12,13,17,155
Bojanowo,POLREGIO Spółka Akcyjna,84,90,54,38,61,83,91,74,83,96,94,114,962
Bojanowo ,,96,122,67,42,74,94,102,78,96,108,107,131,1117
Czeremcha,Koleje Mazowieckie - KM Spółka z o.o.,30,18,11,5,38,38,49,38,26,29,40,24,346
Czeremcha,PKP INTERCITY Spółka Akcyjna ,27,7,11,14,14,10,23,27,19,18,30,29,229
Czeremcha,POLREGIO Spółka Akcyjna,52,24,14,24,45,50,41,56,41,34,50,31,462
Czeremcha ,,109,49,36,43,97,98,113,121,86,81,120,84,1037
Zalesie Krasieńskie,POLREGIO Spółka Akcyjna,71,34,34,30,37,44,68,82,77,65,81,86,709
Zalesie Krasieńskie ,,71,34,34,30,37,44,68,82,77,65,81,86,709
Domaniewice,Łódzka Kolej Aglomeracyjna Sp. z o.o.,11,3,8,15,16,24,10,8,15,17,37,15,179
Domaniewice ,,11,3,8,15,16,24,10,8,15,17,37,15,179
Munina,PKP INTERCITY Spółka Akcyjna ,,,,,,,,,,,0,,0
Munina,POLREGIO Spółka Akcyjna,141,39,67,62,53,55,127,81,52,79,72,68,896
Munina ,,141,39,67,62,53,55,127,81,52,79,72,68,896
Włoszczowa,PKP INTERCITY Spółka Akcyjna ,55,43,48,43,68,40,55,53,95,63,62,66,691
Włoszczowa,POLREGIO Spółka Akcyjna,48,29,39,32,41,24,39,39,78,40,25,23,457
Włoszczowa ,,103,72,87,75,109,64,94,92,173,103,87,89,1148
Prabuty,Koleje Mazowieckie - KM Spółka z o.o.,,,,,,6,28,29,1,,,,64
Prabuty,PKP INTERCITY Spółka Akcyjna ,216,107,85,83,114,190,226,270,142,111,141,216,1901
Prabuty,POLREGIO Spółka Akcyjna,68,19,23,21,23,41,60,79,35,34,33,51,487
Prabuty ,,284,126,108,104,137,237,314,378,178,145,174,267,2452
Choszczno,PKP INTERCITY Spółka Akcyjna ,141,91,91,100,78,108,92,92,113,82,92,101,1181
Choszczno,POLREGIO Spółka Akcyjna,98,34,57,49,35,53,27,34,54,41,44,56,582
Choszczno ,,239,125,148,149,113,161,119,126,167,123,136,157,1763
Mława Miasto,Koleje Mazowieckie - KM Spółka z o.o.,95,42,42,31,46,62,90,70,51,63,57,66,715
Mława Miasto,PKP INTERCITY Spółka Akcyjna ,,,,,,,,,,,,206,206
Mława Miasto ,,95,42,42,31,46,62,90,70,51,63,57,272,921
Nysa,CARGO Master Spółka z o.o.,,,,0,,,,,,,,,0
Nysa,PKP INTERCITY Spółka Akcyjna ,54,31,25,27,19,18,45,14,19,38,63,48,401
Nysa,POLREGIO Spółka Akcyjna,123,46,49,72,54,59,72,59,84,56,131,75,880
Nysa ,,177,77,74,99,73,77,117,73,103,94,194,123,1281
Pełkinie,POLREGIO Spółka Akcyjna,141,43,81,66,51,72,123,76,57,80,78,69,937
Pełkinie ,,141,43,81,66,51,72,123,76,57,80,78,69,937
Opoczno Południe,PKP INTERCITY Spółka Akcyjna ,311,170,181,140,163,211,239,326,226,202,243,190,2602
Opoczno Południe,POLREGIO Spółka Akcyjna,,,,,,,,,,,,2,2
Opoczno Południe ,,311,170,181,140,163,211,239,326,226,202,243,192,2604
Ostróda,PKP INTERCITY Spółka Akcyjna ,97,46,24,36,33,55,81,79,33,48,56,58,646
Ostróda,POLREGIO Spółka Akcyjna,111,39,26,28,31,49,48,61,26,56,60,43,578
Ostróda ,,208,85,50,64,64,104,129,140,59,104,116,101,1224
Łódź Andrzejów Szosa,Łódzka Kolej Aglomeracyjna Sp. z o.o.,12,9,16,8,17,3,6,5,8,6,12,7,109
Łódź Andrzejów Szosa,POLREGIO Spółka Akcyjna,30,16,13,7,6,5,22,13,13,15,21,12,173
Łódź Andrzejów Szosa ,,42,25,29,15,23,8,28,18,21,21,33,19,282
Władysławowo,CARGO Master Spółka z o.o.,,,,0,,,,,,,,,0
Władysławowo,PKP INTERCITY Spółka Akcyjna ,,,,1,8,59,150,152,8,,,,378
Władysławowo,POLREGIO Spółka Akcyjna,18,18,19,36,222,415,468,662,306,89,99,67,2419
Władysławowo ,,18,18,19,37,230,474,618,814,314,89,99,67,2797
Łódź Olechów Wschód,Łódzka Kolej Aglomeracyjna Sp. z o.o.,17,9,15,8,15,3,6,4,6,4,14,8,109
Łódź Olechów Wschód,POLREGIO Spółka Akcyjna,31,15,13,6,5,4,23,13,13,15,23,12,173
Łódź Olechów Wschód ,,48,24,28,14,20,7,29,17,19,19,37,20,282
Łódź Olechów Wiadukt,Łódzka Kolej Aglomeracyjna Sp. z o.o.,22,9,15,6,16,3,6,3,7,5,18,10,120
Łódź Olechów Wiadukt,POLREGIO Spółka Akcyjna,33,16,14,6,5,4,23,14,14,15,28,15,187
Łódź Olechów Wiadukt ,,55,25,29,12,21,7,29,17,21,20,46,25,307
Łódź Olechów Zachód,Łódzka Kolej Aglomeracyjna Sp. z o.o.,23,9,15,7,17,3,6,3,7,5,15,10,120
Łódź Olechów Zachód,POLREGIO Spółka Akcyjna,32,16,14,6,5,4,23,14,14,15,25,12,180
Łódź Olechów Zachód ,,55,25,29,13,22,7,29,17,21,20,40,22,300
Dziewule,Koleje Mazowieckie - KM Spółka z o.o.,49,28,28,51,61,63,68,112,61,117,95,39,772
Dziewule,PKP INTERCITY Spółka Akcyjna ,,,,,,,,,,,0,,0
Dziewule,POLREGIO Spółka Akcyjna,16,14,7,7,6,11,14,11,9,20,15,8,138
Dziewule ,,65,42,35,58,67,74,82,123,70,137,110,47,910
Siedlce Wschodnie,Koleje Mazowieckie - KM Spółka z o.o.,55,36,31,57,73,67,71,113,67,121,99,44,834
Siedlce Wschodnie,POLREGIO Spółka Akcyjna,17,12,5,5,9,11,14,12,9,23,17,9,143
Siedlce Wschodnie ,,72,48,36,62,82,78,85,125,76,144,116,53,977
Radomyśl,Koleje Mazowieckie - KM Spółka z o.o.,46,29,27,47,62,64,67,112,61,115,97,39,766
Radomyśl,POLREGIO Spółka Akcyjna,17,15,7,7,8,11,14,11,9,20,15,8,142
Radomyśl ,,63,44,34,54,70,75,81,123,70,135,112,47,908
Kosiorki,Koleje Mazowieckie - KM Spółka z o.o.,51,29,28,55,67,68,71,114,67,121,98,44,813
Kosiorki,POLREGIO Spółka Akcyjna,16,12,7,6,8,11,15,12,9,23,17,9,145
Kosiorki ,,67,41,35,61,75,79,86,126,76,144,115,53,958
Białki Siedleckie,Koleje Mazowieckie - KM Spółka z o.o.,53,31,29,55,70,67,71,114,67,121,99,43,820
Białki Siedleckie,POLREGIO Spółka Akcyjna,17,12,7,6,9,11,15,12,9,23,17,9,147
Białki Siedleckie ,,70,43,36,61,79,78,86,126,76,144,116,52,967
Borki-Kosy,Koleje Mazowieckie - KM Spółka z o.o.,51,28,27,52,62,66,70,114,65,121,96,41,793
Borki-Kosy,POLREGIO Spółka Akcyjna,16,14,7,6,6,11,15,12,9,22,15,8,141
Borki-Kosy ,,67,42,34,58,68,77,85,126,74,143,111,49,934
Krynka Łukowska,Koleje Mazowieckie - KM Spółka z o.o.,44,29,27,46,62,63,67,112,60,116,98,39,763
Krynka Łukowska,POLREGIO Spółka Akcyjna,16,15,7,7,8,11,15,11,9,20,15,8,142
Krynka Łukowska ,,60,44,34,53,70,74,82,123,69,136,113,47,905
Stary Sącz,Koleje Małopolskie Sp. z o.o.,,,,,,0,1,4,,,,,5
Stary Sącz,PKP CARGO S.A. w restrukturyzacji,,,,,,,,,1,,0,,1
Stary Sącz,PKP INTERCITY Spółka Akcyjna ,28,8,9,5,19,16,18,26,25,7,8,13,182
Stary Sącz,POLREGIO Spółka Akcyjna,70,30,48,20,35,51,71,74,68,36,34,35,572
Stary Sącz ,,98,38,57,25,54,67,90,104,94,43,42,48,760
Wyrzysk Osiek,Koleje Wielkopolskie Sp. z o.o.,2,0,7,2,3,4,3,1,2,3,0,1,28
Wyrzysk Osiek,PKP INTERCITY Spółka Akcyjna ,57,27,25,8,21,38,69,76,24,24,26,45,440
Wyrzysk Osiek,POLREGIO Spółka Akcyjna,65,52,21,24,34,62,65,72,54,90,73,46,658
Wyrzysk Osiek ,,124,79,53,34,58,104,137,149,80,117,99,92,1126
Rytro,Koleje Małopolskie Sp. z o.o.,,,,,,0,1,4,,,,,5
Rytro,PKP CARGO S.A. w restrukturyzacji,,,,,,,,,1,,0,,1
Rytro,PKP INTERCITY Spółka Akcyjna ,28,7,9,5,19,17,18,27,23,8,9,16,186
Rytro,POLREGIO Spółka Akcyjna,72,29,44,24,37,51,67,64,63,34,39,34,558
Rytro ,,100,36,53,29,56,68,86,95,87,42,48,50,750
Rydzyna,Koleje Wielkopolskie Sp. z o.o.,16,34,16,9,13,14,18,9,13,16,13,21,192
Rydzyna,POLREGIO Spółka Akcyjna,74,89,54,35,58,89,91,70,79,98,94,110,941
Rydzyna ,,90,123,70,44,71,103,109,79,92,114,107,131,1133
Kaczkowo,Koleje Wielkopolskie Sp. z o.o.,16,33,15,8,14,13,17,9,13,15,14,21,188
Kaczkowo,POLREGIO Spółka Akcyjna,76,92,56,38,61,90,94,73,82,101,100,117,980
Kaczkowo ,,92,125,71,46,75,103,111,82,95,116,114,138,1168
Garwolin,Koleje Mazowieckie - KM Spółka z o.o.,118,82,101,87,98,109,121,93,73,78,79,84,1123
Garwolin ,,118,82,101,87,98,109,121,93,73,78,79,84,1123
Wola Rowska,Koleje Mazowieckie - KM Spółka z o.o.,122,78,100,98,98,116,125,100,72,79,79,83,1150
Wola Rowska ,,122,78,100,98,98,116,125,100,72,79,79,83,1150
Ruda Talubska,Koleje Mazowieckie - KM Spółka z o.o.,120,80,100,92,98,114,122,97,73,78,79,83,1136
Ruda Talubska ,,120,80,100,92,98,114,122,97,73,78,79,83,1136
Łaskarzew,Koleje Mazowieckie - KM Spółka z o.o.,120,73,92,94,97,112,122,100,71,77,77,83,1118
Łaskarzew ,,120,73,92,94,97,112,122,100,71,77,77,83,1118
Leokadia,Koleje Mazowieckie - KM Spółka z o.o.,120,75,86,89,96,113,120,97,69,76,75,79,1095
Leokadia ,,120,75,86,89,96,113,120,97,69,76,75,79,1095
Piwniczna-Zdrój,Koleje Małopolskie Sp. z o.o.,,,,,,0,1,5,,,,,6
Piwniczna-Zdrój,PKP CARGO S.A. w restrukturyzacji,,,,,,,,,0,,0,,0
Piwniczna-Zdrój,PKP INTERCITY Spółka Akcyjna ,26,7,11,7,18,17,19,27,22,8,10,15,187
Piwniczna-Zdrój,POLREGIO Spółka Akcyjna,66,30,46,27,38,59,74,68,65,35,40,34,582
Piwniczna-Zdrój ,,92,37,57,34,56,76,94,100,87,43,50,49,775
Smętowo,PKP INTERCITY Spółka Akcyjna ,59,29,28,25,34,56,86,94,34,44,47,51,587
Smętowo,POLREGIO Spółka Akcyjna,64,31,42,32,65,77,106,111,74,90,97,59,848
Smętowo ,,123,60,70,57,99,133,192,205,108,134,144,110,1435
Chociszew,Łódzka Kolej Aglomeracyjna Sp. z o.o.,23,29,28,27,19,26,48,65,37,27,59,37,425
Chociszew,POLREGIO Spółka Akcyjna,5,5,7,7,3,9,14,21,15,8,14,11,119
Chociszew ,,28,34,35,34,22,35,62,86,52,35,73,48,544
Zgierz Kontrewers,Łódzka Kolej Aglomeracyjna Sp. z o.o.,20,24,25,25,16,20,31,46,29,26,56,33,351
Zgierz Kontrewers,POLREGIO Spółka Akcyjna,7,5,8,5,4,10,12,17,16,7,13,10,114
Zgierz Kontrewers ,,27,29,33,30,20,30,43,63,45,33,69,43,465
Jedlicze koło Zgierza,Łódzka Kolej Aglomeracyjna Sp. z o.o.,26,29,31,29,19,28,43,73,42,30,60,37,447
Jedlicze koło Zgierza,POLREGIO Spółka Akcyjna,6,5,8,7,4,10,14,20,15,6,14,12,121
Jedlicze koło Zgierza ,,32,34,39,36,23,38,57,93,57,36,74,49,568
Grotniki,Łódzka Kolej Aglomeracyjna Sp. z o.o.,26,30,30,30,20,28,43,74,42,30,60,37,450
Grotniki,POLREGIO Spółka Akcyjna,6,5,8,7,4,10,14,20,14,6,14,12,120
Grotniki ,,32,35,38,37,24,38,57,94,56,36,74,49,570
Chełmek Wołowski,Koleje Dolnośląskie S.A.,230,115,99,89,175,82,98,57,139,122,204,141,1551
Chełmek Wołowski,POLREGIO Spółka Akcyjna,,,33,54,69,60,52,41,70,44,72,28,523
Chełmek Wołowski ,,230,115,132,143,244,142,150,98,209,166,276,169,2074
Ozorków Nowe Miasto,Łódzka Kolej Aglomeracyjna Sp. z o.o.,26,30,32,29,22,29,53,68,42,34,63,42,470
Ozorków Nowe Miasto,POLREGIO Spółka Akcyjna,6,6,9,7,3,10,13,22,14,8,15,11,124
Ozorków Nowe Miasto ,,32,36,41,36,25,39,66,90,56,42,78,53,594
Imbramowice,Koleje Dolnośląskie S.A.,169,92,90,100,78,91,132,94,147,202,176,151,1522
Imbramowice,POLREGIO Spółka Akcyjna,8,2,0,2,2,6,4,2,1,2,6,2,37
Imbramowice ,,177,94,90,102,80,97,136,96,148,204,182,153,1559
Głogów Huta,Koleje Dolnośląskie S.A.,84,48,58,39,82,50,44,31,71,63,66,101,737
Głogów Huta,POLREGIO Spółka Akcyjna,144,87,98,88,94,95,77,78,101,92,96,49,1099
Głogów Huta ,,228,135,156,127,176,145,121,109,172,155,162,150,1836
Głogów Wróblin,Koleje Dolnośląskie S.A.,80,46,52,39,79,49,42,31,71,64,66,100,719
Głogów Wróblin,POLREGIO Spółka Akcyjna,143,87,93,83,95,95,79,79,102,91,98,50,1095
Głogów Wróblin ,,223,133,145,122,174,144,121,110,173,155,164,150,1814
Brzeg Głogowski,Koleje Dolnośląskie S.A.,81,48,56,39,79,50,42,31,71,64,66,101,728
Brzeg Głogowski,POLREGIO Spółka Akcyjna,154,91,101,87,99,98,80,85,105,95,102,51,1148
Brzeg Głogowski ,,235,139,157,126,178,148,122,116,176,159,168,152,1876
Czerna,Koleje Dolnośląskie S.A.,82,47,55,39,78,49,42,31,71,65,66,100,725
Czerna,POLREGIO Spółka Akcyjna,152,93,99,86,98,98,80,78,104,93,101,50,1132
Czerna ,,234,140,154,125,176,147,122,109,175,158,167,150,1857
Kamień Łowicki,Łódzka Kolej Aglomeracyjna Sp. z o.o.,7,6,11,15,15,22,11,7,11,17,39,17,178
Kamień Łowicki ,,7,6,11,15,15,22,11,7,11,17,39,17,178
Szczecin Podjuchy,PKP INTERCITY Spółka Akcyjna ,,1,,,0,,,,,,,,1
Szczecin Podjuchy,POLREGIO Spółka Akcyjna,35,30,47,32,57,40,22,21,38,30,60,38,450
Szczecin Podjuchy ,,35,31,47,32,57,40,22,21,38,30,60,38,451
Daleszewo,POLREGIO Spółka Akcyjna,36,31,61,44,75,45,23,29,41,38,59,39,521
Daleszewo ,,36,31,61,44,75,45,23,29,41,38,59,39,521
Czepino,POLREGIO Spółka Akcyjna,41,33,63,45,75,47,25,31,38,38,59,41,536
Czepino ,,41,33,63,45,75,47,25,31,38,38,59,41,536
Leńcze,POLREGIO Spółka Akcyjna,256,128,79,81,110,76,137,147,99,100,126,136,1475
Leńcze ,,256,128,79,81,110,76,137,147,99,100,126,136,1475
Radziszów,POLREGIO Spółka Akcyjna,231,107,79,85,115,83,143,166,87,90,117,151,1454
Radziszów ,,231,107,79,85,115,83,143,166,87,90,117,151,1454
Wola Radziszowska Lipki,POLREGIO Spółka Akcyjna,258,127,88,83,119,83,144,170,92,96,129,155,1544
Wola Radziszowska Lipki ,,258,127,88,83,119,83,144,170,92,96,129,155,1544
Wola Radziszowska,POLREGIO Spółka Akcyjna,256,127,89,84,120,84,145,170,92,96,130,155,1548
Wola Radziszowska ,,256,127,89,84,120,84,145,170,92,96,130,155,1548
Rzozów Centrum,POLREGIO Spółka Akcyjna,245,119,85,89,118,86,148,183,75,74,106,152,1480
Rzozów Centrum ,,245,119,85,89,118,86,148,183,75,74,106,152,1480
Rzozów,POLREGIO Spółka Akcyjna,244,120,88,90,118,86,149,183,76,77,107,153,1491
Rzozów ,,244,120,88,90,118,86,149,183,76,77,107,153,1491
Radziszów Centrum,POLREGIO Spółka Akcyjna,243,122,86,89,119,87,149,185,77,78,106,153,1494
Radziszów Centrum ,,243,122,86,89,119,87,149,185,77,78,106,153,1494
Podolany,POLREGIO Spółka Akcyjna,255,127,88,82,120,83,143,168,94,97,132,153,1542
Podolany ,,255,127,88,82,120,83,143,168,94,97,132,153,1542
Krzepów,Koleje Dolnośląskie S.A.,252,129,119,107,186,95,81,45,91,102,153,116,1476
Krzepów,POLREGIO Spółka Akcyjna,,,36,65,65,60,50,37,64,43,57,21,498
Krzepów ,,252,129,155,172,251,155,131,82,155,145,210,137,1974
Biały Dunajec,Koleje Śląskie Spółka z o.o.,1,1,,,2,1,3,2,0,,,2,12
Biały Dunajec,POLREGIO Spółka Akcyjna,190,55,35,62,48,102,175,107,79,32,21,106,1012
Biały Dunajec ,,191,56,35,62,50,103,178,109,79,32,21,108,1024
Puck,CARGO Master Spółka z o.o.,,,,0,,,,,,,,,0
Puck,PKP INTERCITY Spółka Akcyjna ,,,,1,7,57,140,142,7,,,,354
Puck,POLREGIO Spółka Akcyjna,22,22,21,42,208,380,411,569,303,97,109,74,2258
Puck ,,22,22,21,43,215,437,551,711,310,97,109,74,2612
Domaniewice Centrum,Łódzka Kolej Aglomeracyjna Sp. z o.o.,7,5,10,15,15,22,11,7,11,17,39,17,176
Domaniewice Centrum ,,7,5,10,15,15,22,11,7,11,17,39,17,176
Przytkowice,POLREGIO Spółka Akcyjna,276,142,79,87,117,85,152,162,103,104,99,143,1549
Przytkowice ,,276,142,79,87,117,85,152,162,103,104,99,143,1549
Szaflary,POLREGIO Spółka Akcyjna,185,54,35,68,54,112,189,117,84,33,21,118,1070
Szaflary ,,185,54,35,68,54,112,189,117,84,33,21,118,1070
Szaflary Centrum,POLREGIO Spółka Akcyjna,206,56,39,67,52,115,195,120,87,35,22,121,1115
Szaflary Centrum ,,206,56,39,67,52,115,195,120,87,35,22,121,1115
Bańska Niżna,POLREGIO Spółka Akcyjna,205,55,37,68,52,112,192,119,86,35,23,120,1104
Bańska Niżna ,,205,55,37,68,52,112,192,119,86,35,23,120,1104
Ulikowo,POLREGIO Spółka Akcyjna,106,40,106,48,63,80,65,64,127,140,109,137,1085
Ulikowo ,,106,40,106,48,63,80,65,64,127,140,109,137,1085
Ziębice,Koleje Dolnośląskie S.A.,196,84,91,81,96,91,208,250,,,499,363,1959
Ziębice,PKP INTERCITY Spółka Akcyjna ,9,3,6,7,3,16,28,30,,,54,21,177
Ziębice ,,205,87,97,88,99,107,236,280,,,553,384,2136
Poronin Misiagi,POLREGIO Spółka Akcyjna,149,39,37,46,37,92,179,114,71,35,23,99,921
Poronin Misiagi ,,149,39,37,46,37,92,179,114,71,35,23,99,921
Wyszyny,Koleje Mazowieckie - KM Spółka z o.o.,105,45,46,31,47,60,72,50,53,64,59,66,698
Wyszyny ,,105,45,46,31,47,60,72,50,53,64,59,66,698
Stupsk Mazowiecki,Koleje Mazowieckie - KM Spółka z o.o.,101,45,46,32,45,61,74,53,56,61,57,65,696
Stupsk Mazowiecki ,,101,45,46,32,45,61,74,53,56,61,57,65,696
Konopki,Koleje Mazowieckie - KM Spółka z o.o.,84,44,36,27,52,52,68,50,41,52,53,61,620
Konopki ,,84,44,36,27,52,52,68,50,41,52,53,61,620
Krośnice Mazowieckie,Koleje Mazowieckie - KM Spółka z o.o.,96,52,42,32,54,52,81,59,50,57,58,65,698
Krośnice Mazowieckie ,,96,52,42,32,54,52,81,59,50,57,58,65,698
Czeruchy,Koleje Mazowieckie - KM Spółka z o.o.,98,56,43,33,55,52,83,60,50,55,58,68,711
Czeruchy ,,98,56,43,33,55,52,83,60,50,55,58,68,711
Międzyzdroje,Koleje Dolnośląskie S.A.,,,,,,1,1,2,0,,,,4
Międzyzdroje,PKP INTERCITY Spółka Akcyjna ,73,34,37,33,39,58,65,76,30,26,42,60,573
Międzyzdroje,POLREGIO Spółka Akcyjna,22,13,17,14,26,44,52,63,34,41,36,55,417
Międzyzdroje ,,95,47,54,47,65,103,118,141,64,67,78,115,994
Świnoujście,Koleje Dolnośląskie S.A.,,,,,,1,1,1,0,,,,3
Świnoujście,PKP INTERCITY Spółka Akcyjna ,59,26,27,27,32,50,52,64,22,22,33,49,463
Świnoujście,POLREGIO Spółka Akcyjna,17,10,11,11,18,39,43,49,29,35,33,46,341
Świnoujście ,,76,36,38,38,50,90,96,114,51,57,66,95,807
Tuchów,Koleje Małopolskie Sp. z o.o.,13,4,3,2,1,3,5,1,5,9,9,4,59
Tuchów,PKP CARGO S.A. w restrukturyzacji,,,,,,,,,0,,,,0
Tuchów,PKP INTERCITY Spółka Akcyjna ,56,22,27,18,36,41,61,67,54,7,23,38,450
Tuchów,POLREGIO Spółka Akcyjna,104,33,47,31,45,50,66,56,62,42,60,31,627
Tuchów ,,173,59,77,51,82,94,132,124,121,58,92,73,1136
Bogoniowice Ciężkowice,Koleje Małopolskie Sp. z o.o.,9,4,2,2,0,2,3,2,4,7,7,4,46
Bogoniowice Ciężkowice,PKP INTERCITY Spółka Akcyjna ,51,17,25,19,35,39,61,69,64,7,25,33,445
Bogoniowice Ciężkowice,POLREGIO Spółka Akcyjna,91,30,40,26,38,43,55,55,52,36,57,32,555
Bogoniowice Ciężkowice ,,151,51,67,47,73,84,119,126,120,50,89,69,1046
Sierpów,Łódzka Kolej Aglomeracyjna Sp. z o.o.,32,34,35,38,32,34,62,84,50,44,69,47,561
Sierpów,POLREGIO Spółka Akcyjna,7,9,5,6,5,9,13,21,16,10,14,11,126
Sierpów ,,39,43,40,44,37,43,75,105,66,54,83,58,687
Drzewica,Koleje Mazowieckie - KM Spółka z o.o.,16,5,2,9,10,10,9,6,34,19,20,9,149
Drzewica,Łódzka Kolej Aglomeracyjna Sp. z o.o.,5,4,3,7,5,10,21,15,4,12,18,8,112
Drzewica,PKP INTERCITY Spółka Akcyjna ,13,8,6,4,0,10,12,7,25,26,28,12,151
Drzewica ,,34,17,11,20,15,30,42,28,63,57,66,29,412
Łódź Zarzew,Łódzka Kolej Aglomeracyjna Sp. z o.o.,,,,,,,,,80,57,120,60,317
Łódź Zarzew,PKP INTERCITY Spółka Akcyjna ,,,,,,,,,,,58,19,77
Łódź Zarzew,POLREGIO Spółka Akcyjna,,,,,,,,,14,22,30,19,85
Łódź Zarzew ,,,,,,,,,,94,79,208,98,479
Bielany Wrocławskie,Koleje Dolnośląskie S.A.,110,46,29,46,46,44,57,55,106,86,138,105,868
Bielany Wrocławskie ,,110,46,29,46,46,44,57,55,106,86,138,105,868
Wrocław Partynice,Koleje Dolnośląskie S.A.,125,46,32,49,48,49,66,55,117,93,152,112,944
Wrocław Partynice ,,125,46,32,49,48,49,66,55,117,93,152,112,944
Kobierzyce,Koleje Dolnośląskie S.A.,108,45,30,49,48,47,60,58,108,85,133,90,861
Kobierzyce ,,108,45,30,49,48,47,60,58,108,85,133,90,861
Wodzisław Śląski Radlin,Koleje Śląskie Spółka z o.o.,89,48,45,53,48,70,101,91,85,111,107,68,916
Wodzisław Śląski Radlin ,,89,48,45,53,48,70,101,91,85,111,107,68,916
Rybnik Rymer,Koleje Śląskie Spółka z o.o.,92,48,43,50,47,66,99,90,86,112,111,67,911
Rybnik Rymer ,,92,48,43,50,47,66,99,90,86,112,111,67,911
Radlin Obszary,Koleje Śląskie Spółka z o.o.,86,47,43,51,47,66,99,89,84,109,107,65,893
Radlin Obszary ,,86,47,43,51,47,66,99,89,84,109,107,65,893
Międzyrzec Podlaski,PKP INTERCITY Spółka Akcyjna ,43,24,38,30,43,26,32,32,43,64,63,52,490
Międzyrzec Podlaski,POLREGIO Spółka Akcyjna,41,30,9,13,11,20,25,25,26,24,16,18,258
Międzyrzec Podlaski ,,84,54,47,43,54,46,57,57,69,88,79,70,748
Biała Podlaska,PKP INTERCITY Spółka Akcyjna ,39,24,35,24,41,26,30,30,40,56,60,50,455
Biała Podlaska,POLREGIO Spółka Akcyjna,38,32,7,8,11,10,23,20,24,17,18,18,226
Biała Podlaska ,,77,56,42,32,52,36,53,50,64,73,78,68,681
Rokitki,Koleje Dolnośląskie S.A.,84,41,25,34,47,32,63,31,104,76,72,56,665
Rokitki,PKP INTERCITY Spółka Akcyjna ,15,4,8,8,7,8,8,8,11,16,11,13,117
Rokitki ,,99,45,33,42,54,40,71,39,115,92,83,69,782
Zegrze Południowe,Szybka Kolej Miejska Sp. z o.o.,67,34,34,29,25,31,46,30,31,27,29,34,417
Zegrze Południowe ,,67,34,34,29,25,31,46,30,31,27,29,34,417
Wieliszew Centrum,Szybka Kolej Miejska Sp. z o.o.,73,39,35,33,28,34,50,34,35,33,34,38,466
Wieliszew Centrum ,,73,39,35,33,28,34,50,34,35,33,34,38,466
Jastrząb,Koleje Mazowieckie - KM Spółka z o.o.,79,38,45,57,46,51,58,60,54,37,47,46,618
Jastrząb,PKP INTERCITY Spółka Akcyjna ,,,0,,,,,,,,,,0
Jastrząb,POLREGIO Spółka Akcyjna,,,1,3,3,2,6,9,3,5,2,5,39
Jastrząb ,,79,38,46,60,49,53,64,69,57,42,49,51,657
Rożki,Koleje Mazowieckie - KM Spółka z o.o.,74,36,47,62,49,55,58,60,58,36,49,48,632
Rożki,POLREGIO Spółka Akcyjna,,,1,4,5,2,3,7,3,3,2,4,34
Rożki ,,74,36,48,66,54,57,61,67,61,39,51,52,666
Radom Południowy,Koleje Mazowieckie - KM Spółka z o.o.,75,40,50,70,53,55,66,64,59,35,56,51,674
Radom Południowy,POLREGIO Spółka Akcyjna,,,1,4,6,3,5,7,4,2,3,4,39
Radom Południowy ,,75,40,51,74,59,58,71,71,63,37,59,55,713
Szydłowiec,Koleje Mazowieckie - KM Spółka z o.o.,78,39,46,55,49,53,59,60,57,41,45,47,629
Szydłowiec,POLREGIO Spółka Akcyjna,,,2,3,4,2,8,9,3,5,3,5,44
Szydłowiec ,,78,39,48,58,53,55,67,69,60,46,48,52,673
Lipowe Pole,Koleje Mazowieckie - KM Spółka z o.o.,81,40,46,53,49,54,61,60,60,42,45,47,638
Lipowe Pole,POLREGIO Spółka Akcyjna,,,2,3,5,3,8,9,3,5,3,5,46
Lipowe Pole ,,81,40,48,56,54,57,69,69,63,47,48,52,684
Gąsawy Plebańskie,Koleje Mazowieckie - KM Spółka z o.o.,79,39,46,56,48,52,62,62,58,43,48,47,640
Gąsawy Plebańskie,POLREGIO Spółka Akcyjna,,,2,3,3,2,7,9,3,7,2,5,43
Gąsawy Plebańskie ,,79,39,48,59,51,54,69,71,61,50,50,52,683
Wola Lipieniecka,Koleje Mazowieckie - KM Spółka z o.o.,79,37,48,71,53,51,60,61,57,37,46,51,651
Wola Lipieniecka,POLREGIO Spółka Akcyjna,,,1,5,5,2,6,9,3,5,3,4,43
Wola Lipieniecka ,,79,37,49,76,58,53,66,70,60,42,49,55,694
Ruda Wielka,Koleje Mazowieckie - KM Spółka z o.o.,80,36,49,70,55,56,61,63,57,37,48,52,664
Ruda Wielka,POLREGIO Spółka Akcyjna,,,1,6,5,2,6,9,3,5,2,4,43
Ruda Wielka ,,80,36,50,76,60,58,67,72,60,42,50,56,707
Życzyn,Koleje Mazowieckie - KM Spółka z o.o.,99,71,70,74,83,92,99,69,57,66,69,66,915
Życzyn ,,99,71,70,74,83,92,99,69,57,66,69,66,915
Wygoda,Koleje Mazowieckie - KM Spółka z o.o.,114,75,77,82,90,102,108,79,64,73,73,74,1011
Wygoda ,,114,75,77,82,90,102,108,79,64,73,73,74,1011
Mika,Koleje Mazowieckie - KM Spółka z o.o.,111,73,77,82,90,102,105,77,64,73,71,74,999
Mika ,,111,73,77,82,90,102,105,77,64,73,71,74,999
Grabniak,Koleje Mazowieckie - KM Spółka z o.o.,117,74,77,82,91,104,110,85,64,73,74,76,1027
Grabniak ,,117,74,77,82,91,104,110,85,64,73,74,76,1027
Rokitnia Stara,Koleje Mazowieckie - KM Spółka z o.o.,96,78,67,72,79,90,99,73,56,60,66,68,904
Rokitnia Stara ,,96,78,67,72,79,90,99,73,56,60,66,68,904
Pionki,Koleje Mazowieckie - KM Spółka z o.o.,37,34,27,44,39,77,57,49,66,45,36,30,541
Pionki ,,37,34,27,44,39,77,57,49,66,45,36,30,541
Jedlnia-Letnisko,Koleje Mazowieckie - KM Spółka z o.o.,35,34,27,43,40,70,53,50,65,40,36,24,517
Jedlnia-Letnisko ,,35,34,27,43,40,70,53,50,65,40,36,24,517
Jedlnia Kościelna,Koleje Mazowieckie - KM Spółka z o.o.,39,38,29,45,42,78,57,54,69,46,38,28,563
Jedlnia Kościelna ,,39,38,29,45,42,78,57,54,69,46,38,28,563
Dąbrówka Zabłotnia,Koleje Mazowieckie - KM Spółka z o.o.,79,36,49,70,50,57,63,64,60,36,50,52,666
Dąbrówka Zabłotnia,POLREGIO Spółka Akcyjna,,,1,6,6,2,5,8,3,3,2,4,40
Dąbrówka Zabłotnia ,,79,36,50,76,56,59,68,72,63,39,52,56,706
Rajec Poduchowny,Koleje Mazowieckie - KM Spółka z o.o.,35,32,23,41,38,71,50,46,62,40,38,25,501
Rajec Poduchowny ,,35,32,23,41,38,71,50,46,62,40,38,25,501
Groszowice Wrzosów,Koleje Mazowieckie - KM Spółka z o.o.,39,35,27,46,44,72,54,49,67,42,36,24,535
Groszowice Wrzosów ,,39,35,27,46,44,72,54,49,67,42,36,24,535
Antoniówka,Koleje Mazowieckie - KM Spółka z o.o.,35,32,23,41,39,74,49,48,62,40,37,25,505
Antoniówka ,,35,32,23,41,39,74,49,48,62,40,37,25,505
Witonia,Łódzka Kolej Aglomeracyjna Sp. z o.o.,42,37,37,36,29,38,60,78,58,42,50,40,547
Witonia,POLREGIO Spółka Akcyjna,13,12,5,6,5,8,16,28,17,15,20,12,157
Witonia ,,55,49,42,42,34,46,76,106,75,57,70,52,704
Rakoniewice,Koleje Wielkopolskie Sp. z o.o.,23,39,15,24,26,40,29,23,32,29,32,43,355
Rakoniewice,Parowozownia Wolsztyn,,,,,0,,,,,,,,0
Rakoniewice ,,23,39,15,24,26,40,29,23,32,29,32,43,355
Gawrony,Łódzka Kolej Aglomeracyjna Sp. z o.o.,45,45,47,47,39,46,68,98,69,49,75,54,682
Gawrony,POLREGIO Spółka Akcyjna,15,16,6,7,6,13,18,27,19,14,23,10,174
Gawrony ,,60,61,53,54,45,59,86,125,88,63,98,64,856
Ruchocice,Koleje Wielkopolskie Sp. z o.o.,36,42,19,33,37,53,36,27,47,34,40,48,452
Ruchocice ,,36,42,19,33,37,53,36,27,47,34,40,48,452
Drzymałowo,Koleje Wielkopolskie Sp. z o.o.,32,42,17,33,31,49,34,27,44,35,38,48,430
Drzymałowo ,,32,42,17,33,31,49,34,27,44,35,38,48,430
Kępno,CARGO Master Spółka z o.o.,,,1,,,,,,,,,,1
Kępno,Koleje Dolnośląskie S.A.,,,,,,,0,,,,,,0
Kępno,Koleje Śląskie Spółka z o.o.,,,,,,1,,,,,,,1
Kępno,Koleje Wielkopolskie Sp. z o.o.,2,1,7,10,11,15,13,20,16,4,14,9,122
Kępno,Łódzka Kolej Aglomeracyjna Sp. z o.o.,,,,,,0,,,,,,,0
Kępno,PKP INTERCITY Spółka Akcyjna ,59,28,26,26,31,58,96,81,54,56,83,76,674
Kępno,POLREGIO Spółka Akcyjna,7,4,2,9,5,10,7,9,16,32,23,14,138
Kępno ,,68,33,36,45,47,84,116,110,86,92,120,99,936
Hel,CARGO Master Spółka z o.o.,,,,0,,,,,,,,,0
Hel,PKP INTERCITY Spółka Akcyjna ,,,,0,5,42,87,99,4,,,,237
Hel,POLREGIO Spółka Akcyjna,6,6,19,28,163,315,313,488,261,53,42,38,1732
Hel ,,6,6,19,28,168,357,400,587,265,53,42,38,1969
Chabówka Stadion,Koleje Małopolskie Sp. z o.o.,2,0,,,1,1,2,3,0,,,2,11
Chabówka Stadion,Koleje Śląskie Spółka z o.o.,1,2,,,2,2,7,7,0,,,7,28
Chabówka Stadion,PKP INTERCITY Spółka Akcyjna ,152,48,37,30,33,52,113,127,69,23,22,123,829
Chabówka Stadion,POLREGIO Spółka Akcyjna,166,53,36,53,47,94,144,96,84,33,27,139,972
Chabówka Stadion ,,321,103,73,83,83,149,266,233,153,56,49,271,1840
Jurata,PKP INTERCITY Spółka Akcyjna ,,,,0,5,48,104,119,4,,,,280
Jurata,POLREGIO Spółka Akcyjna,12,12,21,37,198,356,389,584,301,72,65,52,2099
Jurata ,,12,12,21,37,203,404,493,703,305,72,65,52,2379
Jastarnia,PKP INTERCITY Spółka Akcyjna ,,,,0,4,51,116,128,7,,,,306
Jastarnia,POLREGIO Spółka Akcyjna,12,12,19,37,204,345,395,583,292,70,64,51,2084
Jastarnia ,,12,12,19,37,208,396,511,711,299,70,64,51,2390
Kuźnica (Hel),PKP INTERCITY Spółka Akcyjna ,,,,0,5,58,138,157,7,,,,365
Kuźnica (Hel),POLREGIO Spółka Akcyjna,12,10,19,37,207,361,412,646,292,75,65,54,2190
Kuźnica (Hel) ,,12,10,19,37,212,419,550,803,299,75,65,54,2555
Chałupy,PKP INTERCITY Spółka Akcyjna ,,,,0,6,63,154,174,8,,,,405
Chałupy,POLREGIO Spółka Akcyjna,14,12,23,40,233,415,523,732,314,94,86,63,2549
Chałupy ,,14,12,23,40,239,478,677,906,322,94,86,63,2954
Rostarzewo,Koleje Wielkopolskie Sp. z o.o.,20,30,12,21,21,38,33,21,27,27,23,42,315
Rostarzewo ,,20,30,12,21,21,38,33,21,27,27,23,42,315
Adamowo,Koleje Wielkopolskie Sp. z o.o.,23,28,13,20,18,38,30,20,25,23,18,39,295
Adamowo ,,23,28,13,20,18,38,30,20,25,23,18,39,295
Tłoki,Koleje Wielkopolskie Sp. z o.o.,24,28,12,20,17,38,31,20,25,25,17,39,296
Tłoki ,,24,28,12,20,17,38,31,20,25,25,17,39,296
Zaosie,Łódzka Kolej Aglomeracyjna Sp. z o.o.,27,15,22,36,27,24,49,42,36,30,33,31,372
Zaosie,POLREGIO Spółka Akcyjna,1,0,1,1,0,2,5,4,6,5,7,7,39
Zaosie ,,28,15,23,37,27,26,54,46,42,35,40,38,411
Wykno,Łódzka Kolej Aglomeracyjna Sp. z o.o.,27,15,23,38,28,21,52,44,39,29,33,30,379
Wykno,POLREGIO Spółka Akcyjna,1,0,1,1,0,1,5,4,6,5,7,7,38
Wykno ,,28,15,24,39,28,22,57,48,45,34,40,37,417
Skrzynki,Łódzka Kolej Aglomeracyjna Sp. z o.o.,26,13,19,35,26,23,44,38,25,20,28,27,324
Skrzynki,POLREGIO Spółka Akcyjna,1,0,1,1,0,2,4,3,6,4,7,7,36
Skrzynki ,,27,13,20,36,26,25,48,41,31,24,35,34,360
Nowa Sucha,Koleje Mazowieckie - KM Spółka z o.o.,70,39,38,70,69,84,154,100,119,119,96,87,1045
Nowa Sucha ,,70,39,38,70,69,84,154,100,119,119,96,87,1045
Kęszyce,Koleje Mazowieckie - KM Spółka z o.o.,70,38,38,66,71,83,152,97,113,114,94,85,1021
Kęszyce ,,70,38,38,66,71,83,152,97,113,114,94,85,1021
Kornelin,Koleje Mazowieckie - KM Spółka z o.o.,70,40,38,70,69,83,154,102,122,122,97,87,1054
Kornelin ,,70,40,38,70,69,83,154,102,122,122,97,87,1054
Jasionna Łowicka,Koleje Mazowieckie - KM Spółka z o.o.,71,38,37,66,70,83,151,94,113,112,92,83,1010
Jasionna Łowicka ,,71,38,37,66,70,83,151,94,113,112,92,83,1010
Bednary,Koleje Mazowieckie - KM Spółka z o.o.,66,35,30,51,46,68,136,78,91,93,81,61,836
Bednary ,,66,35,30,51,46,68,136,78,91,93,81,61,836
Mysłaków,Koleje Mazowieckie - KM Spółka z o.o.,63,34,29,50,47,62,134,74,85,97,86,63,824
Mysłaków ,,63,34,29,50,47,62,134,74,85,97,86,63,824
Żurawica Rozrządowa,PKP INTERCITY Spółka Akcyjna ,,,,,,,,,,,0,,0
Żurawica Rozrządowa,POLREGIO Spółka Akcyjna,112,43,69,61,56,56,86,64,43,66,65,61,782
Żurawica Rozrządowa ,,112,43,69,61,56,56,86,64,43,66,65,61,782
Żurawica Osobowa,POLREGIO Spółka Akcyjna,109,43,69,58,54,58,83,61,41,66,64,58,764
Żurawica Osobowa ,,109,43,69,58,54,58,83,61,41,66,64,58,764
Walawa,POLREGIO Spółka Akcyjna,111,43,68,60,60,56,88,66,42,63,62,62,781
Walawa ,,111,43,68,60,60,56,88,66,42,63,62,62,781
Sośnica Jarosławska,POLREGIO Spółka Akcyjna,106,40,64,58,57,53,89,62,41,59,58,62,749
Sośnica Jarosławska ,,106,40,64,58,57,53,89,62,41,59,58,62,749
Niziny,POLREGIO Spółka Akcyjna,109,45,68,62,60,54,89,64,42,59,61,61,774
Niziny ,,109,45,68,62,60,54,89,64,42,59,61,61,774
Ostrów koło Radymna,POLREGIO Spółka Akcyjna,109,37,60,60,50,46,97,52,39,62,54,60,726
Ostrów koło Radymna ,,109,37,60,60,50,46,97,52,39,62,54,60,726
Słotwiny,Łódzka Kolej Aglomeracyjna Sp. z o.o.,26,13,20,28,23,20,45,41,20,21,24,28,309
Słotwiny,POLREGIO Spółka Akcyjna,1,0,1,2,0,1,3,3,1,4,5,4,25
Słotwiny ,,27,13,21,30,23,21,48,44,21,25,29,32,334
Marciszów,Koleje Dolnośląskie S.A.,141,64,63,77,73,70,111,76,125,206,156,110,1272
Marciszów,POLREGIO Spółka Akcyjna,16,10,5,8,9,6,7,0,11,17,17,13,119
Marciszów ,,157,74,68,85,82,76,118,76,136,223,173,123,1391
Boguszów-Gorce,Koleje Dolnośląskie S.A.,142,66,62,79,79,73,108,80,123,221,166,121,1320
Boguszów-Gorce,LEO Express Global a.s.,,,0,,,,,,,,,,0
Boguszów-Gorce,POLREGIO Spółka Akcyjna,16,11,5,8,8,10,7,2,13,19,17,15,131
Boguszów-Gorce ,,158,77,67,87,87,83,115,82,136,240,183,136,1451
Łowicz Przedmieście,Łódzka Kolej Aglomeracyjna Sp. z o.o.,12,3,8,16,14,25,9,,12,16,38,15,168
Łowicz Przedmieście,PKP INTERCITY Spółka Akcyjna ,,,0,,,,,,,,,,0
Łowicz Przedmieście ,,12,3,8,16,14,25,9,,12,16,38,15,168
Wierzchucin,Arriva RP Sp. z o.o.,79,24,26,52,28,58,80,40,74,14,51,52,578
Wierzchucin,CARGO Master Spółka z o.o.,,,,0,,,,,,,,,0
Wierzchucin ,,79,24,26,52,28,58,80,40,74,14,51,52,578
Nędza Wieś,Koleje Śląskie Spółka z o.o.,77,50,35,38,40,43,69,67,61,56,107,78,721
Nędza Wieś ,,77,50,35,38,40,43,69,67,61,56,107,78,721
Górki Śląskie,Koleje Śląskie Spółka z o.o.,75,50,33,39,40,45,71,73,60,51,106,75,718
Górki Śląskie ,,75,50,33,39,40,45,71,73,60,51,106,75,718
Sumina,Koleje Śląskie Spółka z o.o.,70,45,31,40,41,41,67,68,116,51,106,60,736
Sumina ,,70,45,31,40,41,41,67,68,116,51,106,60,736
Szymocice,Koleje Śląskie Spółka z o.o.,77,50,35,37,41,45,68,70,59,53,107,74,716
Szymocice ,,77,50,35,37,41,45,68,70,59,53,107,74,716
Starachowice Wschodnie,PKP INTERCITY Spółka Akcyjna ,27,16,12,14,13,15,30,21,18,15,38,19,238
Starachowice Wschodnie,POLREGIO Spółka Akcyjna,80,38,35,34,54,41,78,81,54,61,91,44,691
Starachowice Wschodnie ,,107,54,47,48,67,56,108,102,72,76,129,63,929
Ostrowiec Świętokrzyski,PKP INTERCITY Spółka Akcyjna ,22,16,11,14,11,14,32,21,20,13,37,22,233
Ostrowiec Świętokrzyski,POLREGIO Spółka Akcyjna,69,29,26,29,47,32,65,75,40,48,84,40,584
Ostrowiec Świętokrzyski ,,91,45,37,43,58,46,97,96,60,61,121,62,817
Góra Kalwaria,Koleje Mazowieckie - KM Spółka z o.o.,41,24,20,26,15,39,28,6,19,10,10,30,268
Góra Kalwaria,PKP INTERCITY Spółka Akcyjna ,,,0,,,,,,,,,,0
Góra Kalwaria ,,41,24,20,26,15,39,28,6,19,10,10,30,268
Czachówek Wschodni,Koleje Mazowieckie - KM Spółka z o.o.,50,30,25,26,21,38,35,10,21,13,17,36,322
Czachówek Wschodni ,,50,30,25,26,21,38,35,10,21,13,17,36,322
Bytom,Koleje Śląskie Spółka z o.o.,6,5,5,12,6,9,5,10,17,10,14,47,146
Bytom ,,6,5,5,12,6,9,5,10,17,10,14,47,146
Skarżysko Kościelne,PKP INTERCITY Spółka Akcyjna ,29,15,14,16,14,15,33,20,19,15,38,11,239
Skarżysko Kościelne,POLREGIO Spółka Akcyjna,83,36,36,37,55,45,74,83,53,62,100,46,710
Skarżysko Kościelne ,,112,51,50,53,69,60,107,103,72,77,138,57,949
Ostaszewo Toruńskie,Arriva RP Sp. z o.o.,71,37,62,50,77,91,84,46,114,57,100,54,843
Ostaszewo Toruńskie ,,71,37,62,50,77,91,84,46,114,57,100,54,843
Łysomice,Arriva RP Sp. z o.o.,77,38,65,48,78,92,93,54,114,59,101,62,881
Łysomice ,,77,38,65,48,78,92,93,54,114,59,101,62,881
Nakło nad Notecią,CARGO Master Spółka z o.o.,,,,1,,,,,,,,,1
Nakło nad Notecią,PKP INTERCITY Spółka Akcyjna ,60,29,23,10,21,38,78,83,37,35,33,48,495
Nakło nad Notecią,POLREGIO Spółka Akcyjna,69,51,26,20,31,61,75,90,53,77,70,57,680
Nakło nad Notecią ,,129,80,49,31,52,99,153,173,90,112,103,105,1176
Budzyń,Koleje Wielkopolskie Sp. z o.o.,64,22,74,28,28,59,52,46,30,25,32,65,525
Budzyń,POLREGIO Spółka Akcyjna,91,46,65,29,35,71,68,79,63,46,58,91,742
Budzyń ,,155,68,139,57,63,130,120,125,93,71,90,156,1267
Ostrówki koło Chodzieży,Koleje Wielkopolskie Sp. z o.o.,70,26,81,40,42,79,76,72,36,35,48,92,697
Ostrówki koło Chodzieży,POLREGIO Spółka Akcyjna,106,61,78,47,43,76,78,90,70,54,64,100,867
Ostrówki koło Chodzieży ,,176,87,159,87,85,155,154,162,106,89,112,192,1564
Dziembówko,Koleje Wielkopolskie Sp. z o.o.,54,22,72,33,28,64,57,55,18,24,42,77,546
Dziembówko,POLREGIO Spółka Akcyjna,90,51,65,41,37,75,87,93,54,54,70,112,829
Dziembówko ,,144,73,137,74,65,139,144,148,72,78,112,189,1375
Grzywna,Arriva RP Sp. z o.o.,75,38,66,54,83,99,99,57,121,58,102,64,916
Grzywna ,,75,38,66,54,83,99,99,57,121,58,102,64,916
Piła Kalina,Koleje Wielkopolskie Sp. z o.o.,54,22,71,33,28,65,57,54,18,23,45,76,546
Piła Kalina,POLREGIO Spółka Akcyjna,92,50,66,45,40,77,89,95,57,58,71,113,853
Piła Kalina ,,146,72,137,78,68,142,146,149,75,81,116,189,1399
Milcz,Koleje Wielkopolskie Sp. z o.o.,58,25,76,35,32,68,66,65,21,27,48,90,611
Milcz,POLREGIO Spółka Akcyjna,95,53,74,48,41,77,89,93,55,56,71,113,865
Milcz ,,153,78,150,83,73,145,155,158,76,83,119,203,1476
Tarnowo Rogozińskie,Koleje Wielkopolskie Sp. z o.o.,76,36,79,34,36,70,69,59,33,35,38,76,641
Tarnowo Rogozińskie,POLREGIO Spółka Akcyjna,87,53,70,39,39,83,74,85,75,61,64,93,823
Tarnowo Rogozińskie ,,163,89,149,73,75,153,143,144,108,96,102,169,1464
Sokołowo Budzyńskie,Koleje Wielkopolskie Sp. z o.o.,74,36,79,32,38,70,67,59,33,34,39,76,637
Sokołowo Budzyńskie,POLREGIO Spółka Akcyjna,88,54,70,39,39,83,74,85,75,61,64,93,825
Sokołowo Budzyńskie ,,162,90,149,71,77,153,141,144,108,95,103,169,1462
Krotoszyn,Koleje Dolnośląskie S.A.,13,9,6,8,8,7,15,29,15,9,26,24,169
Krotoszyn,Koleje Wielkopolskie Sp. z o.o.,23,20,16,8,27,48,24,16,37,20,29,23,291
Krotoszyn,PKP INTERCITY Spółka Akcyjna ,20,15,14,9,8,16,34,46,15,26,33,31,267
Krotoszyn ,,56,44,36,25,43,71,73,91,67,55,88,78,727
Hagenwerder,Die Länderbahn Gmbh DLB,,,,,,,,,1,,,,1
Hagenwerder,ODEG Ostdeutsche Eisenbahn GmbH,,,21,48,72,90,68,65,88,71,60,30,613
Hagenwerder ,,,,21,48,72,90,68,65,89,71,60,30,614
Krzewina Zgorzelecka,ODEG Ostdeutsche Eisenbahn GmbH,,,21,49,69,99,76,70,93,76,61,28,642
Krzewina Zgorzelecka ,,,,21,49,69,99,76,70,93,76,61,28,642
Zittau,Die Länderbahn Gmbh DLB,,,,,,,,,0,,,,0
Zittau,ODEG Ostdeutsche Eisenbahn GmbH,,,16,31,48,80,59,51,72,57,49,19,482
Zittau ,,,,16,31,48,80,59,51,72,57,49,19,482
Hirschfelde,ODEG Ostdeutsche Eisenbahn GmbH,,,22,49,70,100,78,67,95,74,64,30,649
Hirschfelde ,,,,22,49,70,100,78,67,95,74,64,30,649
Balin,Koleje Śląskie Spółka z o.o.,,,,,,,,,,,,5,5
Balin,POLREGIO Spółka Akcyjna,162,105,86,62,68,65,65,79,76,145,145,96,1154
Balin ,,162,105,86,62,68,65,65,79,76,145,145,101,1159
Ostrzeszów,Koleje Wielkopolskie Sp. z o.o.,5,2,11,13,14,15,17,23,17,6,17,13,153
Ostrzeszów,Łódzka Kolej Aglomeracyjna Sp. z o.o.,,,,,,0,,,,,,,0
Ostrzeszów,PKP INTERCITY Spółka Akcyjna ,47,23,23,30,33,51,81,85,55,58,83,76,645
Ostrzeszów,POLREGIO Spółka Akcyjna,8,3,3,12,7,10,7,10,20,29,23,12,144
Ostrzeszów ,,60,28,37,55,54,76,105,118,92,93,123,101,942
Wrocław Pawłowice,Koleje Dolnośląskie S.A.,61,19,21,39,26,27,29,51,79,23,87,103,565
Wrocław Pawłowice ,,61,19,21,39,26,27,29,51,79,23,87,103,565
Wrocław Zakrzów,Koleje Dolnośląskie S.A.,61,19,22,40,26,27,29,56,80,24,89,105,578
Wrocław Zakrzów ,,61,19,22,40,26,27,29,56,80,24,89,105,578
Mrzezino,POLREGIO Spółka Akcyjna,30,27,22,42,207,379,388,485,304,95,108,80,2167
Mrzezino ,,30,27,22,42,207,379,388,485,304,95,108,80,2167
Pasikurowice,Koleje Dolnośląskie S.A.,59,18,21,39,26,27,22,22,79,24,84,101,522
Pasikurowice ,,59,18,21,39,26,27,22,22,79,24,84,101,522
Grybów,Koleje Małopolskie Sp. z o.o.,5,3,5,2,3,3,4,3,6,6,8,4,52
Grybów,PKP CARGO S.A. w restrukturyzacji,,,,,,,,,0,,,,0
Grybów,PKP INTERCITY Spółka Akcyjna ,25,5,9,10,25,15,22,26,32,8,7,17,201
Grybów,POLREGIO Spółka Akcyjna,78,28,48,24,41,60,59,71,63,33,47,40,592
Grybów ,,108,36,62,36,69,78,85,100,101,47,62,61,845
Stróże,Koleje Małopolskie Sp. z o.o.,5,3,5,2,1,3,3,3,5,5,9,4,48
Stróże,PKP CARGO S.A. w restrukturyzacji,,,,,,,,,0,,,,0
Stróże,PKP INTERCITY Spółka Akcyjna ,25,5,9,10,23,15,22,25,33,8,7,18,200
Stróże,POLREGIO Spółka Akcyjna,75,29,46,25,40,57,60,69,63,34,47,38,583
Stróże ,,105,37,60,37,64,75,85,97,101,47,63,60,831
Ramiszów,Koleje Dolnośląskie S.A.,60,18,21,39,26,27,28,28,79,23,85,102,536
Ramiszów ,,60,18,21,39,26,27,28,28,79,23,85,102,536
Zagajnik,Koleje Dolnośląskie S.A.,121,61,67,51,67,61,111,59,141,109,85,94,1027
Zagajnik ,,121,61,67,51,67,61,111,59,141,109,85,94,1027
Wąbrzeźno,CARGO Master Spółka z o.o.,0,,,,,,,,,,,,0
Wąbrzeźno,PKP INTERCITY Spółka Akcyjna ,51,22,18,22,25,52,69,54,45,42,44,41,485
Wąbrzeźno,POLREGIO Spółka Akcyjna,76,36,35,34,50,57,50,57,42,44,58,46,585
Wąbrzeźno ,,127,58,53,56,75,109,119,111,87,86,102,87,1070
Kowalewo Pomorskie,CARGO Master Spółka z o.o.,0,,,,,,,,,,,,0
Kowalewo Pomorskie,PKP INTERCITY Spółka Akcyjna ,47,22,20,22,25,50,72,54,47,42,47,43,491
Kowalewo Pomorskie,POLREGIO Spółka Akcyjna,77,40,33,35,52,58,51,59,37,46,55,55,598
Kowalewo Pomorskie ,,124,62,53,57,77,108,123,113,84,88,102,98,1089
Jędrzychowice,Koleje Dolnośląskie S.A.,49,22,22,19,27,30,58,33,60,42,39,40,441
Jędrzychowice,POLREGIO Spółka Akcyjna,20,21,21,17,15,34,23,57,139,105,112,88,652
Jędrzychowice ,,69,43,43,36,42,64,81,90,199,147,151,128,1093
Jezierzany,Koleje Dolnośląskie S.A.,89,31,31,38,47,30,60,29,105,71,63,65,659
Jezierzany ,,89,31,31,38,47,30,60,29,105,71,63,65,659
Wyszków,Koleje Mazowieckie - KM Spółka z o.o.,56,34,22,29,25,22,39,33,30,53,50,14,407
Wyszków,PKP INTERCITY Spółka Akcyjna ,,,0,,,,0,,,,,,0
Wyszków ,,56,34,22,29,25,22,39,33,30,53,50,14,407
Bobowa-Miasto,Koleje Małopolskie Sp. z o.o.,5,3,5,2,1,4,4,3,4,7,9,4,51
Bobowa-Miasto,PKP INTERCITY Spółka Akcyjna ,26,6,11,11,25,17,22,27,37,8,8,19,217
Bobowa-Miasto,POLREGIO Spółka Akcyjna,92,37,47,28,45,58,60,68,58,37,53,36,619
Bobowa-Miasto ,,123,46,63,41,71,79,86,98,99,52,70,59,887
Mostówka,Koleje Mazowieckie - KM Spółka z o.o.,54,33,24,33,28,24,39,29,37,53,41,16,411
Mostówka ,,54,33,24,33,28,24,39,29,37,53,41,16,411
Chotyłów,PKP INTERCITY Spółka Akcyjna ,38,15,33,24,35,24,23,28,42,50,52,45,409
Chotyłów,POLREGIO Spółka Akcyjna,33,26,6,8,9,12,17,12,11,17,19,11,181
Chotyłów ,,71,41,39,32,44,36,40,40,53,67,71,56,590
Terespol,PKP INTERCITY Spółka Akcyjna ,35,12,32,20,28,23,24,28,35,45,46,38,366
Terespol,POLREGIO Spółka Akcyjna,30,16,5,5,10,9,13,12,8,12,16,5,141
Terespol ,,65,28,37,25,38,32,37,40,43,57,62,43,507
Małaszewicze,PKP INTERCITY Spółka Akcyjna ,36,18,33,23,32,25,24,27,39,51,51,40,399
Małaszewicze,POLREGIO Spółka Akcyjna,32,20,6,7,10,12,15,13,11,15,19,7,167
Małaszewicze ,,68,38,39,30,42,37,39,40,50,66,70,47,566
Włocławek Zazamcze,POLREGIO Spółka Akcyjna,71,39,43,40,34,50,105,95,66,72,65,57,737
Włocławek Zazamcze ,,71,39,43,40,34,50,105,95,66,72,65,57,737
Turzno Kujawskie,POLREGIO Spółka Akcyjna,90,42,39,40,40,63,103,91,69,80,72,57,786
Turzno Kujawskie ,,90,42,39,40,40,63,103,91,69,80,72,57,786
Otłoczyn,POLREGIO Spółka Akcyjna,96,39,36,38,35,61,100,88,69,77,72,52,763
Otłoczyn ,,96,39,36,38,35,61,100,88,69,77,72,52,763
Nieszawa Waganiec,POLREGIO Spółka Akcyjna,78,40,39,36,30,57,102,89,67,73,67,51,729
Nieszawa Waganiec ,,78,40,39,36,30,57,102,89,67,73,67,51,729
Lubanie,POLREGIO Spółka Akcyjna,77,42,39,39,31,57,106,95,70,72,66,53,747
Lubanie ,,77,42,39,39,31,57,106,95,70,72,66,53,747
Brzezie,POLREGIO Spółka Akcyjna,74,41,40,39,32,52,106,94,69,71,64,54,736
Brzezie ,,74,41,40,39,32,52,106,94,69,71,64,54,736
Toruń Czerniewice,POLREGIO Spółka Akcyjna,92,43,36,36,37,60,91,85,67,77,71,50,745
Toruń Czerniewice ,,92,43,36,36,37,60,91,85,67,77,71,50,745
Dobiegniew,PKP INTERCITY Spółka Akcyjna ,95,79,71,78,65,80,78,87,104,67,86,98,988
Dobiegniew,POLREGIO Spółka Akcyjna,57,30,53,36,37,48,30,21,48,36,45,52,493
Dobiegniew ,,152,109,124,114,102,128,108,108,152,103,131,150,1481
Płock,CARGO Master Spółka z o.o.,,,,,1,,,,,,,,1
Płock,Koleje Mazowieckie - KM Spółka z o.o.,53,139,56,69,46,52,68,71,48,45,33,42,722
Płock,PKP INTERCITY Spółka Akcyjna ,11,11,17,15,15,24,33,41,13,9,22,14,225
Płock ,,64,150,73,84,62,76,101,112,61,54,55,56,948
Rurka,POLREGIO Spółka Akcyjna,49,49,41,17,35,67,55,59,50,45,94,53,614
Rurka ,,49,49,41,17,35,67,55,59,50,45,94,53,614
Tomaszów Bolesławiecki,Koleje Dolnośląskie S.A.,127,63,68,51,67,69,116,63,141,105,90,94,1054
Tomaszów Bolesławiecki ,,127,63,68,51,67,69,116,63,141,105,90,94,1054
Osetnica,Koleje Dolnośląskie S.A.,136,66,70,53,69,69,110,66,143,106,89,94,1071
Osetnica ,,136,66,70,53,69,69,110,66,143,106,89,94,1071
Okmiany,Koleje Dolnośląskie S.A.,125,58,64,48,64,68,113,62,136,102,84,87,1011
Okmiany ,,125,58,64,48,64,68,113,62,136,102,84,87,1011
Witnica,PKP INTERCITY Spółka Akcyjna ,7,3,3,4,3,8,3,5,2,8,10,4,60
Witnica,POLREGIO Spółka Akcyjna,200,129,151,155,123,93,111,77,96,109,148,147,1539
Witnica ,,207,132,154,159,126,101,114,82,98,117,158,151,1599
Bąkowiec,Koleje Mazowieckie - KM Spółka z o.o.,32,30,24,42,37,68,53,41,58,45,38,28,496
Bąkowiec,PKP INTERCITY Spółka Akcyjna ,,,0,,,,,,,,,,0
Bąkowiec ,,32,30,24,42,37,68,53,41,58,45,38,28,496
Żytkowice,Koleje Mazowieckie - KM Spółka z o.o.,32,37,26,43,40,69,59,47,71,43,36,28,531
Żytkowice ,,32,37,26,43,40,69,59,47,71,43,36,28,531
Zajezierze koło Dęblina,Koleje Mazowieckie - KM Spółka z o.o.,30,30,24,39,41,116,57,42,80,44,39,29,571
Zajezierze koło Dęblina,PKP INTERCITY Spółka Akcyjna ,,,,,,,,,,,0,,0
Zajezierze koło Dęblina ,,30,30,24,39,41,116,57,42,80,44,39,29,571
Garbatka-Letnisko,Koleje Mazowieckie - KM Spółka z o.o.,32,31,26,43,37,66,56,44,57,44,36,27,499
Garbatka-Letnisko ,,32,31,26,43,37,66,56,44,57,44,36,27,499
Potok,POLREGIO Spółka Akcyjna,118,63,68,37,56,74,110,126,123,105,128,91,1099
Potok ,,118,63,68,37,56,74,110,126,123,105,128,91,1099
Miąsowa,POLREGIO Spółka Akcyjna,111,65,68,37,54,76,106,119,94,90,152,92,1064
Miąsowa ,,111,65,68,37,54,76,106,119,94,90,152,92,1064
Krzcięcice,POLREGIO Spółka Akcyjna,117,62,67,35,55,71,108,120,122,104,127,91,1079
Krzcięcice ,,117,62,67,35,55,71,108,120,122,104,127,91,1079
Wolica,POLREGIO Spółka Akcyjna,111,62,73,41,53,78,108,120,90,86,146,89,1057
Wolica ,,111,62,73,41,53,78,108,120,90,86,146,89,1057
Sobków,POLREGIO Spółka Akcyjna,112,62,70,41,52,75,105,121,89,89,149,92,1057
Sobków ,,112,62,70,41,52,75,105,121,89,89,149,92,1057
Radkowice,POLREGIO Spółka Akcyjna,112,63,76,41,53,80,108,118,89,88,148,89,1065
Radkowice ,,112,63,76,41,53,80,108,118,89,88,148,89,1065
Częstochowa Aniołów,Łódzka Kolej Aglomeracyjna Sp. z o.o.,,,,,,,,,,,,1,1
Częstochowa Aniołów,POLREGIO Spółka Akcyjna,60,34,46,28,48,55,86,78,64,58,65,56,678
Częstochowa Aniołów ,,60,34,46,28,48,55,86,78,64,58,65,57,679
Rybienko,Koleje Mazowieckie - KM Spółka z o.o.,57,37,22,31,25,22,42,30,33,59,49,14,421
Rybienko ,,57,37,22,31,25,22,42,30,33,59,49,14,421
Lucynów,Koleje Mazowieckie - KM Spółka z o.o.,56,36,23,33,27,22,43,30,35,60,47,15,427
Lucynów ,,56,36,23,33,27,22,43,30,35,60,47,15,427
Świebodzin,PKP INTERCITY Spółka Akcyjna ,174,148,178,157,121,251,142,154,153,196,137,144,1955
Świebodzin,POLREGIO Spółka Akcyjna,130,101,164,131,110,163,90,114,129,140,126,94,1492
Świebodzin ,,304,249,342,288,231,414,232,268,282,336,263,238,3447
Sumina Wieś,Koleje Śląskie Spółka z o.o.,74,47,36,41,44,36,74,75,26,60,123,68,704
Sumina Wieś ,,74,47,36,41,44,36,74,75,26,60,123,68,704
Rydułtowy,Koleje Śląskie Spółka z o.o.,75,48,38,42,41,40,67,77,23,55,125,71,702
Rydułtowy ,,75,48,38,42,41,40,67,77,23,55,125,71,702
Łuków Śląski,Koleje Śląskie Spółka z o.o.,75,47,39,42,42,38,74,76,26,59,124,69,711
Łuków Śląski ,,75,47,39,42,42,38,74,76,26,59,124,69,711
Rybnik Niedobczyce,Koleje Śląskie Spółka z o.o.,79,51,38,43,39,42,70,76,25,55,129,67,714
Rybnik Niedobczyce ,,79,51,38,43,39,42,70,76,25,55,129,67,714
Rybnik Niewiadom,Koleje Śląskie Spółka z o.o.,76,50,36,45,40,42,70,74,25,54,123,65,700
Rybnik Niewiadom ,,76,50,36,45,40,42,70,74,25,54,123,65,700
Jarzębia Łąka,Koleje Mazowieckie - KM Spółka z o.o.,54,36,27,34,32,25,39,29,41,59,44,18,438
Jarzębia Łąka ,,54,36,27,34,32,25,39,29,41,59,44,18,438
Grzegorzewo,Koleje Mazowieckie - KM Spółka z o.o.,54,36,27,34,32,25,38,30,39,57,43,18,433
Grzegorzewo ,,54,36,27,34,32,25,38,30,39,57,43,18,433
Żelistrzewo,POLREGIO Spółka Akcyjna,27,21,21,48,200,383,386,503,307,105,117,76,2194
Żelistrzewo ,,27,21,21,48,200,383,386,503,307,105,117,76,2194
Starogard Gdański,CARGO Master Spółka z o.o.,,,,0,,,,,,,,,0
Starogard Gdański,PKP INTERCITY Spółka Akcyjna ,13,4,6,5,7,14,3,7,7,12,9,5,92
Starogard Gdański,POLREGIO Spółka Akcyjna,124,68,65,127,115,135,114,154,124,110,82,91,1309
Starogard Gdański ,,137,72,71,132,122,149,117,161,131,122,91,96,1401
Sobótka,Koleje Dolnośląskie S.A.,125,49,34,55,50,62,65,66,91,90,142,88,917
Sobótka,PKP INTERCITY Spółka Akcyjna ,,,,,,,,0,,,,,0
Sobótka ,,125,49,34,55,50,62,65,66,91,90,142,88,917
Kościerzyna,CARGO Master Spółka z o.o.,,,,2,,,,,,,,,2
Kościerzyna,POLREGIO Spółka Akcyjna,26,14,19,26,30,30,49,59,34,34,30,32,383
Kościerzyna ,,26,14,19,28,30,30,49,59,34,34,30,32,385
Łobez,PKP INTERCITY Spółka Akcyjna ,90,49,57,50,64,112,115,142,80,89,93,129,1070
Łobez,POLREGIO Spółka Akcyjna,52,12,48,23,35,40,46,56,50,46,34,67,509
Łobez ,,142,61,105,73,99,152,161,198,130,135,127,196,1579
Nowy Sącz Dąbrówka,POLREGIO Spółka Akcyjna,70,38,51,26,39,60,62,74,61,28,43,37,589
Nowy Sącz Dąbrówka ,,70,38,51,26,39,60,62,74,61,28,43,37,589
Nowy Sącz Biegonice,POLREGIO Spółka Akcyjna,69,33,49,20,33,57,58,67,61,31,40,36,554
Nowy Sącz Biegonice ,,69,33,49,20,33,57,58,67,61,31,40,36,554
Barcice,POLREGIO Spółka Akcyjna,76,32,49,22,38,54,75,75,68,38,39,37,603
Barcice ,,76,32,49,22,38,54,75,75,68,38,39,37,603
Piwniczna,PKP CARGO S.A. w restrukturyzacji,,,,,,,,,0,,0,,0
Piwniczna,POLREGIO Spółka Akcyjna,64,29,46,25,36,53,68,63,61,34,35,34,548
Piwniczna ,,64,29,46,25,36,53,68,63,61,34,35,34,548
Zabrzeg,Koleje Śląskie Spółka z o.o.,188,109,119,149,144,163,123,86,129,123,144,158,1635
Zabrzeg ,,188,109,119,149,144,163,123,86,129,123,144,158,1635
Kuźnia Raciborska,PKP INTERCITY Spółka Akcyjna ,56,25,22,18,24,52,66,60,35,31,61,82,532
Kuźnia Raciborska,POLREGIO Spółka Akcyjna,68,35,40,50,54,46,47,59,68,76,64,81,688
Kuźnia Raciborska ,,124,60,62,68,78,98,113,119,103,107,125,163,1220
Młodów,POLREGIO Spółka Akcyjna,67,31,46,26,40,59,76,69,65,36,42,35,592
Młodów ,,67,31,46,26,40,59,76,69,65,36,42,35,592
Pyskowice,PKP INTERCITY Spółka Akcyjna ,45,29,38,40,37,69,83,74,76,81,88,32,692
Pyskowice,POLREGIO Spółka Akcyjna,72,23,40,43,50,58,67,63,63,79,104,57,719
Pyskowice ,,117,52,78,83,87,127,150,137,139,160,192,89,1411
Widzów Teklinów,POLREGIO Spółka Akcyjna,63,36,43,33,52,56,86,79,76,58,66,57,705
Widzów Teklinów ,,63,36,43,33,52,56,86,79,76,58,66,57,705
Jacków,POLREGIO Spółka Akcyjna,71,38,44,32,56,62,91,84,78,64,70,60,750
Jacków ,,71,38,44,32,56,62,91,84,78,64,70,60,750
Rudniki koło Częstochowy,POLREGIO Spółka Akcyjna,59,32,47,27,50,50,85,80,66,59,64,51,670
Rudniki koło Częstochowy ,,59,32,47,27,50,50,85,80,66,59,64,51,670
Rzerzęczyce,POLREGIO Spółka Akcyjna,66,32,48,29,55,52,93,82,69,61,75,57,719
Rzerzęczyce ,,66,32,48,29,55,52,93,82,69,61,75,57,719
Kłomnice,POLREGIO Spółka Akcyjna,72,37,42,28,52,58,89,79,73,64,71,56,721
Kłomnice ,,72,37,42,28,52,58,89,79,73,64,71,56,721
Bobry,POLREGIO Spółka Akcyjna,68,35,45,34,54,54,87,82,72,56,70,67,724
Bobry ,,68,35,45,34,54,54,87,82,72,56,70,67,724
Stare Pole,POLREGIO Spółka Akcyjna,113,49,48,42,41,69,149,150,76,86,86,83,992
Stare Pole ,,113,49,48,42,41,69,149,150,76,86,86,83,992
Królewo Malborskie,POLREGIO Spółka Akcyjna,116,52,48,45,44,76,155,159,82,90,89,88,1044
Królewo Malborskie ,,116,52,48,45,44,76,155,159,82,90,89,88,1044
Gronowo Elbląskie,POLREGIO Spółka Akcyjna,109,49,46,43,41,69,148,139,85,86,83,83,981
Gronowo Elbląskie ,,109,49,46,43,41,69,148,139,85,86,83,83,981
Fiszewo,POLREGIO Spółka Akcyjna,115,50,50,43,41,70,154,149,85,88,86,85,1016
Fiszewo ,,115,50,50,43,41,70,154,149,85,88,86,85,1016
Swarzewo,POLREGIO Spółka Akcyjna,25,21,21,42,219,389,402,553,322,100,114,78,2286
Swarzewo ,,25,21,21,42,219,389,402,553,322,100,114,78,2286
Jasionka Lotnisko,POLREGIO Spółka Akcyjna,23,3,11,6,1,3,5,3,7,9,6,8,85
Jasionka Lotnisko ,,23,3,11,6,1,3,5,3,7,9,6,8,85
Głogów Małopolski Południowy,POLREGIO Spółka Akcyjna,27,4,12,6,1,4,6,5,8,10,6,10,99
Głogów Małopolski Południowy ,,27,4,12,6,1,4,6,5,8,10,6,10,99
Bukowno,POLREGIO Spółka Akcyjna,97,27,27,56,60,63,34,38,31,73,84,69,659
Bukowno ,,97,27,27,56,60,63,34,38,31,73,84,69,659
Bielsk Podlaski,PKP INTERCITY Spółka Akcyjna ,26,10,13,15,15,12,23,24,20,21,33,30,242
Bielsk Podlaski,POLREGIO Spółka Akcyjna,96,33,46,54,70,62,76,97,98,57,72,51,812
Bielsk Podlaski ,,122,43,59,69,85,74,99,121,118,78,105,81,1054
Olkusz,POLREGIO Spółka Akcyjna,99,26,23,44,57,64,40,42,27,51,70,68,611
Olkusz ,,99,26,23,44,57,64,40,42,27,51,70,68,611
Wola Rzędzińska,POLREGIO Spółka Akcyjna,131,66,59,37,45,27,63,51,53,64,58,63,717
Wola Rzędzińska ,,131,66,59,37,45,27,63,51,53,64,58,63,717
Wałki,POLREGIO Spółka Akcyjna,128,68,59,40,53,33,69,54,55,72,63,68,762
Wałki ,,128,68,59,40,53,33,69,54,55,72,63,68,762
Czarna Tarnowska,POLREGIO Spółka Akcyjna,122,67,59,39,48,32,68,54,52,68,61,66,736
Czarna Tarnowska ,,122,67,59,39,48,32,68,54,52,68,61,66,736
Grabiny,POLREGIO Spółka Akcyjna,120,64,54,36,48,33,65,53,52,68,56,66,715
Grabiny ,,120,64,54,36,48,33,65,53,52,68,56,66,715
Wrocławki,Arriva RP Sp. z o.o.,57,28,63,58,81,92,87,55,102,47,83,54,807
Wrocławki ,,57,28,63,58,81,92,87,55,102,47,83,54,807
Kornatowo,Arriva RP Sp. z o.o.,50,28,52,46,70,80,83,51,92,37,65,37,691
Kornatowo ,,50,28,52,46,70,80,83,51,92,37,65,37,691
Firlus,Arriva RP Sp. z o.o.,56,27,61,53,79,91,88,56,100,46,83,53,793
Firlus ,,56,27,61,53,79,91,88,56,100,46,83,53,793
Nowe Drezdenko,PKP INTERCITY Spółka Akcyjna ,19,6,14,12,13,28,22,26,12,10,16,16,194
Nowe Drezdenko,POLREGIO Spółka Akcyjna,177,108,116,127,107,84,104,75,84,97,144,128,1351
Nowe Drezdenko ,,196,114,130,139,120,112,126,101,96,107,160,144,1545
Rusinowice,Koleje Śląskie Spółka z o.o.,26,13,12,7,9,12,7,9,27,18,27,31,198
Rusinowice ,,26,13,12,7,9,12,7,9,27,18,27,31,198
Koszęcin,Koleje Śląskie Spółka z o.o.,25,13,9,7,7,12,10,8,28,19,27,29,194
Koszęcin ,,25,13,9,7,7,12,10,8,28,19,27,29,194
Wrocław Swojczyce,Koleje Dolnośląskie S.A.,59,22,38,23,16,17,39,25,42,37,44,38,400
Wrocław Swojczyce ,,59,22,38,23,16,17,39,25,42,37,44,38,400
Wrocław Popiele,Koleje Dolnośląskie S.A.,69,24,41,24,16,20,41,31,47,42,47,45,447
Wrocław Popiele ,,69,24,41,24,16,20,41,31,47,42,47,45,447
Wrocław Kowale,Koleje Dolnośląskie S.A.,72,25,41,24,17,21,41,31,50,42,48,48,460
Wrocław Kowale ,,72,25,41,24,17,21,41,31,50,42,48,48,460
Świdwin,PKP INTERCITY Spółka Akcyjna ,92,50,57,53,66,118,117,153,64,84,97,131,1082
Świdwin,POLREGIO Spółka Akcyjna,66,14,42,23,41,40,43,44,44,57,44,70,528
Świdwin ,,158,64,99,76,107,158,160,197,108,141,141,201,1610
Gorzów Wielkopolski Wschodni,PKP INTERCITY Spółka Akcyjna ,23,7,11,11,14,28,24,26,13,13,15,14,199
Gorzów Wielkopolski Wschodni,POLREGIO Spółka Akcyjna,204,148,153,141,118,96,103,72,88,103,153,139,1518
Gorzów Wielkopolski Wschodni ,,227,155,164,152,132,124,127,98,101,116,168,153,1717
Tuchola,Arriva RP Sp. z o.o.,64,15,17,39,28,52,51,33,52,12,34,34,431
Tuchola,POLREGIO Spółka Akcyjna,,,,,,,,,,,,0,0
Tuchola ,,64,15,17,39,28,52,51,33,52,12,34,34,431
Wrocław Strachocin,Koleje Dolnośląskie S.A.,67,27,41,27,18,20,40,24,43,37,45,34,423
Wrocław Strachocin ,,67,27,41,27,18,20,40,24,43,37,45,34,423
Wrocław Wojnów,Koleje Dolnośląskie S.A.,66,27,42,26,18,20,40,23,44,35,44,34,419
Wrocław Wojnów ,,66,27,42,26,18,20,40,23,44,35,44,34,419
Wrocław Wojnów Wschodni,Koleje Dolnośląskie S.A.,62,27,41,26,18,20,40,23,44,35,43,34,413
Wrocław Wojnów Wschodni ,,62,27,41,26,18,20,40,23,44,35,43,34,413
Dobrzykowice Wrocławskie,Koleje Dolnośląskie S.A.,58,26,35,24,17,17,37,21,36,30,35,33,369
Dobrzykowice Wrocławskie ,,58,26,35,24,17,17,37,21,36,30,35,33,369
Nadolice Wielkie,Koleje Dolnośląskie S.A.,53,28,39,25,20,20,38,22,35,41,29,34,384
Nadolice Wielkie ,,53,28,39,25,20,20,38,22,35,41,29,34,384
Chrząstawa Mała,Koleje Dolnośląskie S.A.,53,28,39,25,20,20,37,22,38,42,29,34,387
Chrząstawa Mała ,,53,28,39,25,20,20,37,22,38,42,29,34,387
Nadolice Małe,Koleje Dolnośląskie S.A.,53,28,39,24,20,20,38,22,35,37,27,34,377
Nadolice Małe ,,53,28,39,24,20,20,38,22,35,37,27,34,377
Kalwaria Zebrzydowska Lanckorona,Koleje Małopolskie Sp. z o.o.,3,0,,,3,0,4,4,1,,,2,17
Kalwaria Zebrzydowska Lanckorona,Koleje Śląskie Spółka z o.o.,,,,,,,,,,,,7,7
Kalwaria Zebrzydowska Lanckorona,PKP INTERCITY Spółka Akcyjna ,109,35,36,33,35,47,96,101,68,33,35,86,714
Kalwaria Zebrzydowska Lanckorona,POLREGIO Spółka Akcyjna,132,59,37,49,62,44,82,91,54,43,47,64,764
Kalwaria Zebrzydowska Lanckorona ,,244,94,73,82,100,91,182,196,123,76,82,159,1502
Chojna,PKP INTERCITY Spółka Akcyjna ,78,58,55,44,67,64,58,58,64,66,49,64,725
Chojna,POLREGIO Spółka Akcyjna,37,31,40,29,52,40,31,22,25,41,44,33,425
Chojna ,,115,89,95,73,119,104,89,80,89,107,93,97,1150
Dobroszyce,Koleje Dolnośląskie S.A.,40,29,14,24,25,24,48,61,40,38,58,46,447
Dobroszyce,POLREGIO Spółka Akcyjna,42,43,39,33,35,24,26,35,63,38,41,54,473
Dobroszyce ,,82,72,53,57,60,48,74,96,103,76,99,100,920
Kraśnik,PKP INTERCITY Spółka Akcyjna ,74,38,37,29,30,40,66,56,56,48,33,51,558
Kraśnik,POLREGIO Spółka Akcyjna,54,20,34,26,27,48,46,40,27,28,35,39,424
Kraśnik ,,128,58,71,55,57,88,112,96,83,76,68,90,982
Grabowno Wielkie,Koleje Dolnośląskie S.A.,40,22,14,23,23,24,49,53,40,33,56,43,420
Grabowno Wielkie,POLREGIO Spółka Akcyjna,46,35,36,31,35,26,24,38,63,38,39,54,465
Grabowno Wielkie ,,86,57,50,54,58,50,73,91,103,71,95,97,885
Bohumin,Koleje Śląskie Spółka z o.o.,34,32,17,27,34,32,40,36,24,15,45,20,356
Bohumin,PKP INTERCITY Spółka Akcyjna ,238,164,155,159,181,211,246,249,119,174,271,159,2326
Bohumin ,,272,196,172,186,215,243,286,285,143,189,316,179,2682
Kramsk,Koleje Wielkopolskie Sp. z o.o.,63,32,57,86,81,69,56,46,51,69,56,55,721
Kramsk ,,63,32,57,86,81,69,56,46,51,69,56,55,721
Budki Nowe,Koleje Wielkopolskie Sp. z o.o.,73,39,66,98,101,76,61,49,61,85,74,68,851
Budki Nowe ,,73,39,66,98,101,76,61,49,61,85,74,68,851
Rzeszotary,Koleje Dolnośląskie S.A.,238,87,108,119,116,90,126,72,150,133,125,105,1469
Rzeszotary ,,238,87,108,119,116,90,126,72,150,133,125,105,1469
Raszówka,Koleje Dolnośląskie S.A.,227,87,94,115,120,84,118,66,143,121,116,95,1386
Raszówka ,,227,87,94,115,120,84,118,66,143,121,116,95,1386
Gorzelin,Koleje Dolnośląskie S.A.,245,82,106,128,142,88,123,77,147,127,125,94,1484
Gorzelin ,,245,82,106,128,142,88,123,77,147,127,125,94,1484
Chróstnik,Koleje Dolnośląskie S.A.,241,82,104,127,141,87,125,77,146,127,125,94,1476
Chróstnik ,,241,82,104,127,141,87,125,77,146,127,125,94,1476
Grupa,Arriva RP Sp. z o.o.,37,33,25,33,41,46,75,52,70,42,58,37,549
Grupa,CARGO Master Spółka z o.o.,,,,1,,,,,,,,,1
Grupa ,,37,33,25,34,41,46,75,52,70,42,58,37,550
Jeżewo,Arriva RP Sp. z o.o.,34,34,29,36,45,49,82,56,83,45,62,45,600
Jeżewo ,,34,34,29,36,45,49,82,56,83,45,62,45,600
Dubielno,Arriva RP Sp. z o.o.,35,32,27,36,44,49,81,56,81,42,61,43,587
Dubielno ,,35,32,27,36,44,49,81,56,81,42,61,43,587
Nowiny Wielkie,POLREGIO Spółka Akcyjna,209,135,154,159,124,93,111,80,96,108,149,149,1567
Nowiny Wielkie ,,209,135,154,159,124,93,111,80,96,108,149,149,1567
Bogdaniec,POLREGIO Spółka Akcyjna,215,136,157,157,127,95,109,82,98,111,149,151,1587
Bogdaniec ,,215,136,157,157,127,95,109,82,98,111,149,151,1587
Kamień Mały,POLREGIO Spółka Akcyjna,208,129,150,155,123,96,112,78,96,112,150,148,1557
Kamień Mały ,,208,129,150,155,123,96,112,78,96,112,150,148,1557
Dąbroszyn,POLREGIO Spółka Akcyjna,207,130,151,154,123,95,112,79,96,111,152,147,1557
Dąbroszyn ,,207,130,151,154,123,95,112,79,96,111,152,147,1557
Łupowo,POLREGIO Spółka Akcyjna,218,140,161,159,127,95,109,81,99,108,149,154,1600
Łupowo ,,218,140,161,159,127,95,109,81,99,108,149,154,1600
Gorzów Wielkopolski Wieprzyce,POLREGIO Spółka Akcyjna,221,142,158,152,125,98,110,77,97,108,149,155,1592
Gorzów Wielkopolski Wieprzyce ,,221,142,158,152,125,98,110,77,97,108,149,155,1592
Stalowa Wola Centrum,PKP INTERCITY Spółka Akcyjna ,59,30,22,23,24,28,44,45,36,26,26,60,423
Stalowa Wola Centrum,POLREGIO Spółka Akcyjna,67,39,42,20,26,31,44,32,21,31,41,37,431
Stalowa Wola Centrum ,,126,69,64,43,50,59,88,77,57,57,67,97,854
Pelplin,CARGO Master Spółka z o.o.,,,,0,,,,,,,,,0
Pelplin,PKP INTERCITY Spółka Akcyjna ,21,9,10,7,11,19,29,33,13,21,14,12,199
Pelplin,POLREGIO Spółka Akcyjna,108,53,53,52,82,109,133,159,91,107,106,84,1137
Pelplin ,,129,62,63,59,93,128,162,192,104,128,120,96,1336
Maków Podhalański,Koleje Małopolskie Sp. z o.o.,3,0,,,0,1,4,4,0,,,2,14
Maków Podhalański,Koleje Śląskie Spółka z o.o.,0,1,,,3,5,10,10,0,,,6,35
Maków Podhalański,PKP CARGO S.A.,,,,,,0,,,,,,,0
Maków Podhalański,PKP INTERCITY Spółka Akcyjna ,151,50,36,29,37,55,120,142,75,31,35,22,783
Maków Podhalański,POLREGIO Spółka Akcyjna,126,52,27,40,35,41,72,65,47,25,33,57,620
Maków Podhalański ,,280,103,63,69,75,102,206,221,122,56,68,87,1452
Kaliska,PKP INTERCITY Spółka Akcyjna ,15,5,6,5,6,14,4,7,7,10,8,5,92
Kaliska,POLREGIO Spółka Akcyjna,145,74,68,121,104,128,117,154,116,115,78,77,1297
Kaliska ,,160,79,74,126,110,142,121,161,123,125,86,82,1389
Czarna Woda,CARGO Master Spółka z o.o.,,,,0,,,,,,,,,0
Czarna Woda,PKP INTERCITY Spółka Akcyjna ,15,5,4,6,5,14,4,6,4,9,8,5,85
Czarna Woda,POLREGIO Spółka Akcyjna,142,68,67,123,101,120,113,154,114,108,75,77,1262
Czarna Woda ,,157,73,71,129,106,134,117,160,118,117,83,82,1347
Łąg,PKP INTERCITY Spółka Akcyjna ,15,5,4,5,5,14,4,6,4,9,8,6,85
Łąg,POLREGIO Spółka Akcyjna,147,70,68,126,100,121,118,160,114,106,76,77,1283
Łąg ,,162,75,72,131,105,135,122,166,118,115,84,83,1368
Górna Grupa,Arriva RP Sp. z o.o.,37,33,27,33,42,49,76,53,68,39,54,33,544
Górna Grupa ,,37,33,27,33,42,49,76,53,68,39,54,33,544
Dragacz,Arriva RP Sp. z o.o.,30,34,26,32,42,47,72,52,68,39,52,30,524
Dragacz ,,30,34,26,32,42,47,72,52,68,39,52,30,524
Zarzecze,POLREGIO Spółka Akcyjna,81,24,18,43,36,50,37,28,25,36,64,61,503
Zarzecze ,,81,24,18,43,36,50,37,28,25,36,64,61,503
Wolbrom,POLREGIO Spółka Akcyjna,79,22,16,42,36,50,37,26,27,36,64,57,492
Wolbrom ,,79,22,16,42,36,50,37,26,27,36,64,57,492
Wolbrom Zachodni,POLREGIO Spółka Akcyjna,81,23,17,42,35,50,38,26,25,35,65,59,496
Wolbrom Zachodni ,,81,23,17,42,35,50,38,26,25,35,65,59,496
Jaroszowiec Olkuski,POLREGIO Spółka Akcyjna,86,22,18,44,38,51,38,32,24,37,62,61,513
Jaroszowiec Olkuski ,,86,22,18,44,38,51,38,32,24,37,62,61,513
Chrząstowice Olkuskie,POLREGIO Spółka Akcyjna,87,23,18,45,37,51,39,30,25,37,63,63,518
Chrząstowice Olkuskie ,,87,23,18,45,37,51,39,30,25,37,63,63,518
Gostynin,CARGO Master Spółka z o.o.,,,,,1,,,,,,,,1
Gostynin,Koleje Mazowieckie - KM Spółka z o.o.,48,140,56,99,70,68,78,84,61,64,34,40,842
Gostynin,PKP INTERCITY Spółka Akcyjna ,12,15,23,19,23,26,37,40,20,8,30,19,272
Gostynin ,,60,155,79,118,94,94,115,124,81,72,64,59,1115
Swarożyn,POLREGIO Spółka Akcyjna,114,69,65,132,110,130,112,147,125,126,89,94,1313
Swarożyn ,,114,69,65,132,110,130,112,147,125,126,89,94,1313
Reda Rekowo,POLREGIO Spółka Akcyjna,41,34,25,50,179,328,299,344,296,108,121,92,1917
Reda Rekowo ,,41,34,25,50,179,328,299,344,296,108,121,92,1917
Kotomierz,Arriva RP Sp. z o.o.,22,9,23,16,19,39,53,35,60,31,47,41,395
Kotomierz,POLREGIO Spółka Akcyjna,57,32,30,23,22,35,47,46,38,38,43,44,455
Kotomierz ,,79,41,53,39,41,74,100,81,98,69,90,85,850
Pruszcz Pomorski,Arriva RP Sp. z o.o.,20,10,22,18,20,40,50,34,62,35,55,43,409
Pruszcz Pomorski,PKP INTERCITY Spółka Akcyjna ,,,,,,,,,,,0,,0
Pruszcz Pomorski,POLREGIO Spółka Akcyjna,56,32,29,24,22,33,45,52,35,38,40,42,448
Pruszcz Pomorski ,,76,42,51,42,42,73,95,86,97,73,95,85,857
Parlin,Arriva RP Sp. z o.o.,24,12,23,19,20,40,50,39,56,31,53,42,409
Parlin,POLREGIO Spółka Akcyjna,57,32,34,26,29,34,45,47,35,37,39,42,457
Parlin ,,81,44,57,45,49,74,95,86,91,68,92,84,866
Terespol Pomorski,Arriva RP Sp. z o.o.,22,13,23,20,21,37,50,34,50,28,49,36,383
Terespol Pomorski,POLREGIO Spółka Akcyjna,53,28,28,25,28,33,45,45,33,31,39,41,429
Terespol Pomorski ,,75,41,51,45,49,70,95,79,83,59,88,77,812
Kwidzyn,CARGO Master Spółka z o.o.,,0,,,,,,,,,,,0
Kwidzyn,PKP INTERCITY Spółka Akcyjna ,9,2,7,7,3,8,27,17,0,0,8,7,95
Kwidzyn,POLREGIO Spółka Akcyjna,43,14,25,11,31,41,77,70,14,25,17,29,397
Kwidzyn ,,52,16,32,18,34,49,104,87,14,25,25,36,492
Sztum,PKP INTERCITY Spółka Akcyjna ,10,2,6,7,3,9,29,19,0,0,8,8,101
Sztum,POLREGIO Spółka Akcyjna,50,19,27,17,26,38,79,69,20,26,26,43,440
Sztum ,,60,21,33,24,29,47,108,88,20,26,34,51,541
Wąchock,POLREGIO Spółka Akcyjna,81,37,33,33,53,42,73,80,54,60,94,45,685
Wąchock ,,81,37,33,33,53,42,73,80,54,60,94,45,685
Marcinków,POLREGIO Spółka Akcyjna,82,36,33,35,53,42,73,81,54,63,101,46,699
Marcinków ,,82,36,33,35,53,42,73,81,54,63,101,46,699
Starachowice,POLREGIO Spółka Akcyjna,82,39,36,34,54,42,75,84,56,63,94,46,705
Starachowice ,,82,39,36,34,54,42,75,84,56,63,94,46,705
Kunów,POLREGIO Spółka Akcyjna,78,37,30,35,54,39,74,81,49,59,92,44,672
Kunów ,,78,37,30,35,54,39,74,81,49,59,92,44,672
Boksycka,POLREGIO Spółka Akcyjna,78,36,31,35,53,39,74,82,48,56,92,43,667
Boksycka ,,78,36,31,35,53,39,74,82,48,56,92,43,667
Staw Kunowski,POLREGIO Spółka Akcyjna,79,37,31,36,55,39,78,81,50,60,93,46,685
Staw Kunowski ,,79,37,31,36,55,39,78,81,50,60,93,46,685
Styków Iłżecki,POLREGIO Spółka Akcyjna,79,39,34,35,59,41,82,84,56,64,93,47,713
Styków Iłżecki ,,79,39,34,35,59,41,82,84,56,64,93,47,713
Starachowice Michałów,POLREGIO Spółka Akcyjna,78,38,34,36,58,41,81,83,56,64,93,47,709
Starachowice Michałów ,,78,38,34,36,58,41,81,83,56,64,93,47,709
Brody Iłżeckie,POLREGIO Spółka Akcyjna,78,38,33,37,59,40,79,84,53,61,92,47,701
Brody Iłżeckie ,,78,38,33,37,59,40,79,84,53,61,92,47,701
Trzemeszno,Koleje Wielkopolskie Sp. z o.o.,37,18,15,20,27,30,30,20,30,25,47,30,329
Trzemeszno,POLREGIO Spółka Akcyjna,77,61,36,40,42,53,60,36,77,73,65,37,657
Trzemeszno,RAILPOLONIA Sp. z o.o. (przewozy pasażerskie),,,,,,,,,,,,1,1
Trzemeszno ,,114,79,51,60,69,83,90,56,107,98,112,68,987
Wydartowo,Koleje Wielkopolskie Sp. z o.o.,37,18,14,20,24,30,29,18,36,27,47,29,329
Wydartowo,POLREGIO Spółka Akcyjna,77,59,37,42,42,52,63,41,83,78,64,39,677
Wydartowo ,,114,77,51,62,66,82,92,59,119,105,111,68,1006
Jankowo Dolne,Koleje Wielkopolskie Sp. z o.o.,37,19,19,25,28,33,34,22,33,22,47,31,350
Jankowo Dolne,POLREGIO Spółka Akcyjna,82,61,35,42,44,54,69,37,83,81,68,36,692
Jankowo Dolne ,,119,80,54,67,72,87,103,59,116,103,115,67,1042
Przetycz,Koleje Mazowieckie - KM Spółka z o.o.,50,33,20,27,21,23,25,34,24,56,39,15,367
Przetycz ,,50,33,20,27,21,23,25,34,24,56,39,15,367
Zabrzeg Czarnolesie,Koleje Śląskie Spółka z o.o.,171,103,110,134,123,147,121,80,123,109,134,146,1501
Zabrzeg Czarnolesie ,,171,103,110,134,123,147,121,80,123,109,134,146,1501
Sosnowiec Południowy,Koleje Śląskie Spółka z o.o.,,,,,,1,,,4,2,1,2,10
Sosnowiec Południowy,PKP INTERCITY Spółka Akcyjna ,13,16,11,12,42,80,69,42,61,36,58,46,486
Sosnowiec Południowy,POLREGIO Spółka Akcyjna,49,5,11,44,38,34,19,18,18,25,32,37,330
Sosnowiec Południowy ,,62,21,22,56,80,115,88,60,83,63,91,85,826
Cekcyn,Arriva RP Sp. z o.o.,76,20,22,48,29,58,63,39,65,11,45,42,518
Cekcyn ,,76,20,22,48,29,58,63,39,65,11,45,42,518
Wałbrzych Fabryczny,Koleje Dolnośląskie S.A.,154,80,78,83,88,78,115,89,146,230,183,125,1449
Wałbrzych Fabryczny ,,154,80,78,83,88,78,115,89,146,230,183,125,1449
Jastrowie,PKP INTERCITY Spółka Akcyjna ,155,68,137,112,63,162,243,217,38,29,35,238,1497
Jastrowie,POLREGIO Spółka Akcyjna,110,75,96,77,68,129,163,148,49,66,67,154,1202
Jastrowie ,,265,143,233,189,131,291,406,365,87,95,102,392,2699
Świdnica Przedmieście,Koleje Dolnośląskie S.A.,96,38,34,49,41,54,61,44,91,88,113,64,773
Świdnica Przedmieście ,,96,38,34,49,41,54,61,44,91,88,113,64,773
Marcinowice Świdnickie,Koleje Dolnośląskie S.A.,101,38,33,51,46,55,61,47,92,91,121,65,801
Marcinowice Świdnickie ,,101,38,33,51,46,55,61,47,92,91,121,65,801
Jedlina-Zdrój,CARGO Master Spółka z o.o.,,,,1,,,,,,,,,1
Jedlina-Zdrój,Koleje Dolnośląskie S.A.,118,70,96,103,98,95,126,108,141,254,157,125,1491
Jedlina-Zdrój,PKP INTERCITY Spółka Akcyjna ,12,11,11,11,11,7,18,6,8,27,28,31,181
Jedlina-Zdrój ,,130,81,107,115,109,102,144,114,149,281,185,156,1673
Zygmuntowo Mazowieckie,Koleje Mazowieckie - KM Spółka z o.o.,51,36,23,31,24,23,29,36,31,61,50,17,412
Zygmuntowo Mazowieckie ,,51,36,23,31,24,23,29,36,31,61,50,17,412
Leszczydół,Koleje Mazowieckie - KM Spółka z o.o.,51,34,23,31,24,22,32,35,31,59,52,16,410
Leszczydół ,,51,34,23,31,24,22,32,35,31,59,52,16,410
Dalekie,Koleje Mazowieckie - KM Spółka z o.o.,52,35,24,31,24,22,31,37,31,59,52,17,415
Dalekie ,,52,35,24,31,24,22,31,37,31,59,52,17,415
Jawor,Koleje Dolnośląskie S.A.,179,83,113,96,99,88,85,44,69,163,204,106,1329
Jawor ,,179,83,113,96,99,88,85,44,69,163,204,106,1329
Tuchola Rudzki Most,Arriva RP Sp. z o.o.,74,21,21,45,29,57,61,39,63,12,43,41,506
Tuchola Rudzki Most ,,74,21,21,45,29,57,61,39,63,12,43,41,506
Mysłowice Brzęczkowice,Koleje Śląskie Spółka z o.o.,87,35,33,20,29,41,47,35,35,23,57,27,469
Mysłowice Brzęczkowice ,,87,35,33,20,29,41,47,35,35,23,57,27,469
Mysłowice Brzezinka,Koleje Śląskie Spółka z o.o.,84,33,31,20,31,39,41,33,32,23,57,28,452
Mysłowice Brzezinka ,,84,33,31,20,31,39,41,33,32,23,57,28,452
Mysłowice Kosztowy,Koleje Śląskie Spółka z o.o.,79,27,27,21,27,36,35,29,29,24,59,25,418
Mysłowice Kosztowy ,,79,27,27,21,27,36,35,29,29,24,59,25,418
Nowy Bieruń,Koleje Śląskie Spółka z o.o.,70,25,28,21,29,34,34,32,26,26,53,25,403
Nowy Bieruń ,,70,25,28,21,29,34,34,32,26,26,53,25,403
Imielin,Koleje Śląskie Spółka z o.o.,76,26,26,21,29,36,35,29,27,25,58,28,416
Imielin ,,76,26,26,21,29,36,35,29,27,25,58,28,416
Chełm Śląski,Koleje Śląskie Spółka z o.o.,70,24,28,17,28,35,34,28,24,25,59,25,397
Chełm Śląski ,,70,24,28,17,28,35,34,28,24,25,59,25,397
Henryków,Koleje Dolnośląskie S.A.,185,86,85,70,74,72,183,253,,,447,317,1772
Henryków ,,185,86,85,70,74,72,183,253,,,447,317,1772
Biały Kościół,Koleje Dolnośląskie S.A.,179,80,79,66,63,67,175,218,,,458,313,1698
Biały Kościół ,,179,80,79,66,63,67,175,218,,,458,313,1698
Serock,Arriva RP Sp. z o.o.,64,24,22,45,22,47,67,31,49,12,41,44,468
Serock,CARGO Master Spółka z o.o.,,,,1,,,,,,,,,1
Serock ,,64,24,22,46,22,47,67,31,49,12,41,44,469
Koniecpol,PKP INTERCITY Spółka Akcyjna ,75,29,40,43,45,41,51,65,78,58,66,59,650
Koniecpol,POLREGIO Spółka Akcyjna,20,10,23,14,10,17,25,12,30,34,20,12,227
Koniecpol ,,95,39,63,57,55,58,76,77,108,92,86,71,877
Olsztyn Dajtki,POLREGIO Spółka Akcyjna,102,31,23,23,31,34,44,54,40,77,67,34,560
Olsztyn Dajtki ,,102,31,23,23,31,34,44,54,40,77,67,34,560
Piekoszów,POLREGIO Spółka Akcyjna,61,27,42,33,32,24,36,35,88,46,30,36,490
Piekoszów ,,61,27,42,33,32,24,36,35,88,46,30,36,490
Wrocław Wojszyce,Koleje Dolnośląskie S.A.,95,34,24,35,36,34,41,36,80,61,103,77,656
Wrocław Wojszyce ,,95,34,24,35,36,34,41,36,80,61,103,77,656
Domasław,Koleje Dolnośląskie S.A.,95,36,25,34,34,31,37,39,78,61,99,70,639
Domasław ,,95,36,25,34,34,31,37,39,78,61,99,70,639
Sztumska Wieś,POLREGIO Spółka Akcyjna,55,22,28,18,32,42,84,74,21,31,28,42,477
Sztumska Wieś ,,55,22,28,18,32,42,84,74,21,31,28,42,477
Ryjewo,POLREGIO Spółka Akcyjna,51,21,26,13,32,40,82,70,20,27,21,33,436
Ryjewo ,,51,21,26,13,32,40,82,70,20,27,21,33,436
Gościszewo,POLREGIO Spółka Akcyjna,62,26,35,19,33,51,106,91,26,34,36,59,578
Gościszewo ,,62,26,35,19,33,51,106,91,26,34,36,59,578
Goleniów Park Przemysłowy,POLREGIO Spółka Akcyjna,,,33,10,40,69,62,63,62,45,100,96,580
Goleniów Park Przemysłowy ,,,,33,10,40,69,62,63,62,45,100,96,580
Brachlewo,POLREGIO Spółka Akcyjna,53,21,24,13,37,43,85,75,22,27,21,32,453
Brachlewo ,,53,21,24,13,37,43,85,75,22,27,21,32,453
Grudziądz Mniszek,Arriva RP Sp. z o.o.,44,27,52,30,61,67,31,16,89,34,65,34,550
Grudziądz Mniszek ,,44,27,52,30,61,67,31,16,89,34,65,34,550
Grudziądz Śródmieście,Arriva RP Sp. z o.o.,,33,24,29,43,47,71,52,65,36,51,29,480
Grudziądz Śródmieście ,,,33,24,29,43,47,71,52,65,36,51,29,480
Hajnówka,PKP INTERCITY Spółka Akcyjna ,27,9,11,17,15,12,22,25,18,23,35,30,244
Hajnówka,POLREGIO Spółka Akcyjna,57,21,35,37,49,39,45,55,71,33,39,40,521
Hajnówka ,,84,30,46,54,64,51,67,80,89,56,74,70,765
Rębiszów,Koleje Dolnośląskie S.A.,93,26,26,40,83,48,79,63,120,214,164,98,1054
Rębiszów,POLREGIO Spółka Akcyjna,4,0,0,3,3,0,0,2,4,3,10,5,34
Rębiszów ,,97,26,26,43,86,48,79,65,124,217,174,103,1088
Władysławowo Port,POLREGIO Spółka Akcyjna,16,15,21,38,189,325,321,437,276,96,86,62,1882
Władysławowo Port ,,16,15,21,38,189,325,321,437,276,96,86,62,1882
Węgierska Górka,Koleje Śląskie Spółka z o.o.,220,133,121,110,81,172,232,151,79,119,18,42,1478
Węgierska Górka,PKP INTERCITY Spółka Akcyjna ,,0,,,,,,,,,,,0
Węgierska Górka ,,220,133,121,110,81,172,232,151,79,119,18,42,1478
Jastarnia Wczasy,POLREGIO Spółka Akcyjna,13,13,21,38,173,295,294,406,270,76,66,56,1721
Jastarnia Wczasy ,,13,13,21,38,173,295,294,406,270,76,66,56,1721
Radziechowy Wieprz,Koleje Śląskie Spółka z o.o.,215,142,121,113,80,173,242,156,85,125,19,44,1515
Radziechowy Wieprz ,,215,142,121,113,80,173,242,156,85,125,19,44,1515
Cięcina Dolna,Koleje Śląskie Spółka z o.o.,227,148,122,115,86,174,251,160,85,124,19,47,1558
Cięcina Dolna ,,227,148,122,115,86,174,251,160,85,124,19,47,1558
Cięcina,Koleje Śląskie Spółka z o.o.,228,148,123,115,86,176,251,158,83,123,18,47,1556
Cięcina ,,228,148,123,115,86,176,251,158,83,123,18,47,1556
Stara Kamienica,Koleje Dolnośląskie S.A.,96,26,25,38,80,46,73,62,114,195,141,95,991
Stara Kamienica,POLREGIO Spółka Akcyjna,7,0,0,3,3,0,2,1,4,3,7,6,36
Stara Kamienica ,,103,26,25,41,83,46,75,63,118,198,148,101,1027
Zblewo,POLREGIO Spółka Akcyjna,128,67,64,120,102,127,112,153,115,117,77,81,1263
Zblewo ,,128,67,64,120,102,127,112,153,115,117,77,81,1263
Rytel Wieś,POLREGIO Spółka Akcyjna,136,64,63,128,99,112,108,153,112,100,74,76,1225
Rytel Wieś ,,136,64,63,128,99,112,108,153,112,100,74,76,1225
Piesienice,POLREGIO Spółka Akcyjna,126,69,64,127,102,126,112,155,115,111,84,85,1276
Piesienice ,,126,69,64,127,102,126,112,155,115,111,84,85,1276
Pinczyn,POLREGIO Spółka Akcyjna,127,72,65,119,102,127,115,155,115,112,81,81,1271
Pinczyn ,,127,72,65,119,102,127,115,155,115,112,81,81,1271
Przyłubie,POLREGIO Spółka Akcyjna,70,37,41,25,39,48,75,91,56,62,86,48,678
Przyłubie ,,70,37,41,25,39,48,75,91,56,62,86,48,678
Morąg,PKP INTERCITY Spółka Akcyjna ,68,28,29,15,38,66,91,96,23,41,41,56,592
Morąg,POLREGIO Spółka Akcyjna,43,13,16,5,20,20,25,21,11,41,45,19,279
Morąg ,,111,41,45,20,58,86,116,117,34,82,86,75,871
Wudzyn,Arriva RP Sp. z o.o.,64,24,27,39,21,52,73,34,52,20,46,55,507
Wudzyn ,,64,24,27,39,21,52,73,34,52,20,46,55,507
Stronno,Arriva RP Sp. z o.o.,64,25,27,41,21,51,67,35,53,21,47,56,508
Stronno ,,64,25,27,41,21,51,67,35,53,21,47,56,508
Rokitki Tczewskie,POLREGIO Spółka Akcyjna,96,65,56,111,87,99,105,131,93,101,74,79,1097
Rokitki Tczewskie ,,96,65,56,111,87,99,105,131,93,101,74,79,1097
Szpęgawsk,POLREGIO Spółka Akcyjna,108,64,60,123,95,108,108,141,99,104,74,79,1163
Szpęgawsk ,,108,64,60,123,95,108,108,141,99,104,74,79,1163
Zawada,PKP INTERCITY Spółka Akcyjna ,73,50,36,24,42,29,29,34,25,31,49,46,468
Zawada,POLREGIO Spółka Akcyjna,51,28,23,24,62,53,173,183,137,110,60,35,939
Zawada ,,124,78,59,48,104,82,202,217,162,141,109,81,1407
Świekatowo,Arriva RP Sp. z o.o.,71,21,22,50,27,48,69,34,47,12,39,49,489
Świekatowo ,,71,21,22,50,27,48,69,34,47,12,39,49,489
Błądzim,Arriva RP Sp. z o.o.,73,24,24,51,25,51,69,39,50,12,40,47,505
Błądzim ,,73,24,24,51,25,51,69,39,50,12,40,47,505
Wierzchucin Stary,Arriva RP Sp. z o.o.,71,19,20,45,27,53,57,37,61,12,44,43,489
Wierzchucin Stary ,,71,19,20,45,27,53,57,37,61,12,44,43,489
Boguszów-Gorce Wschód,Koleje Dolnośląskie S.A.,126,59,59,65,79,66,92,75,109,195,144,99,1168
Boguszów-Gorce Wschód,POLREGIO Spółka Akcyjna,7,2,0,3,1,6,5,3,7,12,7,2,55
Boguszów-Gorce Wschód ,,133,61,59,68,80,72,97,78,116,207,151,101,1223
Grudziądz Przedmieście,Arriva RP Sp. z o.o.,42,28,51,10,59,67,31,16,84,33,63,31,515
Grudziądz Przedmieście ,,42,28,51,10,59,67,31,16,84,33,63,31,515
Nowe Skalmierzyce,Koleje Wielkopolskie Sp. z o.o.,8,7,8,9,11,13,8,7,26,20,25,10,152
Nowe Skalmierzyce,Łódzka Kolej Aglomeracyjna Sp. z o.o.,1,0,1,5,1,2,6,6,1,1,0,4,28
Nowe Skalmierzyce,PKP INTERCITY Spółka Akcyjna ,,,0,,,0,,,,,,,0
Nowe Skalmierzyce,POLREGIO Spółka Akcyjna,47,19,28,34,39,49,50,69,49,55,57,39,535
Nowe Skalmierzyce ,,56,26,37,48,51,64,64,82,76,76,82,53,715
Lipienica,Arriva RP Sp. z o.o.,68,21,21,50,25,48,70,35,47,12,38,48,483
Lipienica ,,68,21,21,50,25,48,70,35,47,12,38,48,483
Lubania-Lipiny,Arriva RP Sp. z o.o.,67,21,22,49,28,49,69,33,47,12,41,51,489
Lubania-Lipiny ,,67,21,22,49,28,49,69,33,47,12,41,51,489
Pasieki,Koleje Mazowieckie - KM Spółka z o.o.,53,26,20,29,20,6,16,33,17,53,38,14,325
Pasieki ,,53,26,20,29,20,6,16,33,17,53,38,14,325
Chorzele,Koleje Mazowieckie - KM Spółka z o.o.,23,29,10,10,12,41,24,15,8,5,18,8,203
Chorzele,PKP INTERCITY Spółka Akcyjna ,,,,,,,0,,,,,,0
Chorzele,POLREGIO Spółka Akcyjna,11,12,6,8,15,13,10,12,8,10,14,5,124
Chorzele ,,34,41,16,18,27,54,34,27,16,15,32,13,327
Lewki,POLREGIO Spółka Akcyjna,95,35,48,57,73,64,73,96,94,49,63,50,797
Lewki ,,95,35,48,57,73,64,73,96,94,49,63,50,797
Czarnca,POLREGIO Spółka Akcyjna,52,30,40,32,41,28,34,39,73,45,25,23,462
Czarnca ,,52,30,40,32,41,28,34,39,73,45,25,23,462
Kielce Herbskie,PKP INTERCITY Spółka Akcyjna ,,,,,,,,,,,0,,0
Kielce Herbskie,POLREGIO Spółka Akcyjna,56,26,31,16,19,24,37,29,71,40,28,22,399
Kielce Herbskie ,,56,26,31,16,19,24,37,29,71,40,28,22,399
Kielce Ślichowice,POLREGIO Spółka Akcyjna,57,26,34,25,25,25,38,30,78,41,32,23,434
Kielce Ślichowice ,,57,26,34,25,25,25,38,30,78,41,32,23,434
Górki Szczukowskie,POLREGIO Spółka Akcyjna,61,30,40,28,30,23,38,28,81,42,32,23,456
Górki Szczukowskie ,,61,30,40,28,30,23,38,28,81,42,32,23,456
Rykoszyn,POLREGIO Spółka Akcyjna,59,27,37,31,30,24,40,34,72,41,26,19,440
Rykoszyn ,,59,27,37,31,30,24,40,34,72,41,26,19,440
Ludynia,POLREGIO Spółka Akcyjna,54,27,38,30,36,28,40,34,79,41,27,19,453
Ludynia ,,54,27,38,30,36,28,40,34,79,41,27,19,453
Ludynia Dwór,POLREGIO Spółka Akcyjna,57,32,40,30,41,28,42,47,87,41,26,21,492
Ludynia Dwór ,,57,32,40,30,41,28,42,47,87,41,26,21,492
Małogoszcz,POLREGIO Spółka Akcyjna,57,25,37,30,37,27,34,31,73,41,24,18,434
Małogoszcz ,,57,25,37,30,37,27,34,31,73,41,24,18,434
Wierna Rzeka,POLREGIO Spółka Akcyjna,59,27,36,31,29,26,35,34,75,41,25,18,436
Wierna Rzeka ,,59,27,36,31,29,26,35,34,75,41,25,18,436
Boguszów-Gorce Zachód,Koleje Dolnośląskie S.A.,127,58,55,57,66,54,88,69,104,189,136,100,1103
Boguszów-Gorce Zachód,POLREGIO Spółka Akcyjna,7,2,0,3,1,6,5,2,4,11,7,2,50
Boguszów-Gorce Zachód ,,134,60,55,60,67,60,93,71,108,200,143,102,1153
Skoczów,Koleje Śląskie Spółka z o.o.,126,64,72,107,119,117,85,65,83,68,99,114,1119
Skoczów,PKP INTERCITY Spółka Akcyjna ,9,4,4,8,12,9,4,5,7,2,4,5,73
Skoczów ,,135,68,76,115,131,126,89,70,90,70,103,119,1192
Witków Śląski,Koleje Dolnośląskie S.A.,127,60,56,57,67,56,88,69,106,192,136,100,1114
Witków Śląski,POLREGIO Spółka Akcyjna,7,2,0,3,1,6,5,2,4,11,7,1,49
Witków Śląski ,,134,62,56,60,68,62,93,71,110,203,143,101,1163
Bukowa,POLREGIO Spółka Akcyjna,58,26,40,31,37,29,36,35,77,39,26,19,453
Bukowa ,,58,26,40,31,37,29,36,35,77,39,26,19,453
Legnica Piekary,Koleje Dolnośląskie S.A.,152,82,101,84,101,68,79,55,76,123,174,94,1189
Legnica Piekary ,,152,82,101,84,101,68,79,55,76,123,174,94,1189
Łęgowo Sulechowskie,POLREGIO Spółka Akcyjna,180,124,138,125,169,130,140,185,137,169,149,202,1848
Łęgowo Sulechowskie ,,180,124,138,125,169,130,140,185,137,169,149,202,1848
Stare Bielice,POLREGIO Spółka Akcyjna,174,109,122,126,108,86,98,74,83,96,141,128,1345
Stare Bielice ,,174,109,122,126,108,86,98,74,83,96,141,128,1345
Stare Kurowo,POLREGIO Spółka Akcyjna,186,109,119,130,112,91,103,77,87,103,146,128,1391
Stare Kurowo ,,186,109,119,130,112,91,103,77,87,103,146,128,1391
Sarbiewo,POLREGIO Spółka Akcyjna,195,132,131,134,114,93,101,76,87,107,149,132,1451
Sarbiewo ,,195,132,131,134,114,93,101,76,87,107,149,132,1451
Górki Noteckie,POLREGIO Spółka Akcyjna,201,150,135,137,114,91,101,72,85,106,149,129,1470
Górki Noteckie ,,201,150,135,137,114,91,101,72,85,106,149,129,1470
Olsztynek,PKP INTERCITY Spółka Akcyjna ,74,34,24,29,39,60,83,81,79,65,71,58,697
Olsztynek,POLREGIO Spółka Akcyjna,26,8,5,2,5,9,21,25,18,30,27,12,188
Olsztynek ,,100,42,29,31,44,69,104,106,97,95,98,70,885
Santok,POLREGIO Spółka Akcyjna,207,163,152,138,119,95,100,69,90,103,152,132,1520
Santok ,,207,163,152,138,119,95,100,69,90,103,152,132,1520
Bydgoszcz Łęgnowo,POLREGIO Spółka Akcyjna,69,39,31,25,35,49,72,85,57,59,78,54,653
Bydgoszcz Łęgnowo ,,69,39,31,25,35,49,72,85,57,59,78,54,653
Nidzica,PKP INTERCITY Spółka Akcyjna ,87,40,29,33,42,64,89,79,83,82,76,70,774
Nidzica,POLREGIO Spółka Akcyjna,28,6,6,9,6,8,24,27,24,34,40,23,235
Nidzica ,,115,46,35,42,48,72,113,106,107,116,116,93,1009
Brodnica,Arriva RP Sp. z o.o.,17,14,17,15,19,30,54,32,21,18,37,28,302
Brodnica,CARGO Master Spółka z o.o.,0,,,,,,,,,,,,0
Brodnica,PKP INTERCITY Spółka Akcyjna ,6,1,5,5,5,9,22,12,7,3,6,4,85
Brodnica ,,23,15,22,20,24,39,76,44,28,21,43,32,387
Prabuty Góry,Koleje Mazowieckie - KM Spółka z o.o.,54,30,20,31,21,6,13,34,17,58,37,14,335
Prabuty Góry ,,54,30,20,31,21,6,13,34,17,58,37,14,335
Strzegom,Koleje Dolnośląskie S.A.,208,91,120,108,112,109,132,116,127,224,235,117,1699
Strzegom ,,208,91,120,108,112,109,132,116,127,224,235,117,1699
Zamość,PKP INTERCITY Spółka Akcyjna ,72,45,35,24,35,26,30,32,21,30,45,45,440
Zamość,POLREGIO Spółka Akcyjna,52,22,17,13,39,40,104,104,136,87,50,27,691
Zamość ,,124,67,52,37,74,66,134,136,157,117,95,72,1131
Bydgoszcz Zachód,CARGO Master Spółka z o.o.,,,,0,,,,,,,,,0
Bydgoszcz Zachód,POLREGIO Spółka Akcyjna,56,49,28,20,28,50,58,72,43,63,71,62,600
Bydgoszcz Zachód ,,56,49,28,20,28,50,58,72,43,63,71,62,600
Bydgoszcz Osowa Góra,CARGO Master Spółka z o.o.,,,,0,,,,,,,,,0
Bydgoszcz Osowa Góra,POLREGIO Spółka Akcyjna,69,50,29,21,29,50,63,73,49,66,73,62,634
Bydgoszcz Osowa Góra ,,69,50,29,21,29,50,63,73,49,66,73,62,634
Zielonczyn,POLREGIO Spółka Akcyjna,69,50,26,20,29,50,62,72,49,67,72,62,628
Zielonczyn ,,69,50,26,20,29,50,62,72,49,67,72,62,628
Zamość Starówka,PKP INTERCITY Spółka Akcyjna ,72,42,36,24,35,26,30,31,19,29,45,46,435
Zamość Starówka,POLREGIO Spółka Akcyjna,56,25,18,13,39,38,101,101,136,86,47,28,688
Zamość Starówka ,,128,67,54,37,74,64,131,132,155,115,92,74,1123
Zamość Wschód,PKP INTERCITY Spółka Akcyjna ,72,43,35,24,35,24,30,31,20,28,46,44,432
Zamość Wschód,POLREGIO Spółka Akcyjna,54,25,18,13,35,38,98,100,134,78,45,28,666
Zamość Wschód ,,126,68,53,37,70,62,128,131,154,106,91,72,1098
Ślesin,POLREGIO Spółka Akcyjna,75,53,26,21,30,53,66,80,55,87,86,66,698
Ślesin ,,75,53,26,21,30,53,66,80,55,87,86,66,698
Pawłówek,POLREGIO Spółka Akcyjna,70,49,29,21,29,51,64,73,51,67,73,63,640
Pawłówek ,,70,49,29,21,29,51,64,73,51,67,73,63,640
Trzebnica,Koleje Dolnośląskie S.A.,39,13,19,28,15,12,,0,35,16,62,78,317
Trzebnica ,,39,13,19,28,15,12,,0,35,16,62,78,317
Trzcianka,Koleje Wielkopolskie Sp. z o.o.,,,,,,,,,,,,2,2
Trzcianka,PKP INTERCITY Spółka Akcyjna ,19,6,14,13,16,20,22,26,14,11,19,21,201
Trzcianka,POLREGIO Spółka Akcyjna,47,29,23,38,46,41,42,45,37,29,55,41,473
Trzcianka ,,66,35,37,51,62,61,64,71,51,40,74,64,676
Wieleń,Koleje Wielkopolskie Sp. z o.o.,,,,,,,,,,,,2,2
Wieleń,PKP INTERCITY Spółka Akcyjna ,18,7,14,13,15,26,21,24,13,11,17,20,199
Wieleń,POLREGIO Spółka Akcyjna,43,29,20,37,45,39,43,44,41,30,53,44,468
Wieleń ,,61,36,34,50,60,65,64,68,54,41,70,66,669
Łowczówek Pleśna,Koleje Małopolskie Sp. z o.o.,13,4,3,2,0,1,4,2,3,8,10,6,56
Łowczówek Pleśna,PKP CARGO S.A. w restrukturyzacji,,,,,,,,,1,,,,1
Łowczówek Pleśna,POLREGIO Spółka Akcyjna,101,35,51,31,46,50,57,57,62,42,61,35,628
Łowczówek Pleśna ,,114,39,54,33,46,51,61,59,66,50,71,41,685
Gromnik,Koleje Małopolskie Sp. z o.o.,10,4,2,2,1,2,2,2,4,7,7,4,47
Gromnik,POLREGIO Spółka Akcyjna,93,31,42,27,40,39,54,55,59,39,57,29,565
Gromnik ,,103,35,44,29,41,41,56,57,63,46,64,33,612
Łowczów,Koleje Małopolskie Sp. z o.o.,10,4,4,2,0,2,5,2,5,9,10,6,59
Łowczów,POLREGIO Spółka Akcyjna,98,33,48,31,44,46,60,58,64,44,60,32,618
Łowczów ,,108,37,52,33,44,48,65,60,69,53,70,38,677
Nowa Wieś Wielka,CARGO Master Spółka z o.o.,,,0,0,,,,,,,,,0
Nowa Wieś Wielka,POLREGIO Spółka Akcyjna,64,41,14,22,28,49,57,49,60,61,52,33,530
Nowa Wieś Wielka ,,64,41,14,22,28,49,57,49,60,61,52,33,530
Jaksice,CARGO Master Spółka z o.o.,,,0,,,,,,,,,,0
Jaksice,POLREGIO Spółka Akcyjna,47,36,18,22,29,52,59,52,60,61,49,35,520
Jaksice ,,47,36,18,22,29,52,59,52,60,61,49,35,520
Trzciniec,CARGO Master Spółka z o.o.,,,,0,,,,,,,,,0
Trzciniec,POLREGIO Spółka Akcyjna,67,38,14,22,31,52,58,51,66,60,59,37,555
Trzciniec ,,67,38,14,22,31,52,58,51,66,60,59,37,555
Brzoza Bydgoska,CARGO Master Spółka z o.o.,,,,1,,,,,,,,,1
Brzoza Bydgoska,POLREGIO Spółka Akcyjna,69,42,17,20,33,52,58,53,63,62,57,31,557
Brzoza Bydgoska ,,69,42,17,21,33,52,58,53,63,62,57,31,558
Bydgoszcz Błonie,CARGO Master Spółka z o.o.,,,,1,,,,,,,,,1
Bydgoszcz Błonie,POLREGIO Spółka Akcyjna,72,45,17,26,34,54,63,53,68,65,61,41,599
Bydgoszcz Błonie ,,72,45,17,27,34,54,63,53,68,65,61,41,600
Złotniki Kujawskie,POLREGIO Spółka Akcyjna,58,38,15,21,28,49,60,48,60,61,53,33,524
Złotniki Kujawskie ,,58,38,15,21,28,49,60,48,60,61,53,33,524
Chmielniki Bydgoskie,POLREGIO Spółka Akcyjna,69,44,16,23,31,54,60,52,63,63,57,34,566
Chmielniki Bydgoskie ,,69,44,16,23,31,54,60,52,63,63,57,34,566
Siedlec Trzebnicki,Koleje Dolnośląskie S.A.,56,18,22,38,25,13,,0,78,24,80,100,454
Siedlec Trzebnicki ,,56,18,22,38,25,13,,0,78,24,80,100,454
Pierwoszów Miłocin,Koleje Dolnośląskie S.A.,56,18,22,38,26,13,,0,78,24,78,101,454
Pierwoszów Miłocin ,,56,18,22,38,26,13,,0,78,24,78,101,454
Brochocin Trzebnicki,Koleje Dolnośląskie S.A.,54,18,22,38,25,13,,0,76,24,78,99,447
Brochocin Trzebnicki ,,54,18,22,38,25,13,,0,76,24,78,99,447
Lubin Stadion,Koleje Dolnośląskie S.A.,209,90,93,110,150,78,105,47,102,100,115,88,1287
Lubin Stadion,PKP INTERCITY Spółka Akcyjna ,,,,,,,,0,,,,,0
Lubin Stadion ,,209,90,93,110,150,78,105,47,102,100,115,88,1287
Sokółka,PKP INTERCITY Spółka Akcyjna ,22,9,8,11,24,24,25,26,13,16,23,24,225
Sokółka,POLREGIO Spółka Akcyjna,75,39,30,22,40,27,31,52,37,27,44,17,441
Sokółka ,,97,48,38,33,64,51,56,78,50,43,67,41,666
Jasło,Koleje Małopolskie Sp. z o.o.,2,2,2,0,1,1,1,3,,,1,1,14
Jasło,PKP INTERCITY Spółka Akcyjna ,24,13,13,12,14,12,32,39,36,24,18,16,253
Jasło,POLREGIO Spółka Akcyjna,30,13,47,41,50,23,26,14,38,46,47,33,408
Jasło ,,56,28,62,53,65,36,59,56,74,70,66,50,675
Niewodnica,POLREGIO Spółka Akcyjna,68,42,71,18,32,29,38,42,46,16,18,23,443
Niewodnica ,,68,42,71,18,32,29,38,42,46,16,18,23,443
Klepacze,POLREGIO Spółka Akcyjna,72,43,72,18,32,30,38,43,48,17,18,22,453
Klepacze ,,72,43,72,18,32,30,38,43,48,17,18,22,453
Trypucie,POLREGIO Spółka Akcyjna,67,40,72,18,33,31,43,42,48,15,18,23,450
Trypucie ,,67,40,72,18,33,31,43,42,48,15,18,23,450
Uhowo,POLREGIO Spółka Akcyjna,69,42,76,19,36,33,36,43,49,16,18,21,458
Uhowo ,,69,42,76,19,36,33,36,43,49,16,18,21,458
Bojary,POLREGIO Spółka Akcyjna,70,43,76,19,33,31,35,40,49,16,18,20,450
Bojary ,,70,43,76,19,33,31,35,40,49,16,18,20,450
Baciuty,POLREGIO Spółka Akcyjna,69,39,71,17,32,31,34,41,41,14,17,20,426
Baciuty ,,69,39,71,17,32,31,34,41,41,14,17,20,426
Głuszyca,CARGO Master Spółka z o.o.,,,,1,,,,,,,,,1
Głuszyca,Koleje Dolnośląskie S.A.,107,63,94,98,90,79,132,94,145,254,150,115,1421
Głuszyca,PKP INTERCITY Spółka Akcyjna ,,,,,,,,0,,,,,0
Głuszyca ,,107,63,94,99,90,79,132,94,145,254,150,115,1422
Ustka,CARGO Master Spółka z o.o.,,,,,0,,,,,,,,0
Ustka,Freightliner PL Spółka z o.o.,,,,,0,,,,,,,,0
Ustka,Koleje Mazowieckie - KM Spółka z o.o.,,,,,,6,14,19,1,,,,40
Ustka,PKP INTERCITY Spółka Akcyjna ,12,4,6,8,16,48,74,84,1,,,,253
Ustka,POLREGIO Spółka Akcyjna,10,9,11,7,17,38,47,83,0,,,,222
Ustka ,,22,13,17,15,33,92,135,186,2,,,,515
Bielawa Zachodnia,Koleje Dolnośląskie S.A.,71,23,31,20,41,36,49,33,36,58,55,36,489
Bielawa Zachodnia ,,71,23,31,20,41,36,49,33,36,58,55,36,489
Bielawa Centralna,Koleje Dolnośląskie S.A.,88,34,43,35,51,54,65,44,50,72,77,45,658
Bielawa Centralna ,,88,34,43,35,51,54,65,44,50,72,77,45,658
Rogoźnica,Koleje Dolnośląskie S.A.,209,94,127,106,115,108,121,86,104,197,234,112,1613
Rogoźnica ,,209,94,127,106,115,108,121,86,104,197,234,112,1613
Pasłęk,PKP INTERCITY Spółka Akcyjna ,68,34,30,19,36,72,104,104,34,37,49,58,645
Pasłęk,POLREGIO Spółka Akcyjna,44,13,12,7,14,16,32,30,24,36,42,16,286
Pasłęk ,,112,47,42,26,50,88,136,134,58,73,91,74,931
Rytel,POLREGIO Spółka Akcyjna,112,58,59,112,80,89,106,141,98,91,63,60,1069
Rytel ,,112,58,59,112,80,89,106,141,98,91,63,60,1069
Wałdowo Szlacheckie,Arriva RP Sp. z o.o.,49,29,57,31,68,50,,,95,39,66,36,520
Wałdowo Szlacheckie ,,49,29,57,31,68,50,,,95,39,66,36,520
Kołodziejewo,POLREGIO Spółka Akcyjna,93,61,41,50,43,62,82,54,94,98,77,57,812
Kołodziejewo ,,93,61,41,50,43,62,82,54,94,98,77,57,812
Janikowo,POLREGIO Spółka Akcyjna,92,59,41,45,43,59,83,54,94,96,75,57,798
Janikowo ,,92,59,41,45,43,59,83,54,94,96,75,57,798
Gorzuchowo Chełmińskie,Arriva RP Sp. z o.o.,53,29,57,30,71,54,,,95,39,69,36,533
Gorzuchowo Chełmińskie ,,53,29,57,30,71,54,,,95,39,69,36,533
Subkowy Centrum,POLREGIO Spółka Akcyjna,108,53,54,47,84,115,142,166,92,108,115,84,1168
Subkowy Centrum ,,108,53,54,47,84,115,142,166,92,108,115,84,1168
Subkowy,POLREGIO Spółka Akcyjna,111,54,54,48,82,112,139,162,92,107,109,85,1155
Subkowy ,,111,54,54,48,82,112,139,162,92,107,109,85,1155
Morzeszczyn,POLREGIO Spółka Akcyjna,97,49,48,43,76,98,129,147,86,103,108,78,1062
Morzeszczyn ,,97,49,48,43,76,98,129,147,86,103,108,78,1062
Kulice Tczewskie,POLREGIO Spółka Akcyjna,111,55,56,52,82,108,136,159,89,112,110,85,1155
Kulice Tczewskie ,,111,55,56,52,82,108,136,159,89,112,110,85,1155
Czarlin,POLREGIO Spółka Akcyjna,106,51,53,47,84,113,141,167,94,108,115,87,1166
Czarlin ,,106,51,53,47,84,113,141,167,94,108,115,87,1166
Olszyna Lubańska,Koleje Dolnośląskie S.A.,105,37,41,41,75,53,99,68,128,235,196,98,1176
Olszyna Lubańska,POLREGIO Spółka Akcyjna,2,0,0,2,3,0,0,2,5,2,9,5,30
Olszyna Lubańska ,,107,37,41,43,78,53,99,70,133,237,205,103,1206
Majewo,POLREGIO Spółka Akcyjna,88,48,50,42,78,96,129,141,85,101,109,72,1039
Majewo ,,88,48,50,42,78,96,129,141,85,101,109,72,1039
Bolesławice Świdnickie,Koleje Dolnośląskie S.A.,153,74,85,97,88,104,142,130,142,162,176,116,1469
Bolesławice Świdnickie ,,153,74,85,97,88,104,142,130,142,162,176,116,1469
Goczałków,Koleje Dolnośląskie S.A.,211,95,130,109,115,112,132,115,127,212,239,116,1713
Goczałków ,,211,95,130,109,115,112,132,115,127,212,239,116,1713
Olsztyn Gutkowo,POLREGIO Spółka Akcyjna,52,18,27,22,21,25,31,37,21,44,53,20,371
Olsztyn Gutkowo ,,52,18,27,22,21,25,31,37,21,44,53,20,371
Olsztyn Likusy,POLREGIO Spółka Akcyjna,55,20,29,24,24,25,32,41,23,44,55,16,388
Olsztyn Likusy ,,55,20,29,24,24,25,32,41,23,44,55,16,388
Olsztyn Jezioro Ukiel,POLREGIO Spółka Akcyjna,61,21,29,24,26,30,34,43,24,45,57,19,413
Olsztyn Jezioro Ukiel ,,61,21,29,24,26,30,34,43,24,45,57,19,413
Gierwaty,Koleje Mazowieckie - KM Spółka z o.o.,44,22,15,22,11,6,11,27,14,39,35,12,258
Gierwaty ,,44,22,15,22,11,6,11,27,14,39,35,12,258
Olsztyn Redykajny,POLREGIO Spółka Akcyjna,54,20,30,24,23,29,37,42,23,44,55,16,397
Olsztyn Redykajny ,,54,20,30,24,23,29,37,42,23,44,55,16,397
Goworowo,Koleje Mazowieckie - KM Spółka z o.o.,48,22,18,25,13,6,12,28,16,49,36,13,286
Goworowo ,,48,22,18,25,13,6,12,28,16,49,36,13,286
Gołubie Kaszubskie,POLREGIO Spółka Akcyjna,25,12,20,17,30,19,43,55,28,32,23,23,327
Gołubie Kaszubskie ,,25,12,20,17,30,19,43,55,28,32,23,23,327
Wieżyca,POLREGIO Spółka Akcyjna,25,12,20,18,30,19,44,54,28,32,22,29,333
Wieżyca ,,25,12,20,18,30,19,44,54,28,32,22,29,333
Somonino,POLREGIO Spółka Akcyjna,26,17,21,21,27,25,44,49,32,31,22,32,347
Somonino ,,26,17,21,21,27,25,44,49,32,31,22,32,347
Sławki,POLREGIO Spółka Akcyjna,24,12,20,19,30,21,45,53,30,31,22,28,335
Sławki ,,24,12,20,19,30,21,45,53,30,31,22,28,335
Skorzewo,POLREGIO Spółka Akcyjna,23,12,18,17,30,19,43,53,28,33,23,23,322
Skorzewo ,,23,12,18,17,30,19,43,53,28,33,23,23,322
Krzeszna,POLREGIO Spółka Akcyjna,26,12,20,18,30,19,44,55,28,33,23,28,336
Krzeszna ,,26,12,20,18,30,19,44,55,28,33,23,28,336
Kiełpino Kartuskie,POLREGIO Spółka Akcyjna,28,19,23,22,29,30,51,53,37,35,25,38,390
Kiełpino Kartuskie ,,28,19,23,22,29,30,51,53,37,35,25,38,390
Babi Dół,POLREGIO Spółka Akcyjna,29,21,23,23,28,29,50,53,37,35,27,38,393
Babi Dół ,,29,21,23,23,28,29,50,53,37,35,27,38,393
Stanowice,Koleje Dolnośląskie S.A.,207,89,124,106,113,101,136,119,132,231,229,112,1699
Stanowice ,,207,89,124,106,113,101,136,119,132,231,229,112,1699
Krojanty,POLREGIO Spółka Akcyjna,114,54,60,110,76,86,105,136,96,91,61,63,1052
Krojanty ,,114,54,60,110,76,86,105,136,96,91,61,63,1052
Gutowiec,POLREGIO Spółka Akcyjna,121,62,58,116,83,91,107,149,96,96,65,57,1101
Gutowiec ,,121,62,58,116,83,91,107,149,96,96,65,57,1101
Bytonia,POLREGIO Spółka Akcyjna,130,72,66,113,85,99,117,149,92,114,74,64,1175
Bytonia ,,130,72,66,113,85,99,117,149,92,114,74,64,1175
Kamienna Karczma,POLREGIO Spółka Akcyjna,134,71,65,117,87,97,112,145,94,108,71,64,1165
Kamienna Karczma ,,134,71,65,117,87,97,112,145,94,108,71,64,1165
Mościsko Dzierżoniowskie,Koleje Dolnośląskie S.A.,163,61,81,84,88,84,131,123,126,149,142,106,1338
Mościsko Dzierżoniowskie ,,163,61,81,84,88,84,131,123,126,149,142,106,1338
Krzyżowa,Koleje Dolnośląskie S.A.,180,70,96,96,102,99,144,127,141,175,169,114,1513
Krzyżowa ,,180,70,96,96,102,99,144,127,141,175,169,114,1513
Strzelce Kujawskie,Koleje Mazowieckie - KM Spółka z o.o.,52,124,49,84,57,66,80,83,62,64,40,39,800
Strzelce Kujawskie ,,52,124,49,84,57,66,80,83,62,64,40,39,800
Łąck,Koleje Mazowieckie - KM Spółka z o.o.,50,142,61,97,70,63,79,84,57,60,37,34,834
Łąck ,,50,142,61,97,70,63,79,84,57,60,37,34,834
Tworków,Koleje Śląskie Spółka z o.o.,25,14,19,5,19,24,15,38,22,44,48,19,292
Tworków ,,25,14,19,5,19,24,15,38,22,44,48,19,292
Sucha Beskidzka,Koleje Śląskie Spółka z o.o.,0,1,,,3,5,10,10,0,,,,29
Sucha Beskidzka,PKP CARGO S.A.,,,0,,,0,,,,,,,0
Sucha Beskidzka,PKP INTERCITY Spółka Akcyjna ,14,4,,,,3,19,41,0,,,,81
Sucha Beskidzka,POLREGIO Spółka Akcyjna,146,62,39,48,44,45,78,75,53,29,50,66,735
Sucha Beskidzka ,,160,67,39,48,47,53,107,126,53,29,50,66,845
Roszków Raciborski,Koleje Śląskie Spółka z o.o.,21,12,19,5,19,24,16,37,18,44,48,18,281
Roszków Raciborski ,,21,12,19,5,19,24,16,37,18,44,48,18,281
Krzyżanowice,Koleje Śląskie Spółka z o.o.,20,12,17,5,20,24,15,37,18,43,48,18,277
Krzyżanowice ,,20,12,17,5,20,24,15,37,18,43,48,18,277
Zielonka Bankowa,Koleje Mazowieckie - KM Spółka z o.o.,37,13,18,14,14,33,63,29,36,60,74,47,438
Zielonka Bankowa ,,37,13,18,14,14,33,63,29,36,60,74,47,438
Warszawa Mokry Ług,Koleje Mazowieckie - KM Spółka z o.o.,39,13,20,16,16,32,64,31,35,66,77,45,454
Warszawa Mokry Ług ,,39,13,20,16,16,32,64,31,35,66,77,45,454
Milicz,Koleje Dolnośląskie S.A.,33,18,8,16,20,17,34,54,31,26,39,37,333
Milicz,Koleje Wielkopolskie Sp. z o.o.,2,1,2,2,4,10,4,,,,,,25
Milicz,PKP INTERCITY Spółka Akcyjna ,21,14,14,9,6,16,23,47,20,21,28,29,248
Milicz ,,56,33,24,27,30,43,61,101,51,47,67,66,606
Biała Górna,Koleje Dolnośląskie S.A.,47,22,14,20,26,14,34,14,51,36,35,38,351
Biała Górna ,,47,22,14,20,26,14,34,14,51,36,35,38,351
Chabówka,PKP CARGO S.A.,,,0,,,0,,,,,,,0
Chabówka,PKP INTERCITY Spółka Akcyjna ,,,,,,,,,1,,18,,19
Chabówka,POLREGIO Spółka Akcyjna,179,61,32,56,47,78,138,94,76,35,42,106,944
Chabówka ,,179,61,32,56,47,78,138,94,77,35,60,106,963
Jadwiżyn,POLREGIO Spółka Akcyjna,67,53,24,22,32,57,63,70,48,71,71,47,625
Jadwiżyn ,,67,53,24,22,32,57,63,70,48,71,71,47,625
Samostrzel,POLREGIO Spółka Akcyjna,71,51,25,22,31,57,67,77,54,73,72,47,647
Samostrzel ,,71,51,25,22,31,57,67,77,54,73,72,47,647
Anieliny,POLREGIO Spółka Akcyjna,73,50,26,21,32,56,67,79,55,80,71,48,658
Anieliny ,,73,50,26,21,32,56,67,79,55,80,71,48,658
Patrzyków,Koleje Wielkopolskie Sp. z o.o.,,,62,117,116,83,65,51,61,84,70,66,775
Patrzyków ,,,,62,117,116,83,65,51,61,84,70,66,775
Trąbki,POLREGIO Spółka Akcyjna,72,24,62,29,39,53,49,54,68,63,57,74,644
Trąbki ,,72,24,62,29,39,53,49,54,68,63,57,74,644
Sobótka Zachodnia,Koleje Dolnośląskie S.A.,74,26,20,33,27,37,33,36,59,52,74,37,508
Sobótka Zachodnia,PKP INTERCITY Spółka Akcyjna ,,,,,,,,0,,,,,0
Sobótka Zachodnia ,,74,26,20,33,27,37,33,36,59,52,74,37,508
Cieszyno Łobeskie,POLREGIO Spółka Akcyjna,72,27,65,31,39,53,55,49,71,62,55,78,657
Cieszyno Łobeskie ,,72,27,65,31,39,53,55,49,71,62,55,78,657
Pyrzowice Lotnisko,Koleje Śląskie Spółka z o.o.,32,24,35,33,51,21,14,12,21,13,26,16,298
Pyrzowice Lotnisko,PKP INTERCITY Spółka Akcyjna ,,0,,,,,,,,,,,0
Pyrzowice Lotnisko ,,32,24,35,33,51,21,14,12,21,13,26,16,298
Miasteczko Śląskie Centrum,Koleje Śląskie Spółka z o.o.,35,27,36,33,54,31,14,10,19,17,29,14,319
Miasteczko Śląskie Centrum ,,35,27,36,33,54,31,14,10,19,17,29,14,319
Siewierz,Koleje Śląskie Spółka z o.o.,28,18,29,29,41,24,15,11,22,13,32,18,280
Siewierz ,,28,18,29,29,41,24,15,11,22,13,32,18,280
Mierzęcice,Koleje Śląskie Spółka z o.o.,35,23,35,34,47,26,21,12,21,14,31,19,318
Mierzęcice ,,35,23,35,34,47,26,21,12,21,14,31,19,318
Przybyłowice,Koleje Dolnośląskie S.A.,148,76,99,79,89,67,74,51,75,119,160,87,1124
Przybyłowice ,,148,76,99,79,89,67,74,51,75,119,160,87,1124
Legnica Strefa,Koleje Dolnośląskie S.A.,145,77,99,81,96,66,78,52,76,120,158,85,1133
Legnica Strefa ,,145,77,99,81,96,66,78,52,76,120,158,85,1133
Stary Jawor,Koleje Dolnośląskie S.A.,159,83,104,82,90,79,77,51,76,125,166,90,1182
Stary Jawor ,,159,83,104,82,90,79,77,51,76,125,166,90,1182
Poręba,Koleje Śląskie Spółka z o.o.,21,13,30,31,48,28,13,13,24,15,32,18,286
Poręba ,,21,13,30,31,48,28,13,13,24,15,32,18,286
Pustków Żurawski,Koleje Dolnośląskie S.A.,87,32,20,37,34,46,40,46,58,58,90,52,600
Pustków Żurawski,PKP INTERCITY Spółka Akcyjna ,,,,,,,,0,,,,,0
Pustków Żurawski ,,87,32,20,37,34,46,40,46,58,58,90,52,600
Rogów Sobócki,Koleje Dolnośląskie S.A.,88,30,20,38,33,45,40,49,58,59,92,53,605
Rogów Sobócki,PKP INTERCITY Spółka Akcyjna ,,,,,,,,0,,,,,0
Rogów Sobócki ,,88,30,20,38,33,45,40,49,58,59,92,53,605
Wierzbice,Koleje Dolnośląskie S.A.,85,33,20,37,34,46,40,47,58,58,93,53,604
Wierzbice ,,85,33,20,37,34,46,40,47,58,58,93,53,604
Gierałtów Wykroty,Koleje Dolnośląskie S.A.,64,25,23,17,32,30,57,30,73,64,52,51,518
Gierałtów Wykroty ,,64,25,23,17,32,30,57,30,73,64,52,51,518
Ciechanowice,Koleje Dolnośląskie S.A.,113,49,43,46,52,43,78,51,95,180,121,88,959
Ciechanowice,POLREGIO Spółka Akcyjna,6,1,0,3,2,4,5,0,5,10,5,1,42
Ciechanowice ,,119,50,43,49,54,47,83,51,100,190,126,89,1001
Gierałtów,Koleje Dolnośląskie S.A.,66,28,31,22,35,29,60,32,71,77,65,53,569
Gierałtów ,,66,28,31,22,35,29,60,32,71,77,65,53,569
Skalite Serafinov,Koleje Śląskie Spółka z o.o.,19,19,16,19,4,13,11,8,11,4,8,1,133
Skalite Serafinov,PKP INTERCITY Spółka Akcyjna ,,,,,,,,,,0,,,0
Skalite Serafinov ,,19,19,16,19,4,13,11,8,11,4,8,1,133
Skalite,Koleje Śląskie Spółka z o.o.,29,27,20,19,11,19,17,13,15,10,16,6,202
Skalite,PKP INTERCITY Spółka Akcyjna ,,,,,,,,,,0,,,0
Skalite ,,29,27,20,19,11,19,17,13,15,10,16,6,202
Skalite pod Polanou,Koleje Śląskie Spółka z o.o.,27,25,20,20,9,19,16,9,15,7,14,5,186
Skalite pod Polanou ,,27,25,20,20,9,19,16,9,15,7,14,5,186
Skalite Kudlov,Koleje Śląskie Spółka z o.o.,24,24,19,19,6,18,13,9,14,7,10,3,166
Skalite Kudlov ,,24,24,19,19,6,18,13,9,14,7,10,3,166
Olesno Śląskie,PKP INTERCITY Spółka Akcyjna ,37,20,24,13,25,46,64,51,41,52,53,51,477
Olesno Śląskie,POLREGIO Spółka Akcyjna,50,21,24,23,22,21,32,20,40,22,25,31,331
Olesno Śląskie ,,87,41,48,36,47,67,96,71,81,74,78,82,808
Frankfurt/Oder,PKP INTERCITY Spółka Akcyjna ,107,141,151,118,106,213,155,166,175,224,162,173,1891
Frankfurt/Oder,POLREGIO Spółka Akcyjna,23,3,25,3,14,12,6,11,13,10,,0,120
Frankfurt/Oder ,,130,144,176,121,120,225,161,177,188,234,162,173,2011
Ubocze,Koleje Dolnośląskie S.A.,105,37,40,42,76,53,97,67,127,238,199,100,1181
Ubocze ,,105,37,40,42,76,53,97,67,127,238,199,100,1181
Tarnów Opolski,POLREGIO Spółka Akcyjna,87,24,43,43,41,56,58,58,62,68,111,53,704
Tarnów Opolski ,,87,24,43,43,41,56,58,58,62,68,111,53,704
Szymiszów,POLREGIO Spółka Akcyjna,90,23,44,47,43,57,60,65,64,74,111,57,735
Szymiszów ,,90,23,44,47,43,57,60,65,64,74,111,57,735
Otmice,POLREGIO Spółka Akcyjna,88,24,44,45,41,59,58,62,62,70,110,55,718
Otmice ,,88,24,44,45,41,59,58,62,62,70,110,55,718
Najmowo,Arriva RP Sp. z o.o.,23,16,21,21,21,32,60,38,24,20,42,37,355
Najmowo ,,23,16,21,21,21,32,60,38,24,20,42,37,355
Konojady,Arriva RP Sp. z o.o.,23,16,21,21,21,32,62,38,24,21,42,35,356
Konojady ,,23,16,21,21,21,32,62,38,24,21,42,35,356
Stare Grudze,Łódzka Kolej Aglomeracyjna Sp. z o.o.,,,,16,14,24,9,,12,16,38,16,145
Stare Grudze ,,,,,16,14,24,9,,12,16,38,16,145
Radzymin,CARGO Master Spółka z o.o.,,,,,0,,,,,,,,0
Radzymin,Koleje Mazowieckie - KM Spółka z o.o.,35,26,9,7,10,17,,,,2,4,8,118
Radzymin,Szybka Kolej Miejska Sp. z o.o.,27,24,14,13,19,34,31,22,25,14,15,28,266
Radzymin ,,62,50,23,20,29,51,31,22,25,16,19,36,384
Nieporęt,Koleje Mazowieckie - KM Spółka z o.o.,36,25,10,6,10,18,,,,2,4,9,120
Nieporęt,Szybka Kolej Miejska Sp. z o.o.,31,25,15,12,21,36,33,24,29,15,15,30,286
Nieporęt ,,67,50,25,18,31,54,33,24,29,17,19,39,406
Dąbkowizna,Koleje Mazowieckie - KM Spółka z o.o.,36,26,10,7,10,19,,,,2,4,9,123
Dąbkowizna,Szybka Kolej Miejska Sp. z o.o.,30,25,15,13,20,36,33,23,29,14,15,31,284
Dąbkowizna ,,66,51,25,20,30,55,33,23,29,16,19,40,407
Namysłów,POLREGIO Spółka Akcyjna,84,26,39,38,45,27,48,29,41,30,45,55,507
Namysłów ,,84,26,39,38,45,27,48,29,41,30,45,55,507
Sierakowice Skierniewickie,Łódzka Kolej Aglomeracyjna Sp. z o.o.,34,11,14,23,19,18,21,23,21,27,16,29,256
Sierakowice Skierniewickie ,,34,11,14,23,19,18,21,23,21,27,16,29,256
Mokra,Łódzka Kolej Aglomeracyjna Sp. z o.o.,34,11,14,23,19,18,21,22,20,27,16,28,253
Mokra ,,34,11,14,23,19,18,21,22,20,27,16,28,253
Bełchów,Łódzka Kolej Aglomeracyjna Sp. z o.o.,35,10,13,24,19,21,22,22,21,27,15,29,258
Bełchów ,,35,10,13,24,19,21,22,22,21,27,15,29,258
Bobrowniki,Łódzka Kolej Aglomeracyjna Sp. z o.o.,35,13,14,25,20,18,23,22,20,28,18,28,264
Bobrowniki ,,35,13,14,25,20,18,23,22,20,28,18,28,264
Olza,Koleje Śląskie Spółka z o.o.,76,64,50,59,64,65,79,78,91,121,94,58,899
Olza ,,76,64,50,59,64,65,79,78,91,121,94,58,899
Wodzisław Śląski Centrum,Koleje Śląskie Spółka z o.o.,88,68,51,62,67,75,81,88,84,116,102,56,938
Wodzisław Śląski Centrum ,,88,68,51,62,67,75,81,88,84,116,102,56,938
Czyżowice,Koleje Śląskie Spółka z o.o.,89,72,53,66,72,77,82,89,89,122,103,58,972
Czyżowice ,,89,72,53,66,72,77,82,89,89,122,103,58,972
Bełsznica,Koleje Śląskie Spółka z o.o.,88,70,53,65,72,77,83,89,89,124,102,59,971
Bełsznica ,,88,70,53,65,72,77,83,89,89,124,102,59,971
Lisowo,POLREGIO Spółka Akcyjna,68,25,64,30,42,56,50,54,70,67,52,73,651
Lisowo ,,68,25,64,30,42,56,50,54,70,67,52,73,651
Młyńsko,Koleje Dolnośląskie S.A.,87,26,26,36,77,44,72,58,104,186,150,95,961
Młyńsko ,,87,26,26,36,77,44,72,58,104,186,150,95,961
Kwieciszowice,Koleje Dolnośląskie S.A.,92,25,24,38,78,49,69,62,106,184,143,100,970
Kwieciszowice ,,92,25,24,38,78,49,69,62,106,184,143,100,970
Żychlin,Łódzka Kolej Aglomeracyjna Sp. z o.o.,22,7,9,31,35,22,24,37,27,27,21,29,291
Żychlin,PKP INTERCITY Spółka Akcyjna ,10,3,10,13,12,11,11,10,16,8,11,19,134
Żychlin ,,32,10,19,44,47,33,35,47,43,35,32,48,425
Rybnica,Koleje Dolnośląskie S.A.,84,23,26,37,52,44,64,44,93,167,129,90,853
Rybnica ,,84,23,26,37,52,44,64,44,93,167,129,90,853
Mieszkowice,PKP INTERCITY Spółka Akcyjna ,63,45,47,39,50,60,60,58,50,65,53,44,634
Mieszkowice,POLREGIO Spółka Akcyjna,37,28,33,25,46,37,29,19,24,42,37,29,386
Mieszkowice ,,100,73,80,64,96,97,89,77,74,107,90,73,1020
Klementowice,POLREGIO Spółka Akcyjna,30,15,18,13,10,26,36,44,40,24,28,24,308
Klementowice ,,30,15,18,13,10,26,36,44,40,24,28,24,308
Sadurki,POLREGIO Spółka Akcyjna,31,16,20,14,11,23,34,41,37,25,32,22,306
Sadurki ,,31,16,20,14,11,23,34,41,37,25,32,22,306
Miłocin Lubelski,POLREGIO Spółka Akcyjna,31,16,21,12,12,24,34,43,38,25,32,22,310
Miłocin Lubelski ,,31,16,21,12,12,24,34,43,38,25,32,22,310
Pyzówka,Koleje Śląskie Spółka z o.o.,1,3,,,2,2,7,6,0,,,5,26
Pyzówka,POLREGIO Spółka Akcyjna,174,63,36,63,48,98,165,116,92,37,30,161,1083
Pyzówka ,,175,66,36,63,50,100,172,122,92,37,30,166,1109
Ełk,PKP INTERCITY Spółka Akcyjna ,41,17,18,8,24,22,41,29,20,20,27,25,292
Ełk,POLREGIO Spółka Akcyjna,55,17,23,7,23,23,40,28,14,27,33,26,316
Ełk ,,96,34,41,15,47,45,81,57,34,47,60,51,608
Łopatki,POLREGIO Spółka Akcyjna,31,17,19,13,13,27,38,44,40,25,28,24,319
Łopatki ,,31,17,19,13,13,27,38,44,40,25,28,24,319
Gołąb,POLREGIO Spółka Akcyjna,30,15,15,15,10,20,32,48,38,20,27,24,294
Gołąb ,,30,15,15,15,10,20,32,48,38,20,27,24,294
Szczytno,Koleje Mazowieckie - KM Spółka z o.o.,,,,,,,,,,,,6,6
Szczytno,PKP INTERCITY Spółka Akcyjna ,39,14,21,8,27,25,33,32,17,20,25,24,285
Szczytno,POLREGIO Spółka Akcyjna,49,33,25,23,35,49,49,34,22,28,30,28,405
Szczytno ,,88,47,46,31,62,74,82,66,39,48,55,58,696
Matysy,POLREGIO Spółka Akcyjna,42,29,10,18,10,17,28,24,30,24,19,22,273
Matysy ,,42,29,10,18,10,17,28,24,30,24,19,22,273
Szachy,POLREGIO Spółka Akcyjna,43,30,8,13,12,16,27,25,29,23,18,20,264
Szachy ,,43,30,8,13,12,16,27,25,29,23,18,20,264
Porosiuki,POLREGIO Spółka Akcyjna,40,31,8,9,13,13,25,24,27,18,19,21,248
Porosiuki ,,40,31,8,9,13,13,25,24,27,18,19,21,248
Budachów,POLREGIO Spółka Akcyjna,93,94,78,97,110,93,133,94,107,123,131,152,1305
Budachów ,,93,94,78,97,110,93,133,94,107,123,131,152,1305
Radnica,POLREGIO Spółka Akcyjna,94,95,80,93,106,94,134,95,112,124,131,152,1310
Radnica ,,94,95,80,93,106,94,134,95,112,124,131,152,1310
Skoki - Borowa,POLREGIO Spółka Akcyjna,28,14,13,12,10,20,28,40,37,18,27,22,269
Skoki - Borowa ,,28,14,13,12,10,20,28,40,37,18,27,22,269
Puławy,POLREGIO Spółka Akcyjna,27,13,12,13,9,22,34,42,36,21,28,23,280
Puławy ,,27,13,12,13,9,22,34,42,36,21,28,23,280
Puławy Chemia,POLREGIO Spółka Akcyjna,31,14,14,16,11,22,35,47,38,20,30,23,301
Puławy Chemia ,,31,14,14,16,11,22,35,47,38,20,30,23,301
Końskowola,POLREGIO Spółka Akcyjna,28,15,14,13,10,25,36,43,40,24,29,23,300
Końskowola ,,28,15,14,13,10,25,36,43,40,24,29,23,300
Motycz Leśny,POLREGIO Spółka Akcyjna,30,16,20,10,11,24,36,41,38,25,31,23,305
Motycz Leśny ,,30,16,20,10,11,24,36,41,38,25,31,23,305
Czesławice,POLREGIO Spółka Akcyjna,31,24,19,13,11,23,36,43,38,26,34,24,322
Czesławice ,,31,24,19,13,11,23,36,43,38,26,34,24,322
Motycz,POLREGIO Spółka Akcyjna,28,12,19,10,10,20,31,40,35,22,31,23,281
Motycz ,,28,12,19,10,10,20,31,40,35,22,31,23,281
Stasin Polny,POLREGIO Spółka Akcyjna,30,12,19,13,9,20,31,39,37,22,36,23,291
Stasin Polny ,,30,12,19,13,9,20,31,39,37,22,36,23,291
Jerzmanice Lubuskie,PKP INTERCITY Spółka Akcyjna ,,,,,2,,,,7,,,,9
Jerzmanice Lubuskie,POLREGIO Spółka Akcyjna,96,97,70,93,102,83,128,86,120,128,128,150,1281
Jerzmanice Lubuskie ,,96,97,70,93,104,83,128,86,127,128,128,150,1290
Szaniawy,PKP INTERCITY Spółka Akcyjna ,,,,,,,,,,,0,,0
Szaniawy,POLREGIO Spółka Akcyjna,41,28,10,15,10,20,28,23,29,23,19,20,266
Szaniawy ,,41,28,10,15,10,20,28,23,29,23,19,20,266
Brzozowica,PKP INTERCITY Spółka Akcyjna ,,,,,,,,,,,0,,0
Brzozowica,POLREGIO Spółka Akcyjna,42,29,10,15,11,19,27,23,30,24,19,19,268
Brzozowica ,,42,29,10,15,11,19,27,23,30,24,19,19,268
Sitno,PKP INTERCITY Spółka Akcyjna ,,,,,,,,,,,0,,0
Sitno,POLREGIO Spółka Akcyjna,43,31,9,13,13,19,26,24,28,23,17,20,266
Sitno ,,43,31,9,13,13,19,26,24,28,23,17,20,266
Łuków Zapowiednik,POLREGIO Spółka Akcyjna,42,29,11,17,10,18,28,21,31,24,19,22,272
Łuków Zapowiednik ,,42,29,11,17,10,18,28,21,31,24,19,22,272
Misie,POLREGIO Spółka Akcyjna,42,30,10,15,11,18,26,24,30,25,20,19,270
Misie ,,42,30,10,15,11,18,26,24,30,25,20,19,270
Sokule,POLREGIO Spółka Akcyjna,40,30,7,10,12,13,27,22,27,21,19,21,249
Sokule ,,40,30,7,10,12,13,27,22,27,21,19,21,249
Rokiciny Podhalańskie,POLREGIO Spółka Akcyjna,174,59,37,55,48,94,145,102,84,33,26,143,1000
Rokiciny Podhalańskie ,,174,59,37,55,48,94,145,102,84,33,26,143,1000
Raba Wyżna,POLREGIO Spółka Akcyjna,167,61,36,56,48,90,143,94,87,35,27,149,993
Raba Wyżna ,,167,61,36,56,48,90,143,94,87,35,27,149,993
Lasek,POLREGIO Spółka Akcyjna,156,54,31,62,43,94,160,102,77,30,26,124,959
Lasek ,,156,54,31,62,43,94,160,102,77,30,26,124,959
Blachownia,Koleje Śląskie Spółka z o.o.,24,9,11,11,9,7,28,19,25,26,26,28,223
Blachownia,POLREGIO Spółka Akcyjna,16,14,22,18,16,9,15,16,16,15,16,21,194
Blachownia ,,40,23,33,29,25,16,43,35,41,41,42,49,417
Sieniawa,POLREGIO Spółka Akcyjna,165,60,34,61,47,79,134,92,85,33,26,154,970
Sieniawa ,,165,60,34,61,47,79,134,92,85,33,26,154,970
Twardogóra,Koleje Dolnośląskie S.A.,,,,,,,,,,0,,,0
Twardogóra,PKP INTERCITY Spółka Akcyjna ,42,36,27,31,35,36,43,59,51,36,49,55,500
Twardogóra,POLREGIO Spółka Akcyjna,44,43,36,31,37,30,25,33,62,39,38,50,468
Twardogóra ,,86,79,63,62,72,66,68,92,113,75,87,105,968
Ustroń Zdrój,Koleje Śląskie Spółka z o.o.,129,62,82,102,118,112,86,65,80,68,91,103,1098
Ustroń Zdrój,PKP INTERCITY Spółka Akcyjna ,10,5,5,5,5,11,3,5,5,3,4,6,67
Ustroń Zdrój ,,139,67,87,107,123,123,89,70,85,71,95,109,1165
Przysucha,Koleje Mazowieckie - KM Spółka z o.o.,18,8,7,15,19,14,13,11,39,29,27,8,208
Przysucha,Łódzka Kolej Aglomeracyjna Sp. z o.o.,0,0,0,2,2,0,2,1,0,4,4,0,15
Przysucha,PKP INTERCITY Spółka Akcyjna ,13,8,5,4,1,12,9,7,26,27,28,12,152
Przysucha ,,31,16,12,21,22,26,24,19,65,60,59,20,375
Herby Stare,Koleje Śląskie Spółka z o.o.,20,8,12,9,7,8,27,15,21,22,21,23,193
Herby Stare,POLREGIO Spółka Akcyjna,19,11,19,21,12,9,15,14,17,15,13,21,186
Herby Stare ,,39,19,31,30,19,17,42,29,38,37,34,44,379
Ustroń Polana,Koleje Śląskie Spółka z o.o.,125,63,78,99,109,106,84,56,75,62,87,95,1039
Ustroń Polana,PKP INTERCITY Spółka Akcyjna ,10,5,5,3,5,11,3,6,5,2,4,6,65
Ustroń Polana ,,135,68,83,102,114,117,87,62,80,64,91,101,1104
Piechowice,Koleje Dolnośląskie S.A.,67,22,13,39,42,31,50,36,46,116,69,60,591
Piechowice,PKP INTERCITY Spółka Akcyjna ,27,9,3,2,,10,13,22,1,5,5,14,111
Piechowice,POLREGIO Spółka Akcyjna,10,4,5,6,,5,1,3,6,12,10,13,75
Piechowice ,,104,35,21,47,42,46,64,61,53,133,84,87,777
Wisła Uzdrowisko,Koleje Śląskie Spółka z o.o.,131,74,85,104,116,109,86,53,69,65,88,93,1073
Wisła Uzdrowisko,PKP INTERCITY Spółka Akcyjna ,10,5,5,4,5,11,3,6,5,2,4,6,66
Wisła Uzdrowisko ,,141,79,90,108,121,120,89,59,74,67,92,99,1139
Jelenia Góra Cieplice,Koleje Dolnośląskie S.A.,71,26,14,45,44,35,51,41,49,118,77,63,634
Jelenia Góra Cieplice,PKP INTERCITY Spółka Akcyjna ,27,11,4,1,,10,13,25,1,6,6,17,121
Jelenia Góra Cieplice,POLREGIO Spółka Akcyjna,15,6,6,9,,7,3,4,9,23,10,14,106
Jelenia Góra Cieplice ,,113,43,24,55,44,52,67,70,59,147,93,94,861
Solniki Wielkie,POLREGIO Spółka Akcyjna,89,26,40,40,42,31,55,31,40,51,56,68,569
Solniki Wielkie ,,89,26,40,40,42,31,55,31,40,51,56,68,569
Bierutów,POLREGIO Spółka Akcyjna,84,23,35,35,41,31,44,27,38,42,51,60,511
Bierutów ,,84,23,35,35,41,31,44,27,38,42,51,60,511
Pliszka,POLREGIO Spółka Akcyjna,101,99,81,97,108,90,134,89,112,133,134,155,1333
Pliszka ,,101,99,81,97,108,90,134,89,112,133,134,155,1333
Gądków Wielki,POLREGIO Spółka Akcyjna,92,96,76,92,103,81,129,84,109,128,126,153,1269
Gądków Wielki ,,92,96,76,92,103,81,129,84,109,128,126,153,1269
Bytnica,POLREGIO Spółka Akcyjna,99,100,81,96,105,90,134,90,116,124,135,156,1326
Bytnica ,,99,100,81,96,105,90,134,90,116,124,135,156,1326
Nietkowice,POLREGIO Spółka Akcyjna,102,100,82,97,104,89,131,86,111,123,133,153,1311
Nietkowice ,,102,100,82,97,104,89,131,86,111,123,133,153,1311
Goleszów Górny,Koleje Śląskie Spółka z o.o.,82,28,40,60,51,59,43,31,52,44,61,55,606
Goleszów Górny ,,82,28,40,60,51,59,43,31,52,44,61,55,606
Cieszyn Uniwersytet,Koleje Śląskie Spółka z o.o.,83,27,39,60,50,58,42,31,53,47,58,51,599
Cieszyn Uniwersytet ,,83,27,39,60,50,58,42,31,53,47,58,51,599
Będów,POLREGIO Spółka Akcyjna,100,101,83,95,104,89,133,85,114,125,131,154,1314
Będów ,,100,101,83,95,104,89,133,85,114,125,131,154,1314
Bażanowice,Koleje Śląskie Spółka z o.o.,83,28,39,60,51,58,42,31,53,47,59,52,603
Bażanowice ,,83,28,39,60,51,58,42,31,53,47,59,52,603
Samborowo,POLREGIO Spółka Akcyjna,111,41,29,25,28,40,46,62,29,55,58,37,561
Samborowo ,,111,41,29,25,28,40,46,62,29,55,58,37,561
Biesal,POLREGIO Spółka Akcyjna,90,30,25,22,28,39,36,46,27,49,50,36,478
Biesal ,,90,30,25,22,28,39,36,46,27,49,50,36,478
Unieszewo,POLREGIO Spółka Akcyjna,97,32,25,22,30,39,36,47,26,55,53,37,499
Unieszewo ,,97,32,25,22,30,39,36,47,26,55,53,37,499
Stare Jabłonki,POLREGIO Spółka Akcyjna,95,29,24,23,28,41,37,46,28,51,51,37,490
Stare Jabłonki ,,95,29,24,23,28,41,37,46,28,51,51,37,490
Toszek,POLREGIO Spółka Akcyjna,81,22,45,51,48,60,65,64,59,74,100,54,723
Toszek ,,81,22,45,51,48,60,65,64,59,74,100,54,723
Paczyna,POLREGIO Spółka Akcyjna,84,23,43,53,53,60,66,64,65,75,108,54,748
Paczyna ,,84,23,43,53,53,60,66,64,65,75,108,54,748
Ligota Toszecka,POLREGIO Spółka Akcyjna,82,24,47,52,51,59,65,63,62,73,103,56,737
Ligota Toszecka ,,82,24,47,52,51,59,65,63,62,73,103,56,737
Kotulin,POLREGIO Spółka Akcyjna,84,24,47,51,50,60,64,65,62,72,102,54,735
Kotulin ,,84,24,47,51,50,60,64,65,62,72,102,54,735
Błotnica Strzelecka,POLREGIO Spółka Akcyjna,83,23,45,49,50,60,63,63,63,72,101,52,724
Błotnica Strzelecka ,,83,23,45,49,50,60,63,63,63,72,101,52,724
Szklarska Poręba Średnia,Koleje Dolnośląskie S.A.,64,23,13,37,39,31,43,32,37,108,58,65,550
Szklarska Poręba Średnia,PKP INTERCITY Spółka Akcyjna ,23,7,2,2,,12,12,17,1,5,5,14,100
Szklarska Poręba Średnia,POLREGIO Spółka Akcyjna,6,4,5,6,,6,1,2,6,13,9,13,71
Szklarska Poręba Średnia ,,93,34,20,45,39,49,56,51,44,126,72,92,721
Szklarska Poręba Dolna,Koleje Dolnośląskie S.A.,65,23,13,40,40,31,43,32,37,110,62,66,562
Szklarska Poręba Dolna,PKP INTERCITY Spółka Akcyjna ,24,8,3,2,,12,13,18,1,5,5,14,105
Szklarska Poręba Dolna,POLREGIO Spółka Akcyjna,6,4,5,6,,6,1,2,6,12,10,13,71
Szklarska Poręba Dolna ,,95,35,21,48,40,49,57,52,44,127,77,93,738
Rokita,POLREGIO Spółka Akcyjna,28,11,22,15,26,41,46,40,45,38,52,60,424
Rokita ,,28,11,22,15,26,41,46,40,45,38,52,60,424
Łoźnica,POLREGIO Spółka Akcyjna,30,11,22,16,26,45,46,44,43,41,54,63,441
Łoźnica ,,30,11,22,16,26,45,46,44,43,41,54,63,441
Białuń,POLREGIO Spółka Akcyjna,31,9,22,16,26,45,47,46,41,39,53,63,438
Białuń ,,31,9,22,16,26,45,47,46,41,39,53,63,438
Gliwice Kuźnica,POLREGIO Spółka Akcyjna,84,27,44,46,53,59,70,70,69,97,115,68,802
Gliwice Kuźnica ,,84,27,44,46,53,59,70,70,69,97,115,68,802
Włoszakowice,Koleje Wielkopolskie Sp. z o.o.,10,7,16,6,8,7,16,7,11,6,24,25,143
Włoszakowice,Parowozownia Wolsztyn,,,,,1,,,0,,,,,1
Włoszakowice ,,10,7,16,6,9,7,16,7,11,6,24,25,144
Wilkowice,Koleje Wielkopolskie Sp. z o.o.,14,8,15,6,10,7,17,8,11,6,25,24,151
Wilkowice ,,14,8,15,6,10,7,17,8,11,6,25,24,151
Krzycko Wielkie,Koleje Wielkopolskie Sp. z o.o.,13,8,17,6,10,7,17,8,11,6,25,25,153
Krzycko Wielkie ,,13,8,17,6,10,7,17,8,11,6,25,25,153
Nowogard,PKP INTERCITY Spółka Akcyjna ,,,,,,10,32,39,1,,,,82
Nowogard,POLREGIO Spółka Akcyjna,55,19,37,25,58,87,88,92,67,34,82,61,705
Nowogard ,,55,19,37,25,58,97,120,131,68,34,82,61,787
Nosówko,POLREGIO Spółka Akcyjna,113,31,47,29,48,70,80,87,48,53,50,102,758
Nosówko ,,113,31,47,29,48,70,80,87,48,53,50,102,758
Białośliwie,CARGO Master Spółka z o.o.,,,,1,,,,,,,,,1
Białośliwie,Koleje Wielkopolskie Sp. z o.o.,4,1,8,2,5,5,5,3,3,7,4,5,52
Białośliwie,POLREGIO Spółka Akcyjna,55,40,18,19,29,46,51,59,38,107,68,42,572
Białośliwie ,,59,41,26,22,34,51,56,62,41,114,72,47,625
Miasteczko Krajeńskie,Koleje Wielkopolskie Sp. z o.o.,3,1,8,3,5,5,5,3,3,6,5,6,53
Miasteczko Krajeńskie,POLREGIO Spółka Akcyjna,59,44,20,21,31,47,46,57,35,108,75,45,588
Miasteczko Krajeńskie ,,62,45,28,24,36,52,51,60,38,114,80,51,641
Kaczory,Koleje Wielkopolskie Sp. z o.o.,4,1,8,3,4,5,5,3,2,6,5,6,52
Kaczory,POLREGIO Spółka Akcyjna,53,43,18,21,30,46,45,53,35,102,72,43,561
Kaczory ,,57,44,26,24,34,51,50,56,37,108,77,49,613
Krostkowo,Koleje Wielkopolskie Sp. z o.o.,4,1,8,2,4,5,5,3,3,6,2,4,47
Krostkowo,POLREGIO Spółka Akcyjna,58,42,18,21,29,47,53,64,40,92,66,42,572
Krostkowo ,,62,43,26,23,33,52,58,67,43,98,68,46,619
Opoczno,Łódzka Kolej Aglomeracyjna Sp. z o.o.,31,12,13,17,9,14,17,20,7,6,15,18,179
Opoczno,POLREGIO Spółka Akcyjna,2,0,1,1,1,2,0,4,1,2,5,6,25
Opoczno ,,33,12,14,18,10,16,17,24,8,8,20,24,204
Rajsk,POLREGIO Spółka Akcyjna,99,37,46,64,81,60,69,86,101,68,85,43,839
Rajsk ,,99,37,46,64,81,60,69,86,101,68,85,43,839
Orzechowicze,POLREGIO Spółka Akcyjna,101,34,46,67,77,60,73,95,100,69,84,41,847
Orzechowicze ,,101,34,46,67,77,60,73,95,100,69,84,41,847
Strabla,POLREGIO Spółka Akcyjna,98,37,43,60,75,50,59,78,92,69,77,41,779
Strabla ,,98,37,43,60,75,50,59,78,92,69,77,41,779
Lewickie,POLREGIO Spółka Akcyjna,83,34,38,54,56,46,56,84,83,63,62,40,699
Lewickie ,,83,34,38,54,56,46,56,84,83,63,62,40,699
Białystok Nowe Miasto,POLREGIO Spółka Akcyjna,76,30,37,48,57,42,45,71,74,59,62,37,638
Białystok Nowe Miasto ,,76,30,37,48,57,42,45,71,74,59,62,37,638
Białystok Stadion,POLREGIO Spółka Akcyjna,76,32,37,51,59,41,47,75,76,59,65,39,657
Białystok Stadion ,,76,32,37,51,59,41,47,75,76,59,65,39,657
Zimnochy,POLREGIO Spółka Akcyjna,99,41,42,64,76,52,61,82,89,77,77,45,805
Zimnochy ,,99,41,42,64,76,52,61,82,89,77,77,45,805
Hryniewicze,POLREGIO Spółka Akcyjna,78,32,40,53,57,41,47,75,78,62,65,39,667
Hryniewicze ,,78,32,40,53,57,41,47,75,78,62,65,39,667
Hołówki Duże,POLREGIO Spółka Akcyjna,98,40,42,62,73,53,61,82,94,78,77,45,805
Hołówki Duże ,,98,40,42,62,73,53,61,82,94,78,77,45,805
Częstochowa Gnaszyn,Koleje Śląskie Spółka z o.o.,23,9,11,11,10,6,25,21,22,26,25,30,219
Częstochowa Gnaszyn,POLREGIO Spółka Akcyjna,15,12,20,18,11,9,14,11,15,12,15,19,171
Częstochowa Gnaszyn ,,38,21,31,29,21,15,39,32,37,38,40,49,390
Muszyna,Koleje Małopolskie Sp. z o.o.,0,0,,,,6,8,4,0,,,0,18
Muszyna,PKP CARGO S.A. w restrukturyzacji,,,,,,,,,0,,0,,0
Muszyna,PKP INTERCITY Spółka Akcyjna ,16,2,9,2,9,13,17,21,16,7,5,11,128
Muszyna,POLREGIO Spółka Akcyjna,32,11,14,7,10,32,39,28,30,13,7,10,233
Muszyna ,,48,13,23,9,19,51,64,53,46,20,12,21,379
Bierawa,POLREGIO Spółka Akcyjna,69,37,40,49,50,51,49,62,66,73,94,82,722
Bierawa ,,69,37,40,49,50,51,49,62,66,73,94,82,722
Racibory,POLREGIO Spółka Akcyjna,56,31,66,16,22,25,28,20,22,11,8,5,310
Racibory ,,56,31,66,16,22,25,28,20,22,11,8,5,310
Szymbory,POLREGIO Spółka Akcyjna,59,33,74,15,20,26,38,21,19,13,8,8,334
Szymbory ,,59,33,74,15,20,26,38,21,19,13,8,8,334
Jabłoń Kościelna,POLREGIO Spółka Akcyjna,60,34,75,15,20,24,38,20,19,14,8,8,335
Jabłoń Kościelna ,,60,34,75,15,20,24,38,20,19,14,8,8,335
Zdrody Nowe,POLREGIO Spółka Akcyjna,56,34,61,22,21,25,27,27,23,11,8,8,323
Zdrody Nowe ,,56,34,61,22,21,25,27,27,23,11,8,8,323
Łapy Osse,POLREGIO Spółka Akcyjna,53,35,61,22,25,26,27,26,23,11,8,8,325
Łapy Osse ,,53,35,61,22,25,26,27,26,23,11,8,8,325
Kędzierzyn-Koźle Azoty,POLREGIO Spółka Akcyjna,76,40,41,52,54,53,54,67,69,79,100,87,772
Kędzierzyn-Koźle Azoty ,,76,40,41,52,54,53,54,67,69,79,100,87,772
Wilków Namysłowski,POLREGIO Spółka Akcyjna,86,30,38,35,43,28,42,27,42,42,46,57,516
Wilków Namysłowski ,,86,30,38,35,43,28,42,27,42,42,46,57,516
Koźlice,Koleje Dolnośląskie S.A.,176,67,76,92,121,59,88,38,87,89,96,60,1049
Koźlice ,,176,67,76,92,121,59,88,38,87,89,96,60,1049
Końskie,Łódzka Kolej Aglomeracyjna Sp. z o.o.,32,17,11,15,12,9,9,15,9,5,13,13,160
Końskie,POLREGIO Spółka Akcyjna,3,2,3,5,8,6,0,11,5,2,10,8,63
Końskie ,,35,19,14,20,20,15,9,26,14,7,23,21,223
Rynarcice,Koleje Dolnośląskie S.A.,188,80,79,99,127,66,93,41,96,93,101,71,1134
Rynarcice ,,188,80,79,99,127,66,93,41,96,93,101,71,1134
Szczecin Żydowce,POLREGIO Spółka Akcyjna,,,,,,28,23,29,43,36,60,40,259
Szczecin Żydowce ,,,,,,,28,23,29,43,36,60,40,259
Skoczów Bładnice,Koleje Śląskie Spółka z o.o.,129,62,84,110,109,113,81,65,79,70,91,108,1101
Skoczów Bładnice ,,129,62,84,110,109,113,81,65,79,70,91,108,1101
Kochanowice,Koleje Śląskie Spółka z o.o.,28,8,13,7,5,12,19,19,21,24,22,24,202
Kochanowice,PKP INTERCITY Spółka Akcyjna ,,,,,,9,,,,,,,9
Kochanowice,POLREGIO Spółka Akcyjna,18,9,17,22,12,8,15,11,14,13,11,15,165
Kochanowice ,,46,17,30,29,17,29,34,30,35,37,33,39,376
Dziergowice,POLREGIO Spółka Akcyjna,74,34,47,51,55,49,49,61,67,76,64,85,712
Dziergowice ,,74,34,47,51,55,49,49,61,67,76,64,85,712
Lisów,Koleje Śląskie Spółka z o.o.,26,10,14,8,7,11,24,18,23,21,22,23,207
Lisów,POLREGIO Spółka Akcyjna,20,10,19,22,13,9,14,11,13,14,14,17,176
Lisów ,,46,20,33,30,20,20,38,29,36,35,36,40,383
Siemiatycze,Koleje Mazowieckie - KM Spółka z o.o.,34,19,16,10,44,42,48,45,34,37,50,34,413
Siemiatycze,PKP INTERCITY Spółka Akcyjna ,28,11,12,14,14,13,22,27,19,22,38,27,247
Siemiatycze,POLREGIO Spółka Akcyjna,10,1,3,7,11,8,8,13,6,16,26,13,122
Siemiatycze ,,72,31,31,31,69,63,78,85,59,75,114,74,782
Nurzec,Koleje Mazowieckie - KM Spółka z o.o.,32,19,14,8,44,39,47,44,31,36,49,28,391
Nurzec,PKP INTERCITY Spółka Akcyjna ,28,11,11,14,13,13,21,28,19,18,32,28,236
Nurzec,POLREGIO Spółka Akcyjna,8,1,3,7,12,8,9,12,7,18,24,13,122
Nurzec ,,68,31,28,29,69,60,77,84,57,72,105,69,749
Zaklików,PKP INTERCITY Spółka Akcyjna ,72,40,33,28,29,39,64,56,58,46,32,50,547
Zaklików,POLREGIO Spółka Akcyjna,40,21,33,24,27,47,38,48,24,26,29,33,390
Zaklików ,,112,61,66,52,56,86,102,104,82,72,61,83,937
Sarnaki,Koleje Mazowieckie - KM Spółka z o.o.,33,17,15,8,44,46,47,47,33,39,52,33,414
Sarnaki,PKP INTERCITY Spółka Akcyjna ,29,11,13,15,15,13,24,27,21,22,38,27,255
Sarnaki,POLREGIO Spółka Akcyjna,12,1,2,6,10,8,10,15,7,17,25,13,126
Sarnaki ,,74,29,30,29,69,67,81,89,61,78,115,73,795
Niemojki,Koleje Mazowieckie - KM Spółka z o.o.,33,16,13,9,41,44,49,47,27,40,57,32,408
Niemojki,PKP INTERCITY Spółka Akcyjna ,29,11,14,15,15,14,24,27,20,21,39,27,256
Niemojki,POLREGIO Spółka Akcyjna,12,1,2,6,11,8,9,15,7,17,20,14,122
Niemojki ,,74,28,29,30,67,66,82,89,54,78,116,73,786
Osina,POLREGIO Spółka Akcyjna,60,21,35,25,64,97,105,114,69,32,89,65,776
Osina ,,60,21,35,25,64,97,105,114,69,32,89,65,776
Zebrzydowice,Koleje Śląskie Spółka z o.o.,44,24,28,24,19,21,18,10,30,20,33,38,309
Zebrzydowice,PKP INTERCITY Spółka Akcyjna ,108,98,65,39,57,85,102,108,49,104,109,89,1013
Zebrzydowice ,,152,122,93,63,76,106,120,118,79,124,142,127,1322
Ptaszkowa,Koleje Małopolskie Sp. z o.o.,5,3,5,2,2,3,3,2,5,4,8,4,46
Ptaszkowa,PKP CARGO S.A. w restrukturyzacji,,,,,,,,,0,,,,0
Ptaszkowa,POLREGIO Spółka Akcyjna,47,15,35,18,30,53,49,58,45,18,37,31,436
Ptaszkowa ,,52,18,40,20,32,56,52,60,50,22,45,35,482
Mszalnica,Koleje Małopolskie Sp. z o.o.,5,3,5,2,2,3,3,2,6,4,8,4,47
Mszalnica,POLREGIO Spółka Akcyjna,48,14,35,17,31,58,53,58,47,18,37,32,448
Mszalnica ,,53,17,40,19,33,61,56,60,53,22,45,36,495
Nowy Sącz Jamnica,Koleje Małopolskie Sp. z o.o.,5,3,5,2,2,3,3,2,6,4,8,4,47
Nowy Sącz Jamnica,POLREGIO Spółka Akcyjna,47,17,34,13,30,54,51,62,47,16,34,34,439
Nowy Sącz Jamnica ,,52,20,39,15,32,57,54,64,53,20,42,38,486
Nowy Sącz Gorzków,Koleje Małopolskie Sp. z o.o.,5,3,5,2,1,3,3,2,5,4,8,4,45
Nowy Sącz Gorzków,POLREGIO Spółka Akcyjna,47,17,34,12,27,54,50,60,45,16,33,32,427
Nowy Sącz Gorzków ,,52,20,39,14,28,57,53,62,50,20,41,36,472
Kamionka Wielka,Koleje Małopolskie Sp. z o.o.,5,3,5,2,2,3,3,2,6,4,8,4,47
Kamionka Wielka,POLREGIO Spółka Akcyjna,46,14,34,16,30,58,53,62,47,18,36,32,446
Kamionka Wielka ,,51,17,39,18,32,61,56,64,53,22,44,36,493
Żegiestów-Zdrój,Koleje Małopolskie Sp. z o.o.,,,,,,0,2,4,,,,,6
Żegiestów-Zdrój,PKP INTERCITY Spółka Akcyjna ,19,5,11,2,9,15,18,25,19,10,9,11,153
Żegiestów-Zdrój,POLREGIO Spółka Akcyjna,40,13,19,8,10,34,41,31,40,24,17,18,295
Żegiestów-Zdrój ,,59,18,30,10,19,49,61,60,59,34,26,29,454
Łomnica-Zdrój,Koleje Małopolskie Sp. z o.o.,,,,,,0,1,4,,,,,5
Łomnica-Zdrój,PKP INTERCITY Spółka Akcyjna ,21,5,10,3,13,17,20,24,21,8,10,15,167
Łomnica-Zdrój,POLREGIO Spółka Akcyjna,40,17,25,12,25,34,49,34,36,23,17,17,329
Łomnica-Zdrój ,,61,22,35,15,38,51,70,62,57,31,27,32,501
Gryfice,PKP INTERCITY Spółka Akcyjna ,,,,,,11,37,44,2,,,,94
Gryfice,POLREGIO Spółka Akcyjna,57,14,40,29,58,93,93,93,67,43,95,57,739
Gryfice ,,57,14,40,29,58,104,130,137,69,43,95,57,833
Narzym,Koleje Mazowieckie - KM Spółka z o.o.,45,14,13,13,25,24,30,26,23,25,24,29,291
Narzym ,,45,14,13,13,25,24,30,26,23,25,24,29,291
Iłowo,Koleje Mazowieckie - KM Spółka z o.o.,45,14,12,12,25,23,29,23,23,23,24,28,281
Iłowo ,,45,14,12,12,25,23,29,23,23,23,24,28,281
Ustronie Morskie,PKP INTERCITY Spółka Akcyjna ,35,18,8,9,30,66,75,93,15,8,16,34,407
Ustronie Morskie,POLREGIO Spółka Akcyjna,43,15,21,20,35,56,51,54,23,20,40,56,434
Ustronie Morskie ,,78,33,29,29,65,122,126,147,38,28,56,90,841
Trzebiatów,PKP INTERCITY Spółka Akcyjna ,,,,,,9,29,29,1,,,,68
Trzebiatów,POLREGIO Spółka Akcyjna,53,14,36,29,63,91,85,87,60,41,87,64,710
Trzebiatów ,,53,14,36,29,63,100,114,116,61,41,87,64,778
Ustroń,Koleje Śląskie Spółka z o.o.,119,57,74,99,113,110,77,66,73,63,93,92,1036
Ustroń,PKP INTERCITY Spółka Akcyjna ,,0,,,,,,,,,,,0
Ustroń ,,119,57,74,99,113,110,77,66,73,63,93,92,1036
Wierchomla Wielka,PKP INTERCITY Spółka Akcyjna ,20,5,11,3,12,17,20,26,21,8,10,14,167
Wierchomla Wielka,POLREGIO Spółka Akcyjna,40,15,22,11,26,36,48,35,37,23,14,14,321
Wierchomla Wielka ,,60,20,33,14,38,53,68,61,58,31,24,28,488
Ustroń Brzegi,Koleje Śląskie Spółka z o.o.,128,64,83,105,115,111,86,61,81,68,91,102,1095
Ustroń Brzegi ,,128,64,83,105,115,111,86,61,81,68,91,102,1095
Wisła Jawornik,Koleje Śląskie Spółka z o.o.,139,78,93,113,121,115,95,64,81,68,91,103,1161
Wisła Jawornik ,,139,78,93,113,121,115,95,64,81,68,91,103,1161
Wilczyska,Koleje Małopolskie Sp. z o.o.,5,3,5,2,1,4,4,4,4,6,9,3,50
Wilczyska,POLREGIO Spółka Akcyjna,49,17,33,19,27,48,49,53,42,23,36,28,424
Wilczyska ,,54,20,38,21,28,52,53,57,46,29,45,31,474
Nowawieś Mochy,CARGO Master Spółka z o.o.,,,,,0,,,,,,,,0
Nowawieś Mochy,Koleje Wielkopolskie Sp. z o.o.,5,6,11,5,7,11,19,6,6,4,15,13,108
Nowawieś Mochy,Parowozownia Wolsztyn,,,,0,1,,,0,,,0,,1
Nowawieś Mochy ,,5,6,11,5,8,11,19,6,6,4,15,13,109
Wisła Głębce,Koleje Śląskie Spółka z o.o.,125,64,79,97,108,102,81,53,65,67,80,80,1001
Wisła Głębce,PKP INTERCITY Spółka Akcyjna ,,0,,,,,,,,,,,0
Wisła Głębce ,,125,64,79,97,108,102,81,53,65,67,80,80,1001
Wisła Dziechcinka,Koleje Śląskie Spółka z o.o.,135,72,87,102,114,103,83,57,70,67,83,89,1062
Wisła Dziechcinka ,,135,72,87,102,114,103,83,57,70,67,83,89,1062
Wisła Kopydło,Koleje Śląskie Spółka z o.o.,134,71,86,102,114,104,83,57,70,67,81,88,1057
Wisła Kopydło ,,134,71,86,102,114,104,83,57,70,67,81,88,1057
Wołczyn,POLREGIO Spółka Akcyjna,82,26,47,44,43,28,50,29,46,30,42,54,521
Wołczyn ,,82,26,47,44,43,28,50,29,46,30,42,54,521
Smardy,POLREGIO Spółka Akcyjna,86,28,51,44,44,29,50,29,49,29,43,53,535
Smardy ,,86,28,51,44,44,29,50,29,49,29,43,53,535
Gręboszów,POLREGIO Spółka Akcyjna,89,29,44,44,47,28,49,29,45,31,45,56,536
Gręboszów ,,89,29,44,44,47,28,49,29,45,31,45,56,536
Domaszowice,POLREGIO Spółka Akcyjna,86,27,42,46,44,28,46,29,44,29,44,52,517
Domaszowice ,,86,27,42,46,44,28,46,29,44,29,44,52,517
Wierzbica Górna,POLREGIO Spółka Akcyjna,86,28,51,46,45,29,48,29,47,30,43,53,535
Wierzbica Górna ,,86,28,51,46,45,29,48,29,47,30,43,53,535
Gogolewo,POLREGIO Spółka Akcyjna,56,13,60,25,32,46,30,34,56,55,52,61,520
Gogolewo ,,56,13,60,25,32,46,30,34,56,55,52,61,520
Wojanów,Koleje Dolnośląskie S.A.,94,35,31,29,,39,75,47,90,176,119,81,816
Wojanów,POLREGIO Spółka Akcyjna,6,1,0,2,,4,4,1,5,7,4,1,35
Wojanów ,,100,36,31,31,,43,79,48,95,183,123,82,851
Trzcińsko,Koleje Dolnośląskie S.A.,115,52,42,35,,45,76,49,92,183,124,85,898
Trzcińsko,POLREGIO Spółka Akcyjna,6,1,0,2,,4,4,0,5,7,4,1,34
Trzcińsko ,,121,53,42,37,,49,80,49,97,190,128,86,932
Boszkowo,Koleje Wielkopolskie Sp. z o.o.,10,7,12,6,7,11,19,7,9,5,18,15,126
Boszkowo,Parowozownia Wolsztyn,,,,,1,,,0,,,,,1
Boszkowo ,,10,7,12,6,8,11,19,7,9,5,18,15,127
Wroniawy,CARGO Master Spółka z o.o.,,,,,0,,,,,,,,0
Wroniawy,Koleje Wielkopolskie Sp. z o.o.,6,6,15,7,10,11,17,6,6,4,16,15,119
Wroniawy ,,6,6,15,7,10,11,17,6,6,4,16,15,119
Nowy Solec,CARGO Master Spółka z o.o.,,,,,0,,,,,,,,0
Nowy Solec,Koleje Wielkopolskie Sp. z o.o.,6,6,15,7,11,11,17,6,6,4,16,15,120
Nowy Solec ,,6,6,15,7,11,11,17,6,6,4,16,15,120
Nowy Widzim,CARGO Master Spółka z o.o.,,,,,0,,,,,,,,0
Nowy Widzim,Koleje Wielkopolskie Sp. z o.o.,6,6,15,7,10,11,17,6,6,4,16,15,119
Nowy Widzim ,,6,6,15,7,10,11,17,6,6,4,16,15,119
Wolin,POLREGIO Spółka Akcyjna,22,13,17,14,29,45,56,65,39,39,39,58,436
Wolin ,,22,13,17,14,29,45,56,65,39,39,39,58,436
Starkowo,Koleje Wielkopolskie Sp. z o.o.,10,7,12,6,7,11,20,7,9,4,18,15,126
Starkowo ,,10,7,12,6,7,11,20,7,9,4,18,15,126
Perkowo,Koleje Wielkopolskie Sp. z o.o.,10,8,12,7,7,12,21,7,8,5,18,15,130
Perkowo ,,10,8,12,7,7,12,21,7,8,5,18,15,130
Mirsk,Koleje Dolnośląskie S.A.,52,8,20,8,46,22,35,28,70,122,71,39,521
Mirsk ,,52,8,20,8,46,22,35,28,70,122,71,39,521
Błotnica,Koleje Wielkopolskie Sp. z o.o.,9,8,12,7,7,11,20,7,9,4,18,16,128
Błotnica ,,9,8,12,7,7,11,20,7,9,4,18,16,128
Taciszów,POLREGIO Spółka Akcyjna,58,27,41,18,15,35,62,69,59,64,63,39,550
Taciszów ,,58,27,41,18,15,35,62,69,59,64,63,39,550
Sławięcice,POLREGIO Spółka Akcyjna,64,27,39,15,13,27,61,67,57,55,55,36,516
Sławięcice ,,64,27,39,15,13,27,61,67,57,55,55,36,516
Rudziniec Gliwicki,POLREGIO Spółka Akcyjna,60,28,40,18,14,32,60,68,61,63,58,36,538
Rudziniec Gliwicki ,,60,28,40,18,14,32,60,68,61,63,58,36,538
Rzeczyce Śląskie,POLREGIO Spółka Akcyjna,68,28,44,20,18,38,68,72,65,67,71,39,598
Rzeczyce Śląskie ,,68,28,44,20,18,38,68,72,65,67,71,39,598
Mokre,POLREGIO Spółka Akcyjna,70,49,35,28,62,57,112,112,141,97,59,32,854
Mokre ,,70,49,35,28,62,57,112,112,141,97,59,32,854
Niedrzwica,POLREGIO Spółka Akcyjna,49,19,36,26,24,46,46,68,20,35,30,33,432
Niedrzwica ,,49,19,36,26,24,46,46,68,20,35,30,33,432
Lublin Zemborzyce,POLREGIO Spółka Akcyjna,51,18,38,26,28,39,45,69,21,36,31,31,433
Lublin Zemborzyce ,,51,18,38,26,28,39,45,69,21,36,31,31,433
Majdan,POLREGIO Spółka Akcyjna,59,19,42,28,31,46,53,76,24,39,35,34,486
Majdan ,,59,19,42,28,31,46,53,76,24,39,35,34,486
Krężnica Jara,POLREGIO Spółka Akcyjna,60,19,42,31,29,44,52,76,23,41,32,34,483
Krężnica Jara ,,60,19,42,31,29,44,52,76,23,41,32,34,483
Wilkołaz,POLREGIO Spółka Akcyjna,51,22,35,29,28,46,46,65,24,28,31,32,437
Wilkołaz ,,51,22,35,29,28,46,46,65,24,28,31,32,437
Wilkołaz Wieś,POLREGIO Spółka Akcyjna,55,26,37,30,27,51,54,79,30,39,35,37,500
Wilkołaz Wieś ,,55,26,37,30,27,51,54,79,30,39,35,37,500
Niedrzwica Kościelna,POLREGIO Spółka Akcyjna,52,23,36,30,25,51,55,78,29,39,34,37,489
Niedrzwica Kościelna ,,52,23,36,30,25,51,55,78,29,39,34,37,489
Leśniczówka,POLREGIO Spółka Akcyjna,52,24,38,30,26,53,55,80,30,39,35,37,499
Leśniczówka ,,52,24,38,30,26,53,55,80,30,39,35,37,499
Świnoujście Warszów,POLREGIO Spółka Akcyjna,20,10,14,14,22,40,43,60,29,40,36,49,377
Świnoujście Warszów ,,20,10,14,14,22,40,43,60,29,40,36,49,377
Szczepanów,Koleje Dolnośląskie S.A.,72,21,20,34,29,34,35,30,61,55,73,34,498
Szczepanów ,,72,21,20,34,29,34,35,30,61,55,73,34,498
Pszenno,Koleje Dolnośląskie S.A.,69,21,20,34,28,32,33,29,62,53,76,35,492
Pszenno ,,69,21,20,34,28,32,33,29,62,53,76,35,492
Zaręby Kościelne,Koleje Mazowieckie - KM Spółka z o.o.,19,6,3,3,9,8,15,7,12,11,12,5,110
Zaręby Kościelne ,,19,6,3,3,9,8,15,7,12,11,12,5,110
Szulborze Wielkie,Koleje Mazowieckie - KM Spółka z o.o.,21,6,4,3,10,7,14,5,12,11,11,6,110
Szulborze Wielkie ,,21,6,4,3,10,7,14,5,12,11,11,6,110
Starczów,Koleje Dolnośląskie S.A.,106,51,73,62,65,66,151,173,,,357,285,1389
Starczów ,,106,51,73,62,65,66,151,173,,,357,285,1389
Kietlanka,Koleje Mazowieckie - KM Spółka z o.o.,20,6,3,3,9,8,15,7,12,11,12,5,111
Kietlanka ,,20,6,3,3,9,8,15,7,12,11,12,5,111
Stobno,Koleje Wielkopolskie Sp. z o.o.,,,,,,,,,,,,2,2
Stobno,POLREGIO Spółka Akcyjna,46,29,20,37,46,41,42,48,37,33,55,41,475
Stobno ,,46,29,20,37,46,41,42,48,37,33,55,43,477
Siedlisko Czarnkowskie,Koleje Wielkopolskie Sp. z o.o.,,,,,,,,,,,,2,2
Siedlisko Czarnkowskie,POLREGIO Spółka Akcyjna,46,28,24,40,45,41,43,46,38,30,55,43,479
Siedlisko Czarnkowskie ,,46,28,24,40,45,41,43,46,38,30,55,45,481
Biernatowo,Koleje Wielkopolskie Sp. z o.o.,,,,,,,,,,,,2,2
Biernatowo,POLREGIO Spółka Akcyjna,45,29,23,40,45,41,41,44,38,30,57,43,476
Biernatowo ,,45,29,23,40,45,41,41,44,38,30,57,45,478
Bobowa,Koleje Małopolskie Sp. z o.o.,4,2,4,2,1,4,2,2,4,6,9,4,44
Bobowa,POLREGIO Spółka Akcyjna,53,20,31,20,27,45,46,56,35,28,36,28,425
Bobowa ,,57,22,35,22,28,49,48,58,39,34,45,32,469
Biała Pilska,Koleje Wielkopolskie Sp. z o.o.,,,,,,,,,,,,2,2
Biała Pilska,POLREGIO Spółka Akcyjna,50,29,21,39,45,40,43,49,37,33,54,41,481
Biała Pilska ,,50,29,21,39,45,40,43,49,37,33,54,43,483
Ławica,Koleje Dolnośląskie S.A.,97,47,75,66,70,63,163,142,,,277,302,1302
Ławica ,,97,47,75,66,70,63,163,142,,,277,302,1302
Bardo Przyłęk,Koleje Dolnośląskie S.A.,97,45,72,67,67,56,161,142,,,288,306,1301
Bardo Przyłęk ,,97,45,72,67,67,56,161,142,,,288,306,1301
Rudnik nad Sanem,PKP INTERCITY Spółka Akcyjna ,54,28,20,23,17,25,43,41,34,28,25,39,377
Rudnik nad Sanem,POLREGIO Spółka Akcyjna,34,8,9,6,7,10,15,6,12,17,25,16,165
Rudnik nad Sanem ,,88,36,29,29,24,35,58,47,46,45,50,55,542
Nisko,PKP INTERCITY Spółka Akcyjna ,57,28,21,22,17,24,43,39,34,28,26,40,379
Nisko,POLREGIO Spółka Akcyjna,32,9,10,3,6,11,14,6,12,16,27,16,162
Nisko ,,89,37,31,25,23,35,57,45,46,44,53,56,541
Jankowa,Koleje Małopolskie Sp. z o.o.,4,2,4,2,1,4,2,2,4,5,9,4,43
Jankowa,POLREGIO Spółka Akcyjna,52,22,33,23,29,49,49,58,43,28,37,30,453
Jankowa ,,56,24,37,25,30,53,51,60,47,33,46,34,496
Linowo,Arriva RP Sp. z o.o.,24,14,16,23,20,17,46,38,17,19,39,31,304
Linowo ,,24,14,16,23,20,17,46,38,17,19,39,31,304
Mełno,Arriva RP Sp. z o.o.,19,14,13,20,17,17,44,34,15,18,35,28,274
Mełno ,,19,14,13,20,17,17,44,34,15,18,35,28,274
Boguszewo,Arriva RP Sp. z o.o.,23,14,16,21,19,17,46,38,17,19,38,31,299
Boguszewo ,,23,14,16,21,19,17,46,38,17,19,38,31,299
Bursztynowo,Arriva RP Sp. z o.o.,25,14,16,23,19,17,47,38,17,19,40,31,306
Bursztynowo ,,25,14,16,23,19,17,47,38,17,19,40,31,306
Zosinów,Łódzka Kolej Aglomeracyjna Sp. z o.o.,30,10,17,37,39,28,23,38,32,28,23,38,343
Zosinów ,,30,10,17,37,39,28,23,38,32,28,23,38,343
Złotniki Kutnowskie,Łódzka Kolej Aglomeracyjna Sp. z o.o.,24,6,14,38,40,26,30,41,34,29,22,31,335
Złotniki Kutnowskie ,,24,6,14,38,40,26,30,41,34,29,22,31,335
Sklęczki,Łódzka Kolej Aglomeracyjna Sp. z o.o.,22,9,14,32,26,25,30,37,28,23,18,27,291
Sklęczki ,,22,9,14,32,26,25,30,37,28,23,18,27,291
Niedźwiada Łowicka,Łódzka Kolej Aglomeracyjna Sp. z o.o.,31,10,16,28,36,25,25,41,34,28,25,34,333
Niedźwiada Łowicka ,,31,10,16,28,36,25,25,41,34,28,25,34,333
Jackowice,Łódzka Kolej Aglomeracyjna Sp. z o.o.,25,8,13,30,35,24,23,35,30,25,21,32,301
Jackowice ,,25,8,13,30,35,24,23,35,30,25,21,32,301
Nicwałd,Arriva RP Sp. z o.o.,20,15,15,21,17,20,55,38,17,16,34,30,298
Nicwałd ,,20,15,15,21,17,20,55,38,17,16,34,30,298
Pułankowice,POLREGIO Spółka Akcyjna,56,21,36,31,28,48,46,43,27,30,34,34,434
Pułankowice ,,56,21,36,31,28,48,46,43,27,30,34,34,434
Widuchowa,POLREGIO Spółka Akcyjna,41,29,38,30,55,37,27,21,28,48,47,36,437
Widuchowa ,,41,29,38,30,55,37,27,21,28,48,47,36,437
Krzywin Gryfiński,POLREGIO Spółka Akcyjna,38,27,40,31,52,38,27,21,28,43,49,34,428
Krzywin Gryfiński ,,38,27,40,31,52,38,27,21,28,43,49,34,428
Lisie Pole,POLREGIO Spółka Akcyjna,39,28,41,30,53,38,33,22,28,46,48,35,441
Lisie Pole ,,39,28,41,30,53,38,33,22,28,46,48,35,441
Dolna Odra,POLREGIO Spółka Akcyjna,38,28,38,30,54,36,26,20,26,45,49,34,424
Dolna Odra ,,38,28,38,30,54,36,26,20,26,45,49,34,424
Zieleń,POLREGIO Spółka Akcyjna,84,42,36,34,54,58,53,59,40,45,57,50,612
Zieleń ,,84,42,36,34,54,58,53,59,40,45,57,50,612
Turzno,POLREGIO Spółka Akcyjna,88,39,35,35,48,53,54,58,37,49,62,55,613
Turzno ,,88,39,35,35,48,53,54,58,37,49,62,55,613
Rychnowo Wielkie,POLREGIO Spółka Akcyjna,81,38,34,37,51,57,53,59,36,47,59,54,606
Rychnowo Wielkie ,,81,38,34,37,51,57,53,59,36,47,59,54,606
Papowo Toruńskie,POLREGIO Spółka Akcyjna,81,34,33,34,46,51,51,62,39,52,60,55,598
Papowo Toruńskie ,,81,34,33,34,46,51,51,62,39,52,60,55,598
Książki,POLREGIO Spółka Akcyjna,83,36,32,35,49,53,51,59,43,47,58,46,592
Książki ,,83,36,32,35,49,53,51,59,43,47,58,46,592
Kamionki Jezioro,POLREGIO Spółka Akcyjna,86,41,35,37,49,55,53,60,37,50,62,56,621
Kamionki Jezioro ,,86,41,35,37,49,55,53,60,37,50,62,56,621
Kołobrzeg Stadion,POLREGIO Spółka Akcyjna,49,12,33,28,65,96,88,87,56,42,85,65,706
Kołobrzeg Stadion ,,49,12,33,28,65,96,88,87,56,42,85,65,706
Czarna Białostocka,POLREGIO Spółka Akcyjna,75,39,34,25,38,31,31,55,34,33,53,23,471
Czarna Białostocka ,,75,39,34,25,38,31,31,55,34,33,53,23,471
Świnoujście Przytór,POLREGIO Spółka Akcyjna,19,10,14,15,24,39,42,57,32,40,37,54,383
Świnoujście Przytór ,,19,10,14,15,24,39,42,57,32,40,37,54,383
Wasilków,PKP INTERCITY Spółka Akcyjna ,,,,,,,,1,,,,,1
Wasilków,POLREGIO Spółka Akcyjna,79,43,34,25,48,33,37,49,37,30,50,24,489
Wasilków ,,79,43,34,25,48,33,37,50,37,30,50,24,490
Rozedranka,POLREGIO Spółka Akcyjna,78,42,34,26,45,31,33,51,38,34,52,21,485
Rozedranka ,,78,42,34,26,45,31,33,51,38,34,52,21,485
Machnacz,POLREGIO Spółka Akcyjna,73,39,33,25,41,28,29,45,36,32,52,20,453
Machnacz ,,73,39,33,25,41,28,29,45,36,32,52,20,453
Geniusze,POLREGIO Spółka Akcyjna,79,40,34,28,43,33,34,52,39,35,55,21,493
Geniusze ,,79,40,34,28,43,33,34,52,39,35,55,21,493
Wólka Ratowiecka,POLREGIO Spółka Akcyjna,81,40,35,27,45,33,39,53,37,32,56,30,508
Wólka Ratowiecka ,,81,40,35,27,45,33,39,53,37,32,56,30,508
Czarny Blok,POLREGIO Spółka Akcyjna,80,41,34,26,46,32,36,52,39,31,52,24,493
Czarny Blok ,,80,41,34,26,46,32,36,52,39,31,52,24,493
Płoty,PKP INTERCITY Spółka Akcyjna ,,,,,,11,39,46,2,,,,98
Płoty,POLREGIO Spółka Akcyjna,56,19,35,28,56,88,96,104,69,38,84,56,729
Płoty ,,56,19,35,28,56,99,135,150,71,38,84,56,827
Ozimek,PKP INTERCITY Spółka Akcyjna ,9,4,4,2,11,6,9,12,10,10,7,10,94
Ozimek,POLREGIO Spółka Akcyjna,41,13,25,21,24,15,31,40,71,39,42,36,398
Ozimek ,,50,17,29,23,35,21,40,52,81,49,49,46,492
Opatówek,Koleje Wielkopolskie Sp. z o.o.,3,3,2,3,4,2,7,15,13,2,12,2,68
Opatówek,Łódzka Kolej Aglomeracyjna Sp. z o.o.,1,0,1,4,0,2,7,9,1,2,2,3,32
Opatówek,POLREGIO Spółka Akcyjna,48,19,30,37,37,50,47,64,49,65,77,35,558
Opatówek ,,52,22,33,44,41,54,61,88,63,69,91,40,658
Kobylany,POLREGIO Spółka Akcyjna,32,18,6,6,10,11,15,13,10,13,19,7,160
Kobylany ,,32,18,6,6,10,11,15,13,10,13,19,7,160
Dobrynka,POLREGIO Spółka Akcyjna,34,22,7,6,11,12,18,13,11,16,18,11,179
Dobrynka ,,34,22,7,6,11,12,18,13,11,16,18,11,179
Charnowo Słupskie,POLREGIO Spółka Akcyjna,12,9,12,7,17,44,53,89,0,,,,243
Charnowo Słupskie ,,12,9,12,7,17,44,53,89,0,,,,243
Wolanów,Koleje Mazowieckie - KM Spółka z o.o.,15,9,12,17,17,16,13,10,37,27,39,11,223
Wolanów,Łódzka Kolej Aglomeracyjna Sp. z o.o.,0,0,1,2,2,0,1,0,0,4,0,0,10
Wolanów,PKP INTERCITY Spółka Akcyjna ,,,0,,,,,,,,,,0
Wolanów ,,15,9,13,19,19,16,14,10,37,31,39,11,233
Strzelinko,POLREGIO Spółka Akcyjna,15,9,10,6,21,54,70,100,0,,,,285
Strzelinko ,,15,9,10,6,21,54,70,100,0,,,,285
Słupsk Północny,POLREGIO Spółka Akcyjna,16,10,10,6,21,57,73,100,0,,,,293
Słupsk Północny ,,16,10,10,6,21,57,73,100,0,,,,293
Gałęzinowo,POLREGIO Spółka Akcyjna,14,10,10,7,20,55,71,104,0,,,,291
Gałęzinowo ,,14,10,10,7,20,55,71,104,0,,,,291
Wieniawa,Koleje Mazowieckie - KM Spółka z o.o.,18,10,9,19,19,17,18,11,52,36,45,15,269
Wieniawa,Łódzka Kolej Aglomeracyjna Sp. z o.o.,0,0,1,2,1,0,2,1,0,5,4,0,16
Wieniawa ,,18,10,10,21,20,17,20,12,52,41,49,15,285
Skrzynno,Koleje Mazowieckie - KM Spółka z o.o.,17,10,9,19,19,17,17,12,49,35,42,15,261
Skrzynno,Łódzka Kolej Aglomeracyjna Sp. z o.o.,0,0,1,2,1,0,2,1,0,5,4,0,16
Skrzynno ,,17,10,10,21,20,17,19,13,49,40,46,15,277
Podbór,Koleje Mazowieckie - KM Spółka z o.o.,18,10,10,20,19,19,18,12,51,36,46,15,274
Podbór,Łódzka Kolej Aglomeracyjna Sp. z o.o.,0,0,1,2,1,0,2,1,1,5,4,0,17
Podbór ,,18,10,11,22,20,19,20,13,52,41,50,15,291
Chronów,Koleje Mazowieckie - KM Spółka z o.o.,18,10,10,21,19,18,18,11,53,37,48,15,278
Chronów,Łódzka Kolej Aglomeracyjna Sp. z o.o.,0,0,1,2,2,0,2,1,1,5,4,0,18
Chronów ,,18,10,11,23,21,18,20,12,54,42,52,15,296
Radom Potkanów,Koleje Mazowieckie - KM Spółka z o.o.,14,10,12,22,21,16,15,12,36,24,39,11,232
Radom Potkanów,Łódzka Kolej Aglomeracyjna Sp. z o.o.,0,0,1,2,2,1,1,0,1,4,0,0,12
Radom Potkanów ,,14,10,13,24,23,17,16,12,37,28,39,11,244
Perkowice,POLREGIO Spółka Akcyjna,34,32,6,8,8,11,17,14,11,15,18,13,187
Perkowice ,,34,32,6,8,8,11,17,14,11,15,18,13,187
Ogrodniki,POLREGIO Spółka Akcyjna,33,34,6,8,8,11,15,13,12,15,19,14,188
Ogrodniki ,,33,34,6,8,8,11,15,13,12,15,19,14,188
Kończyce Radomskie,Koleje Mazowieckie - KM Spółka z o.o.,16,10,12,19,18,16,15,11,36,27,42,11,233
Kończyce Radomskie,Łódzka Kolej Aglomeracyjna Sp. z o.o.,0,0,1,2,2,0,1,0,1,4,0,0,11
Kończyce Radomskie ,,16,10,13,21,20,16,16,11,37,31,42,11,244
Kosów,Koleje Mazowieckie - KM Spółka z o.o.,15,10,12,19,18,16,15,11,34,23,40,11,224
Kosów,Łódzka Kolej Aglomeracyjna Sp. z o.o.,0,0,1,2,2,0,1,0,1,4,0,0,11
Kosów ,,15,10,13,21,20,16,16,11,35,27,40,11,235
Ustka Uroczysko,POLREGIO Spółka Akcyjna,10,9,10,6,17,36,44,76,0,,,,208
Ustka Uroczysko ,,10,9,10,6,17,36,44,76,0,,,,208
Wyszomierz,POLREGIO Spółka Akcyjna,54,19,31,25,62,96,97,113,66,30,84,55,732
Wyszomierz ,,54,19,31,25,62,96,97,113,66,30,84,55,732
Wrześnica,POLREGIO Spółka Akcyjna,84,40,22,29,38,119,115,138,27,37,58,46,753
Wrześnica ,,84,40,22,29,38,119,115,138,27,37,58,46,753
Sycewice,POLREGIO Spółka Akcyjna,77,33,23,31,37,120,115,153,27,44,59,46,765
Sycewice ,,77,33,23,31,37,120,115,153,27,44,59,46,765
Reblino,POLREGIO Spółka Akcyjna,76,36,22,28,32,119,108,146,24,40,54,42,727
Reblino ,,76,36,22,28,32,119,108,146,24,40,54,42,727
Cierpice,POLREGIO Spółka Akcyjna,30,12,20,10,18,21,40,44,29,31,41,47,343
Cierpice ,,30,12,20,10,18,21,40,44,29,31,41,47,343
Szadkowice,Łódzka Kolej Aglomeracyjna Sp. z o.o.,38,12,12,16,9,14,21,21,8,7,16,17,191
Szadkowice,POLREGIO Spółka Akcyjna,2,0,1,1,0,1,0,5,1,3,5,7,26
Szadkowice ,,40,12,13,17,9,15,21,26,9,10,21,24,217
Tomaszówek,Łódzka Kolej Aglomeracyjna Sp. z o.o.,38,12,12,16,10,13,21,21,8,7,16,17,191
Tomaszówek,POLREGIO Spółka Akcyjna,2,0,1,1,0,1,0,5,1,3,5,7,26
Tomaszówek ,,40,12,13,17,10,14,21,26,9,10,21,24,217
Słomianka,Łódzka Kolej Aglomeracyjna Sp. z o.o.,37,12,12,16,9,14,20,21,8,7,16,17,189
Słomianka,POLREGIO Spółka Akcyjna,2,0,1,1,0,1,0,6,1,3,5,6,26
Słomianka ,,39,12,13,17,9,15,20,27,9,10,21,23,215
Bratków,Łódzka Kolej Aglomeracyjna Sp. z o.o.,30,7,11,13,10,10,20,19,8,7,15,17,167
Bratków,POLREGIO Spółka Akcyjna,2,0,1,1,0,1,0,5,1,4,5,7,27
Bratków ,,32,7,12,14,10,11,20,24,9,11,20,24,194
Jeleń,Łódzka Kolej Aglomeracyjna Sp. z o.o.,24,7,9,14,9,8,22,21,8,7,17,17,163
Jeleń,POLREGIO Spółka Akcyjna,1,0,0,0,0,2,1,1,1,2,4,7,19
Jeleń ,,25,7,9,14,9,10,23,22,9,9,21,24,182
Stalowa Wola Południe,PKP INTERCITY Spółka Akcyjna ,,,,,,,,,1,,,,1
Stalowa Wola Południe,POLREGIO Spółka Akcyjna,55,29,34,18,23,27,38,29,21,30,38,33,375
Stalowa Wola Południe ,,55,29,34,18,23,27,38,29,22,30,38,33,376
Stalowa Wola,PKP INTERCITY Spółka Akcyjna ,,,,,,,,,1,,,,1
Stalowa Wola,POLREGIO Spółka Akcyjna,67,37,42,20,26,29,43,33,21,31,42,35,426
Stalowa Wola ,,67,37,42,20,26,29,43,33,22,31,42,35,427
Naterki,POLREGIO Spółka Akcyjna,83,26,20,20,28,33,28,41,26,50,47,33,435
Naterki ,,83,26,20,20,28,33,28,41,26,50,47,33,435
Płock Radziwie,Koleje Mazowieckie - KM Spółka z o.o.,41,127,56,82,63,55,67,58,29,40,25,17,660
Płock Radziwie,PKP INTERCITY Spółka Akcyjna ,,,2,,,,,,,,,,2
Płock Radziwie ,,41,127,58,82,63,55,67,58,29,40,25,17,662
Sierakówek,Koleje Mazowieckie - KM Spółka z o.o.,44,122,42,71,51,44,59,61,32,43,25,20,614
Sierakówek ,,44,122,42,71,51,44,59,61,32,43,25,20,614
Ząbkowice Śląskie,Koleje Dolnośląskie S.A.,116,55,51,69,71,72,123,131,104,115,145,78,1130
Ząbkowice Śląskie,PKP INTERCITY Spółka Akcyjna ,33,9,7,5,11,10,18,12,13,29,27,16,190
Ząbkowice Śląskie ,,149,64,58,74,82,82,141,143,117,144,172,94,1320
Rogożew,Koleje Mazowieckie - KM Spółka z o.o.,44,135,48,83,61,52,64,64,33,42,27,26,679
Rogożew ,,44,135,48,83,61,52,64,64,33,42,27,26,679
Jelenia Góra Sobieszów,Koleje Dolnośląskie S.A.,69,24,14,42,43,33,50,35,45,115,74,60,604
Jelenia Góra Sobieszów,POLREGIO Spółka Akcyjna,10,4,5,5,,5,1,4,6,14,10,12,76
Jelenia Góra Sobieszów ,,79,28,19,47,43,38,51,39,51,129,84,72,680
Raciborów Kutnowski,Koleje Mazowieckie - KM Spółka z o.o.,43,107,39,68,48,51,68,65,33,39,31,27,619
Raciborów Kutnowski ,,43,107,39,68,48,51,68,65,33,39,31,27,619
Kutno Azory,Koleje Mazowieckie - KM Spółka z o.o.,48,108,36,60,40,49,70,59,30,37,28,27,592
Kutno Azory ,,48,108,36,60,40,49,70,59,30,37,28,27,592
Warnowo,POLREGIO Spółka Akcyjna,23,13,17,14,24,40,40,39,35,40,37,57,379
Warnowo ,,23,13,17,14,24,40,40,39,35,40,37,57,379
Ładzin,POLREGIO Spółka Akcyjna,25,13,17,14,25,41,41,39,36,41,38,57,387
Ładzin ,,25,13,17,14,25,41,41,39,36,41,38,57,387
Parłówko,POLREGIO Spółka Akcyjna,21,12,17,14,25,38,44,40,38,36,38,57,380
Parłówko ,,21,12,17,14,25,38,44,40,38,36,38,57,380
Warząchewka,POLREGIO Spółka Akcyjna,55,32,31,26,36,31,74,70,61,52,47,32,547
Warząchewka ,,55,32,31,26,36,31,74,70,61,52,47,32,547
Wiktorowo,POLREGIO Spółka Akcyjna,51,29,27,29,35,23,62,55,59,54,49,33,506
Wiktorowo ,,51,29,27,29,35,23,62,55,59,54,49,33,506
Kaliska Kujawskie,POLREGIO Spółka Akcyjna,44,24,23,29,34,23,55,52,56,51,48,34,473
Kaliska Kujawskie ,,44,24,23,29,34,23,55,52,56,51,48,34,473
Gołaszewo Kujawskie,POLREGIO Spółka Akcyjna,55,33,31,27,33,31,76,69,62,53,49,33,552
Gołaszewo Kujawskie ,,55,33,31,27,33,31,76,69,62,53,49,33,552
Czerniewice,POLREGIO Spółka Akcyjna,49,25,27,30,34,22,69,64,57,50,48,32,507
Czerniewice ,,49,25,27,30,34,22,69,64,57,50,48,32,507
Kęty,PKP INTERCITY Spółka Akcyjna ,25,11,,,,6,23,5,,,,,70
Kęty,POLREGIO Spółka Akcyjna,169,102,48,41,97,58,64,57,64,58,18,89,865
Kęty ,,194,113,48,41,97,64,87,62,64,58,18,89,935
Chybie Mnich,Koleje Śląskie Spółka z o.o.,149,86,83,119,124,127,105,76,94,87,105,119,1274
Chybie Mnich ,,149,86,83,119,124,127,105,76,94,87,105,119,1274
Stryszów,Koleje Śląskie Spółka z o.o.,,,,,,,,,,,,6,6
Stryszów,PKP INTERCITY Spółka Akcyjna ,,,,,,,,,1,,,,1
Stryszów,POLREGIO Spółka Akcyjna,142,55,30,39,38,36,75,68,61,37,44,72,697
Stryszów ,,142,55,30,39,38,36,75,68,62,37,44,78,704
Stronie,POLREGIO Spółka Akcyjna,143,59,30,40,42,40,76,72,55,36,45,73,711
Stronie ,,143,59,30,40,42,40,76,72,55,36,45,73,711
Nowogród Osiedle,PKP INTERCITY Spółka Akcyjna ,11,1,7,6,6,6,,,,,,13,50
Nowogród Osiedle,POLREGIO Spółka Akcyjna,45,22,31,37,20,43,46,51,101,183,179,214,972
Nowogród Osiedle ,,56,23,38,43,26,49,46,51,101,183,179,227,1022
Czekanów,Koleje Wielkopolskie Sp. z o.o.,3,1,2,4,4,7,1,1,6,1,2,2,34
Czekanów,PKP INTERCITY Spółka Akcyjna ,,,,,,,1,,,,,,1
Czekanów,POLREGIO Spółka Akcyjna,44,20,21,34,35,52,50,67,50,59,58,34,524
Czekanów ,,47,21,23,38,39,59,52,68,56,60,60,36,559
Zembrzyce,POLREGIO Spółka Akcyjna,149,57,32,43,39,39,79,66,70,45,49,78,746
Zembrzyce ,,149,57,32,43,39,39,79,66,70,45,49,78,746
Dąbrówka Jezioro Mucharskie,POLREGIO Spółka Akcyjna,148,57,32,43,38,39,80,67,69,45,49,78,745
Dąbrówka Jezioro Mucharskie ,,148,57,32,43,38,39,80,67,69,45,49,78,745
Ociąż,Koleje Wielkopolskie Sp. z o.o.,3,1,3,2,4,5,1,1,5,1,3,2,31
Ociąż,POLREGIO Spółka Akcyjna,48,21,27,35,39,51,52,70,54,61,61,38,557
Ociąż ,,51,22,30,37,43,56,53,71,59,62,64,40,588
Kalisz Szczypiorno,Koleje Wielkopolskie Sp. z o.o.,3,1,3,2,4,4,1,1,5,1,3,2,30
Kalisz Szczypiorno,POLREGIO Spółka Akcyjna,47,19,27,36,39,50,52,70,50,58,60,40,548
Kalisz Szczypiorno ,,50,20,30,38,43,54,53,71,55,59,63,42,578
Troszyn,POLREGIO Spółka Akcyjna,24,12,17,14,25,39,43,39,39,37,39,57,385
Troszyn ,,24,12,17,14,25,39,43,39,39,37,39,57,385
Cesky Tesin,Koleje Śląskie Spółka z o.o.,4,2,5,5,7,42,18,9,12,9,9,15,137
Cesky Tesin,PKP INTERCITY Spółka Akcyjna ,,0,,,,,,,,,,,0
Cesky Tesin ,,4,2,5,5,7,42,18,9,12,9,9,15,137
Świnoujście Port,PKP INTERCITY Spółka Akcyjna ,,,,,0,,,,,,,,0
Świnoujście Port,POLREGIO Spółka Akcyjna,11,9,8,11,13,27,25,24,24,26,25,37,240
Świnoujście Port ,,11,9,8,11,13,27,25,24,24,26,25,37,240
Marzenin,Koleje Wielkopolskie Sp. z o.o.,24,6,8,4,14,13,10,7,11,11,44,38,190
Marzenin ,,24,6,8,4,14,13,10,7,11,11,44,38,190
Czerniejewo,Koleje Wielkopolskie Sp. z o.o.,22,6,7,5,14,14,11,8,10,11,38,40,186
Czerniejewo ,,22,6,7,5,14,14,11,8,10,11,38,40,186
Żerków,Koleje Wielkopolskie Sp. z o.o.,31,7,6,6,15,10,9,8,13,8,20,19,152
Żerków ,,31,7,6,6,15,10,9,8,13,8,20,19,152
Żydowo,Koleje Wielkopolskie Sp. z o.o.,21,6,7,5,15,15,10,9,9,10,40,38,185
Żydowo ,,21,6,7,5,15,15,10,9,9,10,40,38,185
Orzechowo,Koleje Wielkopolskie Sp. z o.o.,27,8,5,6,15,10,8,8,13,10,36,46,192
Orzechowo ,,27,8,5,6,15,10,8,8,13,10,36,46,192
Miłosław,Koleje Wielkopolskie Sp. z o.o.,33,11,6,5,14,10,9,9,13,13,40,43,206
Miłosław ,,33,11,6,5,14,10,9,9,13,13,40,43,206
Obłaczkowo,Koleje Wielkopolskie Sp. z o.o.,32,8,8,4,16,13,9,10,13,11,40,47,211
Obłaczkowo ,,32,8,8,4,16,13,9,10,13,11,40,47,211
Książno,Koleje Wielkopolskie Sp. z o.o.,32,10,6,5,16,11,9,10,13,13,41,50,216
Książno ,,32,10,6,5,16,11,9,10,13,13,41,50,216
Gębarzewo,Koleje Wielkopolskie Sp. z o.o.,17,6,7,5,15,15,9,9,9,9,38,37,176
Gębarzewo ,,17,6,7,5,15,15,9,9,9,9,38,37,176
Chwalibogowo,Koleje Wielkopolskie Sp. z o.o.,32,9,8,4,16,12,9,10,13,11,39,47,210
Chwalibogowo ,,32,9,8,4,16,12,9,10,13,11,39,47,210
Radlin Wielkopolski,Koleje Wielkopolskie Sp. z o.o.,30,10,6,7,13,9,10,10,14,8,16,19,152
Radlin Wielkopolski ,,30,10,6,7,13,9,10,10,14,8,16,19,152
Żabowo,POLREGIO Spółka Akcyjna,55,19,34,29,60,92,101,107,66,34,77,51,725
Żabowo ,,55,19,34,29,60,92,101,107,66,34,77,51,725
Baszewice,POLREGIO Spółka Akcyjna,60,19,39,30,55,94,106,110,74,43,93,52,775
Baszewice ,,60,19,39,30,55,94,106,110,74,43,93,52,775
Mścice,POLREGIO Spółka Akcyjna,51,11,20,21,29,74,112,106,19,16,33,55,547
Mścice ,,51,11,20,21,29,74,112,106,19,16,33,55,547
Mosty,POLREGIO Spółka Akcyjna,48,18,29,23,59,83,89,99,58,29,78,56,669
Mosty ,,48,18,29,23,59,83,89,99,58,29,78,56,669
Szczecin Gumieńce,POLREGIO Spółka Akcyjna,45,46,65,49,77,48,51,84,58,49,47,26,645
Szczecin Gumieńce ,,45,46,65,49,77,48,51,84,58,49,47,26,645
Loecknitz,POLREGIO Spółka Akcyjna,45,44,66,49,81,47,56,82,53,44,45,25,637
Loecknitz ,,45,44,66,49,81,47,56,82,53,44,45,25,637
Grambow,POLREGIO Spółka Akcyjna,45,45,67,49,81,47,57,84,54,45,46,25,645
Grambow ,,45,45,67,49,81,47,57,84,54,45,46,25,645
Pławna,Koleje Małopolskie Sp. z o.o.,5,2,4,2,1,4,2,2,4,6,9,4,45
Pławna,POLREGIO Spółka Akcyjna,55,16,30,22,26,39,48,58,38,27,41,27,427
Pławna ,,60,18,34,24,27,43,50,60,42,33,50,31,472
Kłokowa,Koleje Małopolskie Sp. z o.o.,11,4,3,2,0,1,4,2,3,7,10,6,53
Kłokowa,POLREGIO Spółka Akcyjna,62,20,27,17,22,38,45,49,37,29,45,27,418
Kłokowa ,,73,24,30,19,22,39,49,51,40,36,55,33,471
Siedliska koło Tuchowa,Koleje Małopolskie Sp. z o.o.,10,3,2,2,1,2,2,2,4,6,8,4,46
Siedliska koło Tuchowa,POLREGIO Spółka Akcyjna,63,18,28,17,22,38,49,49,40,27,39,24,414
Siedliska koło Tuchowa ,,73,21,30,19,23,40,51,51,44,33,47,28,460
Chojnik,Koleje Małopolskie Sp. z o.o.,10,3,2,2,1,2,2,2,4,6,8,4,46
Chojnik,POLREGIO Spółka Akcyjna,59,17,30,18,22,38,49,51,40,30,41,24,419
Chojnik ,,69,20,32,20,23,40,51,53,44,36,49,28,465
Lubaszowa,Koleje Małopolskie Sp. z o.o.,11,3,2,2,1,3,5,1,6,8,9,4,55
Lubaszowa,POLREGIO Spółka Akcyjna,63,19,28,19,24,43,50,49,42,28,40,24,429
Lubaszowa ,,74,22,30,21,25,46,55,50,48,36,49,28,484
Żory,Koleje Śląskie Spółka z o.o.,21,6,10,20,13,11,16,10,13,13,17,21,171
Żory,PKP INTERCITY Spółka Akcyjna ,69,48,44,28,38,70,116,105,52,54,108,108,840
Żory ,,90,54,54,48,51,81,132,115,65,67,125,129,1011
Charsznica,POLREGIO Spółka Akcyjna,39,6,9,22,23,30,22,13,17,18,39,30,268
Charsznica ,,39,6,9,22,23,30,22,13,17,18,39,30,268
Sosnowiec Dańdówka,Koleje Śląskie Spółka z o.o.,,,,,,0,,,,,,,0
Sosnowiec Dańdówka,PKP INTERCITY Spółka Akcyjna ,,,,,,,,,1,,,,1
Sosnowiec Dańdówka,POLREGIO Spółka Akcyjna,53,8,11,41,42,34,18,17,17,25,34,41,341
Sosnowiec Dańdówka ,,53,8,11,41,42,34,18,17,18,25,34,41,342
Jeżówka,POLREGIO Spółka Akcyjna,42,7,8,23,23,32,22,12,16,17,39,30,271
Jeżówka ,,42,7,8,23,23,32,22,12,16,17,39,30,271
Gajówka,POLREGIO Spółka Akcyjna,43,6,8,22,25,31,22,13,17,18,40,30,275
Gajówka ,,43,6,8,22,25,31,22,13,17,18,40,30,275
Sławków,POLREGIO Spółka Akcyjna,43,4,10,43,36,39,20,18,16,26,39,40,334
Sławków ,,43,4,10,43,36,39,20,18,16,26,39,40,334
Bukowno Przymiarki,POLREGIO Spółka Akcyjna,45,5,9,43,37,38,20,19,17,26,40,41,340
Bukowno Przymiarki ,,45,5,9,43,37,38,20,19,17,26,40,41,340
Małomice,Koleje Dolnośląskie S.A.,46,29,16,19,28,23,33,19,74,62,62,47,458
Małomice,PKP INTERCITY Spółka Akcyjna ,13,2,7,6,5,6,8,5,12,16,12,15,107
Małomice,POLREGIO Spółka Akcyjna,0,6,1,0,2,1,2,21,54,32,4,10,133
Małomice ,,59,37,24,25,35,30,43,45,140,110,78,72,698
Sosnowiec Porąbka,POLREGIO Spółka Akcyjna,56,6,12,44,41,37,16,21,19,26,36,42,356
Sosnowiec Porąbka ,,56,6,12,44,41,37,16,21,19,26,36,42,356
Sosnowiec Kazimierz,POLREGIO Spółka Akcyjna,51,5,11,41,34,35,14,16,18,25,35,42,327
Sosnowiec Kazimierz ,,51,5,11,41,34,35,14,16,18,25,35,42,327
Dąbrowa Górnicza Wschodnia,POLREGIO Spółka Akcyjna,44,3,9,40,36,34,15,17,16,26,37,39,316
Dąbrowa Górnicza Wschodnia ,,44,3,9,40,36,34,15,17,16,26,37,39,316
Dąbrowa Górnicza Strzemieszyce,POLREGIO Spółka Akcyjna,47,4,11,41,37,38,15,17,16,25,38,41,330
Dąbrowa Górnicza Strzemieszyce ,,47,4,11,41,37,38,15,17,16,25,38,41,330
Milówka,Koleje Śląskie Spółka z o.o.,213,132,122,100,84,167,217,30,,,,39,1104
Milówka ,,213,132,122,100,84,167,217,30,,,,39,1104
Rajcza,Koleje Śląskie Spółka z o.o.,206,126,116,97,74,166,215,24,,,,42,1066
Rajcza ,,206,126,116,97,74,166,215,24,,,,42,1066
Polana Jakuszycka,Koleje Dolnośląskie S.A.,24,14,4,13,19,25,22,12,40,22,4,19,218
Polana Jakuszycka ,,24,14,4,13,19,25,22,12,40,22,4,19,218
Milówka Zabawa,Koleje Śląskie Spółka z o.o.,224,137,123,97,76,170,222,25,,,,42,1116
Milówka Zabawa ,,224,137,123,97,76,170,222,25,,,,42,1116
Harrachov,Koleje Dolnośląskie S.A.,18,10,3,11,14,22,21,9,38,18,4,15,183
Harrachov ,,18,10,3,11,14,22,21,9,38,18,4,15,183
Szastarka,POLREGIO Spółka Akcyjna,59,26,38,30,30,52,40,46,32,32,41,43,469
Szastarka ,,59,26,38,30,30,52,40,46,32,32,41,43,469
Sulów,POLREGIO Spółka Akcyjna,64,28,42,32,31,56,42,51,40,36,43,44,509
Sulów ,,64,28,42,32,31,56,42,51,40,36,43,44,509
Cisiec,Koleje Śląskie Spółka z o.o.,230,138,126,108,85,172,235,34,,,,44,1172
Cisiec ,,230,138,126,108,85,172,235,34,,,,44,1172
Jerzmanki,Koleje Dolnośląskie S.A.,77,23,24,27,61,39,73,55,86,204,189,94,952
Jerzmanki ,,77,23,24,27,61,39,73,55,86,204,189,94,952
Sól,Koleje Śląskie Spółka z o.o.,196,119,99,92,72,149,178,24,,,,37,966
Sól ,,196,119,99,92,72,149,178,24,,,,37,966
Mikułowa,Koleje Dolnośląskie S.A.,75,24,24,28,60,39,73,54,85,208,182,91,943
Mikułowa ,,75,24,24,28,60,39,73,54,85,208,182,91,943
Zaręba,Koleje Dolnośląskie S.A.,73,25,23,28,60,40,72,54,85,209,177,85,931
Zaręba ,,73,25,23,28,60,40,72,54,85,209,177,85,931
Batowice Lubańskie,Koleje Dolnośląskie S.A.,74,25,24,27,61,40,73,54,84,207,177,87,933
Batowice Lubańskie ,,74,25,24,27,61,40,73,54,84,207,177,87,933
Szklarska Poręba Huta,Koleje Dolnośląskie S.A.,23,14,4,13,18,21,21,12,37,23,4,19,209
Szklarska Poręba Huta ,,23,14,4,13,18,21,21,12,37,23,4,19,209
Rycerka,Koleje Śląskie Spółka z o.o.,204,128,115,94,73,168,193,26,,,,43,1044
Rycerka ,,204,128,115,94,73,168,193,26,,,,43,1044
Rajcza Centrum,Koleje Śląskie Spółka z o.o.,201,123,115,96,73,166,192,26,,,,45,1037
Rajcza Centrum ,,201,123,115,96,73,166,192,26,,,,45,1037
Sól Kiczora,Koleje Śląskie Spółka z o.o.,191,114,103,97,76,152,184,24,,,,36,977
Sól Kiczora ,,191,114,103,97,76,152,184,24,,,,36,977
Laliki,Koleje Śląskie Spółka z o.o.,190,113,102,95,78,154,184,24,,,,36,976
Laliki ,,190,113,102,95,78,154,184,24,,,,36,976
Wadowice,PKP INTERCITY Spółka Akcyjna ,22,8,,,,6,23,6,3,,,,68
Wadowice,POLREGIO Spółka Akcyjna,179,99,40,29,70,43,53,53,48,43,11,87,755
Wadowice ,,201,107,40,29,70,49,76,59,51,43,11,87,823
Andrychów,PKP INTERCITY Spółka Akcyjna ,25,11,,,,6,24,5,,,,,71
Andrychów,POLREGIO Spółka Akcyjna,205,113,51,32,86,55,52,52,62,53,14,84,859
Andrychów ,,230,124,51,32,86,61,76,57,62,53,14,84,930
Górzyca Reska,POLREGIO Spółka Akcyjna,53,15,42,32,59,87,88,90,71,42,95,54,728
Górzyca Reska ,,53,15,42,32,59,87,88,90,71,42,95,54,728
Gąbin,POLREGIO Spółka Akcyjna,54,16,43,32,60,88,90,92,72,42,95,58,742
Gąbin ,,54,16,43,32,60,88,90,92,72,42,95,58,742
Port Lotniczy Szczecin Goleniów,POLREGIO Spółka Akcyjna,49,23,23,16,35,52,55,55,55,22,65,38,488
Port Lotniczy Szczecin Goleniów ,,49,23,23,16,35,52,55,55,55,22,65,38,488
Rudzienice Suskie,POLREGIO Spółka Akcyjna,87,32,24,24,28,32,41,44,26,47,54,26,465
Rudzienice Suskie ,,87,32,24,24,28,32,41,44,26,47,54,26,465
Pikus,POLREGIO Spółka Akcyjna,93,36,24,25,26,35,41,47,26,48,53,28,482
Pikus ,,93,36,24,25,26,35,41,47,26,48,53,28,482
Łambinowice,POLREGIO Spółka Akcyjna,69,21,28,55,38,57,40,39,70,28,75,38,558
Łambinowice ,,69,21,28,55,38,57,40,39,70,28,75,38,558
Szydłów,POLREGIO Spółka Akcyjna,63,18,26,67,60,73,56,53,85,34,87,50,672
Szydłów ,,63,18,26,67,60,73,56,53,85,34,87,50,672
Tułowice,POLREGIO Spółka Akcyjna,69,19,29,70,60,74,61,54,88,38,92,50,704
Tułowice ,,69,19,29,70,60,74,61,54,88,38,92,50,704
Sowin,POLREGIO Spółka Akcyjna,70,20,30,71,59,76,60,55,87,38,96,50,712
Sowin ,,70,20,30,71,59,76,60,55,87,38,96,50,712
Goszczowice,POLREGIO Spółka Akcyjna,70,19,30,70,60,75,61,55,89,38,95,51,713
Goszczowice ,,70,19,30,70,60,75,61,55,89,38,95,51,713
Szydłów Centrum,POLREGIO Spółka Akcyjna,71,17,28,66,64,74,56,54,85,36,90,51,692
Szydłów Centrum ,,71,17,28,66,64,74,56,54,85,36,90,51,692
Opole Chmielowice,POLREGIO Spółka Akcyjna,71,11,28,62,61,72,53,49,81,33,86,48,655
Opole Chmielowice ,,71,11,28,62,61,72,53,49,81,33,86,48,655
Komprachcice,POLREGIO Spółka Akcyjna,71,17,28,64,64,73,53,51,86,36,90,48,681
Komprachcice ,,71,17,28,64,64,73,53,51,86,36,90,48,681
Wyszków Śląski,POLREGIO Spółka Akcyjna,70,18,28,56,40,47,33,38,51,28,66,30,505
Wyszków Śląski ,,70,18,28,56,40,47,33,38,51,28,66,30,505
Nysa Wschodnia,POLREGIO Spółka Akcyjna,70,18,28,56,40,47,33,38,51,28,64,30,503
Nysa Wschodnia ,,70,18,28,56,40,47,33,38,51,28,64,30,503
Mańkowice,POLREGIO Spółka Akcyjna,70,21,29,55,39,48,32,39,53,30,69,32,517
Mańkowice ,,70,21,29,55,39,48,32,39,53,30,69,32,517
Kubice,POLREGIO Spółka Akcyjna,69,18,28,56,40,47,33,38,52,28,65,30,504
Kubice ,,69,18,28,56,40,47,33,38,52,28,65,30,504
Jasienica Dolna,POLREGIO Spółka Akcyjna,70,21,32,56,39,48,32,39,55,30,69,32,523
Jasienica Dolna ,,70,21,32,56,39,48,32,39,55,30,69,32,523
Budziszowice,POLREGIO Spółka Akcyjna,71,23,32,56,39,48,37,40,56,30,68,32,532
Budziszowice ,,71,23,32,56,39,48,37,40,56,30,68,32,532
Tarnobrzeg,PKP INTERCITY Spółka Akcyjna ,30,19,16,15,19,21,29,39,20,21,18,50,297
Tarnobrzeg,POLREGIO Spółka Akcyjna,94,57,59,27,35,46,44,33,21,37,37,53,543
Tarnobrzeg ,,124,76,75,42,54,67,73,72,41,58,55,103,840
Domanin,Koleje Wielkopolskie Sp. z o.o.,4,1,12,6,10,12,14,19,16,6,12,11,123
Domanin,POLREGIO Spółka Akcyjna,7,3,3,10,7,11,7,11,16,28,23,13,139
Domanin ,,11,4,15,16,17,23,21,30,32,34,35,24,262
Przygodzice,Koleje Wielkopolskie Sp. z o.o.,4,6,12,8,13,14,16,20,17,8,14,12,144
Przygodzice,POLREGIO Spółka Akcyjna,10,3,3,12,6,10,6,12,24,28,24,12,150
Przygodzice ,,14,9,15,20,19,24,22,32,41,36,38,24,294
Niedźwiedź Wielkopolski,Koleje Wielkopolskie Sp. z o.o.,4,5,12,8,11,12,15,20,18,7,15,12,139
Niedźwiedź Wielkopolski,POLREGIO Spółka Akcyjna,9,3,3,12,7,11,7,13,24,29,25,13,156
Niedźwiedź Wielkopolski ,,13,8,15,20,18,23,22,33,42,36,40,25,295
Antonin,Koleje Wielkopolskie Sp. z o.o.,2,3,12,8,12,14,16,21,17,9,14,11,139
Antonin,POLREGIO Spółka Akcyjna,9,3,3,12,6,11,6,11,23,28,24,11,147
Antonin ,,11,6,15,20,18,25,22,32,40,37,38,22,286
Janków Przygodzki,Koleje Wielkopolskie Sp. z o.o.,4,6,13,8,13,14,16,22,17,9,16,14,152
Janków Przygodzki,POLREGIO Spółka Akcyjna,10,3,4,12,6,10,7,12,25,28,26,12,155
Janków Przygodzki ,,14,9,17,20,19,24,23,34,42,37,42,26,307
Szczecin Trzebusz,POLREGIO Spółka Akcyjna,,,,,,49,58,60,61,46,98,83,455
Szczecin Trzebusz ,,,,,,,49,58,60,61,46,98,83,455
Nowa Dęba,PKP INTERCITY Spółka Akcyjna ,34,21,17,16,18,19,28,38,21,22,18,27,279
Nowa Dęba,POLREGIO Spółka Akcyjna,67,47,57,36,28,46,53,39,23,31,36,47,510
Nowa Dęba ,,101,68,74,52,46,65,81,77,44,53,54,74,789
Jordanów,Koleje Śląskie Spółka z o.o.,0,1,,,2,3,10,10,0,,,7,33
Jordanów,POLREGIO Spółka Akcyjna,124,45,23,41,35,40,80,60,47,25,38,73,631
Jordanów ,,124,46,23,41,37,43,90,70,47,25,38,80,664
Osielec,Koleje Śląskie Spółka z o.o.,0,1,,,3,3,10,10,0,,,7,34
Osielec,POLREGIO Spółka Akcyjna,123,44,22,46,36,41,81,61,45,27,40,64,630
Osielec ,,123,45,22,46,39,44,91,71,45,27,40,71,664
Kojszówka,Koleje Śląskie Spółka z o.o.,0,1,,,3,6,10,10,0,,,7,37
Kojszówka,POLREGIO Spółka Akcyjna,139,51,30,48,39,42,79,72,50,29,40,59,678
Kojszówka ,,139,52,30,48,42,48,89,82,50,29,40,66,715
Odolanów,Koleje Wielkopolskie Sp. z o.o.,4,4,2,13,8,10,8,5,9,8,9,6,86
Odolanów,POLREGIO Spółka Akcyjna,37,40,31,34,35,28,22,35,52,34,35,47,430
Odolanów ,,41,44,33,47,43,38,30,40,61,42,44,53,516
Topola-Osiedle,Koleje Wielkopolskie Sp. z o.o.,7,4,5,13,9,11,10,5,7,6,9,5,91
Topola-Osiedle,POLREGIO Spółka Akcyjna,32,37,33,31,35,27,24,35,49,35,38,47,423
Topola-Osiedle ,,39,41,38,44,44,38,34,40,56,41,47,52,514
Tarchały Wielkie,Koleje Wielkopolskie Sp. z o.o.,7,5,5,13,10,11,11,5,10,10,12,7,106
Tarchały Wielkie,POLREGIO Spółka Akcyjna,37,40,34,39,34,28,25,36,55,36,41,48,453
Tarchały Wielkie ,,44,45,39,52,44,39,36,41,65,46,53,55,559
Chocianów,Koleje Dolnośląskie S.A.,19,5,2,7,8,4,18,3,10,6,11,9,102
Chocianów ,,19,5,2,7,8,4,18,3,10,6,11,9,102
Pacholęta,POLREGIO Spółka Akcyjna,35,26,33,29,53,33,26,20,27,43,44,34,403
Pacholęta ,,35,26,33,29,53,33,26,20,27,43,44,34,403
Proszówka,Koleje Dolnośląskie S.A.,42,8,18,7,40,21,31,26,59,97,59,37,445
Proszówka ,,42,8,18,7,40,21,31,26,59,97,59,37,445
Orłowice,Koleje Dolnośląskie S.A.,41,6,17,7,37,19,30,25,53,83,47,33,398
Orłowice ,,41,6,17,7,37,19,30,25,53,83,47,33,398
Mroczkowice,Koleje Dolnośląskie S.A.,41,6,18,7,38,21,31,26,58,96,58,37,437
Mroczkowice ,,41,6,18,7,38,21,31,26,58,96,58,37,437
Wadowice Osiedle Podhalanin,POLREGIO Spółka Akcyjna,209,116,53,33,84,50,56,55,61,54,15,88,874
Wadowice Osiedle Podhalanin ,,209,116,53,33,84,50,56,55,61,54,15,88,874
Inwałd,POLREGIO Spółka Akcyjna,214,119,53,32,88,54,57,57,61,55,14,89,893
Inwałd ,,214,119,53,32,88,54,57,57,61,55,14,89,893
Chocznia,POLREGIO Spółka Akcyjna,212,117,53,35,88,53,56,56,63,55,15,88,891
Chocznia ,,212,117,53,35,88,53,56,56,63,55,15,88,891
Chocznia Górna,POLREGIO Spółka Akcyjna,211,118,53,35,89,55,57,58,63,55,15,89,898
Chocznia Górna ,,211,118,53,35,89,55,57,58,63,55,15,89,898
Chrząstowice,POLREGIO Spółka Akcyjna,50,10,23,21,21,18,44,44,69,43,45,46,434
Chrząstowice ,,50,10,23,21,21,18,44,44,69,43,45,46,434
Zabiele Wielkie,Koleje Mazowieckie - KM Spółka z o.o.,22,33,13,10,14,53,30,19,12,9,19,8,242
Zabiele Wielkie,PKP INTERCITY Spółka Akcyjna ,,,,,,,0,,,,,,0
Zabiele Wielkie,POLREGIO Spółka Akcyjna,,,,,,,,,,,,1,1
Zabiele Wielkie ,,22,33,13,10,14,53,30,19,12,9,19,9,243
Krasiejów,POLREGIO Spółka Akcyjna,45,13,26,26,32,23,42,50,70,38,49,43,457
Krasiejów ,,45,13,26,26,32,23,42,50,70,38,49,43,457
Jastrząbka,Koleje Mazowieckie - KM Spółka z o.o.,22,29,13,11,14,50,28,19,12,7,19,8,232
Jastrząbka,POLREGIO Spółka Akcyjna,,,,,,,,,,,,1,1
Jastrząbka ,,22,29,13,11,14,50,28,19,12,7,19,9,233
Fosowskie,POLREGIO Spółka Akcyjna,29,8,12,19,26,16,31,38,45,22,31,28,305
Fosowskie ,,29,8,12,19,26,16,31,38,45,22,31,28,305
Nowa Wieś Kościelna,Koleje Mazowieckie - KM Spółka z o.o.,22,33,12,9,15,56,29,19,13,9,19,8,244
Nowa Wieś Kościelna,POLREGIO Spółka Akcyjna,,,,,,,,,,,,1,1
Nowa Wieś Kościelna ,,22,33,12,9,15,56,29,19,13,9,19,9,245
Grabowo,Koleje Mazowieckie - KM Spółka z o.o.,22,32,12,8,15,52,28,19,13,9,19,9,238
Grabowo,POLREGIO Spółka Akcyjna,,,,,,,,,,,,1,1
Grabowo ,,22,32,12,8,15,52,28,19,13,9,19,10,239
Raszujka,Koleje Mazowieckie - KM Spółka z o.o.,23,32,11,11,13,43,24,16,10,6,18,9,216
Raszujka,POLREGIO Spółka Akcyjna,,,,,,,,,,,,1,1
Raszujka ,,23,32,11,11,13,43,24,16,10,6,18,10,217
Parciaki,Koleje Mazowieckie - KM Spółka z o.o.,22,31,13,11,14,48,26,17,12,6,18,8,226
Parciaki,POLREGIO Spółka Akcyjna,,,,,,,,,,,,1,1
Parciaki ,,22,31,13,11,14,48,26,17,12,6,18,9,227
Olszewka,Koleje Mazowieckie - KM Spółka z o.o.,24,32,12,11,12,47,24,16,11,6,18,9,222
Olszewka,POLREGIO Spółka Akcyjna,,,,,,,,,,,,1,1
Olszewka ,,24,32,12,11,12,47,24,16,11,6,18,10,223
Ruszów,POLREGIO Spółka Akcyjna,54,28,28,32,26,40,49,77,156,123,138,119,870
Ruszów ,,54,28,28,32,26,40,49,77,156,123,138,119,870
Konin Żagański,POLREGIO Spółka Akcyjna,60,30,29,37,27,47,52,80,172,143,155,125,957
Konin Żagański ,,60,30,29,37,27,47,52,80,172,143,155,125,957
Iłowa Żagańska,POLREGIO Spółka Akcyjna,60,29,29,36,28,47,52,83,175,143,155,125,962
Iłowa Żagańska ,,60,29,29,36,28,47,52,83,175,143,155,125,962
Nowa Sarzyna,PKP INTERCITY Spółka Akcyjna ,55,26,17,27,27,35,57,51,35,26,28,40,424
Nowa Sarzyna,POLREGIO Spółka Akcyjna,26,9,6,8,9,8,19,13,9,11,16,16,150
Nowa Sarzyna ,,81,35,23,35,36,43,76,64,44,37,44,56,574
Leżajsk,PKP INTERCITY Spółka Akcyjna ,49,25,17,28,25,35,57,55,35,24,30,37,417
Leżajsk,POLREGIO Spółka Akcyjna,27,10,6,6,7,8,22,14,9,9,17,17,152
Leżajsk ,,76,35,23,34,32,43,79,69,44,33,47,54,569
Barłogi,Koleje Wielkopolskie Sp. z o.o.,30,19,42,55,59,39,39,36,37,41,44,31,472
Barłogi ,,30,19,42,55,59,39,39,36,37,41,44,31,472
Kłodawa,Koleje Wielkopolskie Sp. z o.o.,38,30,47,57,60,43,43,36,37,39,46,27,503
Kłodawa ,,38,30,47,57,60,43,43,36,37,39,46,27,503
Bystra Podhalańska,POLREGIO Spółka Akcyjna,136,47,25,45,37,46,89,64,46,28,43,78,684
Bystra Podhalańska ,,136,47,25,45,37,46,89,64,46,28,43,78,684
Skawa Środkowa,POLREGIO Spółka Akcyjna,120,46,23,38,36,48,89,64,50,26,39,76,655
Skawa Środkowa ,,120,46,23,38,36,48,89,64,50,26,39,76,655
Skawa,POLREGIO Spółka Akcyjna,116,46,23,39,35,46,81,60,49,26,39,68,628
Skawa ,,116,46,23,39,35,46,81,60,49,26,39,68,628
Juszczyn,POLREGIO Spółka Akcyjna,140,52,30,47,39,43,80,72,49,28,38,59,677
Juszczyn ,,140,52,30,47,39,43,80,72,49,28,38,59,677
Bieniów,CARGO Master Spółka z o.o.,,,0,,,,,,,,,,0
Bieniów,POLREGIO Spółka Akcyjna,41,22,28,32,19,39,42,100,209,167,125,155,979
Bieniów ,,41,22,28,32,19,39,42,100,209,167,125,155,979
Dolice,POLREGIO Spółka Akcyjna,92,38,59,41,38,54,30,37,52,48,49,52,590
Dolice ,,92,38,59,41,38,54,30,37,52,48,49,52,590
Bystrzyca Kłodzka,Koleje Dolnośląskie S.A.,81,36,61,49,49,64,139,122,,,,148,749
Bystrzyca Kłodzka,PKP INTERCITY Spółka Akcyjna ,,,,,,,,,,,,43,43
Bystrzyca Kłodzka ,,81,36,61,49,49,64,139,122,,,,191,792
Kolin,POLREGIO Spółka Akcyjna,103,47,63,48,38,56,32,37,50,48,46,50,618
Kolin ,,103,47,63,48,38,56,32,37,50,48,46,50,618
Zamek Bulowicki,POLREGIO Spółka Akcyjna,208,120,51,38,93,55,61,60,79,67,18,97,947
Zamek Bulowicki ,,208,120,51,38,93,55,61,60,79,67,18,97,947
Bulowice,POLREGIO Spółka Akcyjna,210,122,52,37,95,56,62,60,79,68,18,98,957
Bulowice ,,210,122,52,37,95,56,62,60,79,68,18,98,957
Andrychów Górnica,POLREGIO Spółka Akcyjna,209,119,50,38,93,54,61,60,79,68,18,98,947
Andrychów Górnica ,,209,119,50,38,93,54,61,60,79,68,18,98,947
Błaszki,Łódzka Kolej Aglomeracyjna Sp. z o.o.,1,0,2,4,0,2,7,9,1,2,2,3,33
Błaszki,POLREGIO Spółka Akcyjna,39,22,31,38,36,52,48,66,53,59,63,39,546
Błaszki ,,40,22,33,42,36,54,55,75,54,61,65,42,579
Gniewkowo,CARGO Master Spółka z o.o.,,,,0,,,,,,,,,0
Gniewkowo,POLREGIO Spółka Akcyjna,74,41,34,32,36,34,55,43,62,63,55,38,567
Gniewkowo ,,74,41,34,32,36,34,55,43,62,63,55,38,567
Wierzchosławice,POLREGIO Spółka Akcyjna,72,43,32,33,35,35,60,44,60,58,55,37,564
Wierzchosławice ,,72,43,32,33,35,35,60,44,60,58,55,37,564
Więcławice,POLREGIO Spółka Akcyjna,70,40,30,33,35,35,61,41,60,57,54,35,551
Więcławice ,,70,40,30,33,35,35,61,41,60,57,54,35,551
Suchatówka,POLREGIO Spółka Akcyjna,78,49,38,35,37,36,59,46,62,64,57,38,599
Suchatówka ,,78,49,38,35,37,36,59,46,62,64,57,38,599
Piła Fabryczna,Koleje Wielkopolskie Sp. z o.o.,,,8,3,4,5,4,3,2,6,5,6,46
Piła Fabryczna,POLREGIO Spółka Akcyjna,,,15,19,29,48,45,53,35,100,72,44,460
Piła Fabryczna ,,,,23,22,33,53,49,56,37,106,77,50,506
Pasym,POLREGIO Spółka Akcyjna,52,36,22,22,25,51,59,43,20,29,29,30,418
Pasym ,,52,36,22,22,25,51,59,43,20,29,29,30,418
Marcinkowo,PKP INTERCITY Spółka Akcyjna ,,,,,,,0,,,,,,0
Marcinkowo,POLREGIO Spółka Akcyjna,56,37,24,23,28,52,72,47,20,27,37,33,456
Marcinkowo ,,56,37,24,23,28,52,72,47,20,27,37,33,456
Klewki,POLREGIO Spółka Akcyjna,58,36,26,25,32,54,74,59,24,32,42,36,498
Klewki ,,58,36,26,25,32,54,74,59,24,32,42,36,498
Grom,POLREGIO Spółka Akcyjna,56,41,28,26,33,57,62,45,25,34,34,31,472
Grom ,,56,41,28,26,33,57,62,45,25,34,34,31,472
Kamień Pomorski,PKP INTERCITY Spółka Akcyjna ,,,,,0,,,,,,,,0
Kamień Pomorski,POLREGIO Spółka Akcyjna,7,2,3,4,5,5,3,6,1,7,17,14,74
Kamień Pomorski ,,7,2,3,4,5,5,3,6,1,7,17,14,74
Piława Górna,Koleje Dolnośląskie S.A.,118,51,58,64,67,69,121,127,108,123,148,75,1129
Piława Górna ,,118,51,58,64,67,69,121,127,108,123,148,75,1129
Międzylesie,Koleje Dolnośląskie S.A.,53,22,39,29,26,44,93,90,,,,103,499
Międzylesie,LEO Express Global a.s.,,,0,,,,,,,,,,0
Międzylesie,PKP INTERCITY Spółka Akcyjna ,,,,,,,,,,,,50,50
Międzylesie ,,53,22,39,29,26,44,93,90,,,,153,549
Mikołajki Pomorskie,POLREGIO Spółka Akcyjna,78,21,27,25,29,46,73,92,39,34,34,58,556
Mikołajki Pomorskie ,,78,21,27,25,29,46,73,92,39,34,34,58,556
Susz,POLREGIO Spółka Akcyjna,72,20,26,23,30,49,64,87,41,41,38,51,542
Susz ,,72,20,26,23,30,49,64,87,41,41,38,51,542
Iława Miasto,POLREGIO Spółka Akcyjna,68,19,24,24,26,48,60,78,41,41,37,41,507
Iława Miasto ,,68,19,24,24,26,48,60,78,41,41,37,41,507
Zaborze,Koleje Śląskie Spółka z o.o.,138,79,79,111,103,116,96,69,88,79,96,106,1160
Zaborze ,,138,79,79,111,103,116,96,69,88,79,96,106,1160
Skoczów Bajerki,Koleje Śląskie Spółka z o.o.,141,83,83,104,106,108,84,57,71,65,81,109,1092
Skoczów Bajerki ,,141,83,83,104,106,108,84,57,71,65,81,109,1092
Pierściec,Koleje Śląskie Spółka z o.o.,105,57,63,87,82,96,76,51,65,56,67,92,897
Pierściec ,,105,57,63,87,82,96,76,51,65,56,67,92,897
Włostowo,Koleje Wielkopolskie Sp. z o.o.,18,22,10,8,15,26,10,12,39,28,30,23,241
Włostowo ,,18,22,10,8,15,26,10,12,39,28,30,23,241
Pępowo,Koleje Wielkopolskie Sp. z o.o.,20,20,11,7,15,24,11,11,51,28,29,23,250
Pępowo ,,20,20,11,7,15,24,11,11,51,28,29,23,250
Kuklinów,Koleje Wielkopolskie Sp. z o.o.,20,24,13,8,13,30,13,14,37,21,32,25,250
Kuklinów ,,20,24,13,8,13,30,13,14,37,21,32,25,250
Kobylin,Koleje Wielkopolskie Sp. z o.o.,18,19,12,8,14,24,11,14,36,22,29,24,231
Kobylin ,,18,19,12,8,14,24,11,14,36,22,29,24,231
Krobia,Koleje Wielkopolskie Sp. z o.o.,18,15,7,7,14,25,11,12,29,31,35,24,228
Krobia ,,18,15,7,7,14,25,11,12,29,31,35,24,228
Dzierżanów Wielkopolski,Koleje Wielkopolskie Sp. z o.o.,20,24,13,8,14,34,14,16,37,22,32,25,259
Dzierżanów Wielkopolski ,,20,24,13,8,14,34,14,16,37,22,32,25,259
Czeluścin,Koleje Wielkopolskie Sp. z o.o.,21,23,12,8,16,24,11,14,36,23,30,24,242
Czeluścin ,,21,23,12,8,16,24,11,14,36,23,30,24,242
Pawłowice,Koleje Wielkopolskie Sp. z o.o.,16,17,9,6,12,28,12,13,19,23,34,27,216
Pawłowice ,,16,17,9,6,12,28,12,13,19,23,34,27,216
Poniec,Koleje Wielkopolskie Sp. z o.o.,16,14,8,7,11,25,11,13,19,23,34,25,206
Poniec ,,16,14,8,7,11,25,11,13,19,23,34,25,206
Leszno Grzybowo,Koleje Wielkopolskie Sp. z o.o.,13,18,11,6,11,25,11,9,18,20,34,27,203
Leszno Grzybowo ,,13,18,11,6,11,25,11,9,18,20,34,27,203
Karzec,Koleje Wielkopolskie Sp. z o.o.,17,17,9,7,14,27,11,13,22,24,35,25,221
Karzec ,,17,17,9,7,14,27,11,13,22,24,35,25,221
Kąkolewo,Koleje Wielkopolskie Sp. z o.o.,15,17,8,6,8,25,10,10,17,21,32,25,194
Kąkolewo ,,15,17,8,6,8,25,10,10,17,21,32,25,194
Dzięczyn,Koleje Wielkopolskie Sp. z o.o.,17,18,9,6,14,28,11,13,20,26,34,24,220
Dzięczyn ,,17,18,9,6,14,28,11,13,20,26,34,24,220
Głowaczewo,POLREGIO Spółka Akcyjna,42,11,33,27,58,75,70,72,51,38,79,51,607
Głowaczewo ,,42,11,33,27,58,75,70,72,51,38,79,51,607
Lubartów,PKP INTERCITY Spółka Akcyjna ,20,19,20,12,21,16,16,26,16,33,45,18,262
Lubartów,POLREGIO Spółka Akcyjna,17,14,14,15,16,17,20,37,28,23,40,20,261
Lubartów ,,37,33,34,27,37,33,36,63,44,56,85,38,523
Potęgowo,POLREGIO Spółka Akcyjna,87,34,30,27,47,130,239,359,12,,,179,1144
Potęgowo ,,87,34,30,27,47,130,239,359,12,,,179,1144
Stawno,POLREGIO Spółka Akcyjna,7,2,8,5,11,11,3,6,3,9,21,16,102
Stawno ,,7,2,8,5,11,11,3,6,3,9,21,16,102
Jarszewo,POLREGIO Spółka Akcyjna,7,2,8,5,11,10,3,6,2,9,20,15,98
Jarszewo ,,7,2,8,5,11,10,3,6,2,9,20,15,98
Górki Pomorskie,POLREGIO Spółka Akcyjna,7,2,8,5,11,10,3,6,2,9,21,16,100
Górki Pomorskie ,,7,2,8,5,11,10,3,6,2,9,21,16,100
Pogorzelice,POLREGIO Spółka Akcyjna,91,36,30,21,43,111,215,318,13,,,126,1004
Pogorzelice ,,91,36,30,21,43,111,215,318,13,,,126,1004
Leśnice,POLREGIO Spółka Akcyjna,93,34,31,24,48,108,214,300,12,,,132,996
Leśnice ,,93,34,31,24,48,108,214,300,12,,,132,996
Strzyżyno Słupskie,POLREGIO Spółka Akcyjna,97,34,34,33,53,144,259,384,12,,,178,1228
Strzyżyno Słupskie ,,97,34,34,33,53,144,259,384,12,,,178,1228
Głuszyno Pomorskie,POLREGIO Spółka Akcyjna,93,35,34,31,54,146,258,385,12,,,178,1226
Głuszyno Pomorskie ,,93,35,34,31,54,146,258,385,12,,,178,1226
Damnica,POLREGIO Spółka Akcyjna,86,26,21,23,35,135,242,338,13,,,149,1068
Damnica ,,86,26,21,23,35,135,242,338,13,,,149,1068
Jezierzyce Słupskie,POLREGIO Spółka Akcyjna,80,25,23,26,45,136,223,304,14,,,152,1028
Jezierzyce Słupskie ,,80,25,23,26,45,136,223,304,14,,,152,1028
Kity,POLREGIO Spółka Akcyjna,47,26,39,10,17,28,25,17,17,11,6,5,248
Kity ,,47,26,39,10,17,28,25,17,17,11,6,5,248
Dąbrowa-Łazy,POLREGIO Spółka Akcyjna,48,26,42,11,18,30,26,16,18,11,7,5,258
Dąbrowa-Łazy ,,48,26,42,11,18,30,26,16,18,11,7,5,258
Parczew,PKP INTERCITY Spółka Akcyjna ,22,19,21,14,22,17,16,27,16,36,44,19,273
Parczew,POLREGIO Spółka Akcyjna,12,11,13,11,10,15,15,23,16,21,30,20,197
Parczew ,,34,30,34,25,32,32,31,50,32,57,74,39,470
Lubajny,POLREGIO Spółka Akcyjna,88,34,19,25,29,41,37,46,26,52,53,35,485
Lubajny ,,88,34,19,25,29,41,37,46,26,52,53,35,485
Sitowa,Łódzka Kolej Aglomeracyjna Sp. z o.o.,38,18,15,16,10,13,8,14,8,6,14,15,175
Sitowa,POLREGIO Spółka Akcyjna,2,0,1,2,1,2,0,4,1,2,4,5,24
Sitowa ,,40,18,16,18,11,15,8,18,9,8,18,20,199
Ruda Białaczowska,Łódzka Kolej Aglomeracyjna Sp. z o.o.,37,17,14,16,11,11,8,15,9,6,14,14,172
Ruda Białaczowska,POLREGIO Spółka Akcyjna,2,0,1,1,1,1,0,3,1,1,4,5,20
Ruda Białaczowska ,,39,17,15,17,12,12,8,18,10,7,18,19,192
Petrykozy,Łódzka Kolej Aglomeracyjna Sp. z o.o.,37,18,14,16,10,11,8,15,9,6,14,15,173
Petrykozy,POLREGIO Spółka Akcyjna,2,0,1,2,1,1,0,3,1,2,4,5,22
Petrykozy ,,39,18,15,18,11,12,8,18,10,8,18,20,195
Kornica,Łódzka Kolej Aglomeracyjna Sp. z o.o.,37,17,14,16,11,10,9,15,9,6,15,14,173
Kornica,POLREGIO Spółka Akcyjna,2,0,1,1,1,1,0,3,1,1,4,4,19
Kornica ,,39,17,15,17,12,11,9,18,10,7,19,18,192
Ziemomyśl,POLREGIO Spółka Akcyjna,92,36,57,50,33,50,25,31,56,46,49,55,580
Ziemomyśl ,,92,36,57,50,33,50,25,31,56,46,49,55,580
Suchy Bór Opolski,POLREGIO Spółka Akcyjna,53,11,23,25,25,21,45,44,82,50,50,54,483
Suchy Bór Opolski ,,53,11,23,25,25,21,45,44,82,50,50,54,483
Morzyca,POLREGIO Spółka Akcyjna,102,44,61,46,33,53,27,31,51,48,46,53,595
Morzyca ,,102,44,61,46,33,53,27,31,51,48,46,53,595
Staniszcze Małe,POLREGIO Spółka Akcyjna,41,10,24,25,31,20,39,44,66,35,47,37,419
Staniszcze Małe ,,41,10,24,25,31,20,39,44,66,35,47,37,419
Dębska Kuźnia,POLREGIO Spółka Akcyjna,51,9,23,24,24,20,43,42,76,45,46,47,450
Dębska Kuźnia ,,51,9,23,24,24,20,43,42,76,45,46,47,450
Tomaszów Mazowiecki Białobrzegi,Łódzka Kolej Aglomeracyjna Sp. z o.o.,25,15,16,17,16,18,41,41,13,25,26,15,268
Tomaszów Mazowiecki Białobrzegi,POLREGIO Spółka Akcyjna,,,,,,,,,,,,4,4
Tomaszów Mazowiecki Białobrzegi ,,25,15,16,17,16,18,41,41,13,25,26,19,272
Dęba Opoczyńska,Łódzka Kolej Aglomeracyjna Sp. z o.o.,8,6,8,7,9,9,26,22,10,28,22,8,163
Dęba Opoczyńska,POLREGIO Spółka Akcyjna,,,,,,,,,,,,4,4
Dęba Opoczyńska ,,8,6,8,7,9,9,26,22,10,28,22,12,167
Brzustów,Łódzka Kolej Aglomeracyjna Sp. z o.o.,9,5,10,8,8,10,29,27,11,19,18,9,163
Brzustów,POLREGIO Spółka Akcyjna,,,,,,,,,,,,4,4
Brzustów ,,9,5,10,8,8,10,29,27,11,19,18,13,167
Antoniów,Łódzka Kolej Aglomeracyjna Sp. z o.o.,11,8,13,12,11,10,29,27,13,32,27,10,203
Antoniów,POLREGIO Spółka Akcyjna,,,,,,,,,,,,4,4
Antoniów ,,11,8,13,12,11,10,29,27,13,32,27,14,207
Witkowo,POLREGIO Spółka Akcyjna,100,44,60,47,32,54,29,31,49,48,47,45,586
Witkowo ,,100,44,60,47,32,54,29,31,49,48,47,45,586
Bukowice Trzebnickie,Koleje Dolnośląskie S.A.,38,21,11,22,22,22,48,54,40,32,55,42,407
Bukowice Trzebnickie ,,38,21,11,22,22,22,48,54,40,32,55,42,407
Radzice,Łódzka Kolej Aglomeracyjna Sp. z o.o.,8,5,6,8,8,11,25,16,6,16,20,8,137
Radzice ,,8,5,6,8,8,11,25,16,6,16,20,8,137
Mielec,PKP INTERCITY Spółka Akcyjna ,,,,,,,,,,,,20,20
Mielec,POLREGIO Spółka Akcyjna,19,11,13,5,8,9,7,11,8,4,19,12,126
Mielec ,,19,11,13,5,8,9,7,11,8,4,19,32,146
Krośnice,Koleje Dolnośląskie S.A.,38,21,10,18,22,20,41,59,40,32,52,42,395
Krośnice ,,38,21,10,18,22,20,41,59,40,32,52,42,395
Wojsław,POLREGIO Spółka Akcyjna,19,11,16,5,8,10,7,12,8,4,19,12,131
Wojsław ,,19,11,16,5,8,10,7,12,8,4,19,12,131
Rzochów,POLREGIO Spółka Akcyjna,19,11,15,5,8,9,7,13,8,4,17,13,129
Rzochów ,,19,11,15,5,8,9,7,13,8,4,17,13,129
Mielec Południowy,POLREGIO Spółka Akcyjna,19,11,16,5,8,10,7,13,8,4,17,12,130
Mielec Południowy ,,19,11,16,5,8,10,7,13,8,4,17,12,130
Kustrin-Kietz,POLREGIO Spółka Akcyjna,,,,,,,18,81,65,30,78,82,354
Kustrin-Kietz ,,,,,,,,18,81,65,30,78,82,354
Tuszyma,POLREGIO Spółka Akcyjna,25,16,23,7,13,17,11,17,9,12,23,19,192
Tuszyma ,,25,16,23,7,13,17,11,17,9,12,23,19,192
Rzemień,POLREGIO Spółka Akcyjna,24,16,23,7,13,17,11,17,10,12,22,19,191
Rzemień ,,24,16,23,7,13,17,11,17,10,12,22,19,191
Pustków,POLREGIO Spółka Akcyjna,23,15,23,8,12,18,10,17,10,11,20,19,186
Pustków ,,23,15,23,8,12,18,10,17,10,11,20,19,186
Kochanówka Pustków,POLREGIO Spółka Akcyjna,21,14,23,6,11,21,10,17,10,11,16,18,178
Kochanówka Pustków ,,21,14,23,6,11,21,10,17,10,11,16,18,178
Dąbie koło Dębicy,POLREGIO Spółka Akcyjna,24,15,23,7,13,18,10,17,9,12,21,20,189
Dąbie koło Dębicy ,,24,15,23,7,13,18,10,17,9,12,21,20,189
Pustynia,POLREGIO Spółka Akcyjna,21,13,23,8,11,24,12,16,9,11,18,19,185
Pustynia ,,21,13,23,8,11,24,12,16,9,11,18,19,185
Kolonowskie,POLREGIO Spółka Akcyjna,26,6,10,17,15,16,27,32,37,16,22,25,249
Kolonowskie ,,26,6,10,17,15,16,27,32,37,16,22,25,249
Zawadzkie,POLREGIO Spółka Akcyjna,18,4,5,8,9,9,16,24,23,13,15,14,158
Zawadzkie ,,18,4,5,8,9,9,16,24,23,13,15,14,158
Stary Borek,POLREGIO Spółka Akcyjna,41,11,32,26,55,73,71,71,42,35,70,51,578
Stary Borek ,,41,11,32,26,55,73,71,71,42,35,70,51,578
Karcino,POLREGIO Spółka Akcyjna,42,11,33,28,56,75,70,73,46,36,73,52,595
Karcino ,,42,11,33,28,56,75,70,73,46,36,73,52,595
Bieczyno Pomorskie,POLREGIO Spółka Akcyjna,42,11,33,29,57,75,72,72,46,36,73,52,598
Bieczyno Pomorskie ,,42,11,33,29,57,75,72,72,46,36,73,52,598
Kołobrzeg Radzikowo,POLREGIO Spółka Akcyjna,,,30,27,65,97,88,86,58,43,89,67,650
Kołobrzeg Radzikowo ,,,,30,27,65,97,88,86,58,43,89,67,650
Lesięcin,POLREGIO Spółka Akcyjna,57,15,52,26,38,50,47,59,53,54,40,68,559
Lesięcin ,,57,15,52,26,38,50,47,59,53,54,40,68,559
Stary Węgliniec,POLREGIO Spółka Akcyjna,56,27,25,35,28,40,51,83,160,125,143,116,889
Stary Węgliniec ,,56,27,25,35,28,40,51,83,160,125,143,116,889
Bystrzyca Kłodzka Przedmieście,Koleje Dolnośląskie S.A.,75,33,56,44,46,59,123,109,,,,142,687
Bystrzyca Kłodzka Przedmieście ,,75,33,56,44,46,59,123,109,,,,142,687
Jankowa Żagańska,POLREGIO Spółka Akcyjna,57,27,27,31,23,42,47,77,162,131,131,114,869
Jankowa Żagańska ,,57,27,27,31,23,42,47,77,162,131,131,114,869
Zygmuntów,Koleje Mazowieckie - KM Spółka z o.o.,18,8,5,10,15,14,14,9,37,27,24,14,195
Zygmuntów,Łódzka Kolej Aglomeracyjna Sp. z o.o.,1,0,0,2,3,0,3,1,0,4,3,0,17
Zygmuntów ,,19,8,5,12,18,14,17,10,37,31,27,14,212
Smogorzów Przysuski,Koleje Mazowieckie - KM Spółka z o.o.,19,9,5,10,15,14,14,9,37,27,24,14,197
Smogorzów Przysuski,Łódzka Kolej Aglomeracyjna Sp. z o.o.,1,0,0,2,3,0,3,1,0,4,3,0,17
Smogorzów Przysuski ,,20,9,5,12,18,14,17,10,37,31,27,14,214
Bieliny Opoczyńskie,Koleje Mazowieckie - KM Spółka z o.o.,18,8,4,10,15,13,14,9,37,27,24,14,193
Bieliny Opoczyńskie,Łódzka Kolej Aglomeracyjna Sp. z o.o.,1,0,0,2,3,0,3,1,0,4,3,0,17
Bieliny Opoczyńskie ,,19,8,4,12,18,13,17,10,37,31,27,14,210
Byczyna Kluczborska,PKP INTERCITY Spółka Akcyjna ,33,19,21,18,19,29,27,23,36,53,67,63,408
Byczyna Kluczborska,POLREGIO Spółka Akcyjna,7,3,1,6,3,6,3,3,15,20,21,10,98
Byczyna Kluczborska ,,40,22,22,24,22,35,30,26,51,73,88,73,506
Sołtyków,Łódzka Kolej Aglomeracyjna Sp. z o.o.,12,5,5,4,12,6,8,14,7,7,12,10,102
Sołtyków,POLREGIO Spółka Akcyjna,4,4,4,6,8,8,0,9,5,2,9,3,62
Sołtyków ,,16,9,9,10,20,14,8,23,12,9,21,13,164
Gilów,Łódzka Kolej Aglomeracyjna Sp. z o.o.,12,5,5,4,12,6,8,14,7,6,10,10,99
Gilów,POLREGIO Spółka Akcyjna,4,4,4,6,8,8,0,9,5,2,9,3,62
Gilów ,,16,9,9,10,20,14,8,23,12,8,19,13,161
Bliżyn,Łódzka Kolej Aglomeracyjna Sp. z o.o.,11,3,4,4,12,6,8,14,7,4,10,9,92
Bliżyn,POLREGIO Spółka Akcyjna,4,4,4,5,8,6,0,8,5,2,9,3,58
Bliżyn ,,15,7,8,9,20,12,8,22,12,6,19,12,150
Brzask,Łódzka Kolej Aglomeracyjna Sp. z o.o.,11,3,4,4,14,6,8,14,8,4,10,9,95
Brzask,POLREGIO Spółka Akcyjna,4,4,4,5,9,5,1,8,6,2,9,4,61
Brzask ,,15,7,8,9,23,11,9,22,14,6,19,13,156
Wólka Plebańska,Łódzka Kolej Aglomeracyjna Sp. z o.o.,13,5,5,4,12,6,7,14,5,7,10,10,98
Wólka Plebańska,POLREGIO Spółka Akcyjna,4,4,4,6,8,8,0,9,5,2,9,3,62
Wólka Plebańska ,,17,9,9,10,20,14,7,23,10,9,19,13,160
Skarżysko Milica,Łódzka Kolej Aglomeracyjna Sp. z o.o.,11,4,5,4,13,6,8,14,8,4,10,9,96
Skarżysko Milica,POLREGIO Spółka Akcyjna,4,4,4,5,9,5,1,8,6,2,9,4,61
Skarżysko Milica ,,15,8,9,9,22,11,9,22,14,6,19,13,157
Wąsosz Konecki,Łódzka Kolej Aglomeracyjna Sp. z o.o.,14,5,4,4,10,6,8,15,6,6,9,13,100
Wąsosz Konecki,POLREGIO Spółka Akcyjna,3,4,4,6,10,6,0,13,5,3,10,9,73
Wąsosz Konecki ,,17,9,8,10,20,12,8,28,11,9,19,22,173
Stąporków,Łódzka Kolej Aglomeracyjna Sp. z o.o.,11,5,4,3,10,5,7,13,5,6,10,10,89
Stąporków,POLREGIO Spółka Akcyjna,3,4,4,6,7,6,0,9,5,2,8,6,60
Stąporków ,,14,9,8,9,17,11,7,22,10,8,18,16,149
Kościernica,POLREGIO Spółka Akcyjna,87,26,37,17,26,54,54,56,36,41,43,96,573
Kościernica ,,87,26,37,17,26,54,54,56,36,41,43,96,573
Czarniecka Góra,Łódzka Kolej Aglomeracyjna Sp. z o.o.,13,5,4,4,11,6,8,15,6,6,11,14,103
Czarniecka Góra,POLREGIO Spółka Akcyjna,3,4,5,6,10,6,0,13,5,3,10,9,74
Czarniecka Góra ,,16,9,9,10,21,12,8,28,11,9,21,23,177
Świeradów-Zdrój,Koleje Dolnośląskie S.A.,42,5,15,7,37,13,30,20,12,,2,27,210
Świeradów-Zdrój ,,42,5,15,7,37,13,30,20,12,,2,27,210
Szlachta,Arriva RP Sp. z o.o.,25,6,5,14,8,25,35,17,31,12,37,31,246
Szlachta,CARGO Master Spółka z o.o.,,,,0,,,,,,,,,0
Szlachta ,,25,6,5,14,8,25,35,17,31,12,37,31,246
Gorzanów,Koleje Dolnośląskie S.A.,76,33,58,47,48,63,136,118,,,,137,716
Gorzanów ,,76,33,58,47,48,63,136,118,,,,137,716
Krosnowice Kłodzkie,Koleje Dolnośląskie S.A.,78,34,60,45,49,62,136,126,,,,139,729
Krosnowice Kłodzkie ,,78,34,60,45,49,62,136,126,,,,139,729
Żelisławice,POLREGIO Spółka Akcyjna,18,8,23,14,12,15,23,12,29,33,18,11,216
Żelisławice ,,18,8,23,14,12,15,23,12,29,33,18,11,216
Staropole Częstochowskie,POLREGIO Spółka Akcyjna,25,8,19,13,9,20,27,11,32,28,23,14,229
Staropole Częstochowskie ,,25,8,19,13,9,20,27,11,32,28,23,14,229
Podlesie,POLREGIO Spółka Akcyjna,26,9,19,14,9,18,25,11,31,28,23,13,226
Podlesie ,,26,9,19,14,9,18,25,11,31,28,23,13,226
Lusławice,POLREGIO Spółka Akcyjna,28,7,20,16,11,20,27,13,34,29,19,13,237
Lusławice ,,28,7,20,16,11,20,27,13,34,29,19,13,237
Koniecpol Centrum,POLREGIO Spółka Akcyjna,24,10,21,13,10,18,26,12,30,32,23,12,231
Koniecpol Centrum ,,24,10,21,13,10,18,26,12,30,32,23,12,231
Koniecpol Magdasz,POLREGIO Spółka Akcyjna,25,10,20,14,10,18,26,12,30,30,23,11,229
Koniecpol Magdasz ,,25,10,20,14,10,18,26,12,30,30,23,11,229
Julianka,POLREGIO Spółka Akcyjna,24,6,19,12,9,20,26,10,31,27,19,13,216
Julianka ,,24,6,19,12,9,20,26,10,31,27,19,13,216
Turów,POLREGIO Spółka Akcyjna,26,8,20,14,10,17,26,12,24,24,19,10,210
Turów ,,26,8,20,14,10,17,26,12,24,24,19,10,210
Kusięta Nowe,POLREGIO Spółka Akcyjna,28,8,21,15,13,20,27,11,24,25,19,11,222
Kusięta Nowe ,,28,8,21,15,13,20,27,11,24,25,19,11,222
Sędzice,POLREGIO Spółka Akcyjna,37,17,32,38,39,52,46,64,55,53,56,34,523
Sędzice ,,37,17,32,38,39,52,46,64,55,53,56,34,523
Radliczyce,POLREGIO Spółka Akcyjna,44,20,32,37,42,53,49,66,52,59,76,40,570
Radliczyce ,,44,20,32,37,42,53,49,66,52,59,76,40,570
Skalmierz,POLREGIO Spółka Akcyjna,44,22,33,38,41,52,49,69,52,62,77,43,582
Skalmierz ,,44,22,33,38,41,52,49,69,52,62,77,43,582
Kalisz Winiary,POLREGIO Spółka Akcyjna,51,20,31,38,39,59,58,76,52,60,85,42,611
Kalisz Winiary ,,51,20,31,38,39,59,58,76,52,60,85,42,611
Lasów,Koleje Dolnośląskie S.A.,3,1,3,1,2,3,9,4,5,3,6,8,48
Lasów,POLREGIO Spółka Akcyjna,19,21,19,16,16,34,23,56,137,104,112,88,645
Lasów ,,22,22,22,17,18,37,32,60,142,107,118,96,693
Domaszków,Koleje Dolnośląskie S.A.,63,26,48,36,41,54,111,105,,,,122,606
Domaszków ,,63,26,48,36,41,54,111,105,,,,122,606
Długopole-Zdrój,Koleje Dolnośląskie S.A.,74,29,49,41,44,58,123,110,,,,141,669
Długopole-Zdrój ,,74,29,49,41,44,58,123,110,,,,141,669
Sycze,Koleje Mazowieckie - KM Spółka z o.o.,34,19,15,8,45,42,48,45,32,37,52,32,409
Sycze,POLREGIO Spółka Akcyjna,10,1,3,7,12,8,8,13,7,18,25,13,125
Sycze ,,44,20,18,15,57,50,56,58,39,55,77,45,534
Nowy Nurzec,Koleje Mazowieckie - KM Spółka z o.o.,31,18,14,7,44,38,47,40,30,35,48,25,377
Nowy Nurzec,POLREGIO Spółka Akcyjna,9,1,3,7,12,8,8,12,7,18,24,13,122
Nowy Nurzec ,,40,19,17,14,56,46,55,52,37,53,72,38,499
Fronołów,Koleje Mazowieckie - KM Spółka z o.o.,33,18,14,9,43,45,48,46,34,36,51,34,411
Fronołów,POLREGIO Spółka Akcyjna,12,1,2,7,10,8,8,14,7,16,25,14,124
Fronołów ,,45,19,16,16,53,53,56,60,41,52,76,48,535
Borowiki,Koleje Mazowieckie - KM Spółka z o.o.,31,19,13,7,42,39,47,39,28,33,46,24,368
Borowiki,POLREGIO Spółka Akcyjna,10,1,3,7,13,8,8,12,8,18,24,13,125
Borowiki ,,41,20,16,14,55,47,55,51,36,51,70,37,493
Platerów,Koleje Mazowieckie - KM Spółka z o.o.,31,16,15,8,41,44,47,47,31,39,54,31,404
Platerów,POLREGIO Spółka Akcyjna,12,1,2,6,10,7,10,14,7,17,18,13,117
Platerów ,,43,17,17,14,51,51,57,61,38,56,72,44,521
Stok Lacki,Koleje Mazowieckie - KM Spółka z o.o.,28,18,14,10,40,43,48,47,25,43,62,37,415
Stok Lacki,POLREGIO Spółka Akcyjna,12,2,2,8,12,10,10,23,7,19,25,17,147
Stok Lacki ,,40,20,16,18,52,53,58,70,32,62,87,54,562
Patków,Koleje Mazowieckie - KM Spółka z o.o.,33,16,15,9,41,44,46,47,30,39,58,31,409
Patków,POLREGIO Spółka Akcyjna,12,1,2,6,10,9,10,15,7,18,21,13,124
Patków ,,45,17,17,15,51,53,56,62,37,57,79,44,533
Mordy,Koleje Mazowieckie - KM Spółka z o.o.,32,16,14,9,40,44,49,48,26,45,59,35,417
Mordy,POLREGIO Spółka Akcyjna,12,2,2,8,12,10,10,21,8,20,25,17,147
Mordy ,,44,18,16,17,52,54,59,69,34,65,84,52,564
Krzymosze,Koleje Mazowieckie - KM Spółka z o.o.,30,16,14,9,38,43,48,47,26,44,57,35,407
Krzymosze,POLREGIO Spółka Akcyjna,11,2,2,8,12,10,10,23,8,20,25,17,148
Krzymosze ,,41,18,16,17,50,53,58,70,34,64,82,52,555
Mordy Miasto,Koleje Mazowieckie - KM Spółka z o.o.,30,14,14,9,40,45,48,47,25,45,60,34,411
Mordy Miasto,POLREGIO Spółka Akcyjna,13,2,2,7,12,10,10,21,7,20,23,14,141
Mordy Miasto ,,43,16,16,16,52,55,58,68,32,65,83,48,552
Cierpigórz,Koleje Mazowieckie - KM Spółka z o.o.,29,16,14,9,39,44,48,47,28,44,57,35,410
Cierpigórz,POLREGIO Spółka Akcyjna,13,2,2,7,12,10,10,18,7,20,24,14,139
Cierpigórz ,,42,18,16,16,51,54,58,65,35,64,81,49,549
Roztoki Bystrzyckie,Koleje Dolnośląskie S.A.,63,25,51,35,39,54,101,100,,,,114,582
Roztoki Bystrzyckie ,,63,25,51,35,39,54,101,100,,,,114,582
Kamienna Góra,Koleje Dolnośląskie S.A.,21,8,6,10,9,6,12,9,44,27,22,18,192
Kamienna Góra ,,21,8,6,10,9,6,12,9,44,27,22,18,192
Kralovec,Koleje Dolnośląskie S.A.,17,7,4,7,8,3,10,5,37,18,15,14,145
Kralovec,LEO Express Global a.s.,,,0,,,,,,,,,,0
Kralovec ,,17,7,4,7,8,3,10,5,37,18,15,14,145
Lubawka,Koleje Dolnośląskie S.A.,20,8,6,9,10,6,11,9,47,26,22,18,192
Lubawka ,,20,8,6,9,10,6,11,9,47,26,22,18,192
Błażkowa,Koleje Dolnośląskie S.A.,23,8,6,8,10,6,11,9,47,26,22,18,194
Błażkowa ,,23,8,6,8,10,6,11,9,47,26,22,18,194
Wojaszówka,POLREGIO Spółka Akcyjna,37,15,55,50,60,33,32,27,46,52,64,41,512
Wojaszówka ,,37,15,55,50,60,33,32,27,46,52,64,41,512
Wiśniowa,POLREGIO Spółka Akcyjna,42,17,48,50,54,26,31,19,43,62,59,41,492
Wiśniowa ,,42,17,48,50,54,26,31,19,43,62,59,41,492
Strzyżów Zachodni,POLREGIO Spółka Akcyjna,57,20,56,55,68,22,33,17,46,62,58,41,535
Strzyżów Zachodni ,,57,20,56,55,68,22,33,17,46,62,58,41,535
Szebnie,POLREGIO Spółka Akcyjna,38,14,54,49,60,34,31,27,45,52,61,39,504
Szebnie ,,38,14,54,49,60,34,31,27,45,52,61,39,504
Przybówka,POLREGIO Spółka Akcyjna,36,17,47,42,51,26,27,26,39,49,54,36,450
Przybówka ,,36,17,47,42,51,26,27,26,39,49,54,36,450
Markuszowa,POLREGIO Spółka Akcyjna,39,19,53,47,54,24,32,19,44,60,58,41,490
Markuszowa ,,39,19,53,47,54,24,32,19,44,60,58,41,490
Kalembina,POLREGIO Spółka Akcyjna,42,18,55,51,58,26,32,22,43,65,60,41,513
Kalembina ,,42,18,55,51,58,26,32,22,43,65,60,41,513
Jasło Fabryczne,POLREGIO Spółka Akcyjna,38,14,50,47,60,29,27,22,42,50,59,38,476
Jasło Fabryczne ,,38,14,50,47,60,29,27,22,42,50,59,38,476
Frysztak,POLREGIO Spółka Akcyjna,37,16,48,45,50,25,27,16,40,53,51,34,442
Frysztak ,,37,16,48,45,50,25,27,16,40,53,51,34,442
Dobrzechów,POLREGIO Spółka Akcyjna,41,16,47,46,53,20,32,16,43,57,55,37,463
Dobrzechów ,,41,16,47,46,53,20,32,16,43,57,55,37,463
Nowa Ruda,CARGO Master Spółka z o.o.,,,,1,,,,,,,,,1
Nowa Ruda,Koleje Dolnośląskie S.A.,65,38,62,70,72,51,90,67,111,164,102,78,970
Nowa Ruda,PKP INTERCITY Spółka Akcyjna ,12,11,13,12,11,6,31,5,10,29,28,33,201
Nowa Ruda ,,77,49,75,83,83,57,121,72,121,193,130,111,1172
Barwałd Średni,POLREGIO Spółka Akcyjna,141,80,40,38,55,32,48,45,37,46,46,69,677
Barwałd Średni ,,141,80,40,38,55,32,48,45,37,46,46,69,677
Skwierzyna,PKP INTERCITY Spółka Akcyjna ,11,5,17,23,20,14,23,28,20,14,16,26,217
Skwierzyna,POLREGIO Spółka Akcyjna,58,37,51,48,46,36,84,78,72,93,78,91,772
Skwierzyna ,,69,42,68,71,66,50,107,106,92,107,94,117,989
Barwałd Górny,POLREGIO Spółka Akcyjna,132,78,35,30,49,33,53,48,39,48,49,75,669
Barwałd Górny ,,132,78,35,30,49,33,53,48,39,48,49,75,669
Kalwaria Zebrzydowska,POLREGIO Spółka Akcyjna,134,80,38,34,48,34,52,58,43,56,50,78,705
Kalwaria Zebrzydowska ,,134,80,38,34,48,34,52,58,43,56,50,78,705
Międzyrzecz,PKP INTERCITY Spółka Akcyjna ,12,4,19,23,20,19,25,28,21,15,17,27,230
Międzyrzecz,POLREGIO Spółka Akcyjna,57,39,45,48,41,37,87,78,69,84,85,95,765
Międzyrzecz ,,69,43,64,71,61,56,112,106,90,99,102,122,995
Rąbino,POLREGIO Spółka Akcyjna,74,17,39,26,43,43,57,60,44,51,46,72,572
Rąbino ,,74,17,39,26,43,43,57,60,44,51,46,72,572
Złotów,Koleje Wielkopolskie Sp. z o.o.,,,,,,,0,,,,,,0
Złotów,PKP INTERCITY Spółka Akcyjna ,12,3,5,6,4,13,7,6,4,6,8,12,86
Złotów,POLREGIO Spółka Akcyjna,30,18,26,47,36,36,49,36,23,35,42,40,418
Złotów ,,42,21,31,53,40,49,56,42,27,41,50,52,504
Krajenka,Koleje Wielkopolskie Sp. z o.o.,,,,,,,0,,,,,,0
Krajenka,PKP INTERCITY Spółka Akcyjna ,10,3,6,6,3,13,7,5,4,6,8,12,83
Krajenka,POLREGIO Spółka Akcyjna,30,21,26,45,38,37,53,37,25,36,43,41,432
Krajenka ,,40,24,32,51,41,50,60,42,29,42,51,53,515
Susk,Koleje Mazowieckie - KM Spółka z o.o.,50,13,5,50,31,39,50,47,26,19,,12,342
Susk ,,50,13,5,50,31,39,50,47,26,19,,12,342
Proboszczewice Płockie,Koleje Mazowieckie - KM Spółka z o.o.,52,13,6,53,35,38,49,47,28,20,,12,353
Proboszczewice Płockie ,,52,13,6,53,35,38,49,47,28,20,,12,353
Gozdowo,Koleje Mazowieckie - KM Spółka z o.o.,50,13,6,52,31,38,49,47,26,20,,11,343
Gozdowo ,,50,13,6,52,31,38,49,47,26,20,,11,343
Płock Trzepowo,Koleje Mazowieckie - KM Spółka z o.o.,43,13,7,60,41,35,46,40,23,17,,9,334
Płock Trzepowo ,,43,13,7,60,41,35,46,40,23,17,,9,334
Miastko,CARGO Master Spółka z o.o.,,,,,1,,,,,,,,1
Miastko,POLREGIO Spółka Akcyjna,32,11,10,38,25,36,52,81,26,14,18,39,382
Miastko ,,32,11,10,38,26,36,52,81,26,14,18,39,383
Szczecin Dunikowo,POLREGIO Spółka Akcyjna,,,,,,11,55,71,79,91,74,111,492
Szczecin Dunikowo ,,,,,,,11,55,71,79,91,74,111,492
Klecza Górna,POLREGIO Spółka Akcyjna,169,109,43,35,60,33,49,47,37,23,9,71,685
Klecza Górna ,,169,109,43,35,60,33,49,47,37,23,9,71,685
Klecza Dolna,POLREGIO Spółka Akcyjna,168,111,41,35,59,32,49,47,38,22,8,71,681
Klecza Dolna ,,168,111,41,35,59,32,49,47,38,22,8,71,681
Boleszkowice,PKP INTERCITY Spółka Akcyjna ,,1,,,0,,,,,,,,1
Boleszkowice,POLREGIO Spółka Akcyjna,37,27,33,25,46,37,28,18,24,43,42,31,391
Boleszkowice ,,37,28,33,25,46,37,28,18,24,43,42,31,392
Jagodzin,POLREGIO Spółka Akcyjna,55,26,26,29,25,38,50,82,156,123,132,108,850
Jagodzin ,,55,26,26,29,25,38,50,82,156,123,132,108,850
Witnica Chojeńska,POLREGIO Spółka Akcyjna,34,28,32,26,47,37,27,21,26,36,37,29,380
Witnica Chojeńska ,,34,28,32,26,47,37,27,21,26,36,37,29,380
Godków,POLREGIO Spółka Akcyjna,33,28,32,26,47,37,28,21,24,34,40,31,381
Godków ,,33,28,32,26,47,37,28,21,24,34,40,31,381
Jawiszowice Jaźnik,POLREGIO Spółka Akcyjna,44,40,20,17,23,19,21,23,13,31,25,43,319
Jawiszowice Jaźnik ,,44,40,20,17,23,19,21,23,13,31,25,43,319
Bielin,POLREGIO Spółka Akcyjna,36,29,32,26,47,36,28,19,28,38,37,30,386
Bielin ,,36,29,32,26,47,36,28,19,28,38,37,30,386
Brzeszcze Jawiszowice,POLREGIO Spółka Akcyjna,39,41,19,17,22,16,18,22,13,29,25,42,303
Brzeszcze Jawiszowice ,,39,41,19,17,22,16,18,22,13,29,25,42,303
Brzeszcze,POLREGIO Spółka Akcyjna,34,28,12,13,19,19,19,23,13,32,25,49,286
Brzeszcze ,,34,28,12,13,19,19,19,23,13,32,25,49,286
Namyślin,POLREGIO Spółka Akcyjna,36,28,34,24,46,37,27,18,25,43,42,32,392
Namyślin ,,36,28,34,24,46,37,27,18,25,43,42,32,392
Kaniów,POLREGIO Spółka Akcyjna,40,37,20,17,23,24,21,29,13,30,26,44,324
Kaniów ,,40,37,20,17,23,24,21,29,13,30,26,44,324
Dankowice,POLREGIO Spółka Akcyjna,41,38,20,18,21,20,21,27,13,31,25,43,318
Dankowice ,,41,38,20,18,21,20,21,27,13,31,25,43,318
Biadki,Koleje Wielkopolskie Sp. z o.o.,18,17,15,7,17,27,13,13,39,15,32,22,235
Biadki ,,18,17,15,7,17,27,13,13,39,15,32,22,235
Ostrów Wielkopolski Gorzyce,Koleje Wielkopolskie Sp. z o.o.,19,16,15,9,17,30,11,12,38,17,30,23,237
Ostrów Wielkopolski Gorzyce ,,19,16,15,9,17,30,11,12,38,17,30,23,237
Łąkociny,Koleje Wielkopolskie Sp. z o.o.,20,17,15,6,18,32,12,13,39,15,31,22,240
Łąkociny ,,20,17,15,6,18,32,12,13,39,15,31,22,240
Gorzupia,Koleje Wielkopolskie Sp. z o.o.,18,18,16,7,20,29,12,14,37,15,33,23,242
Gorzupia ,,18,18,16,7,20,29,12,14,37,15,33,23,242
Daniszyn,Koleje Wielkopolskie Sp. z o.o.,20,17,15,7,18,31,12,13,39,15,31,22,240
Daniszyn ,,20,17,15,7,18,31,12,13,39,15,31,22,240
Kalisz Pomorski,PKP INTERCITY Spółka Akcyjna ,16,5,10,5,7,12,12,12,31,27,27,23,187
Kalisz Pomorski,POLREGIO Spółka Akcyjna,42,22,39,19,25,46,29,35,107,133,105,111,713
Kalisz Pomorski ,,58,27,49,24,32,58,41,47,138,160,132,134,900
Recz Pomorski,PKP INTERCITY Spółka Akcyjna ,16,6,10,7,8,15,11,15,27,27,27,21,190
Recz Pomorski,POLREGIO Spółka Akcyjna,47,21,53,18,29,43,32,34,88,111,85,95,656
Recz Pomorski ,,63,27,63,25,37,58,43,49,115,138,112,116,846
Lutoryż,POLREGIO Spółka Akcyjna,,,,,,,,,83,149,109,81,422
Lutoryż ,,,,,,,,,,83,149,109,81,422
Mońki,PKP INTERCITY Spółka Akcyjna ,42,15,19,7,29,20,34,22,22,23,29,28,290
Mońki,POLREGIO Spółka Akcyjna,46,9,10,9,20,9,23,23,16,18,19,10,212
Mońki ,,88,24,29,16,49,29,57,45,38,41,48,38,502
Osowiec,PKP INTERCITY Spółka Akcyjna ,42,18,20,7,31,19,35,23,24,23,32,27,301
Osowiec,POLREGIO Spółka Akcyjna,46,10,12,4,18,9,22,23,11,18,18,10,201
Osowiec ,,88,28,32,11,49,28,57,46,35,41,50,37,502
Grajewo,PKP INTERCITY Spółka Akcyjna ,41,16,19,7,28,19,33,21,18,20,26,25,273
Grajewo,POLREGIO Spółka Akcyjna,42,8,10,3,18,6,17,18,8,16,15,9,170
Grajewo ,,83,24,29,10,46,25,50,39,26,36,41,34,443
Żegiestów,PKP CARGO S.A. w restrukturyzacji,,,,,,,,,0,,1,,1
Żegiestów,POLREGIO Spółka Akcyjna,42,14,21,9,19,36,50,34,37,23,15,17,317
Żegiestów ,,42,14,21,9,19,36,50,34,37,23,16,17,318
Milik,POLREGIO Spółka Akcyjna,33,11,14,7,11,33,38,27,31,14,8,10,237
Milik ,,33,11,14,7,11,33,38,27,31,14,8,10,237
Andrzejówka,POLREGIO Spółka Akcyjna,38,12,17,8,10,33,39,27,32,16,12,10,254
Andrzejówka ,,38,12,17,8,10,33,39,27,32,16,12,10,254
Zubrzyk,POLREGIO Spółka Akcyjna,40,15,22,11,28,36,50,36,37,23,15,15,328
Zubrzyk ,,40,15,22,11,28,36,50,36,37,23,15,15,328
Zwierzyn,PKP INTERCITY Spółka Akcyjna ,,,,,,,22,26,12,12,16,14,102
Zwierzyn,POLREGIO Spółka Akcyjna,,,,,,,102,75,87,104,146,131,645
Zwierzyn ,,,,,,,,124,101,99,116,162,145,747
Worowo,POLREGIO Spółka Akcyjna,50,13,43,23,39,40,50,59,41,43,29,68,498
Worowo ,,50,13,43,23,39,40,50,59,41,43,29,68,498
Czaplinek,POLREGIO Spółka Akcyjna,35,17,36,18,18,28,39,38,16,28,27,29,329
Czaplinek ,,35,17,36,18,18,28,39,38,16,28,27,29,329
Rutkowice,POLREGIO Spółka Akcyjna,28,23,18,20,25,18,43,41,41,38,41,29,365
Rutkowice ,,28,23,18,20,25,18,43,41,41,38,41,29,365
Ostrowy,POLREGIO Spółka Akcyjna,27,19,19,23,27,17,41,42,42,38,39,30,364
Ostrowy ,,27,19,19,23,27,17,41,42,42,38,39,30,364
Piechowice Dolne,Koleje Dolnośląskie S.A.,61,20,12,31,39,25,45,32,40,106,61,48,520
Piechowice Dolne ,,61,20,12,31,39,25,45,32,40,106,61,48,520
Jelenia Góra Przemysłowa,Koleje Dolnośląskie S.A.,60,22,11,33,40,23,42,33,42,105,61,51,523
Jelenia Góra Przemysłowa ,,60,22,11,33,40,23,42,33,42,105,61,51,523
Jelenia Góra Zachodnia,Koleje Dolnośląskie S.A.,59,20,11,33,38,22,40,32,41,106,62,49,513
Jelenia Góra Zachodnia ,,59,20,11,33,38,22,40,32,41,106,62,49,513
Jelenia Góra Orle,Koleje Dolnośląskie S.A.,60,22,11,30,38,26,43,33,42,105,62,49,521
Jelenia Góra Orle ,,60,22,11,30,38,26,43,33,42,105,62,49,521
Tymień,POLREGIO Spółka Akcyjna,52,20,22,24,40,66,84,84,25,22,43,58,540
Tymień ,,52,20,22,24,40,66,84,84,25,22,43,58,540
Słowienkowo,POLREGIO Spółka Akcyjna,54,18,23,25,40,68,81,80,22,21,42,59,533
Słowienkowo ,,54,18,23,25,40,68,81,80,22,21,42,59,533
Miłogoszcz,POLREGIO Spółka Akcyjna,52,19,22,24,39,66,82,82,25,21,42,58,532
Miłogoszcz ,,52,19,22,24,39,66,82,82,25,21,42,58,532
Będzino,POLREGIO Spółka Akcyjna,54,18,23,24,40,67,80,80,22,20,40,59,527
Będzino ,,54,18,23,24,40,67,80,80,22,20,40,59,527
Lubanice,POLREGIO Spółka Akcyjna,44,25,31,33,21,42,47,101,205,123,,58,730
Lubanice ,,44,25,31,33,21,42,47,101,205,123,,58,730
Skibno,POLREGIO Spółka Akcyjna,65,20,25,33,43,63,72,83,34,44,52,48,582
Skibno ,,65,20,25,33,43,63,72,83,34,44,52,48,582
Karwice,POLREGIO Spółka Akcyjna,69,31,26,36,43,79,89,106,30,37,51,49,646
Karwice ,,69,31,26,36,43,79,89,106,30,37,51,49,646
Wiekowo,POLREGIO Spółka Akcyjna,67,20,25,37,43,73,76,96,36,42,57,54,626
Wiekowo ,,67,20,25,37,43,73,76,96,36,42,57,54,626
Krynica-Zdrój,Koleje Małopolskie Sp. z o.o.,,,,,,0,1,1,,,,,2
Krynica-Zdrój,PKP CARGO S.A. w restrukturyzacji,,,,,,,,,0,,0,,0
Krynica-Zdrój,PKP INTERCITY Spółka Akcyjna ,17,3,8,1,11,8,17,11,15,6,6,12,115
Krynica-Zdrój,POLREGIO Spółka Akcyjna,19,5,10,4,7,17,19,13,16,6,4,4,124
Krynica-Zdrój ,,36,8,18,5,18,25,37,25,31,12,10,16,241
Muszyna Zdrój,Koleje Małopolskie Sp. z o.o.,,,,,,0,1,1,,,,,2
Muszyna Zdrój,PKP INTERCITY Spółka Akcyjna ,18,3,7,1,11,9,17,13,15,7,6,13,120
Muszyna Zdrój,POLREGIO Spółka Akcyjna,19,5,10,5,8,20,23,14,18,7,4,7,140
Muszyna Zdrój ,,37,8,17,6,19,29,41,28,33,14,10,20,262
Strzelce Krajeńskie Wschód,PKP INTERCITY Spółka Akcyjna ,21,6,13,12,14,28,,,,,,,94
Strzelce Krajeńskie Wschód,POLREGIO Spółka Akcyjna,192,117,122,130,114,91,,,,,,,766
Strzelce Krajeńskie Wschód ,,213,123,135,142,128,119,,,,,,,860
Górzyniec,Koleje Dolnośląskie S.A.,57,19,10,29,38,25,40,27,34,101,52,50,482
Górzyniec ,,57,19,10,29,38,25,40,27,34,101,52,50,482
Czarnowęsy Pomorskie,POLREGIO Spółka Akcyjna,72,17,36,29,44,43,62,65,43,45,36,66,558
Czarnowęsy Pomorskie ,,72,17,36,29,44,43,62,65,43,45,36,66,558
Drawsko Pomorskie,POLREGIO Spółka Akcyjna,38,21,40,19,20,34,35,23,23,33,29,29,344
Drawsko Pomorskie ,,38,21,40,19,20,34,35,23,23,33,29,29,344
Węgorzyno,POLREGIO Spółka Akcyjna,34,20,39,18,21,35,36,23,24,33,28,29,340
Węgorzyno ,,34,20,39,18,21,35,36,23,24,33,28,29,340
Złocieniec,POLREGIO Spółka Akcyjna,36,20,39,18,18,30,33,19,20,31,26,29,319
Złocieniec ,,36,20,39,18,18,30,33,19,20,31,26,29,319
Wołowno,POLREGIO Spółka Akcyjna,46,15,22,7,19,24,25,27,19,35,36,16,291
Wołowno ,,46,15,22,7,19,24,25,27,19,35,36,16,291
Jonkowo,POLREGIO Spółka Akcyjna,47,15,22,8,20,24,26,28,19,36,36,14,295
Jonkowo ,,47,15,22,8,20,24,26,28,19,36,36,14,295
Godki,POLREGIO Spółka Akcyjna,46,15,22,8,19,24,26,27,19,35,36,14,291
Godki ,,46,15,22,8,19,24,26,27,19,35,36,14,291
Gamerki Wielkie,POLREGIO Spółka Akcyjna,40,14,22,7,23,25,24,27,18,37,38,14,289
Gamerki Wielkie ,,40,14,22,7,23,25,24,27,18,37,38,14,289
Żabi Róg,POLREGIO Spółka Akcyjna,44,15,22,7,23,22,24,19,14,40,44,16,290
Żabi Róg ,,44,15,22,7,23,22,24,19,14,40,44,16,290
Morąg Kolonia,POLREGIO Spółka Akcyjna,46,16,20,7,24,24,24,22,12,43,48,18,304
Morąg Kolonia ,,46,16,20,7,24,24,24,22,12,43,48,18,304
Łubowo,POLREGIO Spółka Akcyjna,34,16,37,19,18,27,30,27,16,26,24,26,300
Łubowo ,,34,16,37,19,18,27,30,27,16,26,24,26,300
Kozia Góra,POLREGIO Spółka Akcyjna,46,15,26,8,23,23,29,23,17,45,44,16,315
Kozia Góra ,,46,15,26,8,23,23,29,23,17,45,44,16,315
Karlino,POLREGIO Spółka Akcyjna,52,15,45,30,34,55,85,77,13,5,4,103,518
Karlino ,,52,15,45,30,34,55,85,77,13,5,4,103,518
Jankowo Pomorskie,POLREGIO Spółka Akcyjna,36,21,38,17,22,34,29,16,21,34,30,29,327
Jankowo Pomorskie ,,36,21,38,17,22,34,29,16,21,34,30,29,327
Silnowo,POLREGIO Spółka Akcyjna,32,13,39,24,19,26,29,22,13,23,23,29,292
Silnowo ,,32,13,39,24,19,26,29,22,13,23,23,29,292
Nowogród Bobrzański,POLREGIO Spółka Akcyjna,42,28,31,40,28,28,,,104,185,183,224,893
Nowogród Bobrzański ,,42,28,31,40,28,28,,,104,185,183,224,893
Będźmierowice,Arriva RP Sp. z o.o.,19,6,3,12,7,26,25,16,28,7,30,26,205
Będźmierowice ,,19,6,3,12,7,26,25,16,28,7,30,26,205
Ostrowite koło Jabłonowa,POLREGIO Spółka Akcyjna,86,39,28,34,45,42,36,59,29,35,45,29,507
Ostrowite koło Jabłonowa ,,86,39,28,34,45,42,36,59,29,35,45,29,507
Lipinki,POLREGIO Spółka Akcyjna,90,39,29,34,48,45,36,62,30,36,47,31,527
Lipinki ,,90,39,29,34,48,45,36,62,30,36,47,31,527
Jamielnik,POLREGIO Spółka Akcyjna,81,37,30,36,46,40,37,57,29,33,46,32,504
Jamielnik ,,81,37,30,36,46,40,37,57,29,33,46,32,504
Biskupiec Pomorski,POLREGIO Spółka Akcyjna,74,35,23,33,46,38,35,61,29,32,45,31,482
Biskupiec Pomorski ,,74,35,23,33,46,38,35,61,29,32,45,31,482
Okonek,POLREGIO Spółka Akcyjna,116,70,108,89,68,122,145,134,42,56,66,162,1178
Okonek ,,116,70,108,89,68,122,145,134,42,56,66,162,1178
Wałcz,PKP INTERCITY Spółka Akcyjna ,11,3,9,4,5,7,6,6,26,24,26,27,154
Wałcz,POLREGIO Spółka Akcyjna,29,19,30,16,22,33,24,31,97,111,103,91,606
Wałcz ,,40,22,39,20,27,40,30,37,123,135,129,118,760
Tuczno Krajeńskie,PKP INTERCITY Spółka Akcyjna ,18,8,16,8,7,17,12,18,53,49,49,35,290
Tuczno Krajeńskie,POLREGIO Spółka Akcyjna,39,22,33,19,27,41,29,38,101,120,106,111,686
Tuczno Krajeńskie ,,57,30,49,27,34,58,41,56,154,169,155,146,976
Mikłasze,POLREGIO Spółka Akcyjna,54,18,33,38,43,32,38,52,59,28,37,32,464
Mikłasze ,,54,18,33,38,43,32,38,52,59,28,37,32,464
Stare Berezowo,POLREGIO Spółka Akcyjna,50,17,34,34,42,32,40,50,55,27,38,33,452
Stare Berezowo ,,50,17,34,34,42,32,40,50,55,27,38,33,452
Morze,POLREGIO Spółka Akcyjna,48,17,34,36,42,32,40,52,56,28,38,33,456
Morze ,,48,17,34,36,42,32,40,52,56,28,38,33,456
Orlanka,POLREGIO Spółka Akcyjna,50,17,33,37,43,32,38,52,56,28,38,32,456
Orlanka ,,50,17,33,37,43,32,38,52,56,28,38,32,456
Chytra,POLREGIO Spółka Akcyjna,49,18,33,33,42,31,38,48,52,26,36,34,440
Chytra ,,49,18,33,33,42,31,38,48,52,26,36,34,440
Silno,Arriva RP Sp. z o.o.,36,8,12,20,17,5,2,27,32,7,26,20,212
Silno,POLREGIO Spółka Akcyjna,,,,,,,,,,,,0,0
Silno ,,36,8,12,20,17,5,2,27,32,7,26,20,212
Żalno,Arriva RP Sp. z o.o.,38,10,13,20,18,6,2,30,32,9,27,20,225
Żalno ,,38,10,13,20,18,6,2,30,32,9,27,20,225
Piastoszyn,Arriva RP Sp. z o.o.,36,9,13,20,18,6,2,30,31,9,27,20,221
Piastoszyn ,,36,9,13,20,18,6,2,30,31,9,27,20,221
Racławki,Arriva RP Sp. z o.o.,35,8,10,20,17,5,2,28,32,11,26,20,214
Racławki ,,35,8,10,20,17,5,2,28,32,11,26,20,214
Wschowa,POLREGIO Spółka Akcyjna,32,20,32,30,35,33,55,23,47,71,66,31,475
Wschowa ,,32,20,32,30,35,33,55,23,47,71,66,31,475
Lasocice,POLREGIO Spółka Akcyjna,32,20,33,32,34,37,50,20,48,71,62,34,473
Lasocice ,,32,20,33,32,34,37,50,20,48,71,62,34,473
Stramnica,POLREGIO Spółka Akcyjna,50,12,45,24,30,44,68,57,13,5,4,102,454
Stramnica ,,50,12,45,24,30,44,68,57,13,5,4,102,454
Dygowo,POLREGIO Spółka Akcyjna,49,12,45,24,30,46,67,55,11,6,4,102,451
Dygowo ,,49,12,45,24,30,46,67,55,11,6,4,102,451
Wrzosowo,POLREGIO Spółka Akcyjna,53,15,44,24,33,46,69,56,12,4,4,103,463
Wrzosowo ,,53,15,44,24,33,46,69,56,12,4,4,103,463
Jazy,POLREGIO Spółka Akcyjna,53,15,47,26,32,48,71,58,13,6,4,103,476
Jazy ,,53,15,47,26,32,48,71,58,13,6,4,103,476
Daszewo,POLREGIO Spółka Akcyjna,53,15,45,30,33,46,72,58,13,5,5,103,478
Daszewo ,,53,15,45,30,33,46,72,58,13,5,5,103,478
Ptusza,POLREGIO Spółka Akcyjna,114,80,103,78,60,123,163,143,50,73,73,151,1211
Ptusza ,,114,80,103,78,60,123,163,143,50,73,73,151,1211
Płytnica,POLREGIO Spółka Akcyjna,105,67,97,89,68,107,132,119,57,72,75,139,1127
Płytnica ,,105,67,97,89,68,107,132,119,57,72,75,139,1127
Kowalów,PKP INTERCITY Spółka Akcyjna ,,,,,1,,,,,,,,1
Kowalów,POLREGIO Spółka Akcyjna,67,66,57,56,63,70,73,64,58,78,82,76,810
Kowalów ,,67,66,57,56,64,70,73,64,58,78,82,76,811
Stara Łubianka,POLREGIO Spółka Akcyjna,104,73,93,71,56,101,134,121,66,78,82,134,1113
Stara Łubianka ,,104,73,93,71,56,101,134,121,66,78,82,134,1113
Górzyca,POLREGIO Spółka Akcyjna,66,66,61,58,66,71,76,64,60,84,83,78,833
Górzyca ,,66,66,61,58,66,71,76,64,60,84,83,78,833
Koźla Kożuchowska,POLREGIO Spółka Akcyjna,43,28,31,38,25,25,,,93,170,175,209,837
Koźla Kożuchowska ,,43,28,31,38,25,25,,,93,170,175,209,837
Bogaczów,POLREGIO Spółka Akcyjna,42,28,31,39,27,26,,,95,175,176,208,847
Bogaczów ,,42,28,31,39,27,26,,,95,175,176,208,847
Lotyń,POLREGIO Spółka Akcyjna,113,71,106,84,64,119,144,124,43,50,65,172,1155
Lotyń ,,113,71,106,84,64,119,144,124,43,50,65,172,1155
Turowo Pomorskie,POLREGIO Spółka Akcyjna,106,56,100,89,67,105,127,112,42,51,51,167,1073
Turowo Pomorskie ,,106,56,100,89,67,105,127,112,42,51,51,167,1073
Korsze,PKP INTERCITY Spółka Akcyjna ,,,,,,,2,,,,,,2
Korsze,POLREGIO Spółka Akcyjna,54,15,8,7,20,20,17,22,6,11,30,20,230
Korsze ,,54,15,8,7,20,20,19,22,6,11,30,20,232
Czerwonka,PKP INTERCITY Spółka Akcyjna ,,,,,,,1,,,,,,1
Czerwonka,POLREGIO Spółka Akcyjna,69,21,14,10,22,27,27,26,13,20,37,25,311
Czerwonka ,,69,21,14,10,22,27,28,26,13,20,37,25,312
Barczewo,Freightliner PL Spółka z o.o.,,,,,,0,,,,,,,0
Barczewo,POLREGIO Spółka Akcyjna,64,20,13,10,22,27,28,27,12,21,39,26,309
Barczewo ,,64,20,13,10,22,27,28,27,12,21,39,26,309
Wierzbowa Śląska,Koleje Dolnośląskie S.A.,53,32,22,25,32,28,42,24,96,63,60,43,520
Wierzbowa Śląska ,,53,32,22,25,32,28,42,24,96,63,60,43,520
Modła,Koleje Dolnośląskie S.A.,53,33,23,25,32,29,41,25,95,64,59,43,522
Modła ,,53,33,23,25,32,29,41,25,95,64,59,43,522
Leszno Górne,Koleje Dolnośląskie S.A.,49,34,20,21,27,27,38,20,87,61,59,45,488
Leszno Górne ,,49,34,20,21,27,27,38,20,87,61,59,45,488
Brokęcino,POLREGIO Spółka Akcyjna,115,69,108,89,65,119,145,128,43,51,65,165,1162
Brokęcino ,,115,69,108,89,65,119,145,128,43,51,65,165,1162
Wipsowo,POLREGIO Spółka Akcyjna,73,22,14,10,24,29,28,27,13,21,39,26,326
Wipsowo ,,73,22,14,10,24,29,28,27,13,21,39,26,326
Sątopy-Samulewo,POLREGIO Spółka Akcyjna,66,21,12,10,21,23,20,23,6,12,30,20,264
Sątopy-Samulewo ,,66,21,12,10,21,23,20,23,6,12,30,20,264
Nikielkowo,POLREGIO Spółka Akcyjna,72,20,14,11,22,28,27,28,12,25,41,26,326
Nikielkowo ,,72,20,14,11,22,28,27,28,12,25,41,26,326
Łęgajny,POLREGIO Spółka Akcyjna,69,20,13,10,22,27,28,28,11,23,42,26,319
Łęgajny ,,69,20,13,10,22,27,28,28,11,23,42,26,319
Kolno,POLREGIO Spółka Akcyjna,70,22,13,10,22,26,25,24,7,13,32,24,288
Kolno ,,70,22,13,10,22,26,25,24,7,13,32,24,288
Górowo,POLREGIO Spółka Akcyjna,72,22,14,10,22,26,26,24,8,13,31,24,292
Górowo ,,72,22,14,10,22,26,26,24,8,13,31,24,292
Łankiejmy,POLREGIO Spółka Akcyjna,66,21,11,10,22,24,20,24,6,12,31,20,267
Łankiejmy ,,66,21,11,10,22,24,20,24,6,12,31,20,267
Lubicz,Arriva RP Sp. z o.o.,50,25,27,21,28,30,38,19,29,24,28,16,335
Lubicz,CARGO Master Spółka z o.o.,0,,,,1,,,,,,,,1
Lubicz ,,50,25,27,21,29,30,38,19,29,24,28,16,336
Czernikowo,Arriva RP Sp. z o.o.,39,25,28,19,24,26,37,19,22,21,28,13,301
Czernikowo,CARGO Master Spółka z o.o.,0,,,,1,,,,,,,,1
Czernikowo ,,39,25,28,19,25,26,37,19,22,21,28,13,302
Obrowo,Arriva RP Sp. z o.o.,46,26,30,22,30,28,39,22,24,19,28,15,329
Obrowo ,,46,26,30,22,30,28,39,22,24,19,28,15,329
Lipka Krajeńska,PKP INTERCITY Spółka Akcyjna ,12,3,5,7,5,13,7,6,4,6,7,12,87
Lipka Krajeńska,POLREGIO Spółka Akcyjna,25,14,16,37,24,32,34,27,18,25,34,35,321
Lipka Krajeńska ,,37,17,21,44,29,45,41,33,22,31,41,47,408
Grębocin,Arriva RP Sp. z o.o.,55,31,35,29,31,37,48,19,30,25,33,19,392
Grębocin ,,55,31,35,29,31,37,48,19,30,25,33,19,392
Dobrzejewice,Arriva RP Sp. z o.o.,42,26,29,22,29,30,38,23,25,21,29,15,329
Dobrzejewice ,,42,26,29,22,29,30,38,23,25,21,29,15,329
Bierzwnik,POLREGIO Spółka Akcyjna,56,22,44,37,33,46,33,21,48,39,46,53,478
Bierzwnik ,,56,22,44,37,33,46,33,21,48,39,46,53,478
Ścinawka Średnia,Koleje Dolnośląskie S.A.,61,35,57,67,67,50,86,61,101,159,97,76,917
Ścinawka Średnia,PKP INTERCITY Spółka Akcyjna ,,,,,,,,0,,,,,0
Ścinawka Średnia ,,61,35,57,67,67,50,86,61,101,159,97,76,917
Głuszyca Górna,Koleje Dolnośląskie S.A.,79,35,71,74,73,60,90,72,118,185,107,92,1056
Głuszyca Górna ,,79,35,71,74,73,60,90,72,118,185,107,92,1056
Bartnica,Koleje Dolnośląskie S.A.,82,36,72,74,72,57,90,73,114,185,105,91,1051
Bartnica ,,82,36,72,74,72,57,90,73,114,185,105,91,1051
Świerki Dolne,Koleje Dolnośląskie S.A.,80,37,71,74,74,55,91,73,112,188,105,88,1048
Świerki Dolne ,,80,37,71,74,74,55,91,73,112,188,105,88,1048
Nowa Ruda Zdrojowisko,Koleje Dolnośląskie S.A.,77,39,66,73,76,55,93,73,114,179,114,83,1042
Nowa Ruda Zdrojowisko ,,77,39,66,73,76,55,93,73,114,179,114,83,1042
Ludwikowice Kłodzkie,Koleje Dolnośląskie S.A.,79,38,69,73,75,54,91,73,114,188,108,86,1048
Ludwikowice Kłodzkie ,,79,38,69,73,75,54,91,73,114,188,108,86,1048
Kępice,CARGO Master Spółka z o.o.,,,,,0,,,,,,,,0
Kępice,POLREGIO Spółka Akcyjna,29,13,7,41,21,31,53,78,21,14,17,41,366
Kępice ,,29,13,7,41,21,31,53,78,21,14,17,41,366
Wrząca Pomorska,POLREGIO Spółka Akcyjna,30,14,9,42,20,31,54,78,16,14,16,47,371
Wrząca Pomorska ,,30,14,9,42,20,31,54,78,16,14,16,47,371
Słonowice,POLREGIO Spółka Akcyjna,32,13,9,41,17,29,55,77,16,15,15,45,364
Słonowice ,,32,13,9,41,17,29,55,77,16,15,15,45,364
Przytocko,POLREGIO Spółka Akcyjna,30,12,8,43,24,34,54,84,25,15,16,43,388
Przytocko ,,30,12,8,43,24,34,54,84,25,15,16,43,388
Korzybie,POLREGIO Spółka Akcyjna,29,13,7,40,21,31,54,79,19,14,16,45,368
Korzybie ,,29,13,7,40,21,31,54,79,19,14,16,45,368
Kawcze,POLREGIO Spółka Akcyjna,28,9,8,41,25,33,54,81,24,15,16,36,370
Kawcze ,,28,9,8,41,25,33,54,81,24,15,16,36,370
Kępka,POLREGIO Spółka Akcyjna,32,14,7,44,22,36,54,83,22,15,17,46,392
Kępka ,,32,14,7,44,22,36,54,83,22,15,17,46,392
Ciecholub,POLREGIO Spółka Akcyjna,30,12,8,41,24,34,52,83,24,16,16,42,382
Ciecholub ,,30,12,8,41,24,34,52,83,24,16,16,42,382
Biesowice,POLREGIO Spółka Akcyjna,31,14,8,44,24,35,53,83,24,16,17,44,393
Biesowice ,,31,14,8,44,24,35,53,83,24,16,17,44,393
Widzino,POLREGIO Spółka Akcyjna,32,13,10,41,16,25,55,74,17,14,15,45,357
Widzino ,,32,13,10,41,16,25,55,74,17,14,15,45,357
Kobylnica Słupska,POLREGIO Spółka Akcyjna,32,13,10,41,16,23,55,73,17,15,15,46,356
Kobylnica Słupska ,,32,13,10,41,16,23,55,73,17,15,15,46,356
Mleczewo,POLREGIO Spółka Akcyjna,52,13,17,18,21,23,52,56,31,23,27,37,370
Mleczewo ,,52,13,17,18,21,23,52,56,31,23,27,37,370
Ząbrowo,POLREGIO Spółka Akcyjna,49,10,16,15,20,21,40,47,27,31,30,24,330
Ząbrowo ,,49,10,16,15,20,21,40,47,27,31,30,24,330
Redaki,POLREGIO Spółka Akcyjna,47,11,14,15,22,22,40,47,27,28,30,24,327
Redaki ,,47,11,14,15,22,22,40,47,27,28,30,24,327
Ługi Górzyckie,POLREGIO Spółka Akcyjna,65,66,60,54,59,68,74,58,59,84,82,79,808
Ługi Górzyckie ,,65,66,60,54,59,68,74,58,59,84,82,79,808
Laski Lubuskie,POLREGIO Spółka Akcyjna,61,65,60,55,57,65,69,59,59,80,83,77,790
Laski Lubuskie ,,61,65,60,55,57,65,69,59,59,80,83,77,790
Drzeńsko,POLREGIO Spółka Akcyjna,67,69,57,55,57,67,72,60,59,82,83,78,806
Drzeńsko ,,67,69,57,55,57,67,72,60,59,82,83,78,806
Radów,POLREGIO Spółka Akcyjna,66,66,59,56,57,67,72,61,61,80,84,77,806
Radów ,,66,66,59,56,57,67,72,61,61,80,84,77,806
Podlesiec,POLREGIO Spółka Akcyjna,58,36,47,37,36,47,26,20,47,40,46,52,492
Podlesiec ,,58,36,47,37,36,47,26,20,47,40,46,52,492
Mierzęcin,POLREGIO Spółka Akcyjna,62,32,52,38,35,48,26,20,49,37,46,53,498
Mierzęcin ,,62,32,52,38,35,48,26,20,49,37,46,53,498
Drawiny,POLREGIO Spółka Akcyjna,57,36,48,36,35,47,26,19,47,37,47,51,486
Drawiny ,,57,36,48,36,35,47,26,19,47,37,47,51,486
Izbica,PKP INTERCITY Spółka Akcyjna ,32,21,7,7,14,11,17,20,13,16,20,22,200
Izbica,POLREGIO Spółka Akcyjna,27,7,9,11,28,25,74,87,37,39,30,27,401
Izbica ,,59,28,16,18,42,36,91,107,50,55,50,49,601
Krasnystaw Miasto,PKP INTERCITY Spółka Akcyjna ,33,21,6,7,13,11,16,21,15,17,23,24,207
Krasnystaw Miasto,POLREGIO Spółka Akcyjna,27,6,9,13,25,22,74,86,33,36,25,27,383
Krasnystaw Miasto ,,60,27,15,20,38,33,90,107,48,53,48,51,590
Wiewiecko,POLREGIO Spółka Akcyjna,33,21,37,17,19,33,31,13,20,33,27,28,312
Wiewiecko ,,33,21,37,17,19,33,31,13,20,33,27,28,312
Tuplice,Koleje Dolnośląskie S.A.,17,7,8,5,9,14,25,10,38,31,23,22,209
Tuplice,PKP INTERCITY Spółka Akcyjna ,,,,,,,,,2,,,,2
Tuplice,POLREGIO Spółka Akcyjna,24,15,14,11,11,9,24,6,16,32,18,21,201
Tuplice ,,41,22,22,16,20,23,49,16,56,63,41,43,412
Stare Drzewce,POLREGIO Spółka Akcyjna,31,21,34,32,33,22,61,24,45,66,38,33,440
Stare Drzewce ,,31,21,34,32,33,22,61,24,45,66,38,33,440
Głogówko,POLREGIO Spółka Akcyjna,29,20,35,31,32,23,63,22,45,62,38,30,430
Głogówko ,,29,20,35,31,32,23,63,22,45,62,38,30,430
Tuplice Dębinka,Koleje Dolnośląskie S.A.,25,14,8,8,9,16,27,14,40,33,25,24,243
Tuplice Dębinka,POLREGIO Spółka Akcyjna,25,14,15,15,12,10,27,6,24,43,24,25,240
Tuplice Dębinka ,,50,28,23,23,21,26,54,20,64,76,49,49,483
Sieniawa Żarska,Koleje Dolnośląskie S.A.,27,15,9,9,10,16,28,16,40,34,27,25,256
Sieniawa Żarska,POLREGIO Spółka Akcyjna,24,14,14,12,12,8,24,6,23,41,25,25,228
Sieniawa Żarska ,,51,29,23,21,22,24,52,22,63,75,52,50,484
Lipinki Łużyckie,Koleje Dolnośląskie S.A.,26,15,9,9,10,16,28,16,40,34,27,25,255
Lipinki Łużyckie,POLREGIO Spółka Akcyjna,24,14,14,12,12,8,26,6,24,42,25,25,232
Lipinki Łużyckie ,,50,29,23,21,22,24,54,22,64,76,52,50,487
Skórka,POLREGIO Spółka Akcyjna,32,22,25,47,39,38,53,37,26,35,46,44,444
Skórka ,,32,22,25,47,39,38,53,37,26,35,46,44,444
Piła Podlasie,POLREGIO Spółka Akcyjna,30,21,25,43,38,38,52,36,24,34,45,42,428
Piła Podlasie ,,30,21,25,43,38,38,52,36,24,34,45,42,428
Dolnik,POLREGIO Spółka Akcyjna,33,22,26,45,40,37,53,37,26,35,45,44,443
Dolnik ,,33,22,26,45,40,37,53,37,26,35,45,44,443
Suwałki,PKP INTERCITY Spółka Akcyjna ,36,17,22,17,24,34,33,33,18,22,29,36,321
Suwałki,POLREGIO Spółka Akcyjna,26,12,6,9,15,14,19,19,12,19,34,18,203
Suwałki ,,62,29,28,26,39,48,52,52,30,41,63,54,524
Dąbrowa Białostocka,PKP INTERCITY Spółka Akcyjna ,26,8,8,9,22,27,27,28,13,15,23,24,230
Dąbrowa Białostocka,POLREGIO Spółka Akcyjna,37,11,12,16,27,13,20,24,17,23,35,19,254
Dąbrowa Białostocka ,,63,19,20,25,49,40,47,52,30,38,58,43,484
Augustów,PKP INTERCITY Spółka Akcyjna ,26,10,11,5,14,28,28,24,12,19,20,23,220
Augustów,POLREGIO Spółka Akcyjna,35,12,9,13,15,15,20,18,15,22,36,21,231
Augustów ,,61,22,20,18,29,43,48,42,27,41,56,44,451
Jedlina-Zdrój Centrum,CARGO Master Spółka z o.o.,,,,1,,,,,,,,,1
Jedlina-Zdrój Centrum,Koleje Dolnośląskie S.A.,57,33,45,50,43,50,65,49,65,129,84,47,717
Jedlina-Zdrój Centrum ,,57,33,45,51,43,50,65,49,65,129,84,47,718
Żelisławie Pomorskie,POLREGIO Spółka Akcyjna,32,19,34,17,17,26,30,15,15,28,24,28,285
Żelisławie Pomorskie ,,32,19,34,17,17,26,30,15,15,28,24,28,285
Suliszewo Drawskie,POLREGIO Spółka Akcyjna,36,21,37,18,17,31,29,14,19,32,26,29,309
Suliszewo Drawskie ,,36,21,37,18,17,31,29,14,19,32,26,29,309
Rzęśnica,POLREGIO Spółka Akcyjna,36,20,36,17,16,31,29,13,19,30,25,30,302
Rzęśnica ,,36,20,36,17,16,31,29,13,19,30,25,30,302
Bobrowo Pomorskie,POLREGIO Spółka Akcyjna,33,20,35,17,16,26,30,14,18,29,23,28,289
Bobrowo Pomorskie ,,33,20,35,17,16,26,30,14,18,29,23,28,289
Zagórze Śląskie,CARGO Master Spółka z o.o.,,,,1,,,,,,,,,1
Zagórze Śląskie,Koleje Dolnośląskie S.A.,57,32,47,54,42,49,63,47,64,133,84,53,725
Zagórze Śląskie,PKP INTERCITY Spółka Akcyjna ,,,,,,,,0,,,,,0
Zagórze Śląskie ,,57,32,47,55,42,49,63,47,64,133,84,53,726
Sanok,PKP INTERCITY Spółka Akcyjna ,24,16,16,12,14,17,28,33,36,23,15,13,247
Sanok,POLREGIO Spółka Akcyjna,6,0,6,4,5,7,13,6,4,8,8,3,70
Sanok,SKPL Cargo Sp. z o.o.  (przewozy pasażerskie),,,,,,0,,,,1,,,1
Sanok ,,30,16,22,16,19,24,41,39,40,32,23,16,318
Jugowice,Koleje Dolnośląskie S.A.,57,33,45,53,42,49,61,47,64,130,83,48,712
Jugowice,PKP INTERCITY Spółka Akcyjna ,,,,,,,,0,,,,,0
Jugowice ,,57,33,45,53,42,49,61,47,64,130,83,48,712
Lubachów,Koleje Dolnośląskie S.A.,60,32,48,52,42,51,61,48,64,134,85,53,730
Lubachów ,,60,32,48,52,42,51,61,48,64,134,85,53,730
Burkatów,Koleje Dolnośląskie S.A.,62,32,49,53,41,53,60,48,63,128,85,54,728
Burkatów ,,62,32,49,53,41,53,60,48,63,128,85,54,728
Bystrzyca Górna,Koleje Dolnośląskie S.A.,61,32,49,52,42,53,60,47,63,132,86,53,730
Bystrzyca Górna ,,61,32,49,52,42,53,60,47,63,132,86,53,730
Prudnik,CARGO Master Spółka z o.o.,,,,0,,,,,,,,,0
Prudnik,PKP INTERCITY Spółka Akcyjna ,54,33,26,17,19,18,45,16,18,34,64,41,385
Prudnik,POLREGIO Spółka Akcyjna,45,40,32,22,29,19,56,28,38,34,71,42,456
Prudnik ,,99,73,58,39,48,37,101,44,56,68,135,83,841
Dęba Rozalin,POLREGIO Spółka Akcyjna,66,47,60,35,29,47,50,39,23,31,38,47,512
Dęba Rozalin ,,66,47,60,35,29,47,50,39,23,31,38,47,512
Letnica,POLREGIO Spółka Akcyjna,42,26,31,32,23,24,,,93,169,176,209,825
Letnica ,,42,26,31,32,23,24,,,93,169,176,209,825
Głogówek,CARGO Master Spółka z o.o.,,,,0,,,,,,,,,0
Głogówek,PKP INTERCITY Spółka Akcyjna ,59,37,34,19,21,21,45,18,16,34,61,42,407
Głogówek,POLREGIO Spółka Akcyjna,48,42,44,27,32,21,58,25,40,37,68,42,484
Głogówek ,,107,79,78,46,53,42,103,43,56,71,129,84,891
Buchałów,POLREGIO Spółka Akcyjna,41,26,31,33,23,24,,,94,169,176,211,828
Buchałów ,,41,26,31,33,23,24,,,94,169,176,211,828
Sowczyce,POLREGIO Spółka Akcyjna,50,21,22,22,22,20,32,22,40,21,27,32,331
Sowczyce ,,50,21,22,22,22,20,32,22,40,21,27,32,331
Sieraków Śląski,POLREGIO Spółka Akcyjna,47,20,23,23,20,18,30,22,38,20,27,33,321
Sieraków Śląski ,,47,20,23,23,20,18,30,22,38,20,27,33,321
Zarębki,POLREGIO Spółka Akcyjna,71,50,61,35,34,45,57,35,31,38,40,51,548
Zarębki ,,71,50,61,35,34,45,57,35,31,38,40,51,548
Sobów,POLREGIO Spółka Akcyjna,96,55,62,28,34,44,41,33,22,36,35,52,538
Sobów ,,96,55,62,28,34,44,41,33,22,36,35,52,538
Majdan Królewski Podlasek,POLREGIO Spółka Akcyjna,72,50,61,38,32,46,55,37,30,37,38,51,547
Majdan Królewski Podlasek ,,72,50,61,38,32,46,55,37,30,37,38,51,547
Majdan Królewski,POLREGIO Spółka Akcyjna,68,47,56,35,29,44,54,37,28,35,34,45,512
Majdan Królewski ,,68,47,56,35,29,44,54,37,28,35,34,45,512
Komorów Podmurynia,POLREGIO Spółka Akcyjna,72,53,62,38,31,44,55,35,28,37,38,51,544
Komorów Podmurynia ,,72,53,62,38,31,44,55,35,28,37,38,51,544
Huta Komorowska,POLREGIO Spółka Akcyjna,68,48,55,36,28,47,53,40,24,33,37,46,515
Huta Komorowska ,,68,48,55,36,28,47,53,40,24,33,37,46,515
Cmolas,POLREGIO Spółka Akcyjna,72,50,64,36,33,44,56,35,29,38,40,51,548
Cmolas ,,72,50,64,36,33,44,56,35,29,38,40,51,548
Stare Olesno,POLREGIO Spółka Akcyjna,48,17,26,24,22,22,30,18,37,21,26,28,319
Stare Olesno ,,48,17,26,24,22,22,30,18,37,21,26,28,319
Kochcice-Glinica,POLREGIO Spółka Akcyjna,47,19,23,24,18,21,32,21,38,23,27,31,324
Kochcice-Glinica ,,47,19,23,24,18,21,32,21,38,23,27,31,324
Ciasna,POLREGIO Spółka Akcyjna,45,19,24,22,18,19,30,21,37,19,27,31,312
Ciasna ,,45,19,24,22,18,19,30,21,37,19,27,31,312
Bąków,POLREGIO Spółka Akcyjna,49,15,24,23,20,22,31,17,36,20,22,28,307
Bąków ,,49,15,24,23,20,22,31,17,36,20,22,28,307
Tarnowska Wola,POLREGIO Spółka Akcyjna,85,57,59,28,26,42,47,33,21,32,37,51,518
Tarnowska Wola ,,85,57,59,28,26,42,47,33,21,32,37,51,518
Jadachy,POLREGIO Spółka Akcyjna,85,58,59,27,27,43,45,33,20,32,38,51,518
Jadachy ,,85,58,59,27,27,43,45,33,20,32,38,51,518
Cygany,POLREGIO Spółka Akcyjna,88,58,57,26,27,44,44,32,19,32,35,51,513
Cygany ,,88,58,57,26,27,44,44,32,19,32,35,51,513
Chmielów Zagumnie,POLREGIO Spółka Akcyjna,90,57,59,27,30,43,45,32,19,33,36,50,521
Chmielów Zagumnie ,,90,57,59,27,30,43,45,32,19,33,36,50,521
Mokrzyca Wielka,POLREGIO Spółka Akcyjna,13,11,9,6,8,18,15,10,23,26,23,27,189
Mokrzyca Wielka ,,13,11,9,6,8,18,15,10,23,26,23,27,189
Strzebiń,POLREGIO Spółka Akcyjna,23,2,2,6,4,10,10,15,6,4,10,6,98
Strzebiń ,,23,2,2,6,4,10,10,15,6,4,10,6,98
Słonice,POLREGIO Spółka Akcyjna,64,25,50,41,27,41,27,18,52,38,41,54,478
Słonice ,,64,25,50,41,27,41,27,18,52,38,41,54,478
Stary Klukom,POLREGIO Spółka Akcyjna,68,26,61,42,27,44,23,24,52,38,41,55,501
Stary Klukom ,,68,26,61,42,27,44,23,24,52,38,41,55,501
Rębusz,POLREGIO Spółka Akcyjna,61,23,44,35,28,47,36,19,47,36,43,54,473
Rębusz ,,61,23,44,35,28,47,36,19,47,36,43,54,473
Boronów,POLREGIO Spółka Akcyjna,21,2,3,11,5,9,10,13,5,3,12,4,98
Boronów ,,21,2,3,11,5,9,10,13,5,3,12,4,98
Twarda Góra,POLREGIO Spółka Akcyjna,47,31,34,22,52,56,68,70,46,58,63,39,586
Twarda Góra ,,47,31,34,22,52,56,68,70,46,58,63,39,586
Warlubie,POLREGIO Spółka Akcyjna,46,31,32,22,46,56,63,67,47,55,60,45,570
Warlubie ,,46,31,32,22,46,56,63,67,47,55,60,45,570
Zbydniów,POLREGIO Spółka Akcyjna,99,55,61,28,31,38,39,32,17,34,34,50,518
Zbydniów ,,99,55,61,28,31,38,39,32,17,34,34,50,518
Turbia,POLREGIO Spółka Akcyjna,97,57,62,28,32,39,41,33,18,35,35,50,527
Turbia ,,97,57,62,28,32,39,41,33,18,35,35,50,527
Grębów,POLREGIO Spółka Akcyjna,100,53,62,28,32,38,38,36,19,34,34,51,525
Grębów ,,100,53,62,28,32,38,38,36,19,34,34,51,525
Toporów,POLREGIO Spółka Akcyjna,128,98,146,127,116,147,96,108,121,125,112,95,1419
Toporów ,,128,98,146,127,116,147,96,108,121,125,112,95,1419
Żółwino,POLREGIO Spółka Akcyjna,48,23,53,20,29,47,33,37,95,117,87,96,685
Żółwino ,,48,23,53,20,29,47,33,37,95,117,87,96,685
Prostynia,POLREGIO Spółka Akcyjna,43,24,45,18,28,47,32,31,95,118,84,93,658
Prostynia ,,43,24,45,18,28,47,32,31,95,118,84,93,658
Cybowo,POLREGIO Spółka Akcyjna,48,27,45,20,30,53,33,34,99,122,98,104,713
Cybowo ,,48,27,45,20,30,53,33,34,99,122,98,104,713
Dunowo,POLREGIO Spółka Akcyjna,73,18,26,16,15,44,54,44,34,40,39,90,493
Dunowo ,,73,18,26,16,15,44,54,44,34,40,39,90,493
Tarnowo Pomorskie,POLREGIO Spółka Akcyjna,41,20,52,19,31,43,31,33,88,108,83,86,635
Tarnowo Pomorskie ,,41,20,52,19,31,43,31,33,88,108,83,86,635
Sulino,POLREGIO Spółka Akcyjna,45,21,56,20,36,47,32,33,94,118,87,87,676
Sulino ,,45,21,56,20,36,47,32,33,94,118,87,87,676
Sokoliniec,POLREGIO Spółka Akcyjna,47,21,53,19,31,43,36,35,90,116,87,96,674
Sokoliniec ,,47,21,53,19,31,43,36,35,90,116,87,96,674
Pęzino,POLREGIO Spółka Akcyjna,44,21,53,20,36,46,32,34,93,117,84,84,664
Pęzino ,,44,21,53,20,36,46,32,34,93,117,84,84,664
Ognica,POLREGIO Spółka Akcyjna,47,21,53,20,31,43,35,36,89,112,87,96,670
Ognica ,,47,21,53,20,31,43,35,36,89,112,87,96,670
Barzkowice,POLREGIO Spółka Akcyjna,44,22,55,20,37,46,33,33,92,119,87,86,674
Barzkowice ,,44,22,55,20,37,46,33,33,92,119,87,86,674
Raciąż,CARGO Master Spółka z o.o.,,,,,0,,,,,,,,0
Raciąż,Koleje Mazowieckie - KM Spółka z o.o.,37,37,14,16,17,24,14,7,2,1,6,13,188
Raciąż ,,37,37,14,16,17,24,14,7,2,1,6,13,188
Torzym,POLREGIO Spółka Akcyjna,127,96,150,126,107,141,95,106,123,128,111,93,1403
Torzym ,,127,96,150,126,107,141,95,106,123,128,111,93,1403
Boczów,POLREGIO Spółka Akcyjna,125,95,152,126,108,123,78,105,118,131,109,85,1355
Boczów ,,125,95,152,126,108,123,78,105,118,131,109,85,1355
Szczaniec,POLREGIO Spółka Akcyjna,128,95,149,105,95,133,81,115,135,148,124,104,1412
Szczaniec ,,128,95,149,105,95,133,81,115,135,148,124,104,1412
Drzewce,POLREGIO Spółka Akcyjna,129,96,150,127,109,143,94,106,122,129,113,93,1411
Drzewce ,,129,96,150,127,109,143,94,106,122,129,113,93,1411
Kupienino,POLREGIO Spółka Akcyjna,129,99,154,119,103,147,85,114,138,151,127,106,1472
Kupienino ,,129,99,154,119,103,147,85,114,138,151,127,106,1472
Wilkowo Świebodzińskie,POLREGIO Spółka Akcyjna,147,118,169,150,121,171,95,114,129,135,126,94,1569
Wilkowo Świebodzińskie ,,147,118,169,150,121,171,95,114,129,135,126,94,1569
Mostki,POLREGIO Spółka Akcyjna,144,116,173,151,123,171,98,112,127,131,122,95,1563
Mostki ,,144,116,173,151,123,171,98,112,127,131,122,95,1563
Chybie,Koleje Śląskie Spółka z o.o.,41,22,20,28,20,31,21,17,24,19,45,42,330
Chybie ,,41,22,20,28,20,31,21,17,24,19,45,42,330
Łuków Łapiguz,POLREGIO Spółka Akcyjna,21,7,11,6,12,12,16,30,37,22,13,15,202
Łuków Łapiguz ,,21,7,11,6,12,12,16,30,37,22,13,15,202
Puławy Azoty,POLREGIO Spółka Akcyjna,15,10,8,9,7,11,23,24,22,11,11,10,161
Puławy Azoty ,,15,10,8,9,7,11,23,24,22,11,11,10,161
Małdyty,POLREGIO Spółka Akcyjna,42,13,12,5,16,12,21,16,15,37,44,17,250
Małdyty ,,42,13,12,5,16,12,21,16,15,37,44,17,250
Dobrocin,POLREGIO Spółka Akcyjna,45,13,14,4,16,17,22,22,13,37,45,17,265
Dobrocin ,,45,13,14,4,16,17,22,22,13,37,45,17,265
Zielonka Pasłęcka,POLREGIO Spółka Akcyjna,49,16,16,7,16,17,31,30,24,36,47,19,308
Zielonka Pasłęcka ,,49,16,16,7,16,17,31,30,24,36,47,19,308
Nowa Wieś Cierpkie,POLREGIO Spółka Akcyjna,50,16,16,7,16,17,33,31,26,37,47,19,315
Nowa Wieś Cierpkie ,,50,16,16,7,16,17,33,31,26,37,47,19,315
Bogaczewo,PKP INTERCITY Spółka Akcyjna ,,,,,,,0,,,,,,0
Bogaczewo,POLREGIO Spółka Akcyjna,45,14,14,8,12,13,32,31,24,35,38,15,281
Bogaczewo ,,45,14,14,8,12,13,32,31,24,35,38,15,281
Komorowo Żuławskie,POLREGIO Spółka Akcyjna,46,14,15,7,14,15,34,31,26,36,40,15,293
Komorowo Żuławskie ,,46,14,15,7,14,15,34,31,26,36,40,15,293
Gronajny,POLREGIO Spółka Akcyjna,50,14,18,17,19,21,48,50,24,23,25,33,342
Gronajny ,,50,14,18,17,19,21,48,50,24,23,25,33,342
Gdakowo,POLREGIO Spółka Akcyjna,52,13,18,15,20,22,51,54,21,22,23,30,341
Gdakowo ,,52,13,18,15,20,22,51,54,21,22,23,30,341
Dąbrówka Malborska,POLREGIO Spółka Akcyjna,49,14,19,17,20,22,51,50,25,22,27,35,351
Dąbrówka Malborska ,,49,14,19,17,20,22,51,50,25,22,27,35,351
Wandzin,POLREGIO Spółka Akcyjna,18,15,13,17,16,17,20,36,27,26,39,18,262
Wandzin ,,18,15,13,17,16,17,20,36,27,26,39,18,262
Rudnik,POLREGIO Spółka Akcyjna,25,16,16,19,16,15,23,39,27,24,43,21,284
Rudnik ,,25,16,16,19,16,15,23,39,27,24,43,21,284
Niemce,POLREGIO Spółka Akcyjna,20,17,14,17,16,17,20,36,27,26,40,20,270
Niemce ,,20,17,14,17,16,17,20,36,27,26,40,20,270
Lublin Zadębie,POLREGIO Spółka Akcyjna,24,15,16,20,16,15,23,37,27,23,43,19,278
Lublin Zadębie ,,24,15,16,20,16,15,23,37,27,23,43,19,278
Lublin Ponikwoda,POLREGIO Spółka Akcyjna,25,15,16,21,16,15,24,37,27,24,43,20,283
Lublin Ponikwoda ,,25,15,16,21,16,15,24,37,27,24,43,20,283
Łagiewniki,POLREGIO Spółka Akcyjna,25,16,15,18,16,15,23,38,27,24,43,22,282
Łagiewniki ,,25,16,15,18,16,15,23,38,27,24,43,22,282
Ciecierzyn,POLREGIO Spółka Akcyjna,24,16,14,18,16,15,25,39,26,24,41,22,280
Ciecierzyn ,,24,16,14,18,16,15,25,39,26,24,41,22,280
Bystrzyca koło Lublina,POLREGIO Spółka Akcyjna,22,16,14,18,16,15,20,37,24,24,39,20,265
Bystrzyca koło Lublina ,,22,16,14,18,16,15,20,37,24,24,39,20,265
Lubartów Lipowa,POLREGIO Spółka Akcyjna,17,14,14,15,17,17,21,34,28,25,40,23,265
Lubartów Lipowa ,,17,14,14,15,17,17,21,34,28,25,40,23,265
Lubartów Słowackiego,POLREGIO Spółka Akcyjna,17,14,14,15,16,19,19,36,27,26,40,23,266
Lubartów Słowackiego ,,17,14,14,15,16,19,19,36,27,26,40,23,266
Granowiec,POLREGIO Spółka Akcyjna,37,38,36,35,35,27,24,38,51,36,40,44,441
Granowiec ,,37,38,36,35,35,27,24,38,51,36,40,44,441
Międzybórz Sycowski,POLREGIO Spółka Akcyjna,40,42,33,33,40,29,27,40,59,39,42,54,478
Międzybórz Sycowski ,,40,42,33,33,40,29,27,40,59,39,42,54,478
Bukowina Sycowska,POLREGIO Spółka Akcyjna,45,47,38,33,40,31,28,38,67,44,45,57,513
Bukowina Sycowska ,,45,47,38,33,40,31,28,38,67,44,45,57,513
Garki,POLREGIO Spółka Akcyjna,37,40,34,36,37,27,24,38,53,38,43,46,453
Garki ,,37,40,34,36,37,27,24,38,53,38,43,46,453
Sośnie Ostrowskie,POLREGIO Spółka Akcyjna,37,37,33,33,36,27,24,39,52,40,39,44,441
Sośnie Ostrowskie ,,37,37,33,33,36,27,24,39,52,40,39,44,441
Pawłów Wielkopolski,POLREGIO Spółka Akcyjna,38,35,32,35,41,31,27,38,57,39,42,49,464
Pawłów Wielkopolski ,,38,35,32,35,41,31,27,38,57,39,42,49,464
Ryki,POLREGIO Spółka Akcyjna,24,10,9,9,14,16,28,58,39,19,20,15,261
Ryki ,,24,10,9,9,14,16,28,58,39,19,20,15,261
Leopoldów,POLREGIO Spółka Akcyjna,24,10,9,9,15,16,29,58,37,20,20,14,261
Leopoldów ,,24,10,9,9,15,16,29,58,37,20,20,14,261
Petrovice u Karvine,LEO Express Global a.s.,1,3,3,2,3,5,3,1,4,4,3,5,37
Petrovice u Karvine,PKP INTERCITY Spółka Akcyjna ,107,102,73,45,55,80,90,107,46,98,106,86,995
Petrovice u Karvine,RegioJet a.s.,20,18,29,26,25,34,32,16,23,28,27,18,296
Petrovice u Karvine,Leo Express s.r.o.,,,,,,,,,,,,1,1
Petrovice u Karvine ,,128,123,105,73,83,119,125,124,73,130,136,110,1329
Okrzeja,POLREGIO Spółka Akcyjna,21,9,8,8,14,16,30,56,35,19,17,14,247
Okrzeja ,,21,9,8,8,14,16,30,56,35,19,17,14,247
Grabów Szlachecki,POLREGIO Spółka Akcyjna,24,10,10,9,14,16,29,57,37,20,20,14,260
Grabów Szlachecki ,,24,10,10,9,14,16,29,57,37,20,20,14,260
Sarnów,POLREGIO Spółka Akcyjna,23,7,9,7,12,17,29,55,36,23,15,13,246
Sarnów ,,23,7,9,7,12,17,29,55,36,23,15,13,246
Krzywda,POLREGIO Spółka Akcyjna,22,8,10,8,14,17,30,60,38,21,17,14,259
Krzywda ,,22,8,10,8,14,17,30,60,38,21,17,14,259
Hordzieżka,POLREGIO Spółka Akcyjna,23,9,11,8,14,17,30,58,42,23,17,14,266
Hordzieżka ,,23,9,11,8,14,17,30,58,42,23,17,14,266
Borowina,POLREGIO Spółka Akcyjna,23,7,10,8,14,17,30,58,35,22,16,13,253
Borowina ,,23,7,10,8,14,17,30,58,35,22,16,13,253
Witowo,POLREGIO Spółka Akcyjna,26,11,8,12,23,20,20,21,25,18,24,16,224
Witowo ,,26,11,8,12,23,20,20,21,25,18,24,16,224
Policzna,POLREGIO Spółka Akcyjna,26,11,7,12,23,21,19,21,23,18,25,16,222
Policzna ,,26,11,7,12,23,21,19,21,23,18,25,16,222
Orzeszkowo,POLREGIO Spółka Akcyjna,29,12,8,13,22,20,25,20,29,17,25,15,235
Orzeszkowo ,,29,12,8,13,22,20,25,20,29,17,25,15,235
Dobrowoda,POLREGIO Spółka Akcyjna,27,12,7,12,24,22,18,20,21,19,25,17,224
Dobrowoda ,,27,12,7,12,24,22,18,20,21,19,25,17,224
Zabiele,POLREGIO Spółka Akcyjna,13,11,11,11,10,17,15,26,17,21,30,20,202
Zabiele ,,13,11,11,11,10,17,15,26,17,21,30,20,202
Parczew Kolejowa,POLREGIO Spółka Akcyjna,10,10,12,11,10,15,14,22,16,20,27,20,187
Parczew Kolejowa ,,10,10,12,11,10,15,14,22,16,20,27,20,187
Laski,POLREGIO Spółka Akcyjna,13,11,13,11,10,16,15,25,16,21,30,20,201
Laski ,,13,11,13,11,10,16,15,25,16,21,30,20,201
Gródek,POLREGIO Spółka Akcyjna,14,11,13,11,9,16,15,26,16,21,30,20,202
Gródek ,,14,11,13,11,9,16,15,26,16,21,30,20,202
Brzeźnica Bychawska,POLREGIO Spółka Akcyjna,13,11,11,11,11,16,15,26,17,21,30,20,202
Brzeźnica Bychawska ,,13,11,11,11,11,16,15,26,17,21,30,20,202
Tarło,POLREGIO Spółka Akcyjna,15,13,13,16,16,19,19,36,27,27,39,24,264
Tarło ,,15,13,13,16,16,19,19,36,27,27,39,24,264
Pałecznica,POLREGIO Spółka Akcyjna,16,14,13,16,16,19,19,36,27,26,40,22,264
Pałecznica ,,16,14,13,16,16,19,19,36,27,26,40,22,264
Berejów,POLREGIO Spółka Akcyjna,15,13,13,16,16,17,18,33,25,25,39,22,252
Berejów ,,15,13,13,16,16,17,18,33,25,25,39,22,252
Głowno Północne,Łódzka Kolej Aglomeracyjna Sp. z o.o.,,,,,,,,,11,17,39,17,84
Głowno Północne ,,,,,,,,,,11,17,39,17,84
Krosno Odrzańskie,PKP INTERCITY Spółka Akcyjna ,,,,,,,,,0,,,,0
Krosno Odrzańskie,POLREGIO Spółka Akcyjna,30,20,27,20,29,31,18,28,54,76,46,36,415
Krosno Odrzańskie ,,30,20,27,20,29,31,18,28,54,76,46,36,415
Szczawno - Ciemnice,POLREGIO Spółka Akcyjna,32,20,24,20,30,32,18,28,54,77,51,35,421
Szczawno - Ciemnice ,,32,20,24,20,30,32,18,28,54,77,51,35,421
Nietków,POLREGIO Spółka Akcyjna,32,20,25,20,30,33,18,28,55,77,51,36,425
Nietków ,,32,20,25,20,30,33,18,28,55,77,51,36,425
Laski Odrzańskie,POLREGIO Spółka Akcyjna,32,20,26,20,31,32,19,28,55,77,51,35,426
Laski Odrzańskie ,,32,20,26,20,31,32,19,28,55,77,51,35,426
Krzepice,Koleje Śląskie Spółka z o.o.,,,,,,1,,,,,,,1
Krzepice,PKP INTERCITY Spółka Akcyjna ,14,5,3,8,10,12,14,15,11,8,14,15,129
Krzepice,POLREGIO Spółka Akcyjna,20,0,3,3,4,10,11,10,5,4,8,3,81
Krzepice ,,34,5,6,11,14,23,25,25,16,12,22,18,211
Wieluń,Koleje Śląskie Spółka z o.o.,,,,,,1,,,,,,,1
Wieluń,PKP INTERCITY Spółka Akcyjna ,13,4,3,8,11,10,12,15,12,8,15,15,126
Wieluń,POLREGIO Spółka Akcyjna,17,2,3,1,6,16,16,17,10,6,13,5,112
Wieluń ,,30,6,6,9,17,27,28,32,22,14,28,20,239
Jelenino,POLREGIO Spółka Akcyjna,27,12,34,22,16,20,23,18,8,16,15,22,233
Jelenino ,,27,12,34,22,16,20,23,18,8,16,15,22,233
Czarne Małe,POLREGIO Spółka Akcyjna,31,17,33,19,16,23,28,22,12,27,18,23,269
Czarne Małe ,,31,17,33,19,16,23,28,22,12,27,18,23,269
Lipno,Arriva RP Sp. z o.o.,31,22,23,19,21,25,29,17,20,18,27,13,265
Lipno,CARGO Master Spółka z o.o.,0,,,,1,,,,,,,,1
Lipno ,,31,22,23,19,22,25,29,17,20,18,27,13,266
Skępe,Arriva RP Sp. z o.o.,28,21,23,16,22,25,29,17,22,17,24,14,258
Skępe,CARGO Master Spółka z o.o.,0,,,,1,,,,,,,,1
Skępe ,,28,21,23,16,23,25,29,17,22,17,24,14,259
Gubin,POLREGIO Spółka Akcyjna,29,20,22,19,28,31,16,27,54,40,45,39,370
Gubin ,,29,20,22,19,28,31,16,27,54,40,45,39,370
Wężyska,POLREGIO Spółka Akcyjna,31,22,26,21,30,32,18,28,54,39,45,38,384
Wężyska ,,31,22,26,21,30,32,18,28,54,39,45,38,384
Wałowice,POLREGIO Spółka Akcyjna,29,19,25,21,29,32,17,28,52,40,46,39,377
Wałowice ,,29,19,25,21,29,32,17,28,52,40,46,39,377
Podwierzbie,Arriva RP Sp. z o.o.,26,22,21,18,24,25,28,15,20,16,22,16,253
Podwierzbie ,,26,22,21,18,24,25,28,15,20,16,22,16,253
Ograszka,Arriva RP Sp. z o.o.,32,27,25,21,22,28,31,17,21,21,29,15,289
Ograszka ,,32,27,25,21,22,28,31,17,21,21,29,15,289
Karnkowo,Arriva RP Sp. z o.o.,31,24,23,18,21,27,31,18,22,17,27,14,273
Karnkowo ,,31,24,23,18,21,27,31,18,22,17,27,14,273
Konotopie,Arriva RP Sp. z o.o.,32,24,24,21,22,28,32,17,21,19,28,15,283
Konotopie ,,32,24,24,21,22,28,32,17,21,19,28,15,283
Koziołek,Arriva RP Sp. z o.o.,26,21,22,18,24,25,28,16,21,16,22,17,256
Koziołek ,,26,21,22,18,24,25,28,16,21,16,22,17,256
Czermno,Arriva RP Sp. z o.o.,29,21,23,18,24,25,29,16,21,17,22,15,260
Czermno ,,29,21,23,18,24,25,29,16,21,17,22,15,260
Stefanowo,CARGO Master Spółka z o.o.,,,,,0,,,,,,,,0
Stefanowo,Koleje Wielkopolskie Sp. z o.o.,8,2,10,7,5,8,11,2,2,3,9,7,74
Stefanowo,Parowozownia Wolsztyn,,,2,0,0,0,,0,,,,2,4
Stefanowo ,,8,2,12,7,5,8,11,2,2,3,9,9,78
Świdwin Zamek,POLREGIO Spółka Akcyjna,,,34,27,43,40,58,67,44,54,42,75,484
Świdwin Zamek ,,,,34,27,43,40,58,67,44,54,42,75,484
Zbąszyń Przedmieście,Koleje Wielkopolskie Sp. z o.o.,13,2,12,7,10,8,12,2,2,3,8,7,86
Zbąszyń Przedmieście ,,13,2,12,7,10,8,12,2,2,3,8,7,86
Tuchorza,Koleje Wielkopolskie Sp. z o.o.,8,3,11,7,6,6,11,2,3,3,9,8,77
Tuchorza ,,8,3,11,7,6,6,11,2,3,3,9,8,77
Belęcin Wielkopolski,Koleje Wielkopolskie Sp. z o.o.,8,3,11,7,6,6,11,2,3,3,9,8,77
Belęcin Wielkopolski ,,8,3,11,7,6,6,11,2,3,3,9,8,77
Bydgoszcz Fordon,Arriva RP Sp. z o.o.,25,10,10,20,23,25,28,16,22,11,20,17,227
Bydgoszcz Fordon,CARGO Master Spółka z o.o.,,,0,0,,,,,,,,,0
Bydgoszcz Fordon ,,25,10,10,20,23,25,28,16,22,11,20,17,227
Ostromecko,Arriva RP Sp. z o.o.,24,8,9,19,21,22,27,13,21,11,17,16,208
Ostromecko,CARGO Master Spółka z o.o.,,,0,0,,,,,,,,,0
Ostromecko ,,24,8,9,19,21,22,27,13,21,11,17,16,208
Dąbrowa Chełmińska,Arriva RP Sp. z o.o.,25,8,8,19,21,22,27,13,21,11,15,16,206
Dąbrowa Chełmińska ,,25,8,8,19,21,22,27,13,21,11,15,16,206
Bydgoszcz Politechnika,Arriva RP Sp. z o.o.,27,10,10,20,23,25,28,17,23,11,20,18,232
Bydgoszcz Politechnika ,,27,10,10,20,23,25,28,17,23,11,20,18,232
Bydgoszcz Brdyujście,Arriva RP Sp. z o.o.,27,10,10,21,23,25,28,18,22,12,20,18,234
Bydgoszcz Brdyujście ,,27,10,10,21,23,25,28,18,22,12,20,18,234
Osowiec Przystanek,POLREGIO Spółka Akcyjna,18,2,10,11,8,11,6,6,17,18,24,14,145
Osowiec Przystanek ,,18,2,10,11,8,11,6,6,17,18,24,14,145
Osowiec Śląski,POLREGIO Spółka Akcyjna,18,2,10,10,8,10,5,5,16,17,22,14,137
Osowiec Śląski ,,18,2,10,10,8,10,5,5,16,17,22,14,137
Opole Gosławice,POLREGIO Spółka Akcyjna,17,2,10,11,8,11,6,6,18,17,25,14,145
Opole Gosławice ,,17,2,10,11,8,11,6,6,18,17,25,14,145
Kotórz Mały,POLREGIO Spółka Akcyjna,18,2,10,11,8,11,6,6,17,18,24,14,145
Kotórz Mały ,,18,2,10,11,8,11,6,6,17,18,24,14,145
Jełowa,POLREGIO Spółka Akcyjna,18,2,10,10,8,10,5,5,16,17,22,14,137
Jełowa ,,18,2,10,10,8,10,5,5,16,17,22,14,137
Kały,POLREGIO Spółka Akcyjna,16,2,10,10,8,10,5,5,15,18,22,14,135
Kały ,,16,2,10,10,8,10,5,5,15,18,22,14,135
Tuły,POLREGIO Spółka Akcyjna,16,2,9,10,8,10,5,5,15,18,23,15,136
Tuły ,,16,2,9,10,8,10,5,5,15,18,23,15,136
Laskowice Oleskie,POLREGIO Spółka Akcyjna,16,2,10,10,8,10,5,5,15,18,22,15,136
Laskowice Oleskie ,,16,2,10,10,8,10,5,5,15,18,22,15,136
Borkowice,POLREGIO Spółka Akcyjna,15,2,8,11,4,10,3,3,15,17,23,14,125
Borkowice ,,15,2,8,11,4,10,3,3,15,17,23,14,125
Bukowo,POLREGIO Spółka Akcyjna,16,2,9,10,8,10,5,5,15,18,23,15,136
Bukowo ,,16,2,9,10,8,10,5,5,15,18,23,15,136
Guben,Parowozownia Wolsztyn,,,,,0,,,,,,,,0
Guben,POLREGIO Spółka Akcyjna,27,12,20,16,19,16,15,24,49,38,43,35,314
Guben ,,27,12,20,16,19,16,15,24,49,38,43,35,314
Mostiska 2,PKP INTERCITY Spółka Akcyjna ,195,166,206,216,202,251,281,199,189,179,130,149,2363
Mostiska 2 ,,195,166,206,216,202,251,281,199,189,179,130,149,2363
Jedlina-Zdrój Borowa,Koleje Dolnośląskie S.A.,63,37,51,54,57,48,60,56,79,116,81,80,782
Jedlina-Zdrój Borowa ,,63,37,51,54,57,48,60,56,79,116,81,80,782
Unisław Pomorski,Arriva RP Sp. z o.o.,23,8,7,18,21,21,26,12,18,11,15,16,196
Unisław Pomorski,CARGO Master Spółka z o.o.,,,0,0,,,,,,,,,0
Unisław Pomorski ,,23,8,7,18,21,21,26,12,18,11,15,16,196
Człuchów,POLREGIO Spółka Akcyjna,45,8,11,21,24,46,31,39,25,13,15,37,315
Człuchów ,,45,8,11,21,24,46,31,39,25,13,15,37,315
Czarne,POLREGIO Spółka Akcyjna,40,8,13,18,25,45,25,34,24,14,16,37,299
Czarne ,,40,8,13,18,25,45,25,34,24,14,16,37,299
Nawra,Arriva RP Sp. z o.o.,25,8,10,17,21,21,26,12,18,12,15,18,203
Nawra ,,25,8,10,17,21,21,26,12,18,12,15,18,203
Grzybno,Arriva RP Sp. z o.o.,25,8,9,18,22,21,26,12,18,12,15,16,202
Grzybno ,,25,8,9,18,22,21,26,12,18,12,15,16,202
Gzin,Arriva RP Sp. z o.o.,23,8,8,19,21,22,27,13,19,11,15,16,202
Gzin ,,23,8,8,19,21,22,27,13,19,11,15,16,202
Głuchowo,Arriva RP Sp. z o.o.,25,7,10,17,21,20,27,12,19,12,14,18,202
Głuchowo ,,25,7,10,17,21,20,27,12,19,12,14,18,202
Domisław,POLREGIO Spółka Akcyjna,41,9,13,18,26,46,33,37,23,14,16,38,314
Domisław ,,41,9,13,18,26,46,33,37,23,14,16,38,314
Biskupnica,POLREGIO Spółka Akcyjna,43,8,13,18,24,45,31,39,26,15,15,39,316
Biskupnica ,,43,8,13,18,24,45,31,39,26,15,15,39,316
Brzeźno Człuchowskie,POLREGIO Spółka Akcyjna,47,9,12,21,26,43,31,38,26,13,15,35,316
Brzeźno Człuchowskie ,,47,9,12,21,26,43,31,38,26,13,15,35,316
Bińcze,POLREGIO Spółka Akcyjna,42,8,13,17,24,43,31,37,25,14,15,38,307
Bińcze ,,42,8,13,17,24,43,31,37,25,14,15,38,307
Wałcz Raduń,POLREGIO Spółka Akcyjna,37,20,33,19,25,40,27,36,106,118,113,119,693
Wałcz Raduń ,,37,20,33,19,25,40,27,36,106,118,113,119,693
Strączno,POLREGIO Spółka Akcyjna,37,21,33,19,25,41,28,37,102,117,115,117,692
Strączno ,,37,21,33,19,25,41,28,37,102,117,115,117,692
Rutwica,POLREGIO Spółka Akcyjna,39,22,33,19,26,41,28,38,98,114,105,109,672
Rutwica ,,39,22,33,19,26,41,28,38,98,114,105,109,672
Jeziorki Wałeckie,POLREGIO Spółka Akcyjna,39,23,32,20,29,41,29,39,97,109,109,114,681
Jeziorki Wałeckie ,,39,23,32,20,29,41,29,39,97,109,109,114,681
Krępa Krajeńska,POLREGIO Spółka Akcyjna,38,23,32,20,29,41,29,39,97,114,108,112,682
Krępa Krajeńska ,,38,23,32,20,29,41,29,39,97,114,108,112,682
Dąbrowa Oleśnicka,Koleje Dolnośląskie S.A.,,,,,,,,,,1,,,1
Dąbrowa Oleśnicka,POLREGIO Spółka Akcyjna,43,43,35,34,36,22,24,30,59,37,39,63,465
Dąbrowa Oleśnicka ,,43,43,35,34,36,22,24,30,59,38,39,63,466
Biały Zdrój Południowy,POLREGIO Spółka Akcyjna,37,23,32,20,28,42,29,38,101,117,105,116,688
Biały Zdrój Południowy ,,37,23,32,20,28,42,29,38,101,117,105,116,688
Żółtnica,POLREGIO Spółka Akcyjna,43,10,14,24,26,45,25,33,23,15,18,38,314
Żółtnica ,,43,10,14,24,26,45,25,33,23,15,18,38,314
Czarnobór,POLREGIO Spółka Akcyjna,43,10,14,23,26,45,25,32,22,15,18,37,310
Czarnobór ,,43,10,14,23,26,45,25,32,22,15,18,37,310
Sadlinki,POLREGIO Spółka Akcyjna,28,10,18,8,22,30,60,55,9,18,9,15,282
Sadlinki ,,28,10,18,8,22,30,60,55,9,18,9,15,282
Dziwno,POLREGIO Spółka Akcyjna,31,11,18,9,21,30,60,56,9,18,9,16,288
Dziwno ,,31,11,18,9,21,30,60,56,9,18,9,16,288
Gardeja,POLREGIO Spółka Akcyjna,31,11,18,8,21,28,58,56,7,16,9,16,279
Gardeja ,,31,11,18,8,21,28,58,56,7,16,9,16,279
Pisz,PKP INTERCITY Spółka Akcyjna ,37,9,17,7,20,15,26,28,14,15,23,20,231
Pisz,POLREGIO Spółka Akcyjna,30,19,15,12,20,29,35,25,13,25,18,21,262
Pisz ,,67,28,32,19,40,44,61,53,27,40,41,41,493
Ruciane-Nida,PKP INTERCITY Spółka Akcyjna ,41,15,23,9,28,26,36,35,16,20,25,22,296
Ruciane-Nida,POLREGIO Spółka Akcyjna,34,20,15,12,24,29,37,25,13,24,15,24,272
Ruciane-Nida ,,75,35,38,21,52,55,73,60,29,44,40,46,568
Gorzów Wielkopolski Zamoście,POLREGIO Spółka Akcyjna,56,36,47,44,44,35,87,80,75,100,80,89,773
Gorzów Wielkopolski Zamoście ,,56,36,47,44,44,35,87,80,75,100,80,89,773
Gorzów Wielkopolski Zieleniec,POLREGIO Spółka Akcyjna,58,36,47,44,44,35,87,79,75,100,80,89,774
Gorzów Wielkopolski Zieleniec ,,58,36,47,44,44,35,87,79,75,100,80,89,774
Deszczno,POLREGIO Spółka Akcyjna,59,38,52,48,45,35,91,80,77,102,82,94,803
Deszczno ,,59,38,52,48,45,35,91,80,77,102,82,94,803
Biała Piska,PKP INTERCITY Spółka Akcyjna ,42,10,18,7,20,16,26,29,15,16,24,23,246
Biała Piska,POLREGIO Spółka Akcyjna,31,18,16,9,15,24,34,20,13,24,20,23,247
Biała Piska ,,73,28,34,16,35,40,60,49,28,40,44,46,493
Zaklików Miasto,POLREGIO Spółka Akcyjna,40,21,33,24,27,49,40,51,24,27,30,34,400
Zaklików Miasto ,,40,21,33,24,27,49,40,51,24,27,30,34,400
Pilchów,POLREGIO Spółka Akcyjna,33,19,32,25,24,44,32,43,17,21,26,30,346
Pilchów ,,33,19,32,25,24,44,32,43,17,21,26,30,346
Lipa,POLREGIO Spółka Akcyjna,35,19,33,24,25,45,33,45,17,21,27,30,354
Lipa ,,35,19,33,24,25,45,33,45,17,21,27,30,354
Kępa,POLREGIO Spółka Akcyjna,33,19,32,25,24,46,34,44,17,21,27,30,352
Kępa ,,33,19,32,25,24,46,34,44,17,21,27,30,352
Kobylec,CARGO Master Spółka z o.o.,,,,,0,,,,,,,,0
Kobylec,Koleje Wielkopolskie Sp. z o.o.,12,4,4,3,11,14,13,2,7,7,9,14,100
Kobylec ,,12,4,4,3,11,14,13,2,7,7,9,14,100
Gołańcz,CARGO Master Spółka z o.o.,,,,,0,,,,,,,,0
Gołańcz,Koleje Wielkopolskie Sp. z o.o.,12,3,4,2,10,13,12,1,7,5,4,12,85
Gołańcz ,,12,3,4,2,10,13,12,1,7,5,4,12,85
Laskownica,Koleje Wielkopolskie Sp. z o.o.,12,4,4,3,9,14,12,1,7,7,8,13,94
Laskownica ,,12,4,4,3,9,14,12,1,7,7,8,13,94
Grylewo,Koleje Wielkopolskie Sp. z o.o.,12,4,4,3,11,14,13,2,7,7,8,14,99
Grylewo ,,12,4,4,3,11,14,13,2,7,7,8,14,99
Herby Nowe,Koleje Śląskie Spółka z o.o.,,,,,,0,,,,,,,0
Herby Nowe,POLREGIO Spółka Akcyjna,20,0,3,10,4,7,6,9,3,3,10,3,78
Herby Nowe ,,20,0,3,10,4,7,6,9,3,3,10,3,78
Trzebiszewo,POLREGIO Spółka Akcyjna,58,38,52,48,46,35,90,77,76,101,80,92,793
Trzebiszewo ,,58,38,52,48,46,35,90,77,76,101,80,92,793
Gorzów Wielkopolski Karnin,POLREGIO Spółka Akcyjna,59,38,51,48,45,35,91,79,76,104,82,93,801
Gorzów Wielkopolski Karnin ,,59,38,51,48,45,35,91,79,76,104,82,93,801
Brzozowiec Gorzowski,POLREGIO Spółka Akcyjna,58,38,52,48,46,35,90,78,78,103,80,93,799
Brzozowiec Gorzowski ,,58,38,52,48,46,35,90,78,78,103,80,93,799
Rzeczyca,POLREGIO Spółka Akcyjna,43,23,32,29,28,45,38,35,27,26,31,38,395
Rzeczyca ,,43,23,32,29,28,45,38,35,27,26,31,38,395
Potok Kraśnicki,POLREGIO Spółka Akcyjna,42,25,32,29,30,48,45,41,30,27,31,39,419
Potok Kraśnicki ,,42,25,32,29,30,48,45,41,30,27,31,39,419
Zawidz Kościelny,Koleje Mazowieckie - KM Spółka z o.o.,36,34,14,18,12,21,15,9,2,0,,8,169
Zawidz Kościelny ,,36,34,14,18,12,21,15,9,2,0,,8,169
Zawidz,Koleje Mazowieckie - KM Spółka z o.o.,36,34,14,18,13,21,15,9,2,0,,7,169
Zawidz ,,36,34,14,18,13,21,15,9,2,0,,7,169
Mieszaki,Koleje Mazowieckie - KM Spółka z o.o.,36,33,14,18,13,22,14,8,2,0,,7,167
Mieszaki ,,36,33,14,18,13,22,14,8,2,0,,7,167
Koziebrody,Koleje Mazowieckie - KM Spółka z o.o.,36,34,15,17,13,22,15,7,2,1,,8,170
Koziebrody ,,36,34,15,17,13,22,15,7,2,1,,8,170
Zwierzyniec,PKP INTERCITY Spółka Akcyjna ,37,29,29,18,30,17,13,14,16,13,31,23,270
Zwierzyniec,POLREGIO Spółka Akcyjna,31,23,16,22,47,35,120,135,112,110,57,18,726
Zwierzyniec ,,68,52,45,40,77,52,133,149,128,123,88,41,996
Zakrzewo Złotowskie,Koleje Wielkopolskie Sp. z o.o.,,,,,,,0,,,,,,0
Zakrzewo Złotowskie,POLREGIO Spółka Akcyjna,31,18,21,48,32,35,48,35,23,30,39,39,399
Zakrzewo Złotowskie ,,31,18,21,48,32,35,48,35,23,30,39,39,399
Szczebrzeszyn,PKP INTERCITY Spółka Akcyjna ,37,30,29,18,30,16,14,14,14,15,31,23,271
Szczebrzeszyn,POLREGIO Spółka Akcyjna,29,25,18,20,48,35,119,138,112,102,44,16,706
Szczebrzeszyn ,,66,55,47,38,78,51,133,152,126,117,75,39,977
Wierzchowo Człuchowskie,POLREGIO Spółka Akcyjna,24,14,14,39,26,32,36,24,19,23,31,34,316
Wierzchowo Człuchowskie ,,24,14,14,39,26,32,36,24,19,23,31,34,316
Bukowo Człuchowskie,POLREGIO Spółka Akcyjna,25,14,15,40,26,34,40,26,21,26,33,35,335
Bukowo Człuchowskie ,,25,14,15,40,26,34,40,26,21,26,33,35,335
Rzeczyca-Kolonia,POLREGIO Spółka Akcyjna,49,25,35,29,32,47,35,36,30,27,33,39,417
Rzeczyca-Kolonia ,,49,25,35,29,32,47,35,36,30,27,33,39,417
Polichna Kraśnicka,POLREGIO Spółka Akcyjna,48,24,34,28,29,46,35,36,30,28,33,38,409
Polichna Kraśnicka ,,48,24,34,28,29,46,35,36,30,28,33,38,409
Moszczenica Pomorska,POLREGIO Spółka Akcyjna,26,14,15,40,25,31,38,24,20,23,32,34,322
Moszczenica Pomorska ,,26,14,15,40,25,31,38,24,20,23,32,34,322
Polanica-Zdrój,Koleje Dolnośląskie S.A.,65,37,69,68,90,69,128,141,,,,,667
Polanica-Zdrój,PKP INTERCITY Spółka Akcyjna ,1,1,6,4,9,4,7,10,,,,,42
Polanica-Zdrój ,,66,38,75,72,99,73,135,151,,,,,709
Nowa Ruda Przedmieście,CARGO Master Spółka z o.o.,,,,1,,,,,,,,,1
Nowa Ruda Przedmieście,Koleje Dolnośląskie S.A.,66,37,50,56,58,43,74,56,94,138,88,68,828
Nowa Ruda Przedmieście ,,66,37,50,57,58,43,74,56,94,138,88,68,829
Szczytna,Koleje Dolnośląskie S.A.,73,45,77,79,95,74,135,153,,,,,731
Szczytna,PKP INTERCITY Spółka Akcyjna ,1,1,7,4,9,4,5,10,,,,,41
Szczytna ,,74,46,84,83,104,78,140,163,,,,,772
Duszniki-Zdrój,Koleje Dolnośląskie S.A.,68,40,75,78,94,72,134,149,,,,,710
Duszniki-Zdrój,PKP INTERCITY Spółka Akcyjna ,0,0,0,0,2,1,1,4,,,,,8
Duszniki-Zdrój ,,68,40,75,78,96,73,135,153,,,,,718
Kleszczele,POLREGIO Spółka Akcyjna,35,19,10,19,26,32,28,44,27,18,25,16,299
Kleszczele ,,35,19,10,19,26,32,28,44,27,18,25,16,299
Podbiele,POLREGIO Spółka Akcyjna,37,17,14,20,28,31,32,44,34,22,26,17,322
Podbiele ,,37,17,14,20,28,31,32,44,34,22,26,17,322
Gregorowce,POLREGIO Spółka Akcyjna,34,17,14,21,27,31,30,45,31,19,23,17,309
Gregorowce ,,34,17,14,21,27,31,30,45,31,19,23,17,309
Suchowolce,POLREGIO Spółka Akcyjna,35,18,14,21,25,31,31,45,28,18,25,16,307
Suchowolce ,,35,18,14,21,25,31,31,45,28,18,25,16,307
Gregorowce Południowe,POLREGIO Spółka Akcyjna,35,18,14,21,27,31,30,45,29,18,24,16,308
Gregorowce Południowe ,,35,18,14,21,27,31,30,45,29,18,24,16,308
Głębokie Międzyrzeckie,POLREGIO Spółka Akcyjna,57,41,52,54,42,37,92,82,73,90,87,99,806
Głębokie Międzyrzeckie ,,57,41,52,54,42,37,92,82,73,90,87,99,806
Kostomłoty,Łódzka Kolej Aglomeracyjna Sp. z o.o.,,,,,,,,,,,,2,2
Kostomłoty,POLREGIO Spółka Akcyjna,27,10,9,6,13,10,20,32,11,25,26,24,213
Kostomłoty ,,27,10,9,6,13,10,20,32,11,25,26,26,215
Kozy,POLREGIO Spółka Akcyjna,126,72,40,38,93,55,61,14,,,,,499
Kozy ,,126,72,40,38,93,55,61,14,,,,,499
Kęty Podlesie,POLREGIO Spółka Akcyjna,155,95,45,43,99,56,64,14,,,,,571
Kęty Podlesie ,,155,95,45,43,99,56,64,14,,,,,571
Kozy Zagroda,POLREGIO Spółka Akcyjna,153,95,46,44,102,57,64,14,,,,,575
Kozy Zagroda ,,153,95,46,44,102,57,64,14,,,,,575
Krzemionki,POLREGIO Spółka Akcyjna,127,74,44,38,101,54,51,13,,,,,502
Krzemionki ,,127,74,44,38,101,54,51,13,,,,,502
Bielsko-Biała Wschód,POLREGIO Spółka Akcyjna,116,70,39,38,99,54,50,13,,,,,479
Bielsko-Biała Wschód ,,116,70,39,38,99,54,50,13,,,,,479
Stara Piła,CARGO Master Spółka z o.o.,,1,,,,,,,,,,,1
Stara Piła,POLREGIO Spółka Akcyjna,,,4,0,2,5,11,8,13,6,6,9,64
Stara Piła ,,,1,4,0,2,5,11,8,13,6,6,9,65
Gdańsk Kokoszki,POLREGIO Spółka Akcyjna,,,3,0,1,4,11,10,13,6,6,8,62
Gdańsk Kokoszki ,,,,3,0,1,4,11,10,13,6,6,8,62
Żukowo Zachodnie,POLREGIO Spółka Akcyjna,,,3,1,2,5,11,10,13,6,6,10,67
Żukowo Zachodnie ,,,,3,1,2,5,11,10,13,6,6,10,67
Otomino,POLREGIO Spółka Akcyjna,,,4,0,2,5,11,10,12,6,6,9,65
Otomino ,,,,4,0,2,5,11,10,12,6,6,9,65
Leźno,POLREGIO Spółka Akcyjna,,,4,0,2,6,11,11,13,6,6,9,68
Leźno ,,,,4,0,2,6,11,11,13,6,6,9,68
Popowo Skwierzyńskie,POLREGIO Spółka Akcyjna,56,41,53,55,42,36,93,80,72,90,87,100,805
Popowo Skwierzyńskie ,,56,41,53,55,42,36,93,80,72,90,87,100,805
Pogwizdów,Koleje Śląskie Spółka z o.o.,24,14,12,17,10,18,12,3,11,14,26,30,191
Pogwizdów ,,24,14,12,17,10,18,12,3,11,14,26,30,191
Kundzin,POLREGIO Spółka Akcyjna,36,23,15,5,9,7,7,20,9,5,16,4,156
Kundzin ,,36,23,15,5,9,7,7,20,9,5,16,4,156
Kuźnica Białostocka,POLREGIO Spółka Akcyjna,33,21,12,3,8,7,7,16,9,5,14,2,137
Kuźnica Białostocka ,,33,21,12,3,8,7,7,16,9,5,14,2,137
Kończyce,Koleje Śląskie Spółka z o.o.,24,14,12,17,10,17,12,3,12,13,25,32,191
Kończyce ,,24,14,12,17,10,17,12,3,12,13,25,32,191
Kaczyce,Koleje Śląskie Spółka z o.o.,24,13,11,17,10,18,12,3,12,12,25,30,187
Kaczyce ,,24,13,11,17,10,18,12,3,12,12,25,30,187
Czuprynowo,POLREGIO Spółka Akcyjna,34,21,14,5,9,7,7,19,9,5,15,3,148
Czuprynowo ,,34,21,14,5,9,7,7,19,9,5,15,3,148
Cieszyn Marklowice,Koleje Śląskie Spółka z o.o.,23,14,12,16,10,19,11,3,11,12,23,30,184
Cieszyn Marklowice ,,23,14,12,16,10,19,11,3,11,12,23,30,184
Złojec,POLREGIO Spółka Akcyjna,24,5,9,11,31,24,76,88,36,40,28,27,399
Złojec ,,24,5,9,11,31,24,76,88,36,40,28,27,399
Krzak,POLREGIO Spółka Akcyjna,24,5,9,11,29,23,73,86,36,40,28,27,391
Krzak ,,24,5,9,11,29,23,73,86,36,40,28,27,391
Tarzymiechy,POLREGIO Spółka Akcyjna,27,8,9,11,28,24,77,87,36,40,30,28,405
Tarzymiechy ,,27,8,9,11,28,24,77,87,36,40,30,28,405
Krasnystaw Fabryczny,POLREGIO Spółka Akcyjna,27,8,9,13,22,22,71,82,34,31,30,28,377
Krasnystaw Fabryczny ,,27,8,9,13,22,22,71,82,34,31,30,28,377
Wólka Orłowska,POLREGIO Spółka Akcyjna,27,6,9,11,28,25,73,90,36,39,30,28,402
Wólka Orłowska ,,27,6,9,11,28,25,73,90,36,39,30,28,402
Lutol Suchy,POLREGIO Spółka Akcyjna,55,40,51,51,44,38,77,73,56,89,45,89,708
Lutol Suchy ,,55,40,51,51,44,38,77,73,56,89,45,89,708
Dąbrówka Wielkopolska,POLREGIO Spółka Akcyjna,59,41,51,53,49,42,78,73,59,92,47,91,735
Dąbrówka Wielkopolska ,,59,41,51,53,49,42,78,73,59,92,47,91,735
Chociszewo Rogoziniec,POLREGIO Spółka Akcyjna,61,42,51,54,49,42,80,72,60,90,47,91,739
Chociszewo Rogoziniec ,,61,42,51,54,49,42,80,72,60,90,47,91,739
Sucha Beskidzka Zamek,Koleje Małopolskie Sp. z o.o.,3,0,,,2,0,3,4,0,,,2,14
Sucha Beskidzka Zamek,Koleje Śląskie Spółka z o.o.,,,,,,,,,,,,6,6
Sucha Beskidzka Zamek,PKP INTERCITY Spółka Akcyjna ,115,32,38,30,36,60,113,124,86,38,41,87,800
Sucha Beskidzka Zamek ,,118,32,38,30,38,60,116,128,86,38,41,95,820
Szydłowo Krajeńskie,POLREGIO Spółka Akcyjna,32,21,29,15,21,37,27,30,81,90,90,77,550
Szydłowo Krajeńskie ,,32,21,29,15,21,37,27,30,81,90,90,77,550
Dobino Wałeckie,POLREGIO Spółka Akcyjna,32,22,29,16,22,39,28,30,85,96,91,82,572
Dobino Wałeckie ,,32,22,29,16,22,39,28,30,85,96,91,82,572
Gorzuchów Kłodzki,Koleje Dolnośląskie S.A.,53,31,45,50,53,41,70,45,24,120,89,69,690
Gorzuchów Kłodzki ,,53,31,45,50,53,41,70,45,24,120,89,69,690
Bierkowice,Koleje Dolnośląskie S.A.,50,29,45,50,52,40,67,44,24,122,89,68,680
Bierkowice ,,50,29,45,50,52,40,67,44,24,122,89,68,680
Biały Bór,CARGO Master Spółka z o.o.,,,,,1,,,,,,,,1
Biały Bór,POLREGIO Spółka Akcyjna,24,10,12,19,21,27,42,47,17,10,10,27,266
Biały Bór ,,24,10,12,19,22,27,42,47,17,10,10,27,267
Gwda Mała,POLREGIO Spółka Akcyjna,25,11,16,24,20,29,41,47,17,7,12,27,276
Gwda Mała ,,25,11,16,24,20,29,41,47,17,7,12,27,276
Drzonowo,POLREGIO Spółka Akcyjna,25,11,17,22,20,29,43,47,17,7,12,27,277
Drzonowo ,,25,11,17,22,20,29,43,47,17,7,12,27,277
Sińczyca,POLREGIO Spółka Akcyjna,32,8,5,10,4,23,24,47,6,9,10,16,194
Sińczyca ,,32,8,5,10,4,23,24,47,6,9,10,16,194
Nowy Jarosław,POLREGIO Spółka Akcyjna,33,8,5,10,4,22,24,48,7,10,10,17,198
Nowy Jarosław ,,33,8,5,10,4,22,24,48,7,10,10,17,198
Darłowo,POLREGIO Spółka Akcyjna,31,6,4,9,2,23,18,30,4,8,6,10,151
Darłowo ,,31,6,4,9,2,23,18,30,4,8,6,10,151
Boleszewo,POLREGIO Spółka Akcyjna,33,8,5,10,4,22,27,49,7,10,11,17,203
Boleszewo ,,33,8,5,10,4,22,27,49,7,10,11,17,203
Pruchna,Koleje Śląskie Spółka z o.o.,39,20,20,25,17,25,16,11,16,14,29,35,267
Pruchna ,,39,20,20,25,17,25,16,11,16,14,29,35,267
Drogomyśl,Koleje Śląskie Spółka z o.o.,42,22,19,26,15,27,16,11,16,15,30,36,275
Drogomyśl ,,42,22,19,26,15,27,16,11,16,15,30,36,275
Rudnik Stróża,POLREGIO Spółka Akcyjna,36,11,10,6,7,10,16,7,14,19,27,15,178
Rudnik Stróża ,,36,11,10,6,7,10,16,7,14,19,27,15,178
Nisko Racławice,POLREGIO Spółka Akcyjna,35,9,10,3,7,10,16,7,13,16,27,15,168
Nisko Racławice ,,35,9,10,3,7,10,16,7,13,16,27,15,168
Nisko Osiedle,POLREGIO Spółka Akcyjna,32,9,10,3,6,10,14,5,13,15,27,16,160
Nisko Osiedle ,,32,9,10,3,6,10,14,5,13,15,27,16,160
Nisko Podwolina,POLREGIO Spółka Akcyjna,36,10,10,3,8,10,15,7,13,16,27,15,170
Nisko Podwolina ,,36,10,10,3,8,10,15,7,13,16,27,15,170
Moskale,POLREGIO Spółka Akcyjna,31,9,10,3,6,10,14,5,12,15,27,16,158
Moskale ,,31,9,10,3,6,10,14,5,12,15,27,16,158
Panowice,POLREGIO Spółka Akcyjna,56,40,56,54,45,39,83,80,70,63,46,98,730
Panowice ,,56,40,56,54,45,39,83,80,70,63,46,98,730
Bukowiec Międzyrzecki,POLREGIO Spółka Akcyjna,58,44,55,55,45,39,88,80,74,64,45,99,746
Bukowiec Międzyrzecki ,,58,44,55,55,45,39,88,80,74,64,45,99,746
Stary Wielisław,Koleje Dolnośląskie S.A.,75,43,63,65,82,73,128,140,,,,,669
Stary Wielisław ,,75,43,63,65,82,73,128,140,,,,,669
Szczecinek Chyże,POLREGIO Spółka Akcyjna,124,54,115,86,88,99,130,118,3,,,165,982
Szczecinek Chyże ,,124,54,115,86,88,99,130,118,3,,,165,982
Grzmiąca,POLREGIO Spółka Akcyjna,112,50,97,70,64,88,105,108,2,,,167,863
Grzmiąca ,,112,50,97,70,64,88,105,108,2,,,167,863
Tychowo,POLREGIO Spółka Akcyjna,117,47,84,56,51,74,95,102,3,,,153,782
Tychowo ,,117,47,84,56,51,74,95,102,3,,,153,782
Osie,Arriva RP Sp. z o.o.,10,4,5,12,7,19,27,13,50,32,36,21,236
Osie ,,10,4,5,12,7,19,27,13,50,32,36,21,236
Kwiatki,Arriva RP Sp. z o.o.,10,5,5,13,8,20,28,14,50,30,35,23,241
Kwiatki ,,10,5,5,13,8,20,28,14,50,30,35,23,241
Dąbrowy,Arriva RP Sp. z o.o.,10,5,6,12,8,21,28,17,47,32,34,23,243
Dąbrowy ,,10,5,6,12,8,21,28,17,47,32,34,23,243
Czersk Świecki,Arriva RP Sp. z o.o.,10,5,5,13,8,20,27,14,48,30,34,23,237
Czersk Świecki ,,10,5,5,13,8,20,27,14,48,30,34,23,237
Tleń,Arriva RP Sp. z o.o.,8,4,5,12,6,19,28,14,52,32,33,20,233
Tleń ,,8,4,5,12,6,19,28,14,52,32,33,20,233
Śliwice,Arriva RP Sp. z o.o.,8,4,4,12,6,18,29,14,48,30,34,16,223
Śliwice ,,8,4,4,12,6,18,29,14,48,30,34,16,223
Śliwiczki,Arriva RP Sp. z o.o.,8,4,4,12,6,18,28,15,51,30,34,16,226
Śliwiczki ,,8,4,4,12,6,18,28,15,51,30,34,16,226
Łążek,Arriva RP Sp. z o.o.,8,4,5,12,6,19,28,13,52,32,34,17,230
Łążek ,,8,4,5,12,6,19,28,13,52,32,34,17,230
Laski Tucholskie,Arriva RP Sp. z o.o.,8,4,5,12,6,18,28,13,51,32,34,16,227
Laski Tucholskie ,,8,4,5,12,6,18,28,13,51,32,34,16,227
Nowy Świętów,CARGO Master Spółka z o.o.,,,,0,,,,,,,,,0
Nowy Świętów,PKP INTERCITY Spółka Akcyjna ,,,,,,,,0,,,,,0
Nowy Świętów,POLREGIO Spółka Akcyjna,46,35,29,25,33,20,55,31,22,30,66,36,428
Nowy Świętów ,,46,35,29,25,33,20,55,31,22,30,66,36,428
Knurów,Koleje Śląskie Spółka z o.o.,3,4,2,3,3,22,32,52,40,32,58,30,281
Knurów ,,3,4,2,3,3,22,32,52,40,32,58,30,281
Słosinko,POLREGIO Spółka Akcyjna,29,11,9,0,24,35,53,64,20,12,12,30,299
Słosinko ,,29,11,9,0,24,35,53,64,20,12,12,30,299
Zagórz,PKP INTERCITY Spółka Akcyjna ,24,15,17,11,13,16,27,29,35,19,17,13,236
Zagórz,POLREGIO Spółka Akcyjna,6,0,5,1,3,4,7,1,4,4,4,2,41
Zagórz,SKPL Cargo Sp. z o.o.  (przewozy pasażerskie),,,,,,0,,,,1,,,1
Zagórz ,,30,15,22,12,16,20,34,30,39,24,21,15,278
Przyszowice,Koleje Śląskie Spółka z o.o.,4,4,2,4,4,23,34,58,43,32,61,31,300
Przyszowice ,,4,4,2,4,4,23,34,58,43,32,61,31,300
Grudziądz Rządz,Arriva RP Sp. z o.o.,,,,,,,,,87,32,64,34,217
Grudziądz Rządz ,,,,,,,,,,87,32,64,34,217
Lichkov,Koleje Dolnośląskie S.A.,31,10,23,15,16,19,43,52,,,,20,229
Lichkov,LEO Express Global a.s.,,,0,,,,,,,,,,0
Lichkov,PKP INTERCITY Spółka Akcyjna ,,,,,,,,,,,,48,48
Lichkov ,,31,10,23,15,16,19,43,52,,,,68,277
Płońsk,CARGO Master Spółka z o.o.,,,,,0,,,,,,,,0
Płońsk,Koleje Mazowieckie - KM Spółka z o.o.,44,35,15,16,25,25,18,1,,4,14,17,214
Płońsk ,,44,35,15,16,25,25,18,1,,4,14,17,214
Żary Kunice,POLREGIO Spółka Akcyjna,39,15,14,24,14,25,30,44,106,100,100,62,573
Żary Kunice ,,39,15,14,24,14,25,30,44,106,100,100,62,573
Zduny,Koleje Dolnośląskie S.A.,16,14,8,8,8,7,17,31,15,10,28,27,189
Zduny,Koleje Wielkopolskie Sp. z o.o.,2,1,2,2,5,13,5,,,,,,30
Zduny ,,18,15,10,10,13,20,22,31,15,10,28,27,219
Wieluń Dąbrowa,Koleje Śląskie Spółka z o.o.,,,,,,1,,,,,,,1
Wieluń Dąbrowa,Łódzka Kolej Aglomeracyjna Sp. z o.o.,,,,,,0,,,,,,,0
Wieluń Dąbrowa,POLREGIO Spółka Akcyjna,17,2,3,1,6,15,12,14,9,6,11,4,100
Wieluń Dąbrowa ,,17,2,3,1,6,16,12,14,9,6,11,4,101
Cieszków,Koleje Dolnośląskie S.A.,16,13,8,9,8,7,18,34,16,11,27,27,194
Cieszków,Koleje Wielkopolskie Sp. z o.o.,2,1,2,2,5,13,5,,,,,,30
Cieszków ,,18,14,10,11,13,20,23,34,16,11,27,27,224
Janinów,Koleje Śląskie Spółka z o.o.,,,,,,1,,,,,,,1
Janinów,POLREGIO Spółka Akcyjna,17,1,3,3,7,13,14,15,11,7,13,5,109
Janinów ,,17,1,3,3,7,14,14,15,11,7,13,5,110
Przeradz,POLREGIO Spółka Akcyjna,115,51,116,96,80,84,106,100,2,,,175,925
Przeradz ,,115,51,116,96,80,84,106,100,2,,,175,925
Pątnów Wieluński,Koleje Śląskie Spółka z o.o.,,,,,,1,,,,,,,1
Pątnów Wieluński,POLREGIO Spółka Akcyjna,14,2,3,2,6,14,15,16,10,6,12,5,105
Pątnów Wieluński ,,14,2,3,2,6,15,15,16,10,6,12,5,106
Podborsko,POLREGIO Spółka Akcyjna,101,43,72,50,41,63,100,87,3,,,152,712
Podborsko ,,101,43,72,50,41,63,100,87,3,,,152,712
Iwin,POLREGIO Spółka Akcyjna,109,48,113,92,76,79,101,97,2,,,173,890
Iwin ,,109,48,113,92,76,79,101,97,2,,,173,890
Jaworzno koło Wielunia,POLREGIO Spółka Akcyjna,22,1,4,3,7,13,13,15,11,7,15,9,120
Jaworzno koło Wielunia ,,22,1,4,3,7,13,13,15,11,7,15,9,120
Dalęcino,POLREGIO Spółka Akcyjna,121,52,115,89,76,81,105,95,3,,,173,910
Dalęcino ,,121,52,115,89,76,81,105,95,3,,,173,910
Wielanowo,POLREGIO Spółka Akcyjna,115,48,96,68,55,72,88,82,2,,,161,787
Wielanowo ,,115,48,96,68,55,72,88,82,2,,,161,787
Panki,Koleje Śląskie Spółka z o.o.,,,,,,1,,,,,,,1
Panki,POLREGIO Spółka Akcyjna,20,0,3,4,3,7,13,10,5,4,8,4,81
Panki ,,20,0,3,4,3,8,13,10,5,4,8,4,82
Dzietrzniki,POLREGIO Spółka Akcyjna,17,2,3,3,7,15,16,17,10,6,13,5,114
Dzietrzniki ,,17,2,3,3,7,15,16,17,10,6,13,5,114
Kuleje,POLREGIO Spółka Akcyjna,21,0,3,9,3,7,11,10,5,4,9,4,86
Kuleje ,,21,0,3,9,3,7,11,10,5,4,9,4,86
Kudowa-Zdrój,Koleje Dolnośląskie S.A.,53,24,58,62,74,53,115,125,,,,,564
Kudowa-Zdrój,PKP INTERCITY Spółka Akcyjna ,0,0,0,0,2,1,2,4,,,,,9
Kudowa-Zdrój ,,53,24,58,62,76,54,117,129,,,,,573
Stawiguda,POLREGIO Spółka Akcyjna,27,9,7,3,6,9,19,27,17,32,28,12,196
Stawiguda ,,27,9,7,3,6,9,19,27,17,32,28,12,196
Gryźliny,POLREGIO Spółka Akcyjna,28,9,7,3,6,9,22,26,17,32,28,12,199
Gryźliny ,,28,9,7,3,6,9,22,26,17,32,28,12,199
Gągławki,POLREGIO Spółka Akcyjna,25,8,7,3,6,6,15,21,17,30,27,10,175
Gągławki ,,25,8,7,3,6,6,15,21,17,30,27,10,175
Bartąg,POLREGIO Spółka Akcyjna,26,9,6,3,6,6,14,18,17,31,25,10,171
Bartąg ,,26,9,6,3,6,6,14,18,17,31,25,10,171
Zakrzów-Sarnowo,POLREGIO Spółka Akcyjna,33,12,5,9,8,9,30,29,21,30,40,26,252
Zakrzów-Sarnowo ,,33,12,5,9,8,9,30,29,21,30,40,26,252
Wietrzychowo,POLREGIO Spółka Akcyjna,32,7,8,8,10,10,24,27,20,35,41,20,242
Wietrzychowo ,,32,7,8,8,10,10,24,27,20,35,41,20,242
Waplewo,POLREGIO Spółka Akcyjna,24,9,5,3,6,9,17,22,19,32,29,11,186
Waplewo ,,24,9,5,3,6,9,17,22,19,32,29,11,186
Kozłowo,POLREGIO Spółka Akcyjna,30,10,5,9,6,7,28,27,13,23,34,23,215
Kozłowo ,,30,10,5,9,6,7,28,27,13,23,34,23,215
Dobrzyń,POLREGIO Spółka Akcyjna,33,9,8,8,10,10,26,28,20,36,41,20,249
Dobrzyń ,,33,9,8,8,10,10,26,28,20,36,41,20,249
Bujaki,POLREGIO Spółka Akcyjna,31,9,8,8,10,11,26,28,20,36,38,19,244
Bujaki ,,31,9,8,8,10,11,26,28,20,36,38,19,244
Medyka,PKP INTERCITY Spółka Akcyjna ,,0,,0,1,,2,0,3,1,,0,7
Medyka,POLREGIO Spółka Akcyjna,20,7,18,6,17,10,24,12,5,28,24,18,189
Medyka ,,20,7,18,6,18,10,26,12,8,29,24,18,196
Przemyśl Wschodni,POLREGIO Spółka Akcyjna,21,9,17,14,18,18,27,18,8,29,25,18,222
Przemyśl Wschodni ,,21,9,17,14,18,18,27,18,8,29,25,18,222
Medyka Towarowa,POLREGIO Spółka Akcyjna,21,8,16,11,16,18,25,15,8,29,24,19,210
Medyka Towarowa ,,21,8,16,11,16,18,25,15,8,29,24,19,210
Medyka Rozrządowa,POLREGIO Spółka Akcyjna,20,7,17,10,16,16,24,14,8,29,24,18,203
Medyka Rozrządowa ,,20,7,17,10,16,16,24,14,8,29,24,18,203
Hurko,POLREGIO Spółka Akcyjna,21,8,17,13,18,17,26,17,8,28,25,18,216
Hurko ,,21,8,17,13,18,17,26,17,8,28,25,18,216
Myśliczyn,POLREGIO Spółka Akcyjna,50,19,16,15,19,20,29,30,31,27,57,27,340
Myśliczyn ,,50,19,16,15,19,20,29,30,31,27,57,27,340
Skoroszyce,POLREGIO Spółka Akcyjna,49,20,15,14,18,19,30,27,30,25,55,23,325
Skoroszyce ,,49,20,15,14,18,19,30,27,30,25,55,23,325
Pakosławice,POLREGIO Spółka Akcyjna,49,19,15,15,18,19,30,29,30,26,55,23,328
Pakosławice ,,49,19,15,15,18,19,30,29,30,26,55,23,328
Grodków Śląski,PKP INTERCITY Spółka Akcyjna ,,,,,,,,1,,,,,1
Grodków Śląski,POLREGIO Spółka Akcyjna,46,20,15,15,20,21,29,25,31,27,49,22,320
Grodków Śląski ,,46,20,15,15,20,21,29,26,31,27,49,22,321
Chróścina Nyska,POLREGIO Spółka Akcyjna,48,20,15,14,18,20,30,26,30,25,52,22,320
Chróścina Nyska ,,48,20,15,14,18,20,30,26,30,25,52,22,320
Stary Grodków,POLREGIO Spółka Akcyjna,46,20,15,14,19,20,31,26,31,25,51,23,321
Stary Grodków ,,46,20,15,14,19,20,31,26,31,25,51,23,321
Lipowa Śląska,POLREGIO Spółka Akcyjna,45,20,14,15,20,20,28,25,30,27,49,21,314
Lipowa Śląska ,,45,20,14,15,20,20,28,25,30,27,49,21,314
Olszanka,POLREGIO Spółka Akcyjna,45,20,14,14,19,21,27,26,29,29,44,20,308
Olszanka ,,45,20,14,14,19,21,27,26,29,29,44,20,308
Czeska Wieś,POLREGIO Spółka Akcyjna,45,19,14,14,20,20,27,27,30,29,48,21,314
Czeska Wieś ,,45,19,14,14,20,20,27,27,30,29,48,21,314
Dobre Miasto,PKP INTERCITY Spółka Akcyjna ,,,,,,,0,,,,,,0
Dobre Miasto,POLREGIO Spółka Akcyjna,15,6,11,11,7,6,11,11,5,9,20,9,121
Dobre Miasto ,,15,6,11,11,7,6,11,11,5,9,20,9,121
Swobodna,POLREGIO Spółka Akcyjna,16,6,12,12,8,8,13,14,6,9,23,10,137
Swobodna ,,16,6,12,12,8,8,13,14,6,9,23,10,137
Cerkiewnik,POLREGIO Spółka Akcyjna,16,6,12,14,8,9,13,14,6,9,23,10,140
Cerkiewnik ,,16,6,12,14,8,9,13,14,6,9,23,10,140
Bukwałd,POLREGIO Spółka Akcyjna,15,6,10,14,7,8,13,14,5,10,22,10,134
Bukwałd ,,15,6,10,14,7,8,13,14,5,10,22,10,134
Orneta,PKP INTERCITY Spółka Akcyjna ,,,,,,,0,,,,,,0
Orneta,POLREGIO Spółka Akcyjna,15,5,10,11,9,6,10,10,5,9,22,10,122
Orneta ,,15,5,10,11,9,6,10,10,5,9,22,10,122
Rogiedle,POLREGIO Spółka Akcyjna,16,5,13,13,9,6,11,11,7,9,23,11,134
Rogiedle ,,16,5,13,13,9,6,11,11,7,9,23,11,134
Pieniężno,PKP INTERCITY Spółka Akcyjna ,,,,,,,0,,,,,,0
Pieniężno,POLREGIO Spółka Akcyjna,15,5,11,7,8,5,10,8,4,9,19,10,111
Pieniężno ,,15,5,11,7,8,5,10,8,4,9,19,10,111
Lubomino,POLREGIO Spółka Akcyjna,17,5,11,12,9,6,11,10,7,9,23,11,131
Lubomino ,,17,5,11,12,9,6,11,10,7,9,23,11,131
Bzowiec,POLREGIO Spółka Akcyjna,16,5,13,13,9,6,10,11,7,8,22,11,131
Bzowiec ,,16,5,13,13,9,6,10,11,7,8,22,11,131
Nowy Dwór koło Ornety,POLREGIO Spółka Akcyjna,15,5,11,11,9,6,10,9,6,8,23,10,123
Nowy Dwór koło Ornety ,,15,5,11,11,9,6,10,9,6,8,23,10,123
Henrykowo,POLREGIO Spółka Akcyjna,15,5,11,8,9,6,10,9,6,8,21,10,118
Henrykowo ,,15,5,11,8,9,6,10,9,6,8,21,10,118
Braniewo,PKP INTERCITY Spółka Akcyjna ,,,,,,,0,,,,,,0
Braniewo,POLREGIO Spółka Akcyjna,11,4,7,4,4,5,8,8,4,4,14,10,83
Braniewo ,,11,4,7,4,4,5,8,8,4,4,14,10,83
Żugienie,POLREGIO Spółka Akcyjna,14,4,11,7,8,5,10,8,4,8,19,10,108
Żugienie ,,14,4,11,7,8,5,10,8,4,8,19,10,108
Wysoka Braniewska,POLREGIO Spółka Akcyjna,14,4,11,7,8,5,10,8,4,8,18,10,107
Wysoka Braniewska ,,14,4,11,7,8,5,10,8,4,8,18,10,107
Grodzie,POLREGIO Spółka Akcyjna,13,4,10,6,5,5,8,8,4,8,15,10,96
Grodzie ,,13,4,10,6,5,5,8,8,4,8,15,10,96
Jarzębiec,POLREGIO Spółka Akcyjna,13,4,10,6,6,5,8,8,4,8,15,10,97
Jarzębiec ,,13,4,10,6,6,5,8,8,4,8,15,10,97
Jagodin,PKP INTERCITY Spółka Akcyjna ,71,49,58,60,53,81,91,85,94,92,93,100,927
Jagodin ,,71,49,58,60,53,81,91,85,94,92,93,100,927
Kaczorowo,Koleje Mazowieckie - KM Spółka z o.o.,43,42,15,18,25,27,18,1,,,10,18,217
Kaczorowo ,,43,42,15,18,25,27,18,1,,,10,18,217
Arcelin,Koleje Mazowieckie - KM Spółka z o.o.,43,42,16,18,25,25,18,1,,,13,18,219
Arcelin ,,43,42,16,18,25,25,18,1,,,13,18,219
Baboszewo,Koleje Mazowieckie - KM Spółka z o.o.,43,42,16,19,25,25,18,1,,,13,18,220
Baboszewo ,,43,42,16,19,25,25,18,1,,,13,18,220
Turzynów,Koleje Wielkopolskie Sp. z o.o.,19,19,23,63,37,30,37,33,29,23,17,23,353
Turzynów ,,19,19,23,63,37,30,37,33,29,23,17,23,353
Nowe Kutnowskie,Koleje Wielkopolskie Sp. z o.o.,13,19,25,54,29,25,30,24,26,22,14,22,303
Nowe Kutnowskie ,,13,19,25,54,29,25,30,24,26,22,14,22,303
Krzewie,Koleje Wielkopolskie Sp. z o.o.,15,18,22,53,30,25,30,25,25,20,14,20,297
Krzewie ,,15,18,22,53,30,25,30,25,25,20,14,20,297
Powroźnik,POLREGIO Spółka Akcyjna,19,5,10,5,9,20,21,13,17,7,4,4,134
Powroźnik ,,19,5,10,5,9,20,21,13,17,7,4,4,134
Żurawnica,POLREGIO Spółka Akcyjna,29,22,16,21,47,35,119,138,113,106,54,18,718
Żurawnica ,,29,22,16,21,47,35,119,138,113,106,54,18,718
Wólka Niedzieliska,POLREGIO Spółka Akcyjna,29,25,19,20,47,35,119,139,114,97,39,17,700
Wólka Niedzieliska ,,29,25,19,20,47,35,119,139,114,97,39,17,700
Niedzieliska-Kolonia,POLREGIO Spółka Akcyjna,29,26,18,20,47,35,119,138,112,100,41,16,701
Niedzieliska-Kolonia ,,29,26,18,20,47,35,119,138,112,100,41,16,701
Lewin Kłodzki,Koleje Dolnośląskie S.A.,71,40,66,70,85,67,126,139,,,,,664
Lewin Kłodzki ,,71,40,66,70,85,67,126,139,,,,,664
Koźmin Wielkopolski,Koleje Wielkopolskie Sp. z o.o.,2,1,2,2,12,22,16,11,14,10,16,13,121
Koźmin Wielkopolski ,,2,1,2,2,12,22,16,11,14,10,16,13,121
Racławice Śląskie,CARGO Master Spółka z o.o.,,,,0,,,,,,,,,0
Racławice Śląskie,POLREGIO Spółka Akcyjna,45,42,41,23,32,20,64,26,42,34,70,42,481
Racławice Śląskie ,,45,42,41,23,32,20,64,26,42,34,70,42,481
Twardawa,CARGO Master Spółka z o.o.,,,,0,,,,,,,,,0
Twardawa,POLREGIO Spółka Akcyjna,48,40,46,29,32,23,60,25,37,35,67,43,485
Twardawa ,,48,40,46,29,32,23,60,25,37,35,67,43,485
Dytmarów,POLREGIO Spółka Akcyjna,45,41,35,23,30,19,63,26,41,34,72,42,471
Dytmarów ,,45,41,35,23,30,19,63,26,41,34,72,42,471
Forst Lausitz,CARGO Master Spółka z o.o.,,,0,,,,,,,,,,0
Forst Lausitz,Koleje Dolnośląskie S.A.,4,0,1,0,2,4,3,1,14,2,4,4,39
Forst Lausitz,POLREGIO Spółka Akcyjna,19,14,13,10,12,8,23,6,12,26,15,20,178
Forst Lausitz ,,23,14,14,10,14,12,26,7,26,28,19,24,217
Zasieki,Koleje Dolnośląskie S.A.,4,0,1,0,2,6,3,1,16,2,6,4,45
Zasieki,POLREGIO Spółka Akcyjna,22,15,14,10,12,9,23,6,17,32,17,21,198
Zasieki ,,26,15,15,10,14,15,26,7,33,34,23,25,243
Szczejkowice,Koleje Śląskie Spółka z o.o.,20,3,8,13,5,8,9,5,5,12,8,15,111
Szczejkowice ,,20,3,8,13,5,8,9,5,5,12,8,15,111
Rybnik Piaski,Koleje Śląskie Spółka z o.o.,14,3,7,11,3,9,8,5,4,10,10,15,99
Rybnik Piaski ,,14,3,7,11,3,9,8,5,4,10,10,15,99
Szybowice,CARGO Master Spółka z o.o.,,,,0,,,,,,,,,0
Szybowice,POLREGIO Spółka Akcyjna,47,42,32,22,29,19,59,29,21,33,71,46,450
Szybowice ,,47,42,32,22,29,19,59,29,21,33,71,46,450
Nowy Las,POLREGIO Spółka Akcyjna,48,41,30,21,29,20,59,28,20,33,70,47,446
Nowy Las ,,48,41,30,21,29,20,59,28,20,33,70,47,446
Żulin,POLREGIO Spółka Akcyjna,19,8,10,12,19,20,45,53,28,23,26,30,293
Żulin ,,19,8,10,12,19,20,45,53,28,23,26,30,293
Zagrody Kościół,POLREGIO Spółka Akcyjna,19,8,11,12,20,19,46,54,29,24,26,30,298
Zagrody Kościół ,,19,8,11,12,20,19,46,54,29,24,26,30,298
Siódmak,Koleje Mazowieckie - KM Spółka z o.o.,,,,,,,,,,,,6,6
Siódmak,POLREGIO Spółka Akcyjna,17,15,11,11,18,18,13,14,11,12,16,6,162
Siódmak ,,17,15,11,11,18,18,13,14,11,12,16,12,168
Szczepki,POLREGIO Spółka Akcyjna,29,14,7,10,16,15,23,20,12,21,34,19,220
Szczepki ,,29,14,7,10,16,15,23,20,12,21,34,19,220
Różanystok,POLREGIO Spółka Akcyjna,41,11,12,17,28,15,22,28,17,25,35,19,270
Różanystok ,,41,11,12,17,28,15,22,28,17,25,35,19,270
Sidra,POLREGIO Spółka Akcyjna,40,14,12,17,28,15,20,28,17,24,37,19,271
Sidra ,,40,14,12,17,28,15,20,28,17,24,37,19,271
Płociczno koło Suwałk,POLREGIO Spółka Akcyjna,28,14,6,9,16,14,20,19,12,21,34,19,212
Płociczno koło Suwałk ,,28,14,6,9,16,14,20,19,12,21,34,19,212
Racewo,POLREGIO Spółka Akcyjna,42,15,13,17,28,16,22,30,20,26,37,19,285
Racewo ,,42,15,13,17,28,16,22,30,20,26,37,19,285
Ostrowie Biebrzańskie,POLREGIO Spółka Akcyjna,35,13,13,17,26,15,21,22,17,23,36,20,258
Ostrowie Biebrzańskie ,,35,13,13,17,26,15,21,22,17,23,36,20,258
Kamienna Nowa,POLREGIO Spółka Akcyjna,36,12,13,17,27,15,19,23,18,23,36,20,259
Kamienna Nowa ,,36,12,13,17,27,15,19,23,18,23,36,20,259
Gliniszcze,POLREGIO Spółka Akcyjna,41,15,13,17,28,17,22,31,21,27,36,19,287
Gliniszcze ,,41,15,13,17,28,17,22,31,21,27,36,19,287
Jastrzębna,POLREGIO Spółka Akcyjna,33,12,11,15,24,14,20,22,17,23,35,20,246
Jastrzębna ,,33,12,11,15,24,14,20,22,17,23,35,20,246
Blizna,POLREGIO Spółka Akcyjna,33,14,8,10,17,16,22,21,12,21,34,19,227
Blizna ,,33,14,8,10,17,16,22,21,12,21,34,19,227
Augustów Port,POLREGIO Spółka Akcyjna,34,14,9,12,18,17,22,20,14,21,35,19,235
Augustów Port ,,34,14,9,12,18,17,22,20,14,21,35,19,235
Balinka,POLREGIO Spółka Akcyjna,34,12,9,14,16,19,24,24,17,25,37,19,250
Balinka ,,34,12,9,14,16,19,24,24,17,25,37,19,250
Kędzierzyn-Koźle Przystanek,CARGO Master Spółka z o.o.,,,,0,,,,,,,,,0
Kędzierzyn-Koźle Przystanek,POLREGIO Spółka Akcyjna,48,42,45,13,33,23,57,24,35,33,63,41,457
Kędzierzyn-Koźle Przystanek ,,48,42,45,13,33,23,57,24,35,33,63,41,457
Kędzierzyn-Koźle Zachodnie,POLREGIO Spółka Akcyjna,48,41,46,13,33,22,60,25,36,35,63,41,463
Kędzierzyn-Koźle Zachodnie ,,48,41,46,13,33,22,60,25,36,35,63,41,463
Pokrzywnica,POLREGIO Spółka Akcyjna,49,41,46,13,34,24,61,26,35,35,65,41,470
Pokrzywnica ,,49,41,46,13,34,24,61,26,35,35,65,41,470
Włoszczowice,POLREGIO Spółka Akcyjna,16,7,9,0,8,3,12,4,12,11,9,13,104
Włoszczowice ,,16,7,9,0,8,3,12,4,12,11,9,13,104
Dębska Wola,POLREGIO Spółka Akcyjna,18,8,10,2,8,4,11,4,13,11,9,13,111
Dębska Wola ,,18,8,10,2,8,4,11,4,13,11,9,13,111
Brzeziny,POLREGIO Spółka Akcyjna,19,8,10,3,9,4,11,6,13,11,8,13,115
Brzeziny ,,19,8,10,3,9,4,11,6,13,11,8,13,115
Rogóźno Pomorskie,POLREGIO Spółka Akcyjna,30,12,18,9,6,23,56,56,1,5,10,16,242
Rogóźno Pomorskie ,,30,12,18,9,6,23,56,56,1,5,10,16,242
Grudziądz Owczarki,POLREGIO Spółka Akcyjna,25,11,18,9,6,19,53,56,0,6,11,15,229
Grudziądz Owczarki ,,25,11,18,9,6,19,53,56,0,6,11,15,229
Grudziądz Tuszewo,POLREGIO Spółka Akcyjna,23,11,18,9,6,19,53,56,0,6,11,16,228
Grudziądz Tuszewo ,,23,11,18,9,6,19,53,56,0,6,11,16,228
Wkra,Koleje Mazowieckie - KM Spółka z o.o.,47,35,18,17,29,30,,,,6,18,22,222
Wkra ,,47,35,18,17,29,30,,,,6,18,22,222
Dalanówek,Koleje Mazowieckie - KM Spółka z o.o.,46,35,18,18,28,30,,,,6,17,20,218
Dalanówek ,,46,35,18,18,28,30,,,,6,17,20,218
Cieksyn,Koleje Mazowieckie - KM Spółka z o.o.,48,34,18,16,28,30,,,,6,18,22,220
Cieksyn ,,48,34,18,16,28,30,,,,6,18,22,220
Grudze,Łódzka Kolej Aglomeracyjna Sp. z o.o.,10,3,6,,,,,,,,,,19
Grudze ,,10,3,6,,,,,,,,,,19
Susiec,POLREGIO Spółka Akcyjna,32,21,13,23,55,39,119,134,136,121,44,17,754
Susiec ,,32,21,13,23,55,39,119,134,136,121,44,17,754
Maziły,POLREGIO Spółka Akcyjna,31,20,13,23,58,39,119,133,136,122,43,18,755
Maziły ,,31,20,13,23,58,39,119,133,136,122,43,18,755
Bełżec Drugi,POLREGIO Spółka Akcyjna,30,16,11,23,53,38,118,133,136,112,37,17,724
Bełżec Drugi ,,30,16,11,23,53,38,118,133,136,112,37,17,724
Bełżec,POLREGIO Spółka Akcyjna,28,11,10,20,50,30,112,128,132,91,34,14,660
Bełżec ,,28,11,10,20,50,30,112,128,132,91,34,14,660
Nowiny,POLREGIO Spółka Akcyjna,32,22,16,24,54,41,124,138,140,109,38,19,757
Nowiny ,,32,22,16,24,54,41,124,138,140,109,38,19,757
Józefów Roztoczański,POLREGIO Spółka Akcyjna,32,23,16,24,53,40,137,161,133,118,47,18,802
Józefów Roztoczański ,,32,23,16,24,53,40,137,161,133,118,47,18,802
Długi Kąt,POLREGIO Spółka Akcyjna,32,23,16,24,54,42,141,181,152,100,38,18,821
Długi Kąt ,,32,23,16,24,54,42,141,181,152,100,38,18,821
Kołobrzeg Amfiteatr,POLREGIO Spółka Akcyjna,,,,,,40,48,55,26,20,40,55,284
Kołobrzeg Amfiteatr ,,,,,,,40,48,55,26,20,40,55,284
Lipusz,POLREGIO Spółka Akcyjna,8,6,11,17,11,17,20,17,14,11,12,15,159
Lipusz ,,8,6,11,17,11,17,20,17,14,11,12,15,159
Męcikał,POLREGIO Spółka Akcyjna,12,8,11,17,15,20,19,18,14,14,14,16,178
Męcikał ,,12,8,11,17,15,20,19,18,14,14,14,16,178
Brusy,POLREGIO Spółka Akcyjna,13,8,10,15,13,18,18,18,13,13,12,15,166
Brusy ,,13,8,10,15,13,18,18,18,13,13,12,15,166
Powałki,POLREGIO Spółka Akcyjna,12,8,12,17,15,20,19,19,13,14,14,16,179
Powałki ,,12,8,12,17,15,20,19,19,13,14,14,16,179
Łubiana,POLREGIO Spółka Akcyjna,8,7,11,16,11,17,19,18,13,13,13,15,161
Łubiana ,,8,7,11,16,11,17,19,18,13,13,13,15,161
Lubnia,POLREGIO Spółka Akcyjna,9,8,11,17,11,18,19,18,14,14,12,15,166
Lubnia ,,9,8,11,17,11,18,19,18,14,14,12,15,166
Dziemiany Kaszubskie,POLREGIO Spółka Akcyjna,9,7,11,19,11,18,20,18,14,13,12,15,167
Dziemiany Kaszubskie ,,9,7,11,19,11,18,20,18,14,13,12,15,167
Żabno koło Chojnic,POLREGIO Spółka Akcyjna,13,8,11,18,15,20,20,18,15,15,14,16,183
Żabno koło Chojnic ,,13,8,11,18,15,20,20,18,15,15,14,16,183
Raduń,POLREGIO Spółka Akcyjna,8,8,11,18,11,18,20,18,14,13,12,15,166
Raduń ,,8,8,11,18,11,18,20,18,14,13,12,15,166
Lipuska Huta,POLREGIO Spółka Akcyjna,8,8,12,18,11,17,20,16,12,13,13,14,162
Lipuska Huta ,,8,8,12,18,11,17,20,16,12,13,13,14,162
Kalisz Kaszubski,POLREGIO Spółka Akcyjna,8,8,11,18,11,17,20,16,12,13,12,14,160
Kalisz Kaszubski ,,8,8,11,18,11,17,20,16,12,13,12,14,160
Garczyn,POLREGIO Spółka Akcyjna,8,7,10,16,10,17,18,18,13,13,13,15,158
Garczyn ,,8,7,10,16,10,17,18,18,13,13,13,15,158
Zastocze,POLREGIO Spółka Akcyjna,46,8,11,13,19,9,22,25,16,17,20,11,217
Zastocze ,,46,8,11,13,19,9,22,25,16,17,20,11,217
Knyszyn,POLREGIO Spółka Akcyjna,45,10,10,15,15,11,20,25,16,17,18,8,210
Knyszyn ,,45,10,10,15,15,11,20,25,16,17,18,8,210
Czechowizna,POLREGIO Spółka Akcyjna,46,8,10,11,20,9,23,23,16,17,20,11,214
Czechowizna ,,46,8,10,11,20,9,23,23,16,17,20,11,214
Dobrzyniewo Duże,POLREGIO Spółka Akcyjna,53,11,12,17,17,17,24,27,20,21,21,6,246
Dobrzyniewo Duże ,,53,11,12,17,17,17,24,27,20,21,21,6,246
Fasty,POLREGIO Spółka Akcyjna,53,11,12,17,17,17,23,27,20,20,20,5,242
Fasty ,,53,11,12,17,17,17,23,27,20,20,20,5,242
Białystok Bacieczki,POLREGIO Spółka Akcyjna,49,11,11,17,18,17,23,27,20,18,20,5,236
Białystok Bacieczki ,,49,11,11,17,18,17,23,27,20,18,20,5,236
Borsukówka,POLREGIO Spółka Akcyjna,51,11,11,17,18,16,24,27,20,21,21,6,243
Borsukówka ,,51,11,11,17,18,16,24,27,20,21,21,6,243
Białystok Starosielce,POLREGIO Spółka Akcyjna,47,11,11,16,17,16,22,27,21,19,20,4,231
Białystok Starosielce ,,47,11,11,16,17,16,22,27,21,19,20,4,231
Wierzawice,POLREGIO Spółka Akcyjna,28,11,6,6,7,8,23,16,10,9,20,17,161
Wierzawice ,,28,11,6,6,7,8,23,16,10,9,20,17,161
Tryńcza,POLREGIO Spółka Akcyjna,23,10,6,5,6,7,24,15,13,10,21,18,158
Tryńcza ,,23,10,6,5,6,7,24,15,13,10,21,18,158
Nowa Sarzyna Kolonia,POLREGIO Spółka Akcyjna,26,10,6,8,8,9,20,12,9,13,20,16,157
Nowa Sarzyna Kolonia ,,26,10,6,8,8,9,20,12,9,13,20,16,157
Łętownia,POLREGIO Spółka Akcyjna,26,9,6,9,9,9,17,8,9,14,20,16,152
Łętownia ,,26,9,6,9,9,9,17,8,9,14,20,16,152
Grodzisko Dolne,POLREGIO Spółka Akcyjna,24,11,6,5,6,7,24,16,12,10,20,18,159
Grodzisko Dolne ,,24,11,6,5,6,7,24,16,12,10,20,18,159
Gniewczyna,POLREGIO Spółka Akcyjna,22,10,6,5,6,8,24,17,14,11,21,18,162
Gniewczyna ,,22,10,6,5,6,8,24,17,14,11,21,18,162
Jelna,POLREGIO Spółka Akcyjna,26,10,6,8,9,8,22,13,10,10,17,17,156
Jelna ,,26,10,6,8,9,8,22,13,10,10,17,17,156
Goniądz,POLREGIO Spółka Akcyjna,47,10,14,6,21,9,24,23,12,19,19,11,215
Goniądz ,,47,10,14,6,21,9,24,23,12,19,19,11,215
Ruda,POLREGIO Spółka Akcyjna,44,9,10,3,19,8,23,23,10,17,17,10,193
Ruda ,,44,9,10,3,19,8,23,23,10,17,17,10,193
Podlasek,POLREGIO Spółka Akcyjna,42,9,10,4,19,8,22,23,10,17,17,9,190
Podlasek ,,42,9,10,4,19,8,22,23,10,17,17,9,190
Prostki,POLREGIO Spółka Akcyjna,40,8,9,2,17,6,22,17,6,15,16,6,164
Prostki ,,40,8,9,2,17,6,22,17,6,15,16,6,164
Lipińskie Małe,POLREGIO Spółka Akcyjna,39,10,9,2,16,7,22,17,6,15,16,6,165
Lipińskie Małe ,,39,10,9,2,16,7,22,17,6,15,16,6,165
Ełk Szyba Wschód,POLREGIO Spółka Akcyjna,38,10,9,2,16,7,22,17,6,15,16,6,164
Ełk Szyba Wschód ,,38,10,9,2,16,7,22,17,6,15,16,6,164
Wielbark,Koleje Mazowieckie - KM Spółka z o.o.,,,,,,,,,,,,6,6
Wielbark,PKP INTERCITY Spółka Akcyjna ,,,,,,,0,,,,,,0
Wielbark,POLREGIO Spółka Akcyjna,12,13,6,10,16,14,11,16,9,11,15,5,138
Wielbark ,,12,13,6,10,16,14,11,16,9,11,15,11,144
Szymany,Koleje Mazowieckie - KM Spółka z o.o.,,,,,,,,,,,,7,7
Szymany,POLREGIO Spółka Akcyjna,16,13,8,11,16,16,12,13,9,12,14,5,145
Szymany ,,16,13,8,11,16,16,12,13,9,12,14,12,152
Jesionowiec,Koleje Mazowieckie - KM Spółka z o.o.,,,,,,,,,,,,7,7
Jesionowiec,POLREGIO Spółka Akcyjna,15,14,7,10,16,16,12,16,9,12,15,5,147
Jesionowiec ,,15,14,7,10,16,16,12,16,9,12,15,12,154
Lipowa Tucholska,Arriva RP Sp. z o.o.,15,3,2,7,4,8,22,6,19,3,14,20,123
Lipowa Tucholska,CARGO Master Spółka z o.o.,,,,0,,,,,,,,,0
Lipowa Tucholska ,,15,3,2,7,4,8,22,6,19,3,14,20,123
Zielonka Pomorska,Arriva RP Sp. z o.o.,15,5,4,8,4,9,23,8,22,3,16,19,136
Zielonka Pomorska ,,15,5,4,8,4,9,23,8,22,3,16,19,136
Zarośle,Arriva RP Sp. z o.o.,14,4,2,8,3,8,23,7,20,3,16,20,128
Zarośle ,,14,4,2,8,3,8,23,7,20,3,16,20,128
Rosochatka,Arriva RP Sp. z o.o.,15,4,2,8,4,8,23,7,20,3,15,20,129
Rosochatka ,,15,4,2,8,4,8,23,7,20,3,15,20,129
Małe Gacno,Arriva RP Sp. z o.o.,14,5,3,7,3,9,23,7,20,3,15,19,128
Małe Gacno ,,14,5,3,7,3,9,23,7,20,3,15,19,128
Wróblik Szlachecki,PKP INTERCITY Spółka Akcyjna ,25,17,16,14,17,17,32,47,41,24,16,13,279
Wróblik Szlachecki,POLREGIO Spółka Akcyjna,1,1,4,2,4,3,4,3,2,6,6,0,36
Wróblik Szlachecki,SKPL Cargo Sp. z o.o.  (przewozy pasażerskie),,,,,,,,,,3,,,3
Wróblik Szlachecki ,,26,18,20,16,21,20,36,50,43,33,22,13,318
Krosno Miasto,PKP INTERCITY Spółka Akcyjna ,25,17,16,14,17,17,35,48,41,23,15,14,282
Krosno Miasto,POLREGIO Spółka Akcyjna,1,1,3,2,4,3,5,3,2,7,4,0,35
Krosno Miasto,SKPL Cargo Sp. z o.o.  (przewozy pasażerskie),,,,,,,,,,4,,,4
Krosno Miasto ,,26,18,19,16,21,20,40,51,43,34,19,14,321
Krosno,PKP INTERCITY Spółka Akcyjna ,25,15,16,13,17,16,33,47,39,25,13,14,273
Krosno,POLREGIO Spółka Akcyjna,1,1,3,2,4,3,5,2,2,6,3,0,32
Krosno,SKPL Cargo Sp. z o.o.  (przewozy pasażerskie),,,,,,,,,,2,,,2
Krosno ,,26,16,19,15,21,19,38,49,41,33,16,14,307
Jedlicze,PKP INTERCITY Spółka Akcyjna ,24,13,17,13,16,14,32,47,38,28,18,14,274
Jedlicze,POLREGIO Spółka Akcyjna,1,1,3,2,4,3,4,2,2,8,8,2,40
Jedlicze ,,25,14,20,15,20,17,36,49,40,36,26,16,314
Zarszyn,PKP INTERCITY Spółka Akcyjna ,24,17,16,13,17,16,30,46,40,24,15,14,272
Zarszyn,POLREGIO Spółka Akcyjna,1,1,4,2,4,2,4,2,2,7,4,0,33
Zarszyn,SKPL Cargo Sp. z o.o.  (przewozy pasażerskie),,,,,,,,,,3,,,3
Zarszyn ,,25,18,20,15,21,18,34,48,42,34,19,14,308
Nielep,POLREGIO Spółka Akcyjna,42,9,23,13,22,26,22,24,20,33,29,54,317
Nielep ,,42,9,23,13,22,26,22,24,20,33,29,54,317
Klępnica,POLREGIO Spółka Akcyjna,41,7,24,10,25,23,33,45,25,36,25,25,319
Klępnica ,,41,7,24,10,25,23,33,45,25,36,25,25,319
Kołobrzeg Ogrody,POLREGIO Spółka Akcyjna,,,,,,30,67,54,11,5,4,102,273
Kołobrzeg Ogrody ,,,,,,,30,67,54,11,5,4,102,273
Kłodzko Książek,Koleje Dolnośląskie S.A.,36,17,30,37,43,44,66,60,,,,,333
Kłodzko Książek ,,36,17,30,37,43,44,66,60,,,,,333
Kłodzko Zagórze,Koleje Dolnośląskie S.A.,36,18,28,35,43,43,66,60,,,,,329
Kłodzko Zagórze ,,36,18,28,35,43,43,66,60,,,,,329
Tuszów Narodowy,POLREGIO Spółka Akcyjna,10,4,6,5,6,3,3,1,3,2,12,6,61
Tuszów Narodowy ,,10,4,6,5,6,3,3,1,3,2,12,6,61
Padew,POLREGIO Spółka Akcyjna,8,3,5,4,6,3,3,1,3,2,11,6,55
Padew ,,8,3,5,4,6,3,3,1,3,2,11,6,55
Jaślany,POLREGIO Spółka Akcyjna,10,4,6,5,6,3,3,1,3,2,12,6,61
Jaślany ,,10,4,6,5,6,3,3,1,3,2,12,6,61
Chorzelów Południowy,POLREGIO Spółka Akcyjna,11,3,6,5,6,3,3,1,3,2,12,6,61
Chorzelów Południowy ,,11,3,6,5,6,3,3,1,3,2,12,6,61
Chorzelów,POLREGIO Spółka Akcyjna,10,3,6,5,6,3,3,1,3,2,11,6,59
Chorzelów ,,10,3,6,5,6,3,3,1,3,2,11,6,59
Kije,POLREGIO Spółka Akcyjna,17,5,9,1,7,2,12,4,0,3,9,13,82
Kije ,,17,5,9,1,7,2,12,4,0,3,9,13,82
Grochowiska,POLREGIO Spółka Akcyjna,19,5,9,1,7,1,12,4,0,2,9,12,81
Grochowiska ,,19,5,9,1,7,1,12,4,0,2,9,12,81
Busko-Zdrój,POLREGIO Spółka Akcyjna,18,4,9,0,7,1,11,4,0,2,8,10,74
Busko-Zdrój ,,18,4,9,0,7,1,11,4,0,2,8,10,74
Sandomierz,PKP INTERCITY Spółka Akcyjna ,13,7,7,9,12,9,21,18,6,5,6,17,130
Sandomierz,POLREGIO Spółka Akcyjna,15,11,11,7,10,12,2,1,6,7,5,6,93
Sandomierz ,,28,18,18,16,22,21,23,19,12,12,11,23,223
Żabiny,POLREGIO Spółka Akcyjna,20,11,7,15,11,14,19,20,23,8,15,12,175
Żabiny ,,20,11,7,15,11,14,19,20,23,8,15,12,175
Zajączkowo Lubawskie,POLREGIO Spółka Akcyjna,30,11,4,9,8,8,18,21,20,11,17,16,173
Zajączkowo Lubawskie ,,30,11,4,9,8,8,18,21,20,11,17,16,173
Turza Wielka,POLREGIO Spółka Akcyjna,18,10,4,13,11,13,17,17,15,7,16,13,154
Turza Wielka ,,18,10,4,13,11,13,17,17,15,7,16,13,154
Tuczki,POLREGIO Spółka Akcyjna,22,11,7,15,11,14,19,20,22,8,15,12,176
Tuczki ,,22,11,7,15,11,14,19,20,22,8,15,12,176
Smolniki,POLREGIO Spółka Akcyjna,27,8,5,8,5,10,9,12,17,10,20,14,145
Smolniki ,,27,8,5,8,5,10,9,12,17,10,20,14,145
Rybno Pomorskie,POLREGIO Spółka Akcyjna,22,11,4,10,8,9,20,19,21,7,15,11,157
Rybno Pomorskie ,,22,11,4,10,8,9,20,19,21,7,15,11,157
Rakowice,POLREGIO Spółka Akcyjna,26,8,5,8,6,5,7,8,14,9,17,14,127
Rakowice ,,26,8,5,8,6,5,7,8,14,9,17,14,127
Montowo,POLREGIO Spółka Akcyjna,29,12,4,9,8,9,18,20,23,10,16,15,173
Montowo ,,29,12,4,9,8,9,18,20,23,10,16,15,173
Hartowiec,POLREGIO Spółka Akcyjna,28,11,4,11,9,11,19,20,23,9,16,14,175
Hartowiec ,,28,11,4,11,9,11,19,20,23,9,16,14,175
Gralewo,POLREGIO Spółka Akcyjna,20,10,4,12,9,14,17,18,16,7,16,13,156
Gralewo ,,20,10,4,12,9,14,17,18,16,7,16,13,156
Jeglia,POLREGIO Spółka Akcyjna,28,11,4,11,9,11,18,19,23,9,17,14,174
Jeglia ,,28,11,4,11,9,11,18,19,23,9,17,14,174
Burkat,POLREGIO Spółka Akcyjna,19,10,5,13,11,13,16,18,16,7,19,14,161
Burkat ,,19,10,5,13,11,13,16,18,16,7,19,14,161
Słupia,POLREGIO Spółka Akcyjna,6,3,1,7,4,6,3,3,12,20,23,13,101
Słupia ,,6,3,1,7,4,6,3,3,12,20,23,13,101
Łęka Opatowska,POLREGIO Spółka Akcyjna,6,3,1,5,3,6,3,1,9,19,23,11,90
Łęka Opatowska ,,6,3,1,5,3,6,3,1,9,19,23,11,90
Kostów,POLREGIO Spółka Akcyjna,7,3,1,5,3,6,2,2,12,20,21,10,92
Kostów ,,7,3,1,5,3,6,2,2,12,20,21,10,92
Krzywizna,POLREGIO Spółka Akcyjna,6,3,1,8,3,5,3,2,14,21,20,10,96
Krzywizna ,,6,3,1,8,3,5,3,2,14,21,20,10,96
Biskupice koło Kluczborka,POLREGIO Spółka Akcyjna,7,3,1,8,3,6,3,3,15,22,21,10,102
Biskupice koło Kluczborka ,,7,3,1,8,3,6,3,3,15,22,21,10,102
Spychowo,POLREGIO Spółka Akcyjna,33,18,15,12,22,31,36,24,11,22,16,23,263
Spychowo ,,33,18,15,12,22,31,36,24,11,22,16,23,263
Świętajno,POLREGIO Spółka Akcyjna,32,19,15,12,23,31,36,24,11,21,17,23,264
Świętajno ,,32,19,15,12,23,31,36,24,11,21,17,23,264
Olszyny,POLREGIO Spółka Akcyjna,36,19,15,12,23,32,36,24,11,21,19,23,271
Olszyny ,,36,19,15,12,23,32,36,24,11,21,19,23,271
Kolonia,POLREGIO Spółka Akcyjna,32,19,15,12,23,32,37,24,11,22,16,23,266
Kolonia ,,32,19,15,12,23,32,37,24,11,22,16,23,266
Jeruty,POLREGIO Spółka Akcyjna,36,19,15,12,23,32,36,24,11,21,19,23,271
Jeruty ,,36,19,15,12,23,32,36,24,11,21,19,23,271
Szeroki Bór,POLREGIO Spółka Akcyjna,34,19,15,12,23,29,37,26,12,24,16,25,272
Szeroki Bór ,,34,19,15,12,23,29,37,26,12,24,16,25,272
Ruciane-Nida Zachód,POLREGIO Spółka Akcyjna,36,21,15,12,24,30,37,25,12,23,16,23,274
Ruciane-Nida Zachód ,,36,21,15,12,24,30,37,25,12,23,16,23,274
Pisz Wschodni,POLREGIO Spółka Akcyjna,31,19,16,9,17,23,34,23,14,27,21,23,257
Pisz Wschodni ,,31,19,16,9,17,23,34,23,14,27,21,23,257
Stare Guty,POLREGIO Spółka Akcyjna,32,19,15,9,16,23,34,22,14,25,20,24,253
Stare Guty ,,32,19,15,9,16,23,34,22,14,25,20,24,253
Pogorzel Wielka,POLREGIO Spółka Akcyjna,28,16,17,8,14,24,32,19,13,24,23,23,241
Pogorzel Wielka ,,28,16,17,8,14,24,32,19,13,24,23,23,241
Nowa Wieś Ełcka,POLREGIO Spółka Akcyjna,27,14,16,6,14,23,28,18,11,21,23,23,224
Nowa Wieś Ełcka ,,27,14,16,6,14,23,28,18,11,21,23,23,224
Kaliszki,POLREGIO Spółka Akcyjna,32,18,15,9,15,23,34,20,13,24,20,23,246
Kaliszki ,,32,18,15,9,15,23,34,20,13,24,20,23,246
Drygały,POLREGIO Spółka Akcyjna,28,17,15,8,14,23,31,20,13,23,20,21,233
Drygały ,,28,17,15,8,14,23,31,20,13,23,20,21,233
Ełk Szyba Zachód,POLREGIO Spółka Akcyjna,24,14,16,5,14,22,27,18,11,21,23,23,218
Ełk Szyba Zachód ,,24,14,16,5,14,22,27,18,11,21,23,23,218
Bajtkowo,POLREGIO Spółka Akcyjna,28,15,17,7,14,23,29,18,12,23,23,23,232
Bajtkowo ,,28,15,17,7,14,23,29,18,12,23,23,23,232
Golina,Koleje Wielkopolskie Sp. z o.o.,,,,2,14,23,14,12,16,13,15,14,123
Golina ,,,,,2,14,23,14,12,16,13,15,14,123
Obra Stara,Koleje Wielkopolskie Sp. z o.o.,,,,2,13,23,14,12,16,13,16,14,123
Obra Stara ,,,,,2,13,23,14,12,16,13,16,14,123
Strzelce Świdnickie,Koleje Dolnośląskie S.A.,,,,,,,,,60,53,71,34,218
Strzelce Świdnickie ,,,,,,,,,,60,53,71,34,218
Radzyń Podlaski,PKP INTERCITY Spółka Akcyjna ,23,20,22,11,22,16,15,27,20,38,46,20,280
Radzyń Podlaski,POLREGIO Spółka Akcyjna,3,0,1,1,1,0,2,4,3,6,4,8,33
Radzyń Podlaski ,,26,20,23,12,23,16,17,31,23,44,50,28,313
Kraków Lubocza,Koleje Małopolskie Sp. z o.o.,17,5,1,4,7,5,7,8,11,11,6,2,84
Kraków Lubocza,POLREGIO Spółka Akcyjna,,,,,,,,,,,,17,17
Kraków Lubocza ,,17,5,1,4,7,5,7,8,11,11,6,19,101
Kraków Nowa Huta,Koleje Małopolskie Sp. z o.o.,17,4,0,3,7,5,7,8,9,11,6,2,79
Kraków Nowa Huta,POLREGIO Spółka Akcyjna,,,,,,,,,,,,14,14
Kraków Nowa Huta ,,17,4,0,3,7,5,7,8,9,11,6,16,93
Mikulovice,Ceskie Drahy,12,3,3,4,14,19,16,7,0,,,9,87
Mikulovice ,,12,3,3,4,14,19,16,7,0,,,9,87
Jindrichov Ve Slez,Ceskie Drahy,28,10,5,9,24,41,36,19,5,,,11,188
Jindrichov Ve Slez ,,28,10,5,9,24,41,36,19,5,,,11,188
Kulin Kłodzki,Koleje Dolnośląskie S.A.,32,18,35,43,51,38,64,66,,,,,347
Kulin Kłodzki ,,32,18,35,43,51,38,64,66,,,,,347
Dąbrowa Górnicza Pogoria,Koleje Śląskie Spółka z o.o.,,,,,,108,80,46,,,,,234
Dąbrowa Górnicza Pogoria ,,,,,,,108,80,46,,,,,234
Otmuchów,CARGO Master Spółka z o.o.,,,,0,,,,,,,,,0
Otmuchów,PKP INTERCITY Spółka Akcyjna ,49,25,18,23,18,14,39,13,19,39,62,46,365
Otmuchów,POLREGIO Spółka Akcyjna,8,9,6,4,3,4,10,4,18,11,15,17,109
Otmuchów ,,57,34,24,27,21,18,49,17,37,50,77,63,474
Paczków,CARGO Master Spółka z o.o.,,,,0,,,,,,,,,0
Paczków,PKP INTERCITY Spółka Akcyjna ,44,22,18,19,17,14,38,14,21,43,58,47,355
Paczków,POLREGIO Spółka Akcyjna,8,9,6,3,3,2,10,5,17,11,15,18,107
Paczków ,,52,31,24,22,20,16,48,19,38,54,73,65,462
Okrąglica,POLREGIO Spółka Akcyjna,10,7,10,10,4,16,18,24,53,37,43,31,263
Okrąglica ,,10,7,10,10,4,16,18,24,53,37,43,31,263
Nowy Zagórz,PKP INTERCITY Spółka Akcyjna ,0,,,,1,0,1,2,0,,,,4
Nowy Zagórz,POLREGIO Spółka Akcyjna,5,0,5,2,2,2,6,1,3,3,4,2,35
Nowy Zagórz,SKPL Cargo Sp. z o.o.  (przewozy pasażerskie),,,,,,0,,,,1,,,1
Nowy Zagórz ,,5,0,5,2,3,2,7,3,3,4,4,2,40
Uherce,PKP INTERCITY Spółka Akcyjna ,0,,,,1,0,1,2,0,,,,4
Uherce,POLREGIO Spółka Akcyjna,5,0,5,1,1,1,4,1,2,4,3,2,29
Uherce ,,5,0,5,1,2,1,5,3,2,4,3,2,33
Lesko Łukawica,PKP INTERCITY Spółka Akcyjna ,0,,,,1,0,1,2,0,,,,4
Lesko Łukawica,POLREGIO Spółka Akcyjna,5,0,5,1,1,2,4,1,2,4,3,2,30
Lesko Łukawica ,,5,0,5,1,2,2,5,3,2,4,3,2,34
Gorlice Zagórzany,Koleje Małopolskie Sp. z o.o.,2,2,2,0,2,1,4,4,0,1,0,1,19
Gorlice Zagórzany,PKP CARGO S.A. w restrukturyzacji,,,,,,,,,0,,,,0
Gorlice Zagórzany,PKP INTERCITY Spółka Akcyjna ,23,13,16,11,16,15,34,42,43,,15,13,241
Gorlice Zagórzany,POLREGIO Spółka Akcyjna,0,3,0,4,2,1,,,,,2,0,12
Gorlice Zagórzany ,,25,18,18,15,20,17,38,46,43,1,17,14,272
Załuż,POLREGIO Spółka Akcyjna,5,0,5,1,1,2,4,1,2,4,3,2,30
Załuż ,,5,0,5,1,1,2,4,1,2,4,3,2,30
Uherce Tunel,POLREGIO Spółka Akcyjna,5,0,5,1,1,1,4,1,2,4,3,2,29
Uherce Tunel ,,5,0,5,1,1,1,4,1,2,4,3,2,29
Jankowce,POLREGIO Spółka Akcyjna,5,0,5,1,1,1,4,1,2,4,3,2,29
Jankowce ,,5,0,5,1,1,1,4,1,2,4,3,2,29
Wielowieś,POLREGIO Spółka Akcyjna,28,19,21,10,17,20,2,3,9,11,8,12,160
Wielowieś ,,28,19,21,10,17,20,2,3,9,11,8,12,160
Lublin AIRPORT,POLREGIO Spółka Akcyjna,2,3,2,2,2,2,0,0,1,0,0,3,17
Lublin AIRPORT ,,2,3,2,2,2,2,0,0,1,0,0,3,17
Koszalin Wschodni,POLREGIO Spółka Akcyjna,,,,,,,,,39,46,54,63,202
Koszalin Wschodni ,,,,,,,,,,39,46,54,63,202
Koszalin Politechnika,POLREGIO Spółka Akcyjna,,,,,,,,,39,46,54,63,202
Koszalin Politechnika ,,,,,,,,,,39,46,54,63,202
Biecz,Koleje Małopolskie Sp. z o.o.,2,2,2,0,2,2,4,4,0,1,0,1,20
Biecz,PKP CARGO S.A. w restrukturyzacji,,,,,,,,,0,,,,0
Biecz,PKP INTERCITY Spółka Akcyjna ,26,13,16,11,16,13,35,41,45,,16,13,245
Biecz,POLREGIO Spółka Akcyjna,0,3,0,3,2,1,,,,,2,0,11
Biecz ,,28,18,18,14,20,16,39,45,45,1,18,14,276
Nida,POLREGIO Spółka Akcyjna,,,,,,3,10,4,13,11,8,13,62
Nida ,,,,,,,3,10,4,13,11,8,13,62
Wierzchowice,Koleje Dolnośląskie S.A.,11,8,4,5,5,5,11,16,11,8,20,5,109
Wierzchowice ,,11,8,4,5,5,5,11,16,11,8,20,5,109
Hrubieszów Miasto,PKP INTERCITY Spółka Akcyjna ,53,36,33,22,31,23,27,33,17,22,38,39,374
Hrubieszów Miasto ,,53,36,33,22,31,23,27,33,17,22,38,39,374
Werbkowice,PKP INTERCITY Spółka Akcyjna ,52,39,33,23,32,23,29,33,18,25,41,42,390
Werbkowice ,,52,39,33,23,32,23,29,33,18,25,41,42,390
Łeba,PKP INTERCITY Spółka Akcyjna ,,,,,,7,32,17,0,,,,56
Łeba,POLREGIO Spółka Akcyjna,,,,,,10,52,38,0,,,,100
Łeba ,,,,,,,17,84,55,0,,,,156
Ustrzyki Dolne,POLREGIO Spółka Akcyjna,5,0,4,1,0,0,4,1,1,4,3,2,25
Ustrzyki Dolne ,,5,0,4,1,0,0,4,1,1,4,3,2,25
Ustianowa,POLREGIO Spółka Akcyjna,5,0,5,1,0,1,4,1,2,4,3,2,28
Ustianowa ,,5,0,5,1,0,1,4,1,2,4,3,2,28
Olszanica,POLREGIO Spółka Akcyjna,5,0,5,1,0,1,4,1,2,4,3,2,28
Olszanica ,,5,0,5,1,0,1,4,1,2,4,3,2,28
Wolenice,Koleje Wielkopolskie Sp. z o.o.,3,1,4,4,13,21,11,,,,,1,58
Wolenice ,,3,1,4,4,13,21,11,,,,,1,58
Bożacin,Koleje Wielkopolskie Sp. z o.o.,3,1,4,4,13,21,12,,,,,1,59
Bożacin ,,3,1,4,4,13,21,12,,,,,1,59
Stalowa Wola Charzewice,PKP INTERCITY Spółka Akcyjna ,33,22,17,17,19,24,29,35,22,25,17,9,269
Stalowa Wola Charzewice ,,33,22,17,17,19,24,29,35,22,25,17,9,269
Opole Wschodnie,PKP INTERCITY Spółka Akcyjna ,21,11,11,20,11,7,,,,1,,,82
Opole Wschodnie,POLREGIO Spółka Akcyjna,8,3,3,11,5,10,10,4,11,11,9,3,88
Opole Wschodnie ,,29,14,14,31,16,17,10,4,11,12,9,3,170
Szczecinek Bugno,POLREGIO Spółka Akcyjna,,,,,,68,130,123,3,,,167,491
Szczecinek Bugno ,,,,,,,68,130,123,3,,,167,491
Oleszyce,POLREGIO Spółka Akcyjna,42,2,7,7,15,11,49,34,10,12,15,11,215
Oleszyce ,,42,2,7,7,15,11,49,34,10,12,15,11,215
Lubaczów,POLREGIO Spółka Akcyjna,41,2,7,7,15,11,47,34,9,11,15,11,210
Lubaczów ,,41,2,7,7,15,11,47,34,9,11,15,11,210
Zagrody,POLREGIO Spółka Akcyjna,38,1,7,7,15,11,50,34,10,13,20,12,218
Zagrody ,,38,1,7,7,15,11,50,34,10,13,20,12,218
Nowa Grobla,POLREGIO Spółka Akcyjna,41,2,7,7,15,11,49,33,10,12,16,11,214
Nowa Grobla ,,41,2,7,7,15,11,49,33,10,12,16,11,214
Korzenica,POLREGIO Spółka Akcyjna,37,1,7,7,15,9,49,34,10,13,19,13,214
Korzenica ,,37,1,7,7,15,9,49,34,10,13,19,13,214
Bobrówka,POLREGIO Spółka Akcyjna,36,1,7,7,14,12,49,34,11,13,20,12,216
Bobrówka ,,36,1,7,7,14,12,49,34,11,13,20,12,216
Surochów,POLREGIO Spółka Akcyjna,39,1,8,7,6,11,44,33,13,17,20,12,211
Surochów ,,39,1,8,7,6,11,44,33,13,17,20,12,211
Jastrowie Miasto,POLREGIO Spółka Akcyjna,,,,,,,,,9,65,72,170,316
Jastrowie Miasto ,,,,,,,,,,9,65,72,170,316
Mielno Koszalińskie,POLREGIO Spółka Akcyjna,,,,,,11,27,24,1,,,,63
Mielno Koszalińskie ,,,,,,,11,27,24,1,,,,63
Suszka,Koleje Dolnośląskie S.A.,19,3,10,16,13,15,32,39,,,58,62,267
Suszka ,,19,3,10,16,13,15,32,39,,,58,62,267
Kraków Piastów,Koleje Małopolskie Sp. z o.o.,,,,,,,,,,,,15,15
Kraków Piastów,POLREGIO Spółka Akcyjna,,,,,,,,,,,,42,42
Kraków Piastów ,,,,,,,,,,,,,57,57
Suszec,Koleje Śląskie Spółka z o.o.,17,6,7,14,8,3,,,,,,,55
Suszec ,,17,6,7,14,8,3,,,,,,,55
Suszec Rudziczka,Koleje Śląskie Spółka z o.o.,18,6,8,14,7,3,,,,,,,56
Suszec Rudziczka ,,18,6,8,14,7,3,,,,,,,56
Suszec Kopalnia,Koleje Śląskie Spółka z o.o.,18,6,7,14,7,3,,,,,,,55
Suszec Kopalnia ,,18,6,7,14,7,3,,,,,,,55
Pszczyna Czarków,Koleje Śląskie Spółka z o.o.,17,7,8,14,8,2,,,,,,,56
Pszczyna Czarków ,,17,7,8,14,8,2,,,,,,,56
Radostowice,Koleje Śląskie Spółka z o.o.,16,6,8,14,8,3,,,,,,,55
Radostowice ,,16,6,8,14,8,3,,,,,,,55
Dorohusk,PKP INTERCITY Spółka Akcyjna ,31,20,19,10,13,34,55,40,60,27,35,28,372
Dorohusk ,,31,20,19,10,13,34,55,40,60,27,35,28,372
Stawiany Pińczowskie,POLREGIO Spółka Akcyjna,,,,,,1,11,4,0,3,9,13,41
Stawiany Pińczowskie ,,,,,,,1,11,4,0,3,9,13,41
Słubice,POLREGIO Spółka Akcyjna,24,5,28,3,16,16,6,15,14,10,,0,137
Słubice ,,24,5,28,3,16,16,6,15,14,10,,0,137
Kunowice,POLREGIO Spółka Akcyjna,27,6,29,3,16,16,6,16,15,11,,0,145
Kunowice ,,27,6,29,3,16,16,6,16,15,11,,0,145
Targowiska,POLREGIO Spółka Akcyjna,1,1,4,2,4,3,4,3,2,7,6,0,37
Targowiska,SKPL Cargo Sp. z o.o.  (przewozy pasażerskie),,,,,,,,,,4,,,4
Targowiska ,,1,1,4,2,4,3,4,3,2,11,6,0,41
Besko,POLREGIO Spółka Akcyjna,1,1,4,2,4,3,5,2,2,7,6,0,37
Besko,SKPL Cargo Sp. z o.o.  (przewozy pasażerskie),,,,,,,,,,3,,,3
Besko ,,1,1,4,2,4,3,5,2,2,10,6,0,40
Sanok Miasto,POLREGIO Spółka Akcyjna,1,0,2,2,3,3,7,7,1,6,4,1,37
Sanok Miasto,SKPL Cargo Sp. z o.o.  (przewozy pasażerskie),,,,,,,,,,1,,,1
Sanok Miasto ,,1,0,2,2,3,3,7,7,1,7,4,1,38
Tarnowiec,POLREGIO Spółka Akcyjna,1,1,2,2,4,2,4,2,3,8,8,2,39
Tarnowiec ,,1,1,2,2,4,2,4,2,3,8,8,2,39
Widacz,POLREGIO Spółka Akcyjna,1,1,4,2,4,2,4,3,2,7,6,0,36
Widacz,SKPL Cargo Sp. z o.o.  (przewozy pasażerskie),,,,,,,,,,3,,,3
Widacz ,,1,1,4,2,4,2,4,3,2,10,6,0,39
Milcza,POLREGIO Spółka Akcyjna,1,1,4,2,4,2,4,2,2,7,6,0,35
Milcza,SKPL Cargo Sp. z o.o.  (przewozy pasażerskie),,,,,,,,,,3,,,3
Milcza ,,1,1,4,2,4,2,4,2,2,10,6,0,38
Sanok Dąbrówka,POLREGIO Spółka Akcyjna,1,0,3,2,3,2,7,8,1,7,4,1,39
Sanok Dąbrówka,SKPL Cargo Sp. z o.o.  (przewozy pasażerskie),,,,,,,,,,1,,,1
Sanok Dąbrówka ,,1,0,3,2,3,2,7,8,1,8,4,1,40
Nowosielce,POLREGIO Spółka Akcyjna,1,1,3,2,3,2,7,8,1,7,4,1,40
Nowosielce,SKPL Cargo Sp. z o.o.  (przewozy pasażerskie),,,,,,,,,,1,,,1
Nowosielce ,,1,1,3,2,3,2,7,8,1,8,4,1,41
Długie,POLREGIO Spółka Akcyjna,1,1,4,2,4,2,7,8,1,7,4,1,42
Długie,SKPL Cargo Sp. z o.o.  (przewozy pasażerskie),,,,,,,,,,2,,,2
Długie ,,1,1,4,2,4,2,7,8,1,9,4,1,44
Krusze,CARGO Master Spółka z o.o.,,,,,0,,,,,,,,0
Krusze,Koleje Mazowieckie - KM Spółka z o.o.,35,26,8,6,10,18,,,,1,3,8,115
Krusze ,,35,26,8,6,10,18,,,,1,3,8,115
Krosno Turaszówka,POLREGIO Spółka Akcyjna,1,1,3,2,4,2,4,2,2,7,6,2,36
Krosno Turaszówka ,,1,1,3,2,4,2,4,2,2,7,6,2,36
Krosno Polanka,POLREGIO Spółka Akcyjna,1,1,3,2,4,2,5,2,2,6,5,2,35
Krosno Polanka ,,1,1,3,2,4,2,5,2,2,6,5,2,35
Gliniczek,POLREGIO Spółka Akcyjna,1,1,2,2,4,1,4,2,3,8,8,2,38
Gliniczek ,,1,1,2,2,4,1,4,2,3,8,8,2,38
Jedlicze Męcinka,POLREGIO Spółka Akcyjna,1,1,3,2,4,1,4,2,3,8,8,2,39
Jedlicze Męcinka ,,1,1,3,2,4,1,4,2,3,8,8,2,39
Śniadowo,PKP INTERCITY Spółka Akcyjna ,,,,,,,1,,,,,,1
Śniadowo,POLREGIO Spółka Akcyjna,,,3,6,2,9,14,25,24,7,3,7,100
Śniadowo ,,,,3,6,2,9,15,25,24,7,3,7,101
Tarnowiec Brzeski,POLREGIO Spółka Akcyjna,9,9,9,15,6,11,15,6,15,11,7,4,117
Tarnowiec Brzeski ,,9,9,9,15,6,11,15,6,15,11,7,4,117
Popielów,POLREGIO Spółka Akcyjna,9,6,5,12,5,10,10,3,13,11,8,4,96
Popielów ,,9,6,5,12,5,10,10,3,13,11,8,4,96
Opole Czarnowąsy,POLREGIO Spółka Akcyjna,9,3,3,11,5,9,10,4,12,11,9,4,90
Opole Czarnowąsy ,,9,3,3,11,5,9,10,4,12,11,9,4,90
Opole Borki,POLREGIO Spółka Akcyjna,9,4,4,11,6,10,11,3,12,11,8,4,93
Opole Borki ,,9,4,4,11,6,10,11,3,12,11,8,4,93
Minkowice Oławskie,POLREGIO Spółka Akcyjna,9,9,9,15,6,13,15,5,16,12,10,5,124
Minkowice Oławskie ,,9,9,9,15,6,13,15,5,16,12,10,5,124
Kopalina,POLREGIO Spółka Akcyjna,9,9,8,15,6,13,14,5,15,12,9,5,120
Kopalina ,,9,9,8,15,6,13,14,5,15,12,9,5,120
Karłowice,POLREGIO Spółka Akcyjna,9,6,4,13,5,8,11,3,13,11,7,4,94
Karłowice ,,9,6,4,13,5,8,11,3,13,11,7,4,94
Chróścice,POLREGIO Spółka Akcyjna,9,5,6,11,6,11,11,3,13,12,9,4,100
Chróścice ,,9,5,6,11,6,11,11,3,13,12,9,4,100
Dobrzeń Wielki,POLREGIO Spółka Akcyjna,9,4,6,11,6,10,11,3,12,11,8,4,95
Dobrzeń Wielki ,,9,4,6,11,6,10,11,3,12,11,8,4,95
Sokoły,POLREGIO Spółka Akcyjna,,,4,7,2,8,12,24,25,7,5,10,104
Sokoły ,,,,4,7,2,8,12,24,25,7,5,10,104
Rogalice,POLREGIO Spółka Akcyjna,9,9,10,15,6,12,13,6,16,11,8,4,119
Rogalice ,,9,9,10,15,6,12,13,6,16,11,8,4,119
Kulesze Kościelne,POLREGIO Spółka Akcyjna,,,4,6,2,8,12,24,27,7,4,9,103
Kulesze Kościelne ,,,,4,6,2,8,12,24,27,7,4,9,103
Mąkoszyce,POLREGIO Spółka Akcyjna,9,9,9,15,6,11,14,6,16,11,8,4,118
Mąkoszyce ,,9,9,9,15,6,11,14,6,16,11,8,4,118
Borucice,POLREGIO Spółka Akcyjna,9,9,9,15,6,12,14,6,16,13,9,4,122
Borucice ,,9,9,9,15,6,12,14,6,16,13,9,4,122
Biskupice Oławskie,POLREGIO Spółka Akcyjna,9,9,9,15,6,12,15,5,15,13,11,5,124
Biskupice Oławskie ,,9,9,9,15,6,12,15,5,15,13,11,5,124
Studzianka,Koleje Dolnośląskie S.A.,,,4,4,5,3,5,4,23,12,7,,67
Studzianka ,,,,4,4,5,3,5,4,23,12,7,,67
Horyniec-Zdrój,POLREGIO Spółka Akcyjna,31,2,5,0,15,7,41,30,4,11,13,4,163
Horyniec-Zdrój ,,31,2,5,0,15,7,41,30,4,11,13,4,163
Bohumin Vrbice,PKP INTERCITY Spółka Akcyjna ,20,10,10,7,11,7,8,22,9,75,23,79,281
Bohumin Vrbice ,,20,10,10,7,11,7,8,22,9,75,23,79,281
Basznia,POLREGIO Spółka Akcyjna,34,3,6,0,15,8,41,32,6,11,13,6,175
Basznia ,,34,3,6,0,15,8,41,32,6,11,13,6,175
Basznia Dolna,POLREGIO Spółka Akcyjna,34,3,6,0,15,8,40,32,7,11,14,6,176
Basznia Dolna ,,34,3,6,0,15,8,40,32,7,11,14,6,176
Kurpie,POLREGIO Spółka Akcyjna,,,,,,9,15,26,24,8,3,7,92
Kurpie ,,,,,,,9,15,26,24,8,3,7,92
Rava Ruskaia,PKP INTERCITY Spółka Akcyjna ,,,,,,,,,,,,20,20
Rava Ruskaia,SKPL Cargo Sp. z o.o.  (przewozy pasażerskie),21,18,27,20,33,31,38,39,30,29,29,28,343
Rava Ruskaia ,,21,18,27,20,33,31,38,39,30,29,29,48,363
Wieruszów Miasto,Koleje Śląskie Spółka z o.o.,,,,,,1,,,,,,,1
Wieruszów Miasto,Łódzka Kolej Aglomeracyjna Sp. z o.o.,,,,,,1,,,,,,,1
Wieruszów Miasto,PKP INTERCITY Spółka Akcyjna ,14,4,3,8,11,11,11,15,12,8,16,14,127
Wieruszów Miasto ,,14,4,3,8,11,13,11,15,12,8,16,14,129
Inowrocław Rąbinek,CARGO Master Spółka z o.o.,,,0,0,,,,,,,,,0
Inowrocław Rąbinek,PKP INTERCITY Spółka Akcyjna ,12,14,22,26,26,22,27,33,7,10,19,10,228
Inowrocław Rąbinek ,,12,14,22,26,26,22,27,33,7,10,19,10,228
Piotrków Kujawski,PKP INTERCITY Spółka Akcyjna ,15,16,24,30,32,21,30,35,12,12,22,13,262
Piotrków Kujawski ,,15,16,24,30,32,21,30,35,12,12,22,13,262
Babiak,PKP INTERCITY Spółka Akcyjna ,15,16,25,31,35,21,30,39,12,16,23,12,275
Babiak ,,15,16,25,31,35,21,30,39,12,16,23,12,275
Biłgoraj,PKP INTERCITY Spółka Akcyjna ,35,23,23,17,29,15,12,14,16,11,35,24,254
Biłgoraj ,,35,23,23,17,29,15,12,14,16,11,35,24,254
Tereszpol Biłgorajski,PKP INTERCITY Spółka Akcyjna ,40,35,31,21,32,17,12,14,15,12,38,24,291
Tereszpol Biłgorajski ,,40,35,31,21,32,17,12,14,15,12,38,24,291
Wrzeście,POLREGIO Spółka Akcyjna,,,,,,10,54,42,0,,,,106
Wrzeście ,,,,,,,10,54,42,0,,,,106
Nowa Wieś Lęborska,POLREGIO Spółka Akcyjna,,,,,,12,64,52,0,,,,128
Nowa Wieś Lęborska ,,,,,,,12,64,52,0,,,,128
Lędziechowo,POLREGIO Spółka Akcyjna,,,,,,11,61,50,0,,,,122
Lędziechowo ,,,,,,,11,61,50,0,,,,122
Garczegorze,POLREGIO Spółka Akcyjna,,,,,,12,65,53,0,,,,130
Garczegorze ,,,,,,,12,65,53,0,,,,130
Lębork Nowy Świat,POLREGIO Spółka Akcyjna,,,,,,12,64,52,0,,,,128
Lębork Nowy Świat ,,,,,,,12,64,52,0,,,,128
Steknica,POLREGIO Spółka Akcyjna,,,,,,10,54,42,0,,,,106
Steknica ,,,,,,,10,54,42,0,,,,106
Rypin,CARGO Master Spółka z o.o.,0,,,,,,,,,,,,0
Rypin,PKP INTERCITY Spółka Akcyjna ,6,1,6,6,5,9,20,13,7,5,6,4,88
Rypin ,,6,1,6,6,5,9,20,13,7,5,6,4,88
Trakiszki,PKP INTERCITY Spółka Akcyjna ,6,1,1,0,8,5,8,7,4,1,6,6,53
Trakiszki ,,6,1,1,0,8,5,8,7,4,1,6,6,53
Mockava,PKP INTERCITY Spółka Akcyjna ,5,1,0,0,6,5,7,7,4,1,3,6,45
Mockava ,,5,1,0,0,6,5,7,7,4,1,3,6,45
Powodowo,Koleje Wielkopolskie Sp. z o.o.,,,,,,,,,0,0,0,4,4
Powodowo,Parowozownia Wolsztyn,,,,0,1,,,,,,,,1
Powodowo ,,,,,0,1,,,,0,0,0,4,5
Wronki Zamość,Koleje Wielkopolskie Sp. z o.o.,,,,,,,,,,,,17,17
Wronki Zamość,POLREGIO Spółka Akcyjna,,,,,,,,,,,,56,56
Wronki Zamość ,,,,,,,,,,,,,73,73
Warszowice,Koleje Śląskie Spółka z o.o.,6,4,2,6,10,8,6,6,7,2,10,8,75
Warszowice ,,6,4,2,6,10,8,6,6,7,2,10,8,75
Strumień,Koleje Śląskie Spółka z o.o.,6,2,2,6,10,9,6,7,6,1,14,9,78
Strumień ,,6,2,2,6,10,9,6,7,6,1,14,9,78
Pawłowice Śląskie Centrum,Koleje Śląskie Spółka z o.o.,6,4,2,6,10,8,7,6,7,2,16,7,81
Pawłowice Śląskie Centrum ,,6,4,2,6,10,8,7,6,7,2,16,7,81
Jeleśnia,Koleje Śląskie Spółka z o.o.,0,0,,,1,3,10,10,0,,,,24
Jeleśnia,PKP CARGO S.A.,,,0,,,0,,,,,,,0
Jeleśnia,PKP INTERCITY Spółka Akcyjna ,9,3,,,,0,12,28,0,,,,52
Jeleśnia,POLREGIO Spółka Akcyjna,4,0,1,2,1,2,,,0,1,0,,11
Jeleśnia ,,13,3,1,2,2,5,22,38,0,1,0,,87
Spała,Łódzka Kolej Aglomeracyjna Sp. z o.o.,0,0,0,1,0,2,0,3,0,0,0,0,6
Spała ,,0,0,0,1,0,2,0,3,0,0,0,0,6
Radziszewo,POLREGIO Spółka Akcyjna,,,,,,,,,,,,26,26
Radziszewo ,,,,,,,,,,,,,26,26
Kraków Przylasek,Koleje Małopolskie Sp. z o.o.,,,,,,,,,,,,1,1
Kraków Przylasek,POLREGIO Spółka Akcyjna,,,,,,,,,,,,13,13
Kraków Przylasek ,,,,,,,,,,,,,14,14
Kraków Kościelniki,Koleje Małopolskie Sp. z o.o.,,,,,,,,,,,,1,1
Kraków Kościelniki,POLREGIO Spółka Akcyjna,,,,,,,,,,,,13,13
Kraków Kościelniki ,,,,,,,,,,,,,14,14
Chorzów Stary,Koleje Śląskie Spółka z o.o.,,,,,,,,,,,,28,28
Chorzów Stary ,,,,,,,,,,,,,28,28
Bytom Karb,Koleje Śląskie Spółka z o.o.,,,,,,,,,,,,27,27
Bytom Karb ,,,,,,,,,,,,,27,27
Chorzów Miasto,Koleje Śląskie Spółka z o.o.,,,,,,,,,,,,27,27
Chorzów Miasto ,,,,,,,,,,,,,27,27
Nakło Śląskie,Koleje Śląskie Spółka z o.o.,,,,,,,,,,,,21,21
Nakło Śląskie ,,,,,,,,,,,,,21,21
Chorzów Uniwersytet,Koleje Śląskie Spółka z o.o.,,,,,,,,,,,,30,30
Chorzów Uniwersytet ,,,,,,,,,,,,,30,30
Radzionków Rojca,Koleje Śląskie Spółka z o.o.,,,,,,,,,,,,27,27
Radzionków Rojca ,,,,,,,,,,,,,27,27
Radzionków,Koleje Śląskie Spółka z o.o.,,,,,,,,,,,,23,23
Radzionków ,,,,,,,,,,,,,23,23
Głuchołazy,CARGO Master Spółka z o.o.,,,,0,,,,,,,,,0
Głuchołazy,Ceskie Drahy,,,,,,,,0,0,,,,0
Głuchołazy,PKP INTERCITY Spółka Akcyjna ,,,,,,,,0,,,,,0
Głuchołazy,POLREGIO Spółka Akcyjna,2,1,4,3,3,1,2,3,1,3,3,2,28
Głuchołazy ,,2,1,4,3,3,1,2,3,1,3,3,2,28
Goświnowice,CARGO Master Spółka z o.o.,,,,0,,,,,,,,,0
Goświnowice,PKP INTERCITY Spółka Akcyjna ,,,,,,,,1,,,,,1
Goświnowice,POLREGIO Spółka Akcyjna,8,10,6,4,2,5,9,4,18,11,14,17,108
Goświnowice ,,8,10,6,4,2,5,9,5,18,11,14,17,109
Głuchołazy Miasto,POLREGIO Spółka Akcyjna,2,0,3,3,2,0,1,2,1,1,1,2,18
Głuchołazy Miasto ,,2,0,3,3,2,0,1,2,1,1,1,2,18
Podchojny,POLREGIO Spółka Akcyjna,,,,,,,,,,,,34,34
Podchojny ,,,,,,,,,,,,,34,34
Wójcice,CARGO Master Spółka z o.o.,,,,0,,,,,,,,,0
Wójcice,POLREGIO Spółka Akcyjna,8,9,6,4,3,5,11,4,18,11,15,17,111
Wójcice ,,8,9,6,4,3,5,11,4,18,11,15,17,111
Otmuchów Jezioro,POLREGIO Spółka Akcyjna,8,9,6,4,3,4,10,5,18,11,15,18,111
Otmuchów Jezioro ,,8,9,6,4,3,4,10,5,18,11,15,18,111
Doboszowice,CARGO Master Spółka z o.o.,,,,0,,,,,,,,,0
Doboszowice,POLREGIO Spółka Akcyjna,8,9,6,3,4,2,10,5,17,11,15,16,106
Doboszowice ,,8,9,6,3,4,2,10,5,17,11,15,16,106
Zabrze Maciejów,Koleje Śląskie Spółka z o.o.,,,,,,,,,,,,21,21
Zabrze Maciejów ,,,,,,,,,,,,,21,21
Zabrze Północne,Koleje Śląskie Spółka z o.o.,,,,,,,,,,,,20,20
Zabrze Północne ,,,,,,,,,,,,,20,20
Brzoza Toruńska,POLREGIO Spółka Akcyjna,,,,,,,,,,,,22,22
Brzoza Toruńska ,,,,,,,,,,,,,22,22
Lubiewo,POLREGIO Spółka Akcyjna,,,,0,3,4,9,21,,,,5,42
Lubiewo ,,,,,0,3,4,9,21,,,,5,42
Sosnowiec Jęzor Południowy,Koleje Śląskie Spółka z o.o.,,,,,,,,,,,,8,8
Sosnowiec Jęzor Południowy,POLREGIO Spółka Akcyjna,,,,,,,,,,,,16,16
Sosnowiec Jęzor Południowy ,,,,,,,,,,,,,24,24
Rzepin Miasto,POLREGIO Spółka Akcyjna,,,,,,,,,,,,111,111
Rzepin Miasto ,,,,,,,,,,,,,111,111
Aleksandrów,POLREGIO Spółka Akcyjna,,,,,,0,2,4,3,5,2,8,24
Aleksandrów ,,,,,,,0,2,4,3,5,2,8,24
Jaski,POLREGIO Spółka Akcyjna,,,,,,0,2,4,3,6,3,8,26
Jaski ,,,,,,,0,2,4,3,6,3,8,26
Ustrzesz,POLREGIO Spółka Akcyjna,,,,,,0,2,5,3,6,4,8,28
Ustrzesz ,,,,,,,0,2,5,3,6,4,8,28
Bezwola,POLREGIO Spółka Akcyjna,,,,,,0,2,5,3,6,4,8,28
Bezwola ,,,,,,,0,2,5,3,6,4,8,28
Milanów,POLREGIO Spółka Akcyjna,,,,,,1,2,5,3,6,6,8,31
Milanów ,,,,,,,1,2,5,3,6,6,8,31
Libusza,Koleje Małopolskie Sp. z o.o.,2,2,2,0,2,2,4,4,0,1,0,1,20
Libusza,POLREGIO Spółka Akcyjna,0,3,0,4,2,1,,,,,2,0,12
Libusza ,,2,5,2,4,4,3,4,4,0,1,2,1,32
Słone,POLREGIO Spółka Akcyjna,,,,,,,,,,,,114,114
Słone ,,,,,,,,,,,,,114,114
Skołyszyn,Koleje Małopolskie Sp. z o.o.,2,2,2,3,2,2,4,4,,,1,1,23
Skołyszyn,POLREGIO Spółka Akcyjna,0,3,0,4,2,1,,,,,2,0,12
Skołyszyn ,,2,5,2,7,4,3,4,4,,,3,1,35
Siepietnica,Koleje Małopolskie Sp. z o.o.,2,2,2,3,2,2,4,4,,,1,1,23
Siepietnica,POLREGIO Spółka Akcyjna,0,3,0,4,2,1,,,,,2,0,12
Siepietnica ,,2,5,2,7,4,3,4,4,,,3,1,35
Przysieki,Koleje Małopolskie Sp. z o.o.,2,2,2,1,1,1,1,3,,,1,1,15
Przysieki,POLREGIO Spółka Akcyjna,0,2,0,3,2,1,,,,,2,0,10
Przysieki ,,2,4,2,4,3,2,1,3,,,3,1,25
Jasło Niegłowice,Koleje Małopolskie Sp. z o.o.,2,2,2,1,1,1,1,3,,,1,1,15
Jasło Niegłowice,POLREGIO Spółka Akcyjna,0,2,0,3,2,1,,,,,2,0,10
Jasło Niegłowice ,,2,4,2,4,3,2,1,3,,,3,1,25
Hucisko,Koleje Śląskie Spółka z o.o.,0,0,,,1,3,10,10,0,,,,24
Hucisko,PKP CARGO S.A.,,,0,,,1,,,,,,,1
Hucisko,POLREGIO Spółka Akcyjna,4,1,1,2,1,2,,,0,1,0,,12
Hucisko ,,4,1,1,2,2,6,10,10,0,1,0,,37
Lachowice Centrum,Koleje Śląskie Spółka z o.o.,0,1,,,1,3,10,10,0,,,,25
Lachowice Centrum,POLREGIO Spółka Akcyjna,4,1,1,2,0,2,,,0,0,0,,10
Lachowice Centrum ,,4,2,1,2,1,5,10,10,0,0,0,,35
Chorzew Siemkowice,Łódzka Kolej Aglomeracyjna Sp. z o.o.,,,,,,,,,,,,1,1
Chorzew Siemkowice,POLREGIO Spółka Akcyjna,,,,,,,,,,,,1,1
Chorzew Siemkowice ,,,,,,,,,,,,,2,2
Biała Pajęczańska,Łódzka Kolej Aglomeracyjna Sp. z o.o.,,,,,,,,,,,,1,1
Biała Pajęczańska,POLREGIO Spółka Akcyjna,,,,,,,,,,,,1,1
Biała Pajęczańska ,,,,,,,,,,,,,2,2
Cykarzew Północny,Łódzka Kolej Aglomeracyjna Sp. z o.o.,,,,,,,,,,,,1,1
Cykarzew Północny,POLREGIO Spółka Akcyjna,,,,,,,,,,,,1,1
Cykarzew Północny ,,,,,,,,,,,,,2,2
Cykarzew Stary,Łódzka Kolej Aglomeracyjna Sp. z o.o.,,,,,,,,,,,,1,1
Cykarzew Stary,POLREGIO Spółka Akcyjna,,,,,,,,,,,,2,2
Cykarzew Stary ,,,,,,,,,,,,,3,3
Mykanów,Łódzka Kolej Aglomeracyjna Sp. z o.o.,,,,,,,,,,,,1,1
Mykanów,POLREGIO Spółka Akcyjna,,,,,,,,,,,,3,3
Mykanów ,,,,,,,,,,,,,4,4
Ważne Młyny,Łódzka Kolej Aglomeracyjna Sp. z o.o.,,,,,,,,,,,,1,1
Ważne Młyny,POLREGIO Spółka Akcyjna,,,,,,,,,,,,2,2
Ważne Młyny ,,,,,,,,,,,,,3,3
Broniszew Stary,Łódzka Kolej Aglomeracyjna Sp. z o.o.,,,,,,,,,,,,1,1
Broniszew Stary,POLREGIO Spółka Akcyjna,,,,,,,,,,,,2,2
Broniszew Stary ,,,,,,,,,,,,,3,3
Pieńki Dubidzkie,Łódzka Kolej Aglomeracyjna Sp. z o.o.,,,,,,,,,,,,1,1
Pieńki Dubidzkie,POLREGIO Spółka Akcyjna,,,,,,,,,,,,2,2
Pieńki Dubidzkie ,,,,,,,,,,,,,3,3
Nowa Brzeźnica,Łódzka Kolej Aglomeracyjna Sp. z o.o.,,,,,,,,,,,,1,1
Nowa Brzeźnica,POLREGIO Spółka Akcyjna,,,,,,,,,,,,2,2
Nowa Brzeźnica ,,,,,,,,,,,,,3,3
Dubidze,Łódzka Kolej Aglomeracyjna Sp. z o.o.,,,,,,,,,,,,2,2
Dubidze,POLREGIO Spółka Akcyjna,,,,,,,,,,,,2,2
Dubidze ,,,,,,,,,,,,,4,4
Rząsawa,Łódzka Kolej Aglomeracyjna Sp. z o.o.,,,,,,,,,,,,1,1
Rząsawa,POLREGIO Spółka Akcyjna,,,,,,,,,,,,4,4
Rząsawa ,,,,,,,,,,,,,5,5
Wola Łużańska,Koleje Małopolskie Sp. z o.o.,4,2,2,0,1,1,4,4,0,1,0,1,20
Wola Łużańska ,,4,2,2,0,1,1,4,4,0,1,0,1,20
Szalowa,Koleje Małopolskie Sp. z o.o.,4,2,2,0,1,1,4,4,0,1,0,1,20
Szalowa ,,4,2,2,0,1,1,4,4,0,1,0,1,20
Pawonków,POLREGIO Spółka Akcyjna,1,2,1,0,3,0,1,5,0,3,2,4,22
Pawonków ,,1,2,1,0,3,0,1,5,0,3,2,4,22
Polna,Koleje Małopolskie Sp. z o.o.,4,2,2,0,0,1,4,4,0,1,0,1,19
Polna ,,4,2,2,0,0,1,4,4,0,1,0,1,19
Pludry,POLREGIO Spółka Akcyjna,1,2,1,0,3,1,1,5,0,3,2,4,23
Pludry ,,1,2,1,0,3,1,1,5,0,3,2,4,23
Lubycza Królewska,POLREGIO Spółka Akcyjna,2,1,2,1,17,9,24,22,8,4,5,1,96
Lubycza Królewska ,,2,1,2,1,17,9,24,22,8,4,5,1,96
Hrebenne,POLREGIO Spółka Akcyjna,2,0,1,1,15,8,21,22,8,2,4,1,85
Hrebenne ,,2,0,1,1,15,8,21,22,8,2,4,1,85
Moszczenica Małopolska,Koleje Małopolskie Sp. z o.o.,2,2,2,0,1,1,4,4,0,1,0,1,18
Moszczenica Małopolska ,,2,2,2,0,1,1,4,4,0,1,0,1,18
Zduńska Wola Karsznice,Łódzka Kolej Aglomeracyjna Sp. z o.o.,,,,,,,,,,,,2,2
Zduńska Wola Karsznice,PKP INTERCITY Spółka Akcyjna ,,,1,,,5,11,9,0,,0,,26
Zduńska Wola Karsznice ,,,,1,,,5,11,9,0,,0,2,28
Żary Muzyków,POLREGIO Spółka Akcyjna,,,,,,,,,,,,60,60
Żary Muzyków ,,,,,,,,,,,,,60,60
Szymany Lotnisko,POLREGIO Spółka Akcyjna,0,1,2,1,1,0,0,0,0,0,0,0,5
Szymany Lotnisko ,,0,1,2,1,1,0,0,0,0,0,0,0,5
Nowy Łupków,PKP INTERCITY Spółka Akcyjna ,0,,,,2,1,2,0,1,,,1,7
Nowy Łupków,POLREGIO Spółka Akcyjna,,,,,,3,1,1,3,,,,8
Nowy Łupków,SKPL Cargo Sp. z o.o.  (przewozy pasażerskie),,,,,,0,,,,,,,0
Nowy Łupków ,,0,,,,2,4,3,1,4,,,1,15
Łupków,PKP INTERCITY Spółka Akcyjna ,0,,,,1,1,2,0,1,,,1,6
Łupków,POLREGIO Spółka Akcyjna,,,,,,3,1,0,3,,,,7
Łupków,SKPL Cargo Sp. z o.o.  (przewozy pasażerskie),,,,,,0,,,,,,,0
Łupków ,,0,,,,1,4,3,0,4,,,1,13
Komańcza,PKP INTERCITY Spółka Akcyjna ,0,,,,2,1,2,0,1,,,1,7
Komańcza,POLREGIO Spółka Akcyjna,,,,,,3,1,1,3,,,,8
Komańcza,SKPL Cargo Sp. z o.o.  (przewozy pasażerskie),,,,,,0,,,,,,,0
Komańcza ,,0,,,,2,4,3,1,4,,,1,15
Szczawne Kulaszne,PKP INTERCITY Spółka Akcyjna ,0,,,,2,1,2,0,1,,,1,7
Szczawne Kulaszne,POLREGIO Spółka Akcyjna,,,,,,3,1,1,2,,,,7
Szczawne Kulaszne,SKPL Cargo Sp. z o.o.  (przewozy pasażerskie),,,,,,0,,,,,,,0
Szczawne Kulaszne ,,0,,,,2,4,3,1,3,,,1,14
Rzepedź,PKP INTERCITY Spółka Akcyjna ,0,,,,2,1,2,0,1,,,1,7
Rzepedź,POLREGIO Spółka Akcyjna,,,,,,3,1,1,3,,,,8
Rzepedź,SKPL Cargo Sp. z o.o.  (przewozy pasażerskie),,,,,,0,,,,,,,0
Rzepedź ,,0,,,,2,4,3,1,4,,,1,15
Komańcza Letnisko,PKP INTERCITY Spółka Akcyjna ,0,,,,2,1,2,0,1,,,1,7
Komańcza Letnisko,POLREGIO Spółka Akcyjna,,,,,,3,1,1,3,,,,8
Komańcza Letnisko,SKPL Cargo Sp. z o.o.  (przewozy pasażerskie),,,,,,0,,,,,,,0
Komańcza Letnisko ,,0,,,,2,4,3,1,4,,,1,15
Plavec,Koleje Małopolskie Sp. z o.o.,0,0,,,,5,6,1,0,,,0,12
Plavec ,,0,0,,,,5,6,1,0,,,0,12
Gdańsk Stadion Expo,PKP INTERCITY Spółka Akcyjna ,,,,0,,,,0,0,1,4,,5
Gdańsk Stadion Expo,PKP Szybka Kolej Miejska w Trójmieście sp. z o.o.,,,0,0,4,16,2,1,1,0,4,0,28
Gdańsk Stadion Expo ,,,,0,0,4,16,2,1,1,1,8,0,33
Mieroszów,Koleje Dolnośląskie S.A.,,,,3,7,11,2,9,0,,,,32
Mieroszów ,,,,,3,7,11,2,9,0,,,,32
Boguszów-Gorce Dzikowiec,Koleje Dolnośląskie S.A.,,,,3,9,12,3,9,0,,,,36
Boguszów-Gorce Dzikowiec ,,,,,3,9,12,3,9,0,,,,36
Unisław Śląski,Koleje Dolnośląskie S.A.,,,,4,9,11,3,9,0,,,,36
Unisław Śląski ,,,,,4,9,11,3,9,0,,,,36
Mezimesti,Koleje Dolnośląskie S.A.,,,,3,7,10,2,8,0,,,,30
Mezimesti ,,,,,3,7,10,2,8,0,,,,30
Repczyce,POLREGIO Spółka Akcyjna,,,,,,,,,,,,7,7
Repczyce ,,,,,,,,,,,,,7,7
Lachowice,PKP CARGO S.A.,,,,,,1,,,,,,,1
Lachowice,POLREGIO Spółka Akcyjna,3,1,1,2,0,2,,,0,0,0,,9
Lachowice ,,3,1,1,2,0,3,,,0,0,0,,10
Żywiec Sporysz,POLREGIO Spółka Akcyjna,3,0,1,0,1,2,,,1,1,0,,9
Żywiec Sporysz ,,3,0,1,0,1,2,,,1,1,0,,9
Stryszawa,POLREGIO Spółka Akcyjna,3,0,1,2,0,3,,,0,1,0,,10
Stryszawa ,,3,0,1,2,0,3,,,0,1,0,,10
Pewel Mała,POLREGIO Spółka Akcyjna,4,0,1,2,1,2,,,1,1,0,,12
Pewel Mała ,,4,0,1,2,1,2,,,1,1,0,,12
Pewel Wielka Centrum,POLREGIO Spółka Akcyjna,4,0,1,2,1,2,,,0,1,0,,11
Pewel Wielka Centrum ,,4,0,1,2,1,2,,,0,1,0,,11
Pewel Wielka,POLREGIO Spółka Akcyjna,4,1,1,2,1,2,,,0,1,0,,12
Pewel Wielka ,,4,1,1,2,1,2,,,0,1,0,,12
Kurów Suski,POLREGIO Spółka Akcyjna,4,1,1,2,0,2,,,0,0,0,,10
Kurów Suski ,,4,1,1,2,0,2,,,0,0,0,,10
Waliły,POLREGIO Spółka Akcyjna,,,,,0,0,3,5,0,,,,8
Waliły ,,,,,,0,0,3,5,0,,,,8
Sokole Białostockie,POLREGIO Spółka Akcyjna,,,,,0,0,3,5,0,,,,8
Sokole Białostockie ,,,,,,0,0,3,5,0,,,,8
Żednia,POLREGIO Spółka Akcyjna,,,,,0,0,3,5,0,,,,8
Żednia ,,,,,,0,0,3,5,0,,,,8
Kuriany,POLREGIO Spółka Akcyjna,,,,,0,0,3,5,0,,,,8
Kuriany ,,,,,,0,0,3,5,0,,,,8
Zajezierce,POLREGIO Spółka Akcyjna,,,,,0,0,3,5,0,,,,8
Zajezierce ,,,,,,0,0,3,5,0,,,,8
Białystok Fabryczny,POLREGIO Spółka Akcyjna,,,,,0,0,2,5,0,,,,7
Białystok Fabryczny ,,,,,,0,0,2,5,0,,,,7
Horka Gbf,Koleje Dolnośląskie S.A.,0,,,3,4,3,9,6,4,10,4,5,48
Horka Gbf ,,0,,,3,4,3,9,6,4,10,4,5,48
Dwikozy,PKP INTERCITY Spółka Akcyjna ,,,,,,,,,,,53,12,65
Dwikozy ,,,,,,,,,,,,53,12,65
Gorlice Glinik,Koleje Małopolskie Sp. z o.o.,0,0,0,0,0,0,,,0,0,0,0,0
Gorlice Glinik,POLREGIO Spółka Akcyjna,0,3,0,4,2,1,,,,,2,0,12
Gorlice Glinik ,,0,3,0,4,2,1,,,0,0,2,0,12
Morochów,POLREGIO Spółka Akcyjna,,,,,,3,1,1,2,,,,7
Morochów,SKPL Cargo Sp. z o.o.  (przewozy pasażerskie),,,,,,0,,,,,,,0
Morochów ,,,,,,,3,1,1,2,,,,7
Wysoczany,POLREGIO Spółka Akcyjna,,,,,,3,1,1,2,,,,7
Wysoczany,SKPL Cargo Sp. z o.o.  (przewozy pasażerskie),,,,,,0,,,,,,,0
Wysoczany ,,,,,,,3,1,1,2,,,,7
Mokre Małopolskie,POLREGIO Spółka Akcyjna,,,,,,3,1,1,2,,,,7
Mokre Małopolskie,SKPL Cargo Sp. z o.o.  (przewozy pasażerskie),,,,,,0,,,,,,,0
Mokre Małopolskie ,,,,,,,3,1,1,2,,,,7
Tarnawa Dolna,POLREGIO Spółka Akcyjna,,,,,,3,1,0,1,,,,5
Tarnawa Dolna,SKPL Cargo Sp. z o.o.  (przewozy pasażerskie),,,,,,0,,,,,,,0
Tarnawa Dolna ,,,,,,,3,1,0,1,,,,5
Czaszyn,POLREGIO Spółka Akcyjna,,,,,,3,1,0,2,,,,6
Czaszyn,SKPL Cargo Sp. z o.o.  (przewozy pasażerskie),,,,,,0,,,,,,,0
Czaszyn ,,,,,,,3,1,0,2,,,,6
Medzilaborce,POLREGIO Spółka Akcyjna,,,,,,3,0,0,2,,,,5
Medzilaborce ,,,,,,,3,0,0,2,,,,5
Medzilaborce Mesto,POLREGIO Spółka Akcyjna,,,,,,3,0,0,2,,,,5
Medzilaborce Mesto ,,,,,,,3,0,0,2,,,,5
Werchrata,POLREGIO Spółka Akcyjna,,,,,10,6,19,19,1,,,,55
Werchrata ,,,,,,10,6,19,19,1,,,,55
Siedliska Tomaszowskie,POLREGIO Spółka Akcyjna,,,,,12,8,20,19,1,,,,60
Siedliska Tomaszowskie ,,,,,,12,8,20,19,1,,,,60
Gorlice,Koleje Małopolskie Sp. z o.o.,0,0,0,0,0,0,,,0,0,0,0,0
Gorlice,PKP CARGO S.A. w restrukturyzacji,,,,,,,,,0,,,,0
Gorlice,POLREGIO Spółka Akcyjna,0,4,0,3,2,1,,,,,2,0,12
Gorlice ,,0,4,0,3,2,1,,,0,0,2,0,12
Ruda-Opalin,POLREGIO Spółka Akcyjna,,,,,,1,0,0,0,,,,1
Ruda-Opalin ,,,,,,,1,0,0,0,,,,1
Zawiercie Kądzielów,Koleje Śląskie Spółka z o.o.,,,,,,,,,,,9,0,9
Zawiercie Kądzielów ,,,,,,,,,,,,9,0,9
Karolinówka,POLREGIO Spółka Akcyjna,,,,,,1,0,0,0,,,,1
Karolinówka ,,,,,,,1,0,0,0,,,,1
Okuninka Białe,POLREGIO Spółka Akcyjna,,,,,,1,0,0,0,,,,1
Okuninka Białe ,,,,,,,1,0,0,0,,,,1
Stulno,POLREGIO Spółka Akcyjna,,,,,,1,0,0,0,,,,1
Stulno ,,,,,,,1,0,0,0,,,,1
Ruda-Huta,POLREGIO Spółka Akcyjna,,,,,,1,0,0,0,,,,1
Ruda-Huta ,,,,,,,1,0,0,0,,,,1
Sobibór,POLREGIO Spółka Akcyjna,,,,,,1,0,0,0,,,,1
Sobibór ,,,,,,,1,0,0,0,,,,1
Majdan Stuleński,POLREGIO Spółka Akcyjna,,,,,,1,0,0,0,,,,1
Majdan Stuleński ,,,,,,,1,0,0,0,,,,1
Uhrusk Przystanek,POLREGIO Spółka Akcyjna,,,,,,1,0,0,0,,,,1
Uhrusk Przystanek ,,,,,,,1,0,0,0,,,,1
Uhrusk,POLREGIO Spółka Akcyjna,,,,,,1,0,0,0,,,,1
Uhrusk ,,,,,,,1,0,0,0,,,,1
Włodawa,POLREGIO Spółka Akcyjna,,,,,,1,0,0,0,,,,1
Włodawa ,,,,,,,1,0,0,0,,,,1
Recław,POLREGIO Spółka Akcyjna,,,,,,0,0,1,,,,,1
Recław ,,,,,,,0,0,1,,,,,1
Rusiec Łódzki,Łódzka Kolej Aglomeracyjna Sp. z o.o.,,,,,,,,0,,,,1,1
Rusiec Łódzki ,,,,,,,,,0,,,,1,1
Zduńska Wola Południowa,Łódzka Kolej Aglomeracyjna Sp. z o.o.,,,,,,,,,,,,1,1
Zduńska Wola Południowa ,,,,,,,,,,,,,1,1
Chociw Łaski,Łódzka Kolej Aglomeracyjna Sp. z o.o.,,,,,,,,,,,,1,1
Chociw Łaski ,,,,,,,,,,,,,1,1
Siedlce Łaskie,Łódzka Kolej Aglomeracyjna Sp. z o.o.,,,,,,,,,,,,1,1
Siedlce Łaskie ,,,,,,,,,,,,,1,1
Kozuby,Łódzka Kolej Aglomeracyjna Sp. z o.o.,,,,,,,,,,,,1,1
Kozuby ,,,,,,,,,,,,,1,1
Huta,Łódzka Kolej Aglomeracyjna Sp. z o.o.,,,,,,,,,,,,1,1
Huta ,,,,,,,,,,,,,1,1
Pszczew,POLREGIO Spółka Akcyjna,,,,,,2,5,3,,,,,10
Pszczew ,,,,,,,2,5,3,,,,,10
Wierzbno,POLREGIO Spółka Akcyjna,,,,,,2,3,2,,,,,7
Wierzbno ,,,,,,,2,3,2,,,,,7
Bobowicko,POLREGIO Spółka Akcyjna,,,,,,2,4,3,,,,,9
Bobowicko ,,,,,,,2,4,3,,,,,9
Policko,POLREGIO Spółka Akcyjna,,,,,,2,4,3,,,,,9
Policko ,,,,,,,2,4,3,,,,,9
Wieruszów JURA-POLSKA,Koleje Śląskie Spółka z o.o.,,,,,,1,,,,,,,1
Wieruszów JURA-POLSKA,Łódzka Kolej Aglomeracyjna Sp. z o.o.,,,,,,1,,,,,,,1
Wieruszów JURA-POLSKA ,,,,,,,2,,,,,,,2
Czastary,Koleje Śląskie Spółka z o.o.,,,,,,1,,,,,,,1
Czastary,Łódzka Kolej Aglomeracyjna Sp. z o.o.,,,,,,1,,,,,,,1
Czastary ,,,,,,,2,,,,,,,2
Wieruszów,Koleje Śląskie Spółka z o.o.,,,,,,1,,,,,,,1
Wieruszów,Łódzka Kolej Aglomeracyjna Sp. z o.o.,,,,,,1,,,,,,,1
Wieruszów ,,,,,,,2,,,,,,,2
Pieczyska,Koleje Śląskie Spółka z o.o.,,,,,,1,,,,,,,1
Pieczyska,Łódzka Kolej Aglomeracyjna Sp. z o.o.,,,,,,1,,,,,,,1
Pieczyska ,,,,,,,2,,,,,,,2
Biała,Koleje Śląskie Spółka z o.o.,,,,,,1,,,,,,,1
Biała,Łódzka Kolej Aglomeracyjna Sp. z o.o.,,,,,,1,,,,,,,1
Biała ,,,,,,,2,,,,,,,2
Świba,Koleje Śląskie Spółka z o.o.,,,,,,1,,,,,,,1
Świba,Łódzka Kolej Aglomeracyjna Sp. z o.o.,,,,,,1,,,,,,,1
Świba ,,,,,,,2,,,,,,,2
Szczecin Niebuszewo,PKP INTERCITY Spółka Akcyjna ,,,0,,1,,,0,1,,,,2
Szczecin Niebuszewo ,,,,0,,1,,,0,1,,,,2
Pakość,CARGO Master Spółka z o.o.,,,0,,,,,,,,,,0
Pakość,RAILPOLONIA Sp. z o.o. (przewozy pasażerskie),,,,,,,,,,,,0,0
Pakość ,,,,0,,,,,,,,,0,0
Gdańsk Port Północny,PKP INTERCITY Spółka Akcyjna ,,,,,,,,,,,2,,2
Gdańsk Port Północny ,,,,,,,,,,,,2,,2
Skandawa,PKP INTERCITY Spółka Akcyjna ,,,,,,,2,,,,,,2
Skandawa ,,,,,,,,2,,,,,,2
Gdańsk Zaspa Towarowa,CARGO Master Spółka z o.o.,,0,,,,,,,,,,,0
Gdańsk Zaspa Towarowa,PKP INTERCITY Spółka Akcyjna ,,,,,,,,,,,2,,2
Gdańsk Zaspa Towarowa ,,,0,,,,,,,,,2,,2
Przewóz,POLREGIO Spółka Akcyjna,,,,,0,0,,,,,,,0
Przewóz ,,,,,,0,0,,,,,,,0
Olecko,PKP INTERCITY Spółka Akcyjna ,,,,,,,0,,,,,,0
Olecko ,,,,,,,,0,,,,,,0
Stobno Szczecińskie,PKP INTERCITY Spółka Akcyjna ,,,,,1,,,,,,,,1
Stobno Szczecińskie ,,,,,,1,,,,,,,,1
Bąk,CARGO Master Spółka z o.o.,,,,2,,,,,,,,,2
Bąk ,,,,,2,,,,,,,,,2
Goworki Bsz,CARGO Master Spółka z o.o.,,,,,0,,,,,,,,0
Goworki Bsz ,,,,,,0,,,,,,,,0
Police,PKP INTERCITY Spółka Akcyjna ,,,,,1,,,,,,,,1
Police ,,,,,,1,,,,,,,,1
Gdynia Port Oksywie,PKP INTERCITY Spółka Akcyjna ,,,,,,,,,,,1,,1
Gdynia Port Oksywie ,,,,,,,,,,,,1,,1
Bydgoszcz Emilianowo,CARGO Master Spółka z o.o.,,,,1,,,,,,,,,1
Bydgoszcz Emilianowo ,,,,,1,,,,,,,,,1
Biskupiec Reszelski,PKP INTERCITY Spółka Akcyjna ,,,,,,,1,,,,,,1
Biskupiec Reszelski ,,,,,,,,1,,,,,,1
Wapienno,RAILPOLONIA Sp. z o.o. (przewozy pasażerskie),,,,,,,,,,,,1,1
Wapienno ,,,,,,,,,,,,,1,1
Piechcin,RAILPOLONIA Sp. z o.o. (przewozy pasażerskie),,,,,,,,,,,,1,1
Piechcin ,,,,,,,,,,,,,1,1
Szczecin Wzgórze Hetmańskie,PKP INTERCITY Spółka Akcyjna ,,,,,0,,,,,,,,0
Szczecin Wzgórze Hetmańskie ,,,,,,0,,,,,,,,0
Tantow,POLREGIO Spółka Akcyjna,,,,,,,,,,1,,,1
Tantow ,,,,,,,,,,,1,,,1
Poddębice,Łódzka Kolej Aglomeracyjna Sp. z o.o.,,,,,,,0,,,,,,0
Poddębice ,,,,,,,,0,,,,,,0
Łomża,PKP INTERCITY Spółka Akcyjna ,,,,,,,0,,,,,,0
Łomża ,,,,,,,,0,,,,,,0
Elbląg Zdrój,PKP INTERCITY Spółka Akcyjna ,,,,,,,0,,,,,,0
Elbląg Zdrój ,,,,,,,,0,,,,,,0
Świerże Górne,PKP INTERCITY Spółka Akcyjna ,,,1,,,,,,,,,,1
Świerże Górne ,,,,1,,,,,,,,,,1
Tworóg,PKP INTERCITY Spółka Akcyjna ,,1,,,,,,,,,,,1
Tworóg ,,,1,,,,,,,,,,,1
Kruszwica,CARGO Master Spółka z o.o.,,,0,,,,,,,,,,0
Kruszwica,RAILPOLONIA Sp. z o.o. (przewozy pasażerskie),,,,,,,,,,,,0,0
Kruszwica ,,,,0,,,,,,,,,0,0
Katowice Szopienice Północne,PKP INTERCITY Spółka Akcyjna ,,1,,,,,,,,,,,1
Katowice Szopienice Północne ,,,1,,,,,,,,,,,1
Ciechocinek,CARGO Master Spółka z o.o.,,,0,,,,,,,,,,0
Ciechocinek ,,,,0,,,,,,,,,,0
Visnova,Koleje Dolnośląskie S.A.,,,,,0,,,,,,,,0
Visnova ,,,,,,0,,,,,,,,0
Dąbrowa Górnicza Południowa,Koleje Śląskie Spółka z o.o.,,,,,,0,,,,,,,0
Dąbrowa Górnicza Południowa ,,,,,,,0,,,,,,,0
Rogowiec,PKP INTERCITY Spółka Akcyjna ,,,,,,,1,,,,,,1
Rogowiec ,,,,,,,,1,,,,,,1
Lniano,CARGO Master Spółka z o.o.,,,,1,,,,,,,,,1
Lniano ,,,,,1,,,,,,,,,1
Gdynia Postojowa,PKP INTERCITY Spółka Akcyjna ,,,,,,,,,,,0,,0
Gdynia Postojowa ,,,,,,,,,,,,0,,0
Drzycim,CARGO Master Spółka z o.o.,,,,1,,,,,,,,,1
Drzycim ,,,,,1,,,,,,,,,1
Zawidów,Koleje Dolnośląskie S.A.,,,,,0,,,,,,,,0
Zawidów ,,,,,,0,,,,,,,,0
Szadek,PKP INTERCITY Spółka Akcyjna ,,,0,,,,,,,,,,0
Szadek ,,,,0,,,,,,,,,,0
 końcowa,,332461,172481,189869,182407,213710,256994,328018,306034,270946,276965,304020,280112,3114017
