station,lat,lon
Adamowo,52.9137673,20.1780342
Aleksandrów,51.8190659,20.5122926
Aleksandrów Kujawski,52.8764647,18.694071
Andrychów,49.8555791,19.3436756
Andrychów Górnica,49.858467,19.323956
Andrzejówka,50.593736,22.6076786
Anieliny,53.12928,17.48715
Antonin,51.5167816,17.8526187
Antoniów,51.2135391,20.1727167
Antoniówka,51.4112313,20.1634414
Arcelin,52.6547147,20.3153459
Augustów,53.8437331,22.9802357
Augustów Port,53.8624093,23.0039831
Augustówka,51.661997,22.8119065
Babi Dół,54.2986,18.31126
Babiak,52.344523,18.6667068
Babica,49.9074367,19.5466215
Babica Kolonia,49.9338031,21.8699571
Babimost,52.165312,15.8285175
Baborówko,52.5852574,16.62992
Baboszewo,52.6813829,20.2582764
Baby,52.8164681,20.6007658
Baciuty,53.0473602,22.9834886
Bajtkowo,53.7405392,22.2536451
Balin,51.9377824,18.8192247
Balinka,49.7751541,19.8496255
Baranówka,51.9279203,21.3051742
Barchów,52.5167163,21.6534434
Barcice,49.5250962,20.6514646
Barczewo,53.8297112,20.6911497
Barcząca,52.1544446,21.6354787
Bardo Przyłęk,50.5095162,16.7579648
Bardo Śląskie,50.5048471,16.7340785
Bartnica,50.638228,16.3967958
Bartodzieje,52.841576,17.174327
Bartąg,53.7163455,20.4690375
Barwałd Górny,49.8639848,19.6198961
Barwałd Średni,49.8650707,19.5970051
Barzkowice,53.3406902,15.2666307
Barłogi,51.4256771,22.200585
Baszewice,53.8628538,15.1988083
Basznia,50.1767603,23.2504131
Basznia Dolna,50.1761431,23.2250594
Batowice Lubańskie,51.0908851,15.1557122
Bańska Niżna,49.4053966,20.0104378
Bażanowice,49.73833,18.70208
Bednary,52.0236912,20.3977197
Bedoń,51.7319956,19.6423494
Belęcin Wielkopolski,52.2038272,16.0081403
Berejów,51.50893,22.74981
Berezów,51.0234048,20.8357603
Besko,49.5918349,21.9571794
Bezwola,51.7641151,22.7957593
Bełchów,52.0222764,20.055363
Bełsznica,49.9767105,18.3667884
Bełżec,50.3847191,23.4378426
Bełżec Drugi,50.3807697,23.4036669
Biadki,51.67549,17.54644
Biadoliny,50.0037878,20.73508
Biała,50.3853609,17.6599107
Biała Górna,50.87822,19.05293
Biała Pajęczańska,51.1765156,19.0106554
Biała Pilska,53.0612755,16.5170316
Biała Piska,53.6113625,22.0581433
Biała Podlaska,52.0338399,23.1193948
Białki Siedleckie,52.1286792,22.3093689
Białogard,54.0145099,15.9691251
Białośliwie,53.0999053,17.1228229
Białuń,53.6114243,14.8506816
Biały Bór,53.8987414,16.8377275
Biały Dunajec,49.3805921,20.0122858
Biały Kościół,50.729797,17.0405784
Biały Zdrój Południowy,53.2565172,15.9544736
Białystok,53.132398,23.1591679
Białystok Bacieczki,53.1505228,23.0719921
Białystok Fabryczny,53.1405223,23.1841933
Białystok Nowe Miasto,53.106445,23.1137082
Białystok Stadion,53.0978043,23.1295416
Białystok Starosielce,53.1211871,23.0867818
Białystok Zielone Wzgórza,53.115104,23.1037246
Biecz,49.7305351,21.249421
Bieczyno Pomorskie,54.0957435,15.3531956
Bielany Wrocławskie,51.0392894,16.9686781
Bielawa Centralna,50.6927768,16.6207799
Bielawa Zachodnia,50.6858735,16.606717
Bielin,54.155633,20.9556691
Bieliny Opoczyńskie,51.4240006,20.5020708
Bielsk Podlaski,52.764915,23.1882107
Bielsko-Biała Główna,49.8298224,19.045398
Bielsko-Biała Komorowice,49.8474469,19.0255025
Bielsko-Biała Leszczyny,49.7970632,19.060798
Bielsko-Biała Lipnik,49.8140037,19.0495981
Bielsko-Biała Mikuszowice,49.7824358,19.074643
Bielsko-Biała Wschód,49.8346579,19.0585768
Bieniów,51.7186585,15.1773648
Bierawa,50.2810555,18.2424545
Bierkowice,50.4740488,16.6022698
Biernatowo,52.9551636,16.2962974
Bierutów,51.1252738,17.5400351
Bierzwnik,53.03564,15.66496
Biesal,53.7227038,20.1913907
Biesowice,54.1959614,16.8774509
Biniew,51.7434835,17.8025146
Biskupice,51.1523459,22.946692
Biskupice Oławskie,50.9982274,17.5136959
Biskupice Wielkopolskie,52.4668217,17.1685791
Biskupice koło Kluczborka,51.0711546,18.2102992
Biskupiec Pomorski,53.4894931,19.3893071
Biskupiec Reszelski,53.8684495,20.9567574
Biskupnica,53.65787,17.21601
Biłgoraj,50.5424846,22.7209326
Bińcze,53.64989,17.14279
Blachownia,50.7820239,18.9684255
Blizna,50.1835418,21.6097902
Bliżyn,51.1077461,20.7592856
Bobowa,49.7130028,20.9576054
Bobowa-Miasto,49.7081911,20.9391125
Bobowicko,52.4430284,15.6437744
Bobrowniki,52.7792249,18.9545437
Bobrowo Pomorskie,53.5282801,16.0771081
Bobry,53.7389228,22.3525576
Bobrówka,52.4478077,23.3309202
Bochnia,49.9693563,20.430541
Boczów,49.8470183,20.2840956
Bogaczewo,53.9143617,19.988326
Bogaczów,51.8495976,15.2604072
Bogdaniec,52.2379157,20.3349468
Bogdanowo,52.6234584,16.8053361
Bogoniowice Ciężkowice,49.7984243,20.9765428
Boguchwała,49.9806882,21.9391822
Boguchwała Dolna,49.9945898,21.9439
Bogumiłowice,51.18985,19.13119
Boguszewo,53.3350676,22.7792722
Boguszów-Gorce,50.7566795,16.2043895
Boguszów-Gorce Dzikowiec,50.7276066,16.2176489
Boguszów-Gorce Wschód,50.747924,16.2217619
Boguszów-Gorce Zachód,50.7623764,16.1672349
Bohumin,50.0950606,18.2196408
Bohumin Vrbice,,
Bojanowo,51.7070018,16.7487692
Bojary,52.6685823,22.073216
Boksycka,50.9498868,21.3306331
Bolechowo,53.5056806,14.8721525
Boleszewo,54.3717773,16.5807696
Boleszkowice,52.7259036,14.5681557
Bolesławice Świdnickie,50.8876906,16.4646272
Bolesławiec,51.2621692,15.5550197
Boreczek,52.6725445,22.0368149
Borki-Kosy,52.0874886,22.3653286
Borkowice,54.2084149,15.907095
Borkowo,52.5611271,20.6639877
Boronów,50.6738627,18.9038311
Borowa Oleśnicka,51.1841096,17.2760947
Borowiki,52.4914739,23.2062583
Borowina,51.5163961,21.8814902
Borsukówka,53.2394528,22.9358835
Borszewice,51.6097491,19.035664
Borucice,52.1199237,19.0882758
Boszkowo,51.9744738,16.3283194
Boża Wola,52.19899,19.32942
Bożacin,51.73385,17.43696
Bożepole Wielkie,54.57454,17.96861
Brachlewo,53.804379,18.9663935
Braniewo,54.3825966,19.827344
Bratków,51.4430468,20.1246031
Bratoszewice,51.9294881,19.6522861
Brochocin Trzebnicki,51.2760267,17.0941302
Brodnica,53.258092,19.3993626
Brody Iłżeckie,51.0215143,21.2002986
Brody Warszawskie,52.5138031,20.7480378
Brokęcino,53.5603534,16.814271
Broniszew Stary,50.9836582,19.1607855
Bronów,49.8775422,18.9213059
Brusy,53.8861557,17.7190437
Brwinów,52.1425551,20.7170701
Brzask,51.0972299,20.8032124
Brzeg,50.8614882,17.470497
Brzeg Dolny,51.2691744,16.7083805
Brzeg Głogowski,51.6968711,15.9154406
Brzesko Okocim,49.9867628,20.6093415
Brzeszcze,49.9819014,19.1528065
Brzeszcze Jawiszowice,49.9720643,19.1284858
Brzezie,50.9359159,21.0533424
Brzezinka Średzka,51.2152266,16.8228416
Brzeziny,51.8004949,19.7517694
Brzeźnica,50.3499995,19.0522414
Brzeźnica Bychawska,51.5277894,22.7508153
Brzeźno Człuchowskie,53.6709018,17.4822016
Brzoza Bydgoska,53.027281,18.0205697
Brzoza Toruńska,52.9614392,18.6852668
Brzozowica,53.7288889,15.9955556
Brzozowiec Gorzowski,52.6532974,15.3673881
Brzustów,51.6,19.8166667
Buchałów,51.9114816,15.3649002
Budachów,52.15218,15.09045
Budki Nowe,52.2444479,18.5634491
Budy Głogowskie,50.1469072,21.9114974
Budziszowice,50.5193589,17.5434969
Budzyń,52.8909489,16.9835951
Bujaki,53.4594806,20.3692438
Buk,52.357408,16.5166799
Bukowa,51.3155,19.4576
Bukowice Trzebnickie,51.3995076,17.368541
Bukowiec Międzyrzecki,52.3852613,15.7064092
Bukowina Sycowska,51.3799688,17.5858963
Bukowno,50.2609998,19.4361777
Bukowno Przymiarki,50.2753797,19.4097682
Bukowo,54.19744,20.75296
Bukowo Człuchowskie,53.5734806,17.372239
Bukwałd,53.8776789,20.3577319
Bulowice,49.8773139,19.2805376
Burkat,53.27347,20.14558
Burkatów,50.7950157,16.4665533
Bursztynowo,53.6244444,18.475
Busko-Zdrój,50.46759,20.71919
Byczyna Kluczborska,51.1137155,18.1998832
Bydgoszcz Bielawy,53.1318249,18.0532565
Bydgoszcz Brdyujście,53.1334401,18.1109012
Bydgoszcz Błonie,53.1183445,17.9516345
Bydgoszcz Emilianowo,53.0530393,18.0905108
Bydgoszcz Fordon,53.1464952,18.1578364
Bydgoszcz Główna,53.1352905,17.991601
Bydgoszcz Leśna,53.1443446,18.030854
Bydgoszcz Osowa Góra,53.1481642,17.9121481
Bydgoszcz Politechnika,53.1408643,18.1376313
Bydgoszcz Wschód,53.1278962,18.0838582
Bydgoszcz Zachód,53.1361284,17.9487156
Bydgoszcz Łęgnowo,53.1071543,18.1126399
Bystra Podhalańska,49.6477978,19.7793497
Bystrzyca Górna,50.7824855,16.456493
Bystrzyca Kłodzka,50.2968684,16.652017
Bystrzyca Kłodzka Przedmieście,50.2855574,16.6469871
Bystrzyca koło Lublina,51.3493926,22.6386602
Bytnica,52.1483682,15.1658027
Bytom,50.3470387,18.9231857
Bytom Karb,50.3517998,18.8820999
Bytom Odrzański,51.7308267,15.826918
Bytonia,53.9213044,18.2821987
Bzowiec,50.8289367,22.9083969
Bąk,53.9433333,18.0258333
Bąkowiec,49.6275,20.494167
Bąków,49.9008987,18.7374167
Będziemyśl,50.0564749,21.7789634
Będzin Ksawera,50.3305194,19.1579342
Będzin Miasto,50.319188,19.135537
Będzino,54.20856,15.98863
Będów,52.0667472,15.3080642
Będźmierowice,53.8016988,18.0515773
Błaszki,51.6525206,18.4333114
Błażkowa,50.7356742,15.9834678
Błonie,52.1946065,20.6169694
Błonie Rokitno,52.1889771,20.640072
Błotnica,51.1137117,20.512873
Błotnica Strzelecka,50.4858916,18.4115576
Błądzim,53.4767932,18.1144922
Cegłów,52.1470172,21.7381713
Cekcyn,53.5747748,18.0085468
Celestynów,51.3667288,21.6961065
Cerkiewnik,53.91704,20.40209
Cesky Tesin,,
Chabówka,49.5942396,19.9313885
Chabówka Stadion,49.5897741,19.9203452
Charnowo Słupskie,54.5319305,16.9204322
Charsznica,50.4130511,19.9355395
Chałupki,49.9251425,18.3179213
Chałupy,51.0543372,19.8804472
Chechło,50.3677296,19.5126518
Chełm,51.1355882,23.4939364
Chełm Miasto,51.1380549,23.458321
Chełm Śląski,50.1110253,19.19848
Chełmek,50.1003348,19.2542585
Chełmek Wołowski,51.4508404,16.3842213
Chełmża,53.1923757,18.6125545
Chludowo,52.5557714,16.8447806
Chmielniki Bydgoskie,53.0016213,18.0501366
Chmielów Zagumnie,50.5237316,21.6858017
Chocianów,51.4168327,15.8986889
Chocicza,52.2252642,17.4131413
Chociszew,51.6973131,18.5378433
Chociszewo Rogoziniec,52.3070933,15.7699825
Chociw Łaski,51.4065095,18.9825377
Chociwel,53.4663949,15.3314436
Chocznia,49.8648049,19.4449827
Chocznia Górna,49.8544444,19.4341667
Chodzież,52.9949977,16.9199257
Chojna,52.9629793,14.4314113
Chojnice,53.6999165,17.5703461
Chojnik,53.9649699,19.7990801
Chojnów,51.2722138,15.9393854
Chorzele,53.2610476,20.8978631
Chorzelów,50.3283855,21.4359549
Chorzelów Południowy,50.3303743,21.4434182
Chorzew Siemkowice,51.2096366,18.9411517
Chorzów Batory,50.278276,18.9449635
Chorzów Miasto,50.2984743,18.9492704
Chorzów Stary,50.3168303,18.9569566
Chorzów Uniwersytet,50.2928558,18.9413082
Choszczno,53.1704801,15.4167349
Chotomów,52.411713,20.8814051
Chotyłów,51.9978146,23.3563468
Chronów,51.355688,20.9317298
Chrosna,50.0804922,19.7195831
Chrośnica,52.2672866,16.0026312
Chrusty Nowe,51.6948657,19.7943261
Chruszczobród,50.4165951,19.3131743
Chrzanów,50.1411926,19.4028502
Chrzanów Śródmieście,50.14453,19.4140925
Chrząstawa Mała,51.0819248,17.281897
Chrząstowice,50.3458819,19.6798075
Chrząstowice Olkuskie,50.344354,19.6857075
Chrzęsne,52.44639,21.48333
Chróstnik,51.355548,16.157323
Chróścice,50.783878,17.8153199
Chróścina Nyska,50.6167705,17.3782591
Chróścina Opolska,50.6698356,17.8181411
Chwalibogowo,52.2832484,17.5172948
Chybie,49.8968955,18.8151974
Chybie Mnich,49.8873185,18.8205444
Chynów,51.906049,21.0833255
Chytra,52.7327763,23.5168937
Ciasna,50.7541779,18.6179914
Ciechanowice,50.86498,15.98039
Ciechanów,52.8819798,20.6191479
Ciechanów Przemysłowy,52.8646534,20.6154086
Ciechocinek,52.8839413,18.8032683
Ciecholub,54.1748714,16.8802157
Ciecierzyn,51.13685,18.15559
Cieksyn,52.5742863,20.6677635
Cienin,51.199173,17.0829212
Cienin Kościelny,52.2655128,18.0108574
Cieplewo,54.2320112,18.6486486
Cierpice,50.6698784,17.1647703
Cierpice Kąkol,52.9918988,18.4465382
Cierpigórz,52.9837193,20.8780197
Cieszków,51.6303951,17.35956
Cieszyn,49.7557676,18.6562313
Cieszyn Marklowice,49.7846381,18.6041326
Cieszyn Uniwersytet,49.7507434,18.6487637
Cieszyno Łobeskie,53.5206657,15.4691898
Cikowice,49.9815662,20.3720173
Cisie,52.21984,21.38848
Cisiec,49.59147,19.10488
Cięcina,49.6144759,19.1414653
Cięcina Dolna,49.6213618,19.1519794
Cmolas,50.294938,21.7444047
Cybowo,53.2950948,15.8500295
Cygany,52.2051075,19.2233362
Cykarzew Północny,50.96485,19.17367
Cykarzew Stary,50.95446,19.17278
Czachówek Górny,51.9677114,21.0777261
Czachówek Południowy,51.9582318,21.0815732
Czachówek Wschodni,51.9734724,21.104208
Czaplinek,53.560673,16.2319428
Czarlin,54.0602253,18.7679175
Czarna Białostocka,53.2982835,23.2851013
Czarna Tarnowska,50.0604012,21.2487855
Czarna Woda,53.8441983,18.0984293
Czarnca,50.8096094,19.9274164
Czarne,53.68353,16.94221
Czarne Małe,53.5492,16.33374
Czarniecka Góra,51.1358696,20.5208985
Czarnobór,53.6997792,16.7679192
Czarnowęsy Pomorskie,53.9399139,15.9814525
Czarny Blok,53.2484326,23.2091389
Czastary,51.2581108,18.3209415
Czaszyn,49.4494102,22.2170959
Czechowice-Dziedzice,49.9112146,19.007564
Czechowice-Dziedzice Południowe,49.8902139,19.0242229
Czechowice-Dziedzice Przystanek,49.9057028,19.0223791
Czechowizna,53.34504,22.88475
Czekanów,51.6771524,17.8754158
Czeluścin,51.7291951,17.1645925
Czempiń,52.1431479,16.7613308
Czepino,53.28591,14.51694
Czeremcha,52.5141029,23.3522319
Czermno,51.1094964,20.0268134
Czerna,50.1748575,19.61359
Czerna Mała,51.3792695,15.1811587
Czernica Wrocławska,51.0496835,17.2358061
Czerniejewo,52.4296119,17.489398
Czerniewice,51.6547437,20.1569703
Czernikowo,52.94226,18.9373
Czersk,53.796196,17.9756228
Czersk Świecki,53.5500671,18.4520154
Czeruchy,52.9361101,20.5060023
Czerwieńsk,52.0130585,15.4211463
Czerwionka,50.528311,16.6036957
Czerwionka Dębieńsko,50.1566873,18.6643017
Czerwonak,52.46696,16.98026
Czerwonak Osiedle,52.4800038,16.9781006
Czerwonka,53.9101823,20.906811
Czeska Wieś,50.7502947,17.4786409
Czesławice,50.4594444,20.7719444
Czudec,49.9463655,21.8358282
Czuprynowo,53.4734469,23.6359864
Czyżew,52.7975512,22.3123475
Czyżowice,50.3642864,17.5843595
Częstochowa,50.8089997,19.1244089
Częstochowa Aniołów,50.8352835,19.1516348
Częstochowa Gnaszyn,50.7915853,19.0291879
Częstochowa Raków,50.7876286,19.1554329
Częstochowa Stradom,50.7973211,19.1069996
Człuchów,53.6651462,17.3588324
Dalanówek,52.6016474,20.454137
Dalekie,52.7180474,21.5492688
Daleszewo,53.3138971,14.5334327
Dalęcino,53.75516,16.61656
Damnica,54.4999602,17.2716153
Daniszyn,51.6551876,17.6366634
Dankowice,50.7209893,17.0142003
Darłowo,54.4291496,16.4038464
Daszewo,54.0797682,15.8803264
Deszczno,52.67207,15.3096414
Dobczyn,52.0429763,17.1168247
Dobiegniew,52.9667749,15.7548055
Dobieszyn,51.6255035,21.1841672
Dobino Wałeckie,53.2268066,16.524834
Doboszowice,50.522456,16.9578975
Dobre Miasto,53.9868899,20.3973402
Dobrocin,53.9088,19.8359501
Dobroszyce,51.26554,17.34535
Dobrowoda,50.4008677,20.7709677
Dobroń,51.63382,19.24516
Dobrynka,51.9962798,23.4793536
Dobryszyce koło Radomska,51.1242909,19.4443235
Dobrzechów,49.8766004,21.7398822
Dobrzejewice,53.005,18.835556
Dobrzeń Wielki,50.76795,17.84708
Dobrzykowice Wrocławskie,51.0875528,17.1800256
Dobrzyniewo Duże,53.2019,23.01197
Dobrzyń,53.4280711,20.3627047
Dolice,53.35808,15.48985
Dolna Odra,53.2113111,14.4809594
Dolnik,50.1395477,16.7021226
Domaniewice,51.7209597,20.95664
Domaniewice Centrum,52.0119116,19.7918957
Domanin,52.0760554,18.8250855
Domaszków,51.3175616,16.4712904
Domaszowice,51.0426642,17.8857566
Domasław,51.0108924,16.9562049
Dominów,51.1702181,22.5942651
Domisław,53.6434111,17.0328632
Dopiewo,52.3584401,16.6764028
Dorohusk,51.1608274,23.803447
Dragacz,53.5023182,18.7306853
Drawiny,52.8963,15.96207
Drawski Młyn,52.8609218,16.079085
Drawsko Pomorskie,53.5310786,15.8134179
Drogomyśl,49.8692338,18.7569409
Drużyna Poznańska,52.210157,16.8237533
Drygały,53.6850655,22.1066885
Drzewce,52.1408831,17.8913759
Drzewica,51.4508384,20.4773617
Drzeńsko,54.23688,16.64446
Drzonowo,54.0957699,15.4356868
Drzycim,53.5136442,18.3167474
Drzymałowo,52.1483245,16.3025787
Dubidze,51.103677,19.1522721
Dubielno,53.2411146,18.6383647
Dulowa,50.1434629,19.521987
Dunowo,54.1097161,16.1077967
Duszniki-Zdrój,50.3703403,16.3784907
Dwikozy,50.7360627,21.789733
Dwory,50.9872222,15.6605556
Dygowo,54.131841,15.7207855
Dytmarów,50.3128915,17.6616182
Działdowo,53.2346517,20.1817841
Dziembówko,53.0721186,16.8109583
Dziemiany Kaszubskie,54.0099643,17.7739359
Dziergowice,50.2416118,18.2863902
Dzierżanów Wielkopolski,51.7121683,17.3537188
Dzierżoniów Śląski,50.7291725,16.6567531
Dzierżążno,54.3162256,18.2675694
Dzietrzniki,51.1169987,18.610607
Dziewule,52.0496835,22.4001471
Dziwno,53.6261324,18.8946785
Dzięczyn,51.7572396,16.8547664
Dąbie koło Dębicy,50.1697612,21.4952889
Dąbkowizna,52.4255076,21.0837586
Dąbroszyn,52.62082,14.7052
Dąbrowa Białostocka,53.654439,23.3485102
Dąbrowa Chełmińska,53.1760827,18.3025087
Dąbrowa Górnicza,50.3308692,19.2078918
Dąbrowa Górnicza Gołonóg,50.3438817,19.2259879
Dąbrowa Górnicza Pogoria,50.3504712,19.2407866
Dąbrowa Górnicza Południowa,50.3123043,19.2872836
Dąbrowa Górnicza Sikorka,50.3886631,19.2974646
Dąbrowa Górnicza Strzemieszyce,50.3108201,19.2685547
Dąbrowa Górnicza Wschodnia,50.3033648,19.3112813
Dąbrowa Górnicza Ząbkowice,50.3665939,19.2646845
Dąbrowa Niemodlińska,50.6832835,17.7491984
Dąbrowa Oleśnicka,51.2300777,17.3689153
Dąbrowa-Łazy,52.8328186,22.4086323
Dąbrowice Skierniewickie,51.933374,20.1023076
Dąbrowy,54.102009,21.4674449
Dąbrówka Jezioro Mucharskie,49.8147202,19.5996869
Dąbrówka Malborska,53.9880372,19.0914847
Dąbrówka Wielkopolska,52.2767578,15.8111691
Dąbrówka Zabłotnia,51.3166667,21.05
Dęba Opoczyńska,51.4819213,20.2582806
Dęba Rozalin,50.4288076,21.7431315
Dębe Wielkie,52.1990146,21.4400042
Dębica,50.0461164,21.4127615
Dębica Wschodnia,50.0624594,21.4489028
Dęblin,51.562491,21.8654383
Dębska Kuźnia,50.66195,18.10974
Dębska Wola,50.7180782,20.5953507
Długi Kąt,53.5492267,22.0489657
Długie,53.86755,22.65419
Długopole-Zdrój,50.2457746,16.6308336
Długołęka,51.1733162,17.1927858
Elbląg,54.1988997,19.4410857
Elbląg Zdrój,54.185434,19.3870253
Ełk,53.8248304,22.3615813
Ełk Szyba Wschód,53.8008259,22.3729838
Ełk Szyba Zachód,53.8020916,22.3701435
Fasty,53.1697765,23.0580853
Fałkowo,52.4953661,17.4234201
Firlus,53.2680209,18.6317373
Fiszewo,54.1052778,17.7063889
Forst Lausitz,,
Fosowskie,50.6604518,18.3601524
Frankfurt/Oder,52.3557481,14.5662367
Fronołów,52.3608239,22.9290509
Frysztak,49.8393809,21.6073264
Gajówka,50.9672222,15.4625
Gamerki Wielkie,53.84653,20.13588
Garbatka-Letnisko,51.4933539,21.6318482
Garbce,51.5140811,16.8842895
Garczegorze,54.5943524,17.724001
Garczyn,54.04162,18.24082
Gardeja,53.61101,18.94734
Garki,51.53947,17.6429
Garwolin,51.8973315,21.6149645
Gawrony,52.1180755,19.2158399
Gałkówek,51.7298223,19.7318181
Gałęzinowo,54.5226155,16.9315515
Gdakowo,53.820706,19.1589886
Gdańsk Brętowo,54.3651261,18.5735495
Gdańsk Firoga,54.3780762,18.4902342
Gdańsk Główny,54.3564345,18.6441946
Gdańsk Jasień,54.3537062,18.5502959
Gdańsk Kiełpinek,54.3553612,18.5285628
Gdańsk Kokoszki,54.3623346,18.4921682
Gdańsk Lipce,54.3014686,18.6359096
Gdańsk Matarnia,54.3734866,18.5063816
Gdańsk Niedźwiednik,54.378158,18.5720769
Gdańsk Oliwa,54.4094881,18.5719775
Gdańsk Oliwa SKM,54.403984,18.5744903
Gdańsk Orunia,54.324252,18.6344756
Gdańsk Osowa,54.4223889,18.4528085
Gdańsk Politechnika,54.3741905,18.6274077
Gdańsk Port Lotniczy,54.3827282,18.4665403
Gdańsk Port Północny,54.3680204,18.6837164
Gdańsk Przymorze-Uniwersytet,54.4007278,18.5766182
Gdańsk Rębiechowo,54.3874305,18.4465066
Gdańsk Stadion Expo,54.387496,18.6331559
Gdańsk Stocznia,54.3646358,18.6417851
Gdańsk Strzyża,54.3917534,18.5788345
Gdańsk Wrzeszcz,54.3817696,18.6055111
Gdańsk Zaspa,54.3897726,18.591526
Gdańsk Zaspa Towarowa,54.3920341,18.637485
Gdańsk Śródmieście,54.3468793,18.6443526
Gdańsk Żabianka-AWFiS,54.4207672,18.5684877
Gdynia Chylonia,54.5457503,18.4636617
Gdynia Cisowa,54.5498083,18.4471926
Gdynia Grabówek,54.5340423,18.4966486
Gdynia Główna,54.5217877,18.5268255
Gdynia Karwiny,54.4698814,18.5088468
Gdynia Leszczynki,54.5413453,18.4785103
Gdynia Orłowo,54.4766459,18.5486299
Gdynia Orłowo SKM,54.4735227,18.5517346
Gdynia Port Oksywie,54.5423873,18.5404791
Gdynia Postojowa,54.5411988,18.4811278
Gdynia Redłowo,54.4915771,18.538351
Gdynia Stadion,54.4961509,18.5332216
Gdynia Stocznia-Uniwersytet Morski,54.5255488,18.5192576
Gdynia Wzgórze Św.Maksymiliana,54.5076246,18.535489
Geniusze,53.3732056,23.4240391
Gierałtów,51.20611,15.31764
Gierałtów Wykroty,51.2168129,15.2845742
Gierwaty,52.9813087,21.600502
Gilów,50.7213154,16.7644487
Gliniczek,49.7385219,21.5369028
Gliniszcze,53.4658091,23.5010922
Glinnik,51.8859811,19.488705
Glinnik Wieś,51.8825834,19.4816166
Gliwice,50.3011315,18.6623472
Gliwice Kuźnica,50.3569113,18.6214702
Gliwice Łabędy,50.3403105,18.6222829
Gniewczyna,50.1002172,22.5214563
Gniewkowo,52.894429,18.4066817
Gniezno,52.5359736,17.595889
Goczałkowice,49.9477778,18.9636111
Goczałkowice-Zdrój,49.94372,18.96605
Goczałków,51.0057825,16.3227854
Godki,53.8204838,20.2480602
Godków,52.91016,14.43077
Godętowo,54.57416,17.86901
Goerlitz,49.65829,21.1593832
Gogolewo,54.3739868,17.3918098
Gogolin,50.4925107,18.0176197
Goleniów,53.5656939,14.8299285
Goleniów Park Przemysłowy,53.5297567,14.8102096
Goleszów,49.7336888,18.7402381
Goleszów Górny,49.7347222,18.7258333
Golina,52.24276,18.09534
Golęczewo,52.5354632,16.8178314
Gomunice,51.16964,19.4855
Goniądz,53.489222,22.7323721
Gorlice,49.65829,21.1593832
Gorlice Glinik,49.6722264,21.1738655
Gorlice Zagórzany,49.6941177,21.1954305
Gorzanów,50.3523216,16.6368092
Gorzelin,51.3300821,16.1899775
Gorzkowice,51.2151631,19.5959459
Gorzuchowo Chełmińskie,53.3507359,18.693451
Gorzuchów Kłodzki,50.489736,16.5717897
Gorzupia,51.6928435,17.5165864
Gorzów Chrzanowski,50.0737478,19.2421051
Gorzów Wielkopolski,52.7309926,15.2400451
Gorzów Wielkopolski Karnin,52.689224,15.2805591
Gorzów Wielkopolski Wieprzyce,52.7181491,15.1816367
Gorzów Wielkopolski Wschodni,52.7317562,15.2492333
Gorzów Wielkopolski Zamoście,52.7226658,15.2390927
Gorzów Wielkopolski Zieleniec,52.6994982,15.262029
Gorzędów,51.2079817,19.5476871
Gostynin,52.4287607,19.4612956
Goszcza,50.1853403,20.0714488
Goszczowice,50.5713838,17.6151353
Goworki Bsz,53.0890083,21.6275046
Goworowo,52.9006864,21.5570366
Gozdowo,52.2903529,17.6464349
Gołaszewo Kujawskie,52.5468201,19.091124
Gołańcz,52.9431644,17.2999756
Gołotczyzna,52.7887279,20.6917977
Gołubie Kaszubskie,54.2125151,18.0367969
Gołąb,51.4874721,21.876229
Gościcino Wejherowskie,54.60506,18.1610766
Gościszewo,53.9821647,19.0010843
Gośniewice,51.8259482,21.1483958
Goświnowice,50.4877778,17.2522222
Grabiny,51.6058333,19.0261111
Grabniak,54.1702778,20.3313889
Grabowno Wielkie,51.3492,17.41683
Grabowo,54.2252771,22.2412818
Grabów Szlachecki,51.7001931,22.0976597
Grabów nad Pilicą,51.7257087,21.2265001
Grajewo,53.6469842,22.4548627
Gralewo,52.5332646,15.9547388
Grambow,53.9480472,14.8639193
Granowiec,51.5098962,17.6590604
Granowo,53.6600659,17.6481861
Gregorowce,52.6518529,23.2598495
Gregorowce Południowe,52.6477899,23.2580394
Grochowiska,50.4971102,20.6378498
Grodków Śląski,50.6977778,17.376277
Grodzie,54.34658,19.95971
Grodzisk Mazowiecki,52.1066223,20.6313441
Grodzisk Wielkopolski,52.2263198,16.3628106
Grodzisko Dolne,50.1637598,22.4596076
Grodziszcze Mazowieckie,52.160833,21.8723337
Grom,53.6137931,20.8579664
Gromnik,53.7361111,15.9897222
Gronajny,53.98368,19.0527
Gronowo Elbląskie,54.0900141,19.3059519
Groszowice Wrzosów,51.4296275,21.301033
Grotniki,51.8934086,19.3123779
Grudze,52.0301956,19.8846889
Grudziądz,53.472512,18.7618937
Grudziądz Mniszek,53.433415,18.7254506
Grudziądz Owczarki,53.503199,18.8478291
Grudziądz Przedmieście,53.4742372,18.7488745
Grudziądz Rządz,53.4510727,18.7336408
Grudziądz Tuszewo,53.4863448,18.8120949
Grudziądz Śródmieście,53.4823977,18.7475016
Grupa,53.504235,18.6260889
Grybów,49.6149554,20.9488247
Gryfice,53.9148529,15.1987062
Gryfino,53.2535889,14.4924243
Gryfów Śląski,51.0281455,15.4145051
Grylewo,52.8913267,17.2299612
Gryźliny,53.6183793,20.3387516
Grzegorzewo,52.485503,21.4287473
Grzmiąca,53.8345203,16.4323611
Grzybno,54.3526486,18.2167122
Grzywna,53.15486,18.61252
Grzędzice,53.3716243,14.9713823
Grzęska,50.0820178,22.4559083
Gródek,53.095237,23.6677887
Grąblewo,52.2386249,16.3907119
Grębocice,51.598155,16.1675783
Grębocin,53.05821,18.71684
Gręboszów,51.460919,19.4139027
Grębów,50.5654299,21.8746189
Guben,51.9509156,14.7293172
Gubin,51.9509156,14.7293172
Gutowiec,53.7710832,17.8562126
Gutowo Wielkopolskie,52.3322153,17.6451763
Gułtowy,52.3510995,17.3295324
Gwda Mała,53.7334,16.81822
Gzin,53.2041358,18.3125991
Góra Kalwaria,51.9843765,21.2140226
Górażdże,50.5281394,18.0099308
Górka Duchowna,51.9529636,16.5913568
Górki Noteckie,52.78767,15.49858
Górki Pomorskie,53.8984431,14.8244095
Górki Szczukowskie,50.8822536,20.5345862
Górki Śląskie,50.1437579,18.390992
Górna Grupa,53.4848276,18.6673792
Górowo,51.367455,16.8034382
Górzyca,52.4928154,14.6514668
Górzyca Reska,53.9693388,15.2331312
Górzyniec,50.8555556,15.5716667
Gąbin,52.39942,19.73072
Gądki,52.3126003,17.0466213
Gądków Wielki,52.2403565,14.9748179
Gągławki,53.6868856,20.4547263
Gąsawy Plebańskie,51.226808,20.9596324
Gąsocin,52.7377277,20.7156977
Gębarzewo,53.65096,17.19777
Głogów,51.6636791,16.0935567
Głogów Huta,51.6754102,15.9922164
Głogów Małopolski,50.1511809,21.9627571
Głogów Małopolski Niwa,50.1364676,21.9647969
Głogów Małopolski Południowy,50.1135405,21.9864664
Głogów Wróblin,51.6865915,15.9543821
Głogówek,50.3534373,17.8619329
Głogówko,51.8843838,17.035838
Głowaczewo,54.1322556,15.4369515
Głowno,51.9623982,19.7116624
Głowno Północne,51.9790616,19.7219812
Głuchowo,53.2079479,18.5525964
Głuchołazy,50.3170828,17.3833809
Głuchołazy Miasto,50.3166185,17.3896393
Głuchów,52.158794,19.6606159
Głuszyca,50.6850304,16.3730344
Głuszyca Górna,50.6679766,16.3755892
Głuszyno Pomorskie,54.4898744,17.4238884
Głębokie Międzyrzeckie,52.4847548,15.534011
Hagenwerder,51.061589,14.9665527
Hajnówka,52.7365783,23.5878728
Halinów,52.2258575,21.3529522
Harrachov,50.8063226,15.4254749
Hartowiec,53.3978371,19.8433826
Hel,54.6066432,18.8027076
Henrykowo,53.9841268,21.282732
Henryków,52.3033704,20.0939381
Herby Nowe,50.7472918,18.8545491
Herby Stare,50.7476646,18.8821298
Hirschfelde,50.8311725,17.8359035
Hordzieżka,51.7488685,22.1777162
Horka Gbf,,
Horyniec-Zdrój,50.1910278,23.3625975
Hołówki Duże,52.975513,23.0875707
Hrebenne,50.2829015,23.5797971
Hrubieszów Miasto,50.7971297,23.9089671
Hryniewicze,53.0801246,23.1354068
Hucisko,51.43486,19.4678
Hurko,49.7993522,22.8739242
Huta,53.85403,17.82927
Huta Komorowska,50.3871815,21.7189801
Imbramowice,50.3016845,19.849629
Imielin,50.1467621,19.1854676
Inowrocław,52.7952408,18.2595624
Inowrocław Rąbinek,52.7693872,18.2431612
Inwałd,49.863906,19.397887
Iwin,53.7954837,16.5168702
Iwiny,51.042315,17.0752148
Izbica,50.8927773,23.1587974
Iława Główna,53.5810821,19.5731214
Iława Miasto,53.5955841,19.54881
Iłowa Żagańska,51.5020926,15.1886395
Iłowiec,53.4223349,16.3872521
Iłowo,52.904301,14.7886974
Jabłonowo Pomorskie,53.387984,19.1527034
Jabłoń Kościelna,52.9195218,22.6494531
Jackowice,52.1668553,19.7996405
Jackowo Dworskie,52.6338107,20.789025
Jacków,50.9754243,19.7001644
Jadachy,50.4937594,21.6791385
Jadwiżyn,53.68345,16.6357
Jagodin,,
Jagodzin,51.3609564,15.1603835
Jaksice,50.3238575,20.0035681
Jaktorów,52.0904757,20.5476345
Jamielnik,53.2436204,19.8074699
Janikowo,52.7531648,18.1141024
Janinów,52.4377778,18.6472222
Jankowa,51.169863,21.9440905
Jankowa Żagańska,51.5713004,15.1775641
Jankowce,49.4844095,22.3573376
Jankowo Dolne,52.55067,17.69065
Jankowo Pomorskie,53.5166039,15.7743234
Janków Przygodzki,51.5968619,17.7900085
Janowice Wielkie,50.87828,15.9208773
Janówek,51.8607854,20.6327441
Jarocin,51.9739233,17.5011254
Jarosty,51.4617352,19.6822993
Jaroszowiec Olkuski,50.3422847,19.6218089
Jarosław,50.0399766,22.6573724
Jarszewo,53.9283691,14.7894988
Jarzębia Łąka,52.4598616,21.4477629
Jarzębiec,54.30786,19.98443
Jasienica Dolna,50.5170769,17.4996417
Jasienica Mazowiecka,52.4154325,21.398569
Jasień Brzeski,49.9870188,20.5581519
Jasiona,50.7661348,17.537053
Jasionka Lotnisko,50.1155464,22.0215407
Jasionna Łowicka,52.1246244,20.1236666
Jaski,53.4402467,22.7768631
Jastarnia,54.702764,18.6712892
Jastarnia Wczasy,54.7079444,18.6553541
Jastrowie,53.4205494,16.8150156
Jastrowie Miasto,53.4240519,16.8109593
Jastrząb,51.2468739,20.9488245
Jastrząbka,53.134,21.24303
Jastrzębna,51.0447261,15.9371387
Jastrzębsko,52.2951463,16.0612341
Jaszczów,51.2111949,22.9332819
Jasło,49.7469627,21.493576
Jasło Fabryczne,49.7493934,21.533993
Jasło Niegłowice,49.7261437,21.4509854
Jawiszowice Jaźnik,49.9496644,19.1154929
Jawor,51.0504653,16.1932008
Jaworzno Ciężkowice,50.2129797,19.3370763
Jaworzno Szczakowa,50.2463323,19.2975531
Jaworzno koło Wielunia,51.0145545,18.6532697
Jaworzyna Śląska,50.9144217,16.4308642
Jazy,54.1249544,15.7861983
Jaśkowice,51.1287174,18.2175176
Jaśkowice Legnickie,51.2215187,16.3143427
Jaślany,50.3951859,21.4854933
Jedlicze,49.714148,21.6421513
Jedlicze Męcinka,49.7261755,21.6260809
Jedlicze koło Zgierza,51.8693884,19.3207369
Jedlina-Zdrój,50.724228,16.337581
Jedlina-Zdrój Borowa,50.7299222,16.3221941
Jedlina-Zdrój Centrum,50.7211486,16.3446376
Jedlnia Kościelna,51.4551228,21.4077802
Jedlnia-Letnisko,51.4303531,21.3292505
Jeglia,53.3873983,19.8782728
Jelcz Miłoszyce,51.0445694,17.3054006
Jelcz-Laskowice,51.0398306,17.3499638
Jelenia Góra,50.8501049,15.6537492
Jelenia Góra Cieplice,50.8697521,15.6852449
Jelenia Góra Orle,50.8639918,15.6573613
Jelenia Góra Przemysłowa,50.8877308,15.705234
Jelenia Góra Sobieszów,50.8517332,15.6452871
Jelenia Góra Zabobrze,50.9098997,15.7431012
Jelenia Góra Zachodnia,50.9005971,15.719455
Jelenino,53.65212,16.62759
Jeleń,53.7416667,21.3219444
Jeleśnia,49.6295063,19.3313366
Jelna,49.70442,20.72343
Jeruty,53.5419739,21.1667206
Jerzmanice Lubuskie,52.3066489,14.867405
Jerzmanki,51.1361534,15.061674
Jesionka,52.3953913,19.5867364
Jesionowiec,53.44504,21.0030768
Jezierzany,54.5330616,16.5858025
Jezierzyce Słupskie,54.5042883,17.1218427
Jeziorki Wałeckie,53.2256077,16.1074772
Jełowa,50.7998026,18.0728772
Jeżewo,51.909517,19.4649552
Jeżówka,52.161699,20.2887051
Jindrichov Ve Slez,,
Jonkowo,53.8275836,20.3104882
Jordanów,49.6489124,19.8383492
Jugowice,50.7310111,16.4027816
Julianka,52.9854566,23.6996349
Jurata,54.6849444,18.7134138
Justynów,52.3704333,22.1327977
Juszczyn,51.154596,16.6789939
Józefin,51.1898332,23.3413236
Józefów,50.4808298,23.0540591
Józefów Roztoczański,50.5168424,23.040519
Jędrzejów,50.6394435,20.3046116
Jędrzychowice,51.1796848,15.0244446
Kaczkowo,52.7991438,17.6165714
Kaczorowo,54.2262445,21.8429671
Kaczory,53.1020938,16.8843061
Kaczyce,49.834077,18.592432
Kalembina,49.8705607,21.6841058
Kalety,50.5686645,18.936145
Kaliska,54.3414174,18.2396048
Kaliska Kujawskie,52.4119894,19.1239223
Kalisz,51.7624752,18.0895358
Kalisz Kaszubski,54.0451067,17.7861547
Kalisz Pomorski,53.2981616,15.9059903
Kalisz Szczypiorno,51.7259333,18.0272669
Kalisz Winiary,51.7334923,18.1413193
Kaliszki,51.7483309,20.1651552
Kalwaria Zebrzydowska,49.8669482,19.6763089
Kalwaria Zebrzydowska Lanckorona,49.8712948,19.6885921
Kamieniec Ząbkowicki,50.5229139,16.8736143
Kamienna Góra,50.7837361,16.0336631
Kamienna Karczma,53.8771445,18.1626447
Kamienna Nowa,53.7029089,23.2506856
Kamień Mały,52.6434826,14.7795481
Kamień Pomorski,53.9653947,14.7728556
Kamień Łowicki,51.9887032,19.753151
Kamieńczyce,50.2492614,20.4146002
Kamieńsk,51.204172,19.4970714
Kamionka Wielka,49.5786884,20.790033
Kamionki Jezioro,53.1297934,18.7797825
Kanie,52.1328951,20.7736551
Kaniów,51.9271381,14.9167126
Karcino,54.1277473,15.3968116
Karlino,54.0410287,15.8793019
Karnkowo,52.859047,19.2510542
Karolinówka,51.1898305,23.5506086
Kartuzy,54.3342281,18.1973639
Karwice,54.33057,16.56258
Karzec,51.75882,16.89933
Karłowice,51.1395952,17.0499524
Katowice,50.2598987,19.0215852
Katowice Brynów,50.2521701,18.9952151
Katowice Ligota,50.2260023,18.9778134
Katowice Piotrowice,50.2134532,18.9703936
Katowice Podlesie,50.1829287,18.960329
Katowice Szopienice Południowe,50.2589152,19.092466
Katowice Szopienice Północne,50.2638497,19.0856087
Katowice Zawodzie,50.2572998,19.0574498
Katowice Załęże,50.2638657,18.9895811
Kawcze,54.07239,16.88268
Kawnice,52.24213,18.15038
Kały,50.9669113,21.183269
Kałęczyn,53.2304681,22.2304918
Kiekrz,52.4741813,16.7800297
Kielce Białogon,50.8552608,20.5745188
Kielce Główne,50.8743077,20.6179325
Kielce Herbskie,50.8859058,20.6024161
Kielce Piaski,50.8897894,20.6253268
Kielce Słowik,50.8335071,20.538675
Kielce Ślichowice,50.8888087,20.5838753
Kietlanka,52.7455556,22.175
Kiełpino Kartuskie,54.2870744,18.2299893
Kije,51.5608921,18.4016897
Kity,51.4022222,18.5580555
Klecza Dolna,49.870369,19.5443158
Klecza Górna,49.8640624,19.5558854
Klembów,52.4063968,21.3315606
Klementowice,51.3567853,22.128659
Klepacze,52.5051964,22.6936533
Kleszczele,52.574173,23.3254851
Klewki,53.7359686,20.5760204
Klimontów,50.6563871,21.4506186
Kliniska,53.4534869,14.78696
Kluczbork,50.9730701,18.2140089
Klępnica,53.7288782,15.6413476
Knurów,50.2071818,18.6637073
Knyszyn,53.3122442,22.9200387
Kobierzyce,50.9720586,16.9298119
Kobiór,50.0607873,18.9339311
Kobylany,52.0457165,23.5642639
Kobylec,52.852509,17.2018654
Kobylin,51.7163621,17.2247584
Kobylnica,54.4397259,16.9968076
Kobylnica Słupska,54.442445,16.986019
Kobyłka,52.3399712,21.1905442
Kobyłka Ossów,52.3272995,21.1933059
Kochanowice,50.7091402,18.751991
Kochanówka Pustków,50.1112994,21.4923542
Kochcice-Glinica,50.7137867,18.6576456
Kojszówka,49.70003,19.73626
Kokotów,50.0139139,20.0963232
Kolbuszowa,50.2433277,21.7754563
Kolbuszowa Górna,50.2271888,21.7908035
Kolin,53.2334222,15.1160429
Kolno,53.4109383,21.9312439
Kolonia,54.3991836,18.1119705
Kolonowskie,50.6528574,18.3831071
Kolumna,51.6148915,19.1959352
Koluszki,51.7444956,19.817966
Komańcza,49.336141,22.0697551
Komańcza Letnisko,49.3462959,22.0805831
Komorowo Żuławskie,54.1073507,19.5110146
Komorów Podmurynia,50.3495467,21.7330367
Komprachcice,50.6355164,17.8236774
Koniecpol,50.7725294,19.6769723
Koniecpol Centrum,50.7774388,19.6726152
Koniecpol Magdasz,50.7725111,19.6533269
Konin,52.2559021,18.2678662
Konin Zachód,52.236896,18.2217382
Konin Żagański,51.5455387,15.2016814
Konojady,53.35051,19.22848
Konopki,53.6558699,22.4148443
Konotopie,52.8899214,19.1160369
Kopalina,50.4891647,17.8253645
Kornatowo,53.2881433,18.6550815
Kornelin,53.0194337,17.832241
Kornica,51.2166667,20.4166667
Korsze,54.1706702,21.1441845
Korwinów,50.73759,19.17395
Korzenica,51.7204765,18.4786502
Korzeńsko,51.5443129,16.8707137
Korzybie,54.2989363,16.8751249
Kosina,50.8186111,21.9136111
Kosiorki,53.45429,22.81328
Kostomłoty,51.0455523,16.6127673
Kostrzyn,52.3983662,17.2275394
Kostrzyn Wielkopolski,52.3932539,17.2254653
Kostów,51.1659,18.14783
Koszalin,54.19092,16.17707
Koszalin Politechnika,54.2041486,16.1740206
Koszalin Wschodni,54.2122307,16.185011
Koszewnica,52.3268542,21.8816283
Koszęcin,50.635918,18.8413347
Kosów,52.0486305,20.8253713
Kotlin,51.6869444,18.9158333
Kotomierz,53.2852724,18.1217055
Kotowo,54.19247,20.67648
Kotulin,50.4632301,18.4162428
Kotuń,52.1779129,22.0700859
Kotórz Mały,50.7307406,18.0445257
Kowalewo Pomorskie,53.1543137,18.8975473
Kowalów,50.7617271,17.229108
Kozia Góra,53.851244,20.0785135
Koziebrody,52.8023835,19.9932405
Koziołek,51.7007827,21.2655958
Kozuby,52.08523,19.2267
Kozy,49.8462862,19.145175
Kozy Zagroda,49.8575842,19.164471
Kozłowo,53.3071759,20.2931276
Kozłów,51.0373995,16.7276461
Kołbiel,52.0648811,21.4804165
Koło,52.2019866,18.6359912
Kołobrzeg,54.1759614,15.5764209
Kołobrzeg Amfiteatr,54.1811243,15.5955737
Kołobrzeg Ogrody,54.1766984,15.5964043
Kołobrzeg Radzikowo,54.1622978,15.5435198
Kołobrzeg Stadion,54.1749917,15.5591195
Kołodziejewo,52.7135245,18.0360342
Kończyce,50.872455,17.114301
Kończyce Radomskie,51.3491014,21.0453385
Końskie,51.1910223,20.4071836
Końskowola,51.4091024,22.0517983
Kościan,52.086325,16.6449995
Kościernica,54.1622575,16.4482588
Kościerzyna,54.1210215,17.9781656
Koźla Kożuchowska,51.8724515,15.3188167
Koźlice,51.1063837,14.9861846
Koźmin Wielkopolski,51.8256567,17.4528473
Krajenka,53.2970851,16.9909514
Kraków Batowice,50.1075321,19.9954682
Kraków Bieżanów,50.0214997,20.0298488
Kraków Bieżanów Drożdżownia,50.0106932,20.0352677
Kraków Bonarka,50.0298423,19.9464698
Kraków Bronowice,50.0830061,19.8926145
Kraków Grzegórzki,50.0570754,19.9480274
Kraków Główny,50.0684238,19.9478862
Kraków Kościelniki,50.0875844,20.168666
Kraków Lotnisko,50.0709399,19.8012796
Kraków Lubocza,50.0904669,20.0740178
Kraków Mydlniki,50.0835874,19.8597855
Kraków Mydlniki Wapiennik,50.091177,19.8444739
Kraków Młynówka,50.0817947,19.8584723
Kraków Nowa Huta,50.0903614,20.1282485
Kraków Olszanica,50.0764912,19.8255173
Kraków Opatkowice,49.9884439,19.8985386
Kraków Piastów,50.1070161,20.0137136
Kraków Podgórze,50.0411604,19.9592209
Kraków Prokocim,50.0266172,19.9983218
Kraków Przylasek,50.0519984,20.1635909
Kraków Płaszów,50.0350214,19.9747852
Kraków Sanktuarium,50.0139215,19.9343201
Kraków Sidzina,49.985557,19.8749008
Kraków Swoszowice,50.0003673,19.9281054
Kraków Zabłocie,50.0484407,19.9569831
Kraków Zakliki,50.0797926,19.8494043
Kraków Złocień,50.018159,20.0507407
Kraków Łagiewniki,50.0230861,19.9337391
Kraków Łobzów,50.0819461,19.9177264
Kralovec,,
Kramsk,52.2666155,18.4259533
Krasiejów,50.6685687,18.2480187
Krasnystaw Fabryczny,51.0244189,23.1827257
Krasnystaw Miasto,50.9850354,23.1829473
Kraśnik,50.9249236,22.229206
Krobia,51.7741006,16.9845547
Krojanty,53.7266343,17.6319737
Krosno,49.6938045,21.7651458
Krosno Miasto,49.6825513,21.7730572
Krosno Odrzańskie,52.0536361,15.0980258
Krosno Polanka,49.7019251,21.7222345
Krosno Turaszówka,49.7092409,21.6982767
Krosnowa,51.8637769,19.9253877
Krosnowice Kłodzkie,50.3923505,16.6368908
Krostkowo,53.11203,17.19867
Krotoszyn,51.695926,17.4374158
Krośnice,51.4760675,17.3595057
Krośnice Mazowieckie,52.9680281,20.4907472
Krusze,53.0159576,14.7469614
Kruszwica,52.6743797,18.3254766
Kruszyna,50.9687113,19.2763853
Krynica-Zdrój,49.4206138,20.9594176
Krynka Łukowska,52.006707,22.3757786
Krzak,50.798592,23.1002436
Krzcięcice,50.5857996,20.1764005
Krzemienica,54.4899632,16.8223701
Krzemionki,50.9734055,21.4981309
Krzepice,50.9706951,18.7255158
Krzepów,51.647631,16.1421907
Krzeszna,54.2333333,18.0833333
Krzeszowice,50.1350246,19.6320164
Krzewie,52.2374876,19.1788128
Krzewina Zgorzelecka,51.0154355,14.939793
Krzycko Wielkie,51.9106204,16.4518467
Krzymosze,52.162032,22.4646797
Krzywda,51.7939076,22.2023913
Krzywin Gryfiński,53.0881553,14.4538519
Krzywizna,51.0278989,18.1915788
Krzyż,52.8796439,16.0141705
Krzyżanowice,51.1964571,21.2281179
Krzyżowa,50.7982084,16.5332442
Królewo Malborskie,54.0322522,19.1208435
Krępa Krajeńska,53.22229,16.05488
Krężel,51.8644741,21.0955101
Krężnica Jara,51.1513076,22.467704
Książki,53.3281833,19.0703024
Książno,52.249221,17.4842221
Księginice,51.3319777,17.0808425
Kubice,50.47325,17.43088
Kudowa-Zdrój,50.4457857,16.2541473
Kuklinów,51.732407,17.3152299
Kuleje,50.8378703,18.7887106
Kulesze Kościelne,53.0158982,22.5061156
Kulice Tczewskie,53.8795091,18.6904982
Kulin Kłodzki,50.4196028,16.3301874
Kundzin,53.4395303,23.5884675
Kunowice,52.3508485,14.635166
Kunów,50.9541063,21.278823
Kupienino,52.2594266,15.6098169
Kuriany,53.0825944,23.2573399
Kurpie,53.1759078,22.1711993
Kurów Suski,49.7079172,19.4337308
Kusięta Nowe,50.7778813,19.2615646
Kustrin-Kietz,52.7769696,15.154771
Kutno,52.2222131,19.3874589
Kutno Azory,52.2397188,19.3047011
Kuźnia Raciborska,50.2007002,18.3105735
Kuźnica (Hel),54.7362391,18.5766364
Kuźnica Białostocka,53.5100543,23.6490923
Kwiatki,53.57586,18.39429
Kwidzyn,53.7204653,18.9374641
Kwieciszowice,50.9178463,15.4927537
Kórnik,52.2492751,17.0901242
Kąkolewo,51.8598633,16.6917319
Kątne,52.6032106,20.755382
Kąty Wrocławskie,51.0302656,16.7702325
Kędzierzyn-Koźle,50.345463,18.2447945
Kędzierzyn-Koźle Azoty,50.3106905,18.2396074
Kędzierzyn-Koźle Przystanek,50.350645,18.154749
Kędzierzyn-Koźle Zachodnie,50.3466453,18.1314695
Kępa,52.3116001,18.320975
Kępice,54.2427792,16.8896705
Kępka,54.35018,16.38422
Kępno,51.2790265,17.9866632
Kęszyce,51.6378418,19.0002841
Kęty,49.882908,19.2239362
Kęty Podlesie,49.8781966,19.1968156
Kłaj,49.9925308,20.3154849
Kłodawa,52.2574519,18.911206
Kłodzko Główne,50.4513332,16.6567711
Kłodzko Książek,50.4157003,16.6409188
Kłodzko Miasto,50.4345956,16.658236
Kłodzko Zagórze,50.4150344,16.6129431
Kłokowa,49.9531127,20.9571423
Kłomnice,50.9208773,19.3541823
Lachowice,49.7121125,19.4699761
Lachowice Centrum,49.7123046,19.473159
Laliki,49.5318,19.01387
Lasek,51.7141783,18.7662738
Laski,53.9463479,15.9204021
Laski Lubuskie,52.461461,14.6917972
Laski Odrzańskie,52.0360548,15.3057844
Laski Tucholskie,53.6662726,18.2080456
Laskowice Oleskie,50.8560996,18.0949708
Laskowice Pomorskie,53.4910465,18.4559143
Laskownica,53.05156,17.35883
Lasocice,51.8241085,16.4841693
Lasów,51.2283829,15.029426
Lednogóra,52.51257,17.36612
Legionowo,52.3952285,20.9308309
Legionowo Piaski,52.4126078,20.9427123
Legionowo Przystanek,52.4112803,20.9142349
Legnica,51.2081617,16.1603187
Legnica Piekary,51.2016802,16.1979745
Legnica Strefa,51.1652386,16.1853138
Leokadia,51.7656386,21.6307947
Leopoldów,51.7225166,20.2390373
Lesiów,51.4724315,21.2111473
Lesięcin,53.5831152,15.576639
Lesko Łukawica,49.5054452,22.3354033
Leszczydół,52.6518741,21.4891239
Leszczyny,51.1886219,21.5246585
Leszno,51.8436498,16.5744141
Leszno Grzybowo,51.8602488,16.6120987
Leszno Górne,51.476932,15.6150602
Letnica,54.3897682,18.6470773
Lewickie,53.0487689,23.1426297
Lewin Brzeski,50.7487107,17.616648
Lewin Kłodzki,50.4056284,16.2896257
Lewki,52.7243723,23.2124139
Leńcze,49.8988662,19.7353089
Leśnice,54.5142628,17.6671952
Leśniczówka,52.1330757,19.7075066
Leźno,54.3455531,18.4349451
Leżajsk,50.2621687,22.418892
Libiąż,50.1030516,19.3147486
Libusza,49.69179,21.23929
Lichkov,,
Ligota Toszecka,50.4507209,18.4588835
Ligowiec,52.4361111,17.0358333
Linowo,54.2969382,22.6217193
Lipa,52.3975,19.4191667
Lipce Reymontowskie,51.8996969,19.9420887
Lipienica,50.7187611,16.0434358
Lipinki,51.0785942,23.7495524
Lipinki Łużyckie,51.6387408,15.0044436
Lipińskie Małe,53.73893,22.4084619
Lipka Krajeńska,53.4972794,17.2572823
Lipki,53.8254276,18.0886565
Lipno,52.8473901,19.1792654
Lipno Nowe,51.9191579,16.5706275
Lipowa Tucholska,53.7539307,18.1088728
Lipowa Śląska,50.7371016,17.4271259
Lipowe Pole,51.1552439,20.9010881
Lipuska Huta,54.07614,17.8010909
Lipusz,54.1005877,17.7810502
Lisewo,53.7644904,22.6803889
Lisie Pole,53.0266,14.44432
Lisowo,52.4635982,22.6259869
Lisów,51.5151942,21.1670974
Lizawice,50.973622,17.2155532
Lniano,53.52917,18.2204
Loecknitz,,
Lotyń,53.70079,17.73464
Lubachów,50.7698484,16.4316751
Lubaczów,50.1574473,23.1225859
Lubajny,53.70443,20.01005
Lubania-Lipiny,53.392182,18.1184777
Lubanice,51.69792,15.09921
Lubanie,52.743229,18.9192492
Lubartów,51.4585242,22.6119973
Lubartów Lipowa,51.4642177,22.5995145
Lubartów Słowackiego,51.4732458,22.6052042
Lubaszowa,49.857411,21.0356397
Lubawka,50.7070882,16.0003894
Lubań Śląski,51.1180898,15.2892651
Lubicz,52.95775,15.51952
Lubiewo,53.81238,21.52574
Lubin,51.3996783,16.1993379
Lubin Stadion,51.4086261,16.1993113
Lublin AIRPORT,51.2382459,22.7067517
Lublin Główny,51.231292,22.5689637
Lublin Ponikwoda,51.266083,22.6059708
Lublin Północny,51.2422757,22.5995426
Lublin Zachodni,51.2189337,22.508927
Lublin Zadębie,51.2579286,22.6100445
Lublin Zemborzyce,51.1715012,22.5028874
Lubliniec,50.669016,18.6825574
Lubnia,53.9278506,17.7521202
Lubomino,54.0676836,20.2374369
Luboń koło Poznania,52.3439762,16.8928174
Lubycza Królewska,50.3411612,23.5196564
Lubzina,50.0642501,21.5236979
Luciążanka,51.2772181,19.6481747
Lucynów,52.1469444,22.4655556
Ludwikowice Kłodzkie,50.620784,16.4741551
Ludynia,50.8433548,20.1169966
Ludynia Dwór,50.8474283,20.1141411
Lusławice,49.8620765,20.8232586
Lutol Suchy,52.33372,15.72212
Lutoryż,49.9666064,21.9093209
Luzino,54.5618906,18.1047847
Lębork,54.5391501,17.7472272
Lębork Mosty,54.550085,17.7928846
Lębork Nowy Świat,54.5454345,17.7344576
Lędziechowo,54.64754,17.68473
Machnacz,53.3333631,23.3152298
Majdan,53.052466,23.5700757
Majdan Królewski,50.3791794,21.7450836
Majdan Królewski Podlasek,50.3628998,21.7366808
Majdan Stuleński,51.3552532,23.6065281
Majewo,53.4874008,23.3327817
Maksymilianowo,52.1527845,16.5536337
Maków,51.3464267,21.2436691
Maków Podhalański,49.7298971,19.6768803
Malbork,54.0287383,19.0393964
Malbork Kałdowo,54.0473638,19.0239691
Malczyce,51.2203518,16.493719
Marcinkowo,53.8599435,21.2717211
Marcinków,50.2840016,16.7884803
Marcinowice Świdnickie,50.8768688,16.586813
Marciszów,50.8516702,16.008639
Markuszowa,49.8587573,21.7065182
Marzenin,52.3866967,17.5432685
Masłońskie Natalin,50.6511154,19.2531938
Matysy,51.9399913,22.4938478
Maziły,50.4042567,23.3284032
Małaszewicze,52.0240425,23.5310557
Małdyty,53.9203373,19.741694
Małe Gacno,53.6069121,18.1054257
Małkinia,52.6946006,22.0348566
Małogoszcz,50.8123487,20.2648324
Małomice,51.5550002,15.4472908
Małowice Wołowskie,51.4044231,16.4714106
Mańkowice,50.4950746,17.4768342
Medyka,49.8057989,22.9375415
Medyka Rozrządowa,49.794127,22.9102598
Medyka Towarowa,49.7861869,22.8839403
Medzilaborce,,
Medzilaborce Mesto,,
Mezimesti,50.7980599,16.2260114
Mełno,53.4346595,18.9371199
Miasteczko Krajeńskie,53.0976927,17.0072985
Miasteczko Śląskie,50.4942701,18.964172
Miasteczko Śląskie Centrum,50.4869439,18.9192845
Miastko,54.0001478,16.9774717
Miały,52.8077244,16.1738802
Michalczew,51.8414173,21.1107986
Michalin,51.92273,20.5035496
Michałów-Reginów,52.4199446,20.9681588
Miechów,50.3566016,20.0276912
Miedwiecko,53.3646831,14.9246975
Mielec,50.2802474,21.4631343
Mielec Południowy,50.2580493,21.4837054
Mielno Koszalińskie,,
Mienia,52.1528103,21.70711
Mieroszów,50.6669858,16.1862044
Mierzęcice,50.4441,19.12405
Mierzęcin,53.82493,14.71049
Mieszaki,52.8417091,19.7606084
Mieszkowice,52.785412,14.4954296
Mieszków,51.5965899,14.8896583
Mietków,50.9748184,16.6504992
Mika,51.6732346,21.7511539
Mikołajki Pomorskie,53.8506181,19.1658001
Mikołów,50.1960028,18.8539322
Mikołów Jamna,50.194075,18.9226777
Mikulovice,,
Mikułowa,51.0807728,15.1087348
Mikłasze,52.7234369,23.3164816
Milanów,51.8879465,21.0441258
Milanówek,52.1237841,20.6693368
Milcz,53.046312,16.8737368
Milcza,49.6103643,21.906423
Milejów,51.3486468,19.7088613
Milicz,51.5319957,17.2752485
Milik,49.3596667,20.8544922
Milówka,49.5576572,19.0877284
Milówka Zabawa,49.5403396,19.1025845
Minkowice,54.7824974,18.1722215
Minkowice Oławskie,51.018188,17.465093
Mirków,51.1662782,17.1588597
Mirsk,50.9721836,15.3857926
Misie,51.9625936,22.6825797
Miąsowa,50.7172684,20.3730598
Międzyborów,52.063921,20.4804872
Międzybórz Sycowski,51.4010511,17.6529599
Międzylesie,50.1480131,16.6669348
Międzyrzec Podlaski,51.9853172,22.7842492
Międzyrzecz,52.4448261,15.578637
Międzyzdroje,53.9282745,14.448903
Miękinia,51.190964,16.7386851
Miłkowice,51.83382,18.6648096
Miłobądz,54.138117,18.7379074
Miłocin Lubelski,51.2717339,22.31402
Miłogoszcz,54.19852,15.89743
Miłosław,52.2023105,17.4892236
Mińsk Mazowiecki,52.1812046,21.5587372
Mińsk Mazowiecki Anielina,52.1677905,21.5855346
Mleczewo,53.91506,19.1154
Mockava,,
Modlin,52.6215771,17.6106831
Modła,54.5505164,16.8021853
Mogilno,52.657341,17.9500677
Mokra,50.4331741,17.7202261
Mokra Wieś,52.4670967,21.5063855
Mokre,52.7001411,23.1656507
Mokre Małopolskie,49.4474994,22.167542
Mokronos Górny,51.075675,16.9169856
Mokrz,52.7451172,16.2702439
Mokrzyca Wielka,53.8827775,14.5769665
Montowo,53.4233224,19.7764092
Mordy,52.2112989,22.5170678
Mordy Miasto,52.2032491,22.5209989
Morochów,49.4660588,22.1844618
Morze,52.5175912,22.7416034
Morzeszczyn,53.8403982,18.6904948
Morzyca,53.2113674,15.1491129
Morąg,53.9119982,19.9279895
Morąg Kolonia,53.9098754,19.9457669
Mosina,52.2455834,16.8472591
Moskale,50.6004952,22.1578632
Mostiska 2,51.0929759,23.8242267
Mostki,51.3486511,21.5328871
Mosty,53.5482699,14.9553995
Mostówka,52.51976,21.44206
Moszczenica,51.5046899,19.6766075
Moszczenica Małopolska,49.6965626,21.1236572
Moszczenica Pomorska,53.6423315,17.4887945
Motycz,51.2395618,22.3812812
Motycz Leśny,51.2456932,22.3459515
Mońki,53.4065738,22.7983772
Mościsko Dzierżoniowskie,50.772134,16.5802246
Mroczkowice,50.9553872,15.3696206
Mrozy,52.1655506,21.8001682
Mrozów,51.1878008,16.7894423
Mrzezino,54.6527026,18.4286201
Mszalnica,49.60961,20.82316
Munina,49.99649,22.72802
Murowana Goślina,52.5758465,17.0097914
Muszyna,49.3561684,20.8967477
Muszyna Zdrój,49.3573773,20.8950396
Mykanów,50.92332,19.19934
Myszków,50.5646661,19.3248616
Myszków Mrzygłód,50.5434754,19.3773144
Myszków Nowa Wieś,50.5948329,19.2915394
Myszków Światowit,50.5655826,19.3597259
Mysłaków,52.1015877,20.0136674
Mysłowice,50.2096211,19.132166
Mysłowice Brzezinka,50.1967517,19.1546478
Mysłowice Brzęczkowice,50.2129702,19.1472158
Mysłowice Kosztowy,50.1704933,19.1623077
Myśliczyn,50.5256192,17.3282587
Mąkoszyce,50.9410151,17.6373904
Męcikał,53.8197626,17.6664084
Męcka Wola,51.6139833,18.8162505
Mława,53.1116182,20.3831732
Mława Miasto,53.1089897,20.3639427
Młodów,50.1607865,23.154051
Młyńsko,54.3783886,18.0959982
Mścice,54.2185923,16.0970023
Nadolice Małe,51.0869562,17.2208876
Nadolice Wielkie,51.0846172,17.2375659
Najmowo,53.3103759,19.3267763
Nakło nad Notecią,53.1386896,17.5998891
Nakło Śląskie,50.4370002,18.9059878
Namysłów,51.0766258,17.7185619
Namyślin,52.6726604,14.5408208
Narzym,53.1857005,20.2564601
Nasielsk,52.5867531,20.8130115
Naterki,53.7400817,20.3776647
Nawra,53.44857,19.56412
Nałęczów,51.2876064,22.214792
Nekla,52.3656249,17.4144598
Nicwałd,53.4630617,18.8854193
Nida,50.5625455,20.4688367
Nidzica,53.3613838,20.4275719
Niedoradz,51.8707775,15.6686264
Niedrzwica,54.3324972,22.2669586
Niedrzwica Kościelna,51.0912343,22.3653684
Niedzieliska-Kolonia,50.6937023,23.0389243
Niedźwiada Łowicka,52.1402866,19.8842905
Niedźwiedź,53.83889,20.81536
Niedźwiedź Wielkopolski,51.485947,17.8837268
Nielep,53.83837,15.84555
Niemce,51.3602767,22.6284194
Niemojki,52.2658975,22.6974096
Nieporęt,52.4232736,21.0354595
Nieszawa Waganiec,52.8030127,18.8701947
Nietkowice,52.06721,15.36086
Nietków,52.0265368,15.3448986
Niewodnica,53.0827021,23.0457639
Nikielkowo,53.7983477,20.5765285
Nisko,50.5198985,22.139886
Nisko Osiedle,50.5208723,22.1227534
Nisko Podwolina,50.4954703,22.173458
Nisko Racławice,50.5047533,22.1577681
Niziny,50.6783142,20.5151935
Nosówko,54.09154,16.05344
Nowa Brzeźnica,51.0790727,19.1800856
Nowa Dęba,50.413485,21.7541268
Nowa Grobla,50.0820391,23.0085151
Nowa Iwiczna,52.0909183,21.0016185
Nowa Ruda,50.5734953,16.5113781
Nowa Ruda Przedmieście,50.588421,16.5160392
Nowa Ruda Zdrojowisko,50.6120549,16.5095759
Nowa Sarzyna,50.3197908,22.3434799
Nowa Sarzyna Kolonia,50.330909,22.3360519
Nowa Sucha,52.1537489,20.1809994
Nowa Sól,51.8033431,15.7062381
Nowa Wieś Cierpkie,54.0244943,19.6564458
Nowa Wieś Ełcka,53.7709904,22.331123
Nowa Wieś Kościelna,53.084756,21.4125829
Nowa Wieś Lęborska,54.5590669,17.7253699
Nowa Wieś Wielka,54.180841,20.5072054
Nowawieś Mochy,52.0146183,16.2160829
Nowe Drezdenko,52.8524365,15.8392307
Nowe Dębe Wielkie,52.1933721,21.4402024
Nowe Kutnowskie,52.2374027,19.2269302
Nowe Skalmierzyce,51.7109127,17.9943345
Nowiny,54.1864242,22.137397
Nowiny Wielkie,52.6716168,15.0057794
Nowogard,53.6687698,15.1225889
Nowogród Bobrzański,51.7986474,15.2365032
Nowogród Osiedle,51.7949582,15.2254827
Nowosielce,50.0585746,22.4024477
Nowy Bieruń,50.0730351,19.1853855
Nowy Dwór Mazowiecki,52.4341757,20.7061104
Nowy Dwór koło Ornety,54.146039,20.1424516
Nowy Jarosław,54.39794,16.53138
Nowy Las,50.3583838,17.4228009
Nowy Nurzec,52.4725867,23.1768754
Nowy Solec,50.5503369,20.9418346
Nowy Sącz,49.6249173,20.691346
Nowy Sącz Biegonice,49.5859481,20.6603857
Nowy Sącz Dąbrówka,49.5973061,20.678971
Nowy Sącz Gorzków,49.5993051,20.7225316
Nowy Sącz Jamnica,49.5874811,20.7432764
Nowy Targ,49.4892092,20.0263411
Nowy Tomyśl,52.3177643,16.1291553
Nowy Widzim,52.0833346,16.1494599
Nowy Zagórz,49.5211711,22.2591372
Nowy Łupków,49.2548607,22.0857873
Nowy Świętów,50.3707395,17.3599536
Nurzec,52.691738,22.9252755
Nysa,50.4738029,17.3324733
Nysa Wschodnia,50.4658497,17.3585986
Nędza,50.1603307,18.3107667
Nędza Wieś,50.1647126,18.3125958
Oborniki Wielkopolskie,52.6455252,16.8099756
Oborniki Wielkopolskie Miasto,52.6465603,16.8204642
Oborniki Śląskie,51.3010662,16.9145509
Oborzyska Stare,52.1104623,16.7012553
Obra Stara,51.8871284,17.4571989
Obrowo,54.05187,17.08846
Obłaczkowo,52.2966783,17.5455648
Ociąż,51.7035234,17.9333058
Odolanów,51.5742177,17.673514
Ognica,53.08091,14.3704999
Ograszka,52.91762,19.01536
Ogrodniki,52.773539,23.3000559
Okmiany,51.2615543,15.7860835
Okonek,53.5347646,16.8516192
Okrzeja,51.7415091,22.0880683
Okrąglica,50.4614295,20.7288439
Okuninka Białe,51.5124294,23.5395549
Olecko,54.0398024,22.4934246
Olesno Śląskie,50.8820722,18.4248341
Oleszyce,50.1682003,23.0314836
Oleśnica,51.2095314,17.3804559
Oleśnica Rataje,51.2165073,17.3646194
Olkusz,50.2788158,19.5596307
Olszanica,52.8600022,23.0855513
Olszanka,54.0984069,23.4018277
Olszewka,52.81851,22.8694002
Olsztyn Dajtki,53.7658388,20.438376
Olsztyn Gutkowo,53.8088286,20.4036807
Olsztyn Główny,53.785741,20.4976658
Olsztyn Jezioro Ukiel,53.7837045,20.4496721
Olsztyn Likusy,53.7895176,20.4449467
Olsztyn Redykajny,53.7965237,20.4353208
Olsztyn Zachodni,53.7787258,20.4691011
Olsztyn Śródmieście,53.7827386,20.4825727
Olsztynek,53.5834201,20.2816198
Olszyna Lubańska,51.06969,15.3806451
Olszyny,53.8173344,17.7880205
Olza,49.9513664,18.3455348
Opalenica,52.3088119,16.4124256
Opatówek,51.7394437,18.2137254
Opoczno,51.3782439,20.2931754
Opoczno Południe,51.3591831,20.2324376
Opole Borki,50.7425203,17.8821606
Opole Chmielowice,50.6446555,17.8668044
Opole Czarnowąsy,50.7164289,17.9031749
Opole Gosławice,50.6734251,17.9875353
Opole Groszowice,50.6365094,17.9547075
Opole Grotowice,50.6097222,17.9759959
Opole Główne,50.6616475,17.9272072
Opole Wschodnie,50.6744569,17.9343091
Opole Zachodnie,50.6608418,17.8984397
Orlanka,52.8179039,23.2578848
Orneta,54.1155533,20.1303378
Orzechowicze,52.8133413,23.1483354
Orzechowo,53.5620811,20.4468548
Orzesze,50.1438909,18.7755707
Orzesze Jaśkowice,50.1447994,18.740753
Orzeszkowo,52.683168,23.5400382
Orzeszków,51.9586369,19.0539305
Orłowice,50.9312032,15.354066
Osetnica,51.2582671,15.8699097
Osie,53.5983538,18.3475463
Osielec,49.6716358,19.7668341
Osina,53.02129,15.18372
Osola,51.3353945,16.8662611
Osowiec,52.9271718,22.2601325
Osowiec Przystanek,50.7528696,18.0434195
Osowiec Śląski,50.75319,18.02243
Ostaszewo Toruńskie,53.1103586,18.6272817
Ostromecko,53.1454846,18.2101367
Ostrowie Biebrzańskie,53.719517,23.2440023
Ostrowiec Świętokrzyski,50.9398768,21.38743
Ostrowite koło Jabłonowa,53.4331241,19.2672606
Ostrowy,53.7825055,17.7801926
Ostrołęka,53.0779641,21.5748428
Ostrzeszów,51.4257664,17.9331788
Ostróda,53.7028533,19.9623028
Ostrów Wielkopolski,51.6471864,17.8037607
Ostrów Wielkopolski Gorzyce,51.6474864,17.7314625
Ostrów koło Radymna,49.954353,22.7835876
Ostrówek Węgrowski,52.5596759,21.7506923
Ostrówki koło Chodzieży,52.9332242,16.9267526
Otmice,50.5579208,18.1502056
Otmuchów,50.465351,17.1730499
Otmuchów Jezioro,50.4815878,17.1089827
Otoczna,52.330401,17.6963803
Otomino,54.32834,18.37678
Otusz,52.3552224,16.5719822
Otwock,52.1161661,21.293459
Otwock Śródborów,52.1012224,21.294376
Otwock Świder,52.1210036,21.2516158
Otłoczyn,52.9073321,18.7283081
Owińska,52.5139261,16.9725174
Ozimek,50.6789196,18.2125227
Ozorków,51.9587654,19.2893064
Ozorków Nowe Miasto,51.9589092,19.2696778
Oława,50.9431901,17.2957066
Oświęcim,50.0382443,19.2214053
Ożarów Mazowiecki,52.2080548,20.7941606
Pabianice,51.6662312,19.3592547
Pabianice Północne,51.6698569,19.3418744
Pacholęta,53.16108,14.48466
Paczkowo,53.7159368,19.1060799
Paczków,50.4642876,17.0063856
Paczyna,50.4112564,18.5637802
Padew,50.4342004,21.5059447
Pakosławice,50.5454523,17.3618971
Pakość,52.8073319,18.0899612
Palędzie,52.3701023,16.7364634
Pamiątkowo,52.5541859,16.6824744
Panki,50.88296,18.7455
Panowice,52.3582535,15.7301965
Papowo Toruńskie,53.0784957,18.6590062
Parciaki,53.20069,21.12246
Parczew,51.639,22.9
Parczew Kolejowa,51.6344928,22.8809691
Parkowo,52.7037504,16.9164907
Parlin,52.4198458,20.3194209
Parzniew,52.1522223,20.7627777
Parłówko,53.8339422,14.7525788
Pasieki,50.4413044,23.3409802
Pasikurowice,51.2106209,17.1051971
Pasym,53.6521615,20.7917422
Pasłęk,54.0626346,19.6565365
Patków,51.4447573,21.5741222
Patrzyków,52.2321191,18.3526858
Pawonków,50.69491,18.5823
Pawłowice,51.8511124,20.6161082
Pawłowice Śląskie Centrum,49.9637844,18.7249041
Pawłów Wielkopolski,51.4218494,17.6547216
Pawłówek,51.7960227,18.0760075
Pałecznica,50.2904698,20.3009621
Pelplin,53.9283217,18.6978494
Perkowice,52.0028459,23.2859061
Perkowo,52.0043914,16.258864
Petrovice u Karvine,,
Petrykozy,52.7722634,19.8747751
Pewel Mała,49.6628216,19.2795105
Pewel Wielka,49.6606383,19.3500801
Pewel Wielka Centrum,49.6606244,19.3524706
Pełkinie,50.0642731,22.6170542
Piasecznica,52.2100168,20.344358
Piaseczno,52.0747377,21.0270885
Piasek,54.2732968,20.6224769
Piastoszyn,53.6283085,17.7357704
Piastów,52.185552,20.847642
Piechcin,52.82604,18.04092
Piechowice,50.8494747,15.5976047
Piechowice Dolne,50.8494444,15.6119444
Pieczyska,51.922235,21.0196681
Piekoszów,50.881422,20.4642464
Pieniężno,54.2385662,20.1258163
Pierwoszów Miłocin,51.2552194,17.0989112
Pierzchno,52.2060264,17.3463814
Pierzyska,52.5044355,17.4813978
Pierściec,49.8358816,18.8198942
Piesienice,53.9650206,18.3956491
Pietrzykowice Żywieckie,49.7099014,19.1720786
Pieńki Dubidzkie,51.1059465,19.1271133
Pieńsk,51.2457834,15.0449871
Pikus,53.6584876,19.7388532
Pilawa,51.9595452,21.5271524
Pilchów,50.6175147,22.0233945
Pinczyn,53.9602589,18.3490498
Pionki,51.4730031,21.4438404
Pionki Zachodnie,51.4719333,21.4412572
Piotrków Kujawski,52.55057,18.49872
Piotrków Trybunalski,51.4082625,19.696167
Pisz,53.6290631,21.8082539
Pisz Wschodni,53.6273868,21.8300627
Piwniczna,49.4406462,20.7142303
Piwniczna-Zdrój,49.4406462,20.7142303
Piła Fabryczna,53.1391349,16.7720269
Piła Główna,53.1430744,16.7448031
Piła Kalina,53.1013607,16.788059
Piła Podlasie,53.1628885,16.7770719
Piława Górna,50.6829153,16.751068
Platerów,52.3019807,22.8184308
Plavec,,
Pleszew,51.8960985,17.7865673
Pliszka,52.2233965,15.0497127
Pludry,50.6687596,18.4729341
Pobiedziska,52.4773387,17.2870352
Pobiedziska Letnisko,52.47407,17.24015
Podbiele,52.6927554,23.2036806
Podborsko,53.93323,16.14021
Podbory Skawińskie,49.9665908,19.7734951
Podbór,50.4090549,23.4222287
Podchojny,50.6606303,20.3295139
Poddębice,51.8926555,18.9518908
Podlasek,53.5579166,22.5350534
Podlesie,50.4935568,20.2450365
Podlesiec,52.938365,15.8741037
Podolany,52.456781,16.887939
Podstolice,51.69942,21.48624
Podwierzbie,52.8590207,19.5730274
Podzamcze,50.4539826,19.5479615
Podłęże,50.55728,20.56031
Pogorzel Warszawska,52.0946975,21.3405593
Pogorzel Wielka,53.7061285,22.1590996
Pogorzelice,54.4993179,17.6333438
Pogwizdów,49.8035035,18.5997983
Pokrzywnica,50.9291299,21.145934
Polana Jakuszycka,50.8146295,15.4295162
Polanica-Zdrój,50.4079276,16.5107431
Police,53.5486435,14.5657399
Polichna Kraśnicka,50.8310601,22.3064774
Policko,52.21015,17.86428
Policzna,51.4503026,21.625574
Polna,49.6748144,20.9955841
Pomiechówek,52.4719444,20.7336111
Poniec,51.7650386,16.8059899
Popielów,50.8242482,17.742194
Popowo Skwierzyńskie,52.5359919,15.522117
Poraj,51.2836591,19.5335203
Porażyn,52.30827,16.3539
Poronin,49.3396497,20.0055635
Poronin Misiagi,49.3328928,20.00087
Porosiuki,52.0162728,23.0579546
Port Lotniczy Szczecin Goleniów,53.5937411,14.8969507
Poręba,50.4890456,19.3262811
Potok,54.14062,17.17425
Potok Kraśnicki,50.7964642,22.1632977
Potęgowo,54.48193,17.49114
Powałki,53.7407376,17.6214583
Powodowo,54.0017927,19.4610748
Powroźnik,49.3706205,20.9516912
Poznań Antoninek,52.4096599,17.0281738
Poznań Dębiec,52.3681804,16.9010752
Poznań Dębina,52.3734621,16.9106138
Poznań Garbary,52.4164409,16.9368434
Poznań Górczyn,52.3802146,16.8814902
Poznań Główny,52.4016269,16.9115788
Poznań Junikowo,52.3778621,16.8254704
Poznań Karolin,52.4384113,16.9813554
Poznań Krzesiny,52.3416969,16.9755354
Poznań Podolany,52.447276,16.8809436
Poznań Starołęka,52.3662312,16.9342759
Poznań Strzeszyn,52.4601389,16.8661626
Poznań Wola,52.433565,16.8503707
Poznań Wschód,52.4182197,16.971483
Prabuty,53.755995,19.2044449
Prabuty Góry,52.8063818,21.5699234
Proboszczewice Płockie,52.6602626,19.7138376
Promno,52.4508392,17.2452585
Prostki,53.7005864,22.4324226
Prostynia,53.3035454,15.7725261
Prostyń,52.6550877,21.98276
Proszówka,50.9994444,15.4225
Pruchna,49.8662823,18.6835263
Prudnik,50.3217212,17.5801041
Pruszcz Gdański,54.2608539,18.6461908
Pruszcz Pomorski,53.3341179,18.1985444
Pruszków,52.171959,20.8029827
Przebędowo,54.32289,20.18309
Przeciszów,50.0047374,19.3744959
Przecza,50.7281178,17.6599614
Przedmoście Święte,51.1905017,16.6646451
Przemyśl Główny,49.78361,22.7801519
Przemyśl Wschodni,49.7846143,22.8045461
Przemyśl Zasanie,49.7934749,22.7737284
Przeradz,53.9166043,16.9744253
Przetycz,52.7690624,21.5511326
Przeworsk,50.0544952,22.501379
Przewóz,51.4760624,14.9489134
Przybyłowice,51.1228189,16.1532033
Przybówka,49.7924272,21.649021
Przygodzice,51.5923682,17.8249672
Przysieczyn,52.7506949,17.1812871
Przysieka Stara,52.0362729,16.6043686
Przysieki,49.7382616,21.3832551
Przysucha,51.3585043,20.6285468
Przyszowice,50.2493978,18.7420471
Przytkowice,49.9199121,19.6828618
Przytocko,54.12024,16.83397
Przywory Opolskie,50.5815585,17.9890882
Przyłubie,52.4569444,18.3377778
Przyłęk Duży,51.84325,19.90793
Pstroszyce,50.399151,20.008372
Pszczew,52.4792371,15.7783386
Pszczyna,49.9778089,18.9423721
Pszczyna Czarków,50.011399,18.9211654
Pszczółki,51.42247,19.10207
Pszenno,50.8568481,16.538415
Ptaszkowa,49.6013865,20.8865863
Ptaszkowo,52.2253682,16.4378272
Ptusza,53.3666,16.78634
Puck,54.7307654,18.4325781
Pustków,50.1427812,21.4906079
Pustków Żurawski,50.9589489,16.8642733
Pustynia,50.0738682,21.4504692
Puszczykowo,52.277612,16.8557214
Puszczykówko,52.2729936,16.8637843
Pułankowice,50.9589296,22.3086021
Puławy,51.4262598,21.9853014
Puławy Azoty,51.4750247,21.9490895
Puławy Chemia,51.4465088,21.9682653
Puławy Miasto,51.4277854,21.9842322
Pyrzowice Lotnisko,50.4681188,19.0767191
Pyskowice,50.3916268,18.6108815
Pyzówka,49.5152224,19.9376799
Półwieś,53.7144587,18.7437419
Pątnów Wieluński,51.160517,18.6336919
Pęckowo,52.661033,16.4834001
Pęgów,52.0272222,18.8705556
Pępowo,51.7577712,17.1220396
Pępowo Kartuskie,54.3664602,18.4011499
Pęzino,53.3400139,15.1913531
Pławna,50.8345007,17.0908085
Płochocin,52.2078126,20.7193054
Płociczno koło Suwałk,54.0379315,22.9489725
Płock,52.5353471,19.7136301
Płock Radziwie,52.5242451,19.6722573
Płock Trzepowo,52.5887174,19.7338325
Płoty,53.8043384,15.2680368
Płońsk,52.6264016,20.3642812
Płytnica,53.294156,16.7509338
Płyćwia,51.9210483,20.017206
Raba Wyżna,49.5647448,19.8805296
Racewo,53.4929815,23.4581505
Racibory,51.9492818,20.9103338
Raciborów Kutnowski,52.2803396,19.3416605
Racibórz,50.0905252,18.2151495
Racibórz Markowice,50.1132299,18.270162
Raciąż,52.7828553,20.1196727
Racławice Śląskie,50.3109023,17.7724454
Racławki,53.6693895,17.6714315
Radkowice,50.9811921,21.0377797
Radliczyce,51.7268683,18.3481981
Radlin Obszary,50.0412504,18.4946733
Radlin Wielkopolski,52.0335439,17.4994726
Radnica,52.08189,15.22452
Radom Gołębiów,51.4124069,21.1879335
Radom Główny,51.3909217,21.1553821
Radom Potkanów,51.3529669,21.1021077
Radom Południowy,51.3494792,21.1011097
Radom Północny,51.4195838,21.1864917
Radom Stara Wola,51.439313,21.1848514
Radomsko,51.0674769,19.4446109
Radomyśl,52.0334258,22.3605914
Radostowice,50.0125227,18.8781012
Raduń,53.1406548,15.5029093
Radymno,49.9540655,22.8267334
Radzice,51.4666057,20.3973839
Radziechowy Wieprz,49.6474919,19.1639883
Radzionków,50.4015072,18.903302
Radzionków Rojca,50.3958988,18.8998661
Radziszewo,53.7293111,15.0586327
Radziszów,49.9383536,19.8095394
Radziszów Centrum,49.9369203,19.8068826
Radziwiłłów Mazowiecki,52.0002885,20.2903485
Radzymin,52.4176347,21.1807836
Radzyń Podlaski,51.7827253,22.6208818
Radów,52.4376859,14.7471448
Rajcza,49.503221,19.1013077
Rajcza Centrum,49.5069112,19.100589
Rajec Poduchowny,51.4256997,21.2431597
Rajsk,52.845608,23.1529325
Rakoniewice,52.1393485,16.2738532
Rakowice,53.70859,19.00506
Ramiszów,51.1905927,17.1025729
Raszowa,51.3199829,16.2300963
Raszujka,53.2446922,20.9958575
Raszówka,51.304828,16.182247
Rava Ruskaia,,
Rawicz,51.6101629,16.8583657
Reblino,54.43386,16.90384
Recz Pomorski,53.2712934,15.5651393
Recław,53.8403,14.62757
Reda,54.6210145,18.3217089
Reda Pieleszewo,54.6026799,18.3176103
Reda Rekowo,54.6319745,18.3636073
Redaki,53.6691231,19.4005254
Rejowiec,51.0945453,23.2832851
Repczyce,52.5441492,23.3616312
Reptowo,53.3654248,14.8619266
Rogalice,50.9619161,17.6089083
Rogiedle,54.02775,20.28227
Rogowiec,51.2762795,19.3053478
Rogoźnica,51.0104092,16.2912096
Rogoźnica koło Rzeszowa,50.1168561,21.9688852
Rogoźno Wielkopolskie,52.7552395,16.9721483
Rogożew,52.4618343,19.5413201
Rogów,51.2039548,20.4387771
Rogów Sobócki,50.92702,16.7587343
Rogóźno Pomorskie,53.5435231,18.9109889
Rogóżno koło Łańcuta,50.0835725,22.362513
Rokiciny,54.3343328,17.7206582
Rokiciny Podhalańskie,49.5744902,19.9164212
Rokietnica,52.5103217,16.7421238
Rokita,53.7643942,14.8418366
Rokitki,54.35623,17.67739
Rokitki Tczewskie,54.0808707,18.7369062
Rokitnia Stara,51.6120199,21.7982828
Ropczyce,50.0528608,21.6116324
Ropczyce Witkowice,50.0772522,21.6282313
Rosochatka,53.7100808,18.1284789
Rostarzewo,52.1328085,16.200394
Roszkowo Wągrowieckie,52.7088329,17.1761266
Roszków Raciborski,49.965086,18.2941234
Rozedranka,53.3590659,23.365468
Rozprza,51.3017158,19.6447455
Roztoki Bystrzyckie,50.1876966,16.6657711
Rożki,50.9093171,22.8031846
Rożnowo,52.6741044,16.8764979
Ruchocice,52.1813073,16.3347533
Ruciane-Nida,53.65042,21.55982
Ruciane-Nida Zachód,53.642267,21.5227665
Ruda,50.2698658,18.8642588
Ruda Białaczowska,51.2638215,20.3929217
Ruda Chebzie,50.3038107,18.8780245
Ruda Talubska,51.852721,21.592292
Ruda Wielka,51.2880872,21.0483591
Ruda Śląska,50.2698658,18.8642588
Ruda-Huta,51.2357998,23.5929545
Ruda-Opalin,51.2480655,23.599505
Rudawa,50.0996669,19.8090532
Rudna Gwizdanów,51.5290973,16.2809748
Rudna Miasto,51.5057432,16.2696123
Rudna Wielka,51.6366627,16.6840018
Rudnik,50.4447766,22.2440326
Rudnik Stróża,50.4582116,22.2167884
Rudnik nad Sanem,50.4447766,22.2440326
Rudniki koło Częstochowy,50.8782089,19.2322503
Rudyszwałd,49.9395545,18.2935474
Rudzienice Suskie,53.6386051,19.6696133
Rudziniec Gliwicki,50.3666307,18.4042187
Rumia,54.5701281,18.392726
Rumia Janowo,54.5595683,18.4045381
Runowo Pomorskie,53.5500037,15.5333297
Rurka,53.4908374,14.7936898
Rusiec Łódzki,51.3169554,18.9694348
Rusinowice,50.64594,18.76739
Ruszów,51.4021391,15.1785216
Rutkowice,52.36676,19.16355
Rutwica,53.2267153,16.2777083
Rybienko,54.6769444,18.0747222
Rybnica,50.6023503,21.4183395
Rybnik,50.1105691,18.5531874
Rybnik Niedobczyce,50.0664565,18.4946596
Rybnik Niewiadom,50.0693676,18.469322
Rybnik Paruszowiec,50.1027883,18.5656133
Rybnik Piaski,50.0965044,18.5861389
Rybnik Rymer,50.0561569,18.4971472
Rybnik Towarowy,50.0666512,18.5155202
Rybno Pomorskie,53.3809801,19.9131672
Rycerka,49.4811291,19.0854979
Rychnowo Wielkie,53.1422824,18.8138237
Ryczów,50.4233556,19.5902156
Rydułtowy,50.058436,18.4171831
Rydzyna,51.7863742,16.6673223
Ryjewo,53.8434971,18.9627498
Ryki,51.6266968,21.935696
Rykoszyn,50.8603914,20.4075141
Rynarcice,51.474985,16.2128957
Rynkowo Wiadukt,53.152055,18.0053934
Rypin,53.0672809,19.4060273
Rytel,53.753169,17.7761714
Rytel Wieś,53.7605284,17.7731967
Rytro,49.490202,20.6701855
Rzeczyca,51.7394192,18.8441875
Rzeczyca-Kolonia,50.8393656,22.265485
Rzeczyce Śląskie,50.356604,18.5677061
Rzemień,50.2146797,21.5123407
Rzepedź,49.384966,22.1118034
Rzepin,52.34432,14.8382902
Rzepin Miasto,52.3466334,14.8246491
Rzerzęczyce,50.9003342,19.3330305
Rzeszotary,51.2499538,16.1624267
Rzeszów Baranówka,50.0644668,21.9889946
Rzeszów Centrum,50.0431231,21.9981154
Rzeszów Dworzysko,50.0779017,21.9683913
Rzeszów Główny,50.0432134,22.0058076
Rzeszów Miłocin,50.0756228,21.9872147
Rzeszów Osiedle,50.0225878,21.9777599
Rzeszów Pobitno,50.0524311,22.0306142
Rzeszów Politechnika,50.0271625,21.9836467
Rzeszów Staromieście,50.0628192,21.9923423
Rzeszów Staroniwa,50.038491,21.9897333
Rzeszów Zachodni,50.0534458,21.9942049
Rzeszów Załęże,50.0585326,22.0693278
Rzeszów Zwięczyca,50.0059268,21.957168
Rzezawa,49.9900045,20.513614
Rzochów,50.240007,21.4954083
Rzozów,49.95292,19.79542
Rzozów Centrum,49.9583206,19.8033369
Rząsawa,51.30169,19.34491
Rzęśnica,53.5298103,15.9434739
Różanystok,53.6355117,23.4052495
Różyny,54.2009435,18.662265
Rąbino,53.8688563,15.9506588
Rębiechowo,54.3857168,18.4257143
Rębiszów,50.9507736,15.4533269
Rębusz,53.05584,15.59539
Sabinka,52.1731502,22.1726362
Sadlinki,53.6644793,18.8728156
Sadowice Wrocławskie,51.0560102,16.8246851
Sadowne Węgrowskie,52.6050736,21.8580585
Sadurki,51.8019444,20.6925
Samborowo,53.66495,19.81912
Samostrzel,54.05844,16.72383
Sandomierz,50.6793066,21.7495055
Sanok,49.5589528,22.21176
Sanok Dąbrówka,49.5690608,22.1594931
Sanok Miasto,49.5559375,22.1985854
Santok,52.7388292,15.4106106
Sarbiewo,52.7010714,20.3556045
Sarnaki,52.314485,22.8898812
Sarnów,51.3624227,19.0138391
Serock,52.5135193,21.0731162
Seroki,52.2037729,20.4484098
Sidra,53.5527739,23.4505263
Siechnice,51.0323875,17.1507275
Siedlce,52.1615938,22.2812533
Siedlce Wschodnie,52.1443147,22.2978632
Siedlce Zachodnie,52.1735179,22.2355139
Siedlce Łaskie,51.4569519,19.0154415
Siedlec Trzebnicki,51.2336489,17.1188187
Siedliska Tomaszowskie,50.2615995,23.5543712
Siedliska koło Tuchowa,49.8605481,21.0193363
Siedlisko Czarnkowskie,52.983637,16.3985759
Siemiatycze,52.4278979,22.8627258
Sieniawa,50.1780728,22.6102155
Sieniawa Żarska,51.64029,15.06346
Siepietnica,49.7544516,21.2957143
Sieradz,51.5942475,18.7378774
Sieradz Męka,51.6151724,18.7765671
Sieradz Warta,51.6030132,18.7303652
Sierakowice Skierniewickie,51.9986723,20.061646
Sieraków Śląski,50.8005493,18.5752877
Sierakówek,52.3735,19.43074
Sierpc,52.8529055,19.6675433
Sierpów,52.01823,19.23836
Siewierz,50.4710097,19.2318901
Silno,53.6470111,17.7076397
Silnowo,53.6283545,16.493836
Sitkówka Nowiny,50.820132,20.5446441
Sitno,53.65826,16.66858
Sitowa,51.3383816,20.3323005
Siódmak,53.52553,20.96856
Sińczyca,54.40593,16.49263
Skalite,49.711139,19.044819
Skalite Kudlov,,
Skalite Serafinov,,
Skalite pod Polanou,,
Skalmierz,51.69788,18.42511
Skandawa,54.2726207,21.2548409
Skarżysko Kościelne,51.1379441,20.9136379
Skarżysko Milica,51.1080901,20.8505854
Skarżysko Zachodnie,51.1004358,20.8595709
Skarżysko-Kamienna,51.1229657,20.8770091
Skawa,49.7252404,19.6731965
Skawa Środkowa,49.6125553,19.9004584
Skawina,49.9747508,19.8265702
Skawina Jagielnia,49.9812175,19.8414336
Skawina Zachodnia,49.97314,19.7925421
Skibno,54.2456,16.29088
Skierniewice,51.9580068,20.1448085
Skierniewice Rawka,51.9775852,20.2213044
Sklęczki,52.2253793,19.4054378
Skoczów,49.7999039,18.7877583
Skoczów Bajerki,49.7987323,18.8011749
Skoczów Bładnice,49.7721313,18.7791496
Skoki,52.6725926,17.1531343
Skoki - Borowa,51.5401372,21.8484147
Skokowa,51.3885092,16.8495552
Skoroszyce,50.5969194,17.3810561
Skorzewo,54.16702,17.96827
Skowarcz,54.18424,18.679
Skołyszyn,49.7521108,21.3352696
Skrzynki,52.5856824,20.3501853
Skrzynno,51.3630938,20.7193781
Skwierzyna,52.5967483,15.5010958
Skórka,51.9216873,19.1524063
Skępe,52.8671562,19.3465204
Smardy,50.9922429,18.1443157
Smardzew,51.8740877,19.4705256
Smardzów Wrocławski,51.0306885,17.0661283
Smogorzów Przysuski,51.3949128,20.6051649
Smolec,51.0744801,16.8843573
Smolniki,54.3474573,17.7540729
Smroków,50.2824559,20.0324396
Smętowo,53.747959,18.6858934
Sobibór,51.4727122,23.6435584
Sobków,50.6987193,20.4543922
Sobolew,51.741893,21.6682644
Sobótka,50.8992535,16.7444655
Sobótka Zachodnia,50.9078368,16.7007723
Sobów,50.8841541,21.6907982
Sochaczew,52.2367219,20.2571236
Sokole Białostockie,53.0862218,23.5112116
Sokoliniec,53.2920871,15.4987314
Sokołowo Budzyńskie,52.8448,16.94205
Sokoły,52.9928125,22.7009341
Sokule,52.0640766,20.3726627
Sokółka,53.4049183,23.4995562
Solec Kujawski,53.0791965,18.2246086
Solec Wielkopolski,52.1097422,17.3195972
Solniki Wielkie,51.162494,17.475761
Somonino,54.2792217,18.2006456
Sopot,54.4447922,18.5684902
Sopot Kamienny Potok,54.4576401,18.5535799
Sopot Wyścigi,54.4312893,18.5652352
Sosnowe,52.1601018,21.933959
Sosnowiec Dańdówka,50.2655094,19.1727723
Sosnowiec Główny,50.27895,19.1263859
Sosnowiec Jęzor Południowy,50.2286545,19.1654178
Sosnowiec Kazimierz,50.2886411,19.2315955
Sosnowiec Porąbka,50.2721032,19.2162482
Sosnowiec Południowy,50.2697299,19.1253609
Sowczyce,50.84357,18.49458
Sowin,50.9145588,19.6230041
Sołtyków,51.1371696,20.6906592
Sośnica Jarosławska,49.9015592,22.8515087
Sośnie Ostrowskie,51.4715395,17.6394539
Spała,51.5401769,20.1362048
Spychowo,53.6022737,21.3461575
Spytkowice,49.994979,19.5087999
Spytkowice Kępki,49.9990933,19.5222949
Spławie,51.9916468,16.6346312
Stalowa Wola,50.5665754,22.0437212
Stalowa Wola Centrum,50.570227,22.0550645
Stalowa Wola Charzewice,50.6031517,22.0251942
Stalowa Wola Południe,50.5449264,22.0788926
Stalowa Wola Rozwadów,50.5913352,22.0419635
Staniszcze Małe,50.6645979,18.3158012
Stanisławice,52.1787996,19.5738168
Staniątki,50.0106406,20.1941445
Stanowice,50.9654384,17.2610623
Stara Kamienica,50.9168596,15.5721391
Stara Piła,54.3254393,18.4121623
Stara Wieś,49.7214975,22.0095894
Stara Łubianka,53.23125,16.68135
Starachowice,51.0518865,21.0761377
Starachowice Michałów,51.0150128,21.1084547
Starachowice Wschodnie,51.0419091,21.0787913
Starczów,50.5552088,16.9295136
Stare Berezowo,52.7388083,23.4584459
Stare Bielice,52.84862,15.92217
Stare Bojanowo,51.998611,16.5840874
Stare Drzewce,51.77082,16.215
Stare Grudze,52.0406252,19.9062346
Stare Guty,53.6117827,21.9191397
Stare Jabłonki,53.69379,20.10404
Stare Kurowo,52.8572,15.67243
Stare Olesno,50.91162,18.35161
Stare Pole,54.0546851,19.2035336
Stargard,53.3379935,15.0350493
Starkowo,54.5103,16.80818
Starogard Gdański,53.9654471,18.5266573
Staropole Częstochowskie,50.7647169,19.5288669
Stary Borek,54.1324442,15.4820644
Stary Grodków,50.6558659,17.3881383
Stary Jawor,50.9441811,21.0859141
Stary Klukom,53.13172,15.44313
Stary Sącz,49.5640376,20.6366038
Stary Wielisław,50.4004843,16.5649706
Stary Węgliniec,51.3040734,15.1948433
Stasin Polny,51.2132592,22.4736992
Staw Kunowski,51.0038997,21.2466619
Stawiany Pińczowskie,50.581147,20.5907834
Stawiguda,53.6584991,20.4011694
Stawno,53.4988268,14.9001279
Stefanowo,52.455,18.4402778
Steknica,54.7134023,17.5777953
Sterkowiec,49.9954449,20.6792845
Stobno,51.2818865,16.6148455
Stobno Szczecińskie,53.4085523,14.4374883
Stogi Malborskie,54.0639673,18.9689952
Stok Lacki,52.1567664,22.3563348
Strabla,52.9036671,23.0944284
Stramnica,54.1540478,15.6381004
Strażów,50.0679954,22.1328471
Stronie,49.6122373,20.5284708
Stronno,53.291317,18.0668794
Strumień,49.9171995,18.7634908
Strykowo Poznańskie,52.2434499,16.6136604
Stryków,51.9009447,19.6036969
Stryszawa,49.713531,19.5206116
Stryszów,49.825128,19.6261498
Strzałkowo,52.3110408,17.814898
Strzebielino Morskie,54.5628928,18.028786
Strzebiń,50.6161448,18.9043539
Strzegom,50.9601066,16.3462134
Strzelce Krajeńskie Wschód,52.8364969,15.5837747
Strzelce Kujawskie,52.3227963,19.3685466
Strzelce Opolskie,50.5109033,18.3004547
Strzelce Świdnickie,50.9109926,16.660991
Strzelin,50.78092,17.0683947
Strzelinko,54.5186162,16.959935
Strzyżyna,51.6862924,21.2027373
Strzyżyno Słupskie,54.4909319,17.3737792
Strzyżów Zachodni,49.868666,21.7713502
Strzyżów nad Wisłokiem,49.8692563,21.8015116
Stróże,49.6541485,20.9758165
Strączno,53.2432975,16.3863291
Studzianka,51.9299687,23.2129988
Studzianki Nowe,52.5378843,20.7514965
Stulno,51.3730356,23.625154
Stupsk Mazowiecki,53.0211433,20.4340105
Styków Iłżecki,51.0108605,21.1513734
Stąporków,51.1380145,20.5573073
Stęszew,52.2793539,16.6999331
Subkowy,54.0025394,18.7689934
Subkowy Centrum,54.0024999,18.7607226
Sucha Beskidzka,49.7328974,19.5824593
Sucha Beskidzka Zamek,49.7433785,19.6033454
Sucha Żyrardowska,52.0228796,20.3593707
Suchatówka,52.9119052,18.4794386
Suchedniów,51.0472338,20.8386652
Suchedniów Północny,51.0652814,20.8491495
Suchowolce,52.6125655,23.325433
Suchy Bór Opolski,50.6572588,18.0365199
Sulechów,52.0854782,15.6259091
Sulejówek,52.2433944,21.2777123
Sulejówek Miłosna,52.2406542,21.2986542
Sulino,53.2090165,15.3938171
Suliszewo Drawskie,53.5171504,15.8929557
Sulów,50.9047576,22.3631684
Sulęcinek,52.1370616,17.3087457
Sumina,52.4247222,18.6413889
Sumina Wieś,50.1219108,18.4105111
Surochów,50.0193706,22.754672
Susiec,50.4166811,23.2041271
Susk,52.8039152,19.6828653
Susz,53.7166619,19.3385289
Suszec,50.0380334,18.7883358
Suszec Kopalnia,50.0395808,18.7738447
Suszec Rudziczka,50.0456111,18.7540148
Suszka,53.82863,17.14455
Suwałki,54.1027125,22.9318782
Sułkowice,49.8408265,19.8012137
Swarożyn,54.0381227,18.6627568
Swarzewo,54.7599156,18.4000829
Swarzędz,52.4103728,17.0771038
Swobodna,53.9346223,20.3885
Swędów,51.9038358,19.5495208
Sycewice,54.4228128,16.8628611
Sycze,52.4300857,23.0054796
Szachy,51.9882963,22.9146405
Szadek,51.69175,18.97703
Szadkowice,51.6664717,18.9766374
Szaflary,49.4229109,20.0260584
Szaflary Centrum,49.4233997,20.0190341
Szalowa,49.6820756,21.022621
Szamotuły,52.6120328,16.5831241
Szaniawy,51.9469265,22.5448868
Szarów,51.94962,18.8716938
Szastarka,50.8563735,22.3264392
Szczaniec,52.2692546,15.6855248
Szczawne Kulaszne,49.4072176,22.1429552
Szczawno - Ciemnice,52.0394679,15.2338262
Szczebrzeszyn,50.6946972,22.9786754
Szczecin Dunikowo,53.3858925,14.7383306
Szczecin Dąbie,53.3913468,14.6704623
Szczecin Gumieńce,53.3980028,14.4976184
Szczecin Główny,53.4192387,14.5519713
Szczecin Niebuszewo,53.4485317,14.5543688
Szczecin Podjuchy,53.3599161,14.5857672
Szczecin Port Centralny,53.4133077,14.5658023
Szczecin Trzebusz,53.411715,14.7129744
Szczecin Wzgórze Hetmańskie,53.4067857,14.5211192
Szczecin Załom,53.4294751,14.7440097
Szczecin Zdroje,53.3788244,14.636904
Szczecin Zdunowo,53.3832809,14.7628306
Szczecin Łasztownia,53.4182168,14.5597513
Szczecin Żydowce,53.3524764,14.5739079
Szczecinek,53.708021,16.6943922
Szczecinek Bugno,53.7231847,16.6843617
Szczecinek Chyże,53.7181804,16.6971931
Szczedrzykowice,51.2282018,16.3466952
Szczejkowice,50.0993799,18.6806787
Szczepanowice,51.23343,19.63484
Szczepanów,50.73993,20.35814
Szczepki,53.9601025,22.9551819
Szczytna,50.4169281,16.4408185
Szczytno,53.563733,20.9968636
Szebnie,49.7589559,21.5970934
Szepietowo,52.8712982,22.5474331
Szeroki Bór,53.61922,21.64204
Szewce,52.6986131,19.8478455
Szewnica,52.4853602,21.562639
Szklarska Poręba Dolna,50.8410932,15.5552282
Szklarska Poręba Górna,50.8254503,15.5166363
Szklarska Poręba Huta,50.826004,15.5047489
Szklarska Poręba Średnia,50.8436587,15.5333074
Szlachta,53.7688414,18.1141383
Szpęgawsk,54.0031337,18.6059067
Szreniawa,51.0722376,20.0616585
Sztum,53.9198663,19.0305384
Sztumska Wieś,53.8945007,19.0104133
Szulborze Wielkie,52.7602407,22.2282937
Szybowice,50.3526521,17.4866564
Szydłowiec,51.2238922,20.8575141
Szydłowo Krajeńskie,53.1667541,16.6069128
Szydłów,50.5907684,21.0045698
Szydłów Centrum,50.6052567,17.7183013
Szymankowo,54.07363,18.92254
Szymany,53.48385,20.9626
Szymany Lotnisko,53.489121,20.9475371
Szymbory,54.0899942,19.9181855
Szymiszów,50.5177,18.2484683
Szymocice,50.1624654,18.3734558
Sól,50.5128103,22.6536942
Sól Kiczora,49.5103714,19.0475463
Sątopy,54.0612945,21.0128715
Sątopy-Samulewo,54.0729258,21.0240856
Sędzice,51.6427225,18.5976889
Sędziszów,50.564781,20.0538047
Sędziszów Małopolski,50.0715996,21.7007524
Sędziszów Małopolski Wschodni,50.0699864,21.7285588
Sędzisław,50.8204862,16.0640931
Sława Wielkopolska,52.6375687,17.1457634
Sławięcice,50.3726874,18.3238027
Sławki,54.2543556,18.1808171
Sławków,50.2984547,19.3898475
Sławno,54.361142,16.6754076
Słomianka,53.5634738,23.3978858
Słomniki,50.2403739,20.0811369
Słomniki Miasto,50.235873,20.0763665
Słone,52.6315444,18.9384213
Słonice,53.09083,15.51753
Słonowice,54.3888139,16.904951
Słosinko,53.9424043,16.9845619
Słotwiny,51.7235607,19.8398892
Słowienkowo,54.20609,15.94917
Słubice,52.3557481,14.5662367
Słupca,52.2907013,17.8716447
Słupia,54.2870772,17.3242956
Słupsk,54.4635771,17.020948
Słupsk Północny,54.4835018,17.0144003
Taciszów,50.3724629,18.5284318
Taczanów,51.8409612,17.7561366
Tantow,53.3257348,14.4145916
Tarchały Wielkie,51.591556,17.7050627
Targowiska,52.5906609,22.8432809
Tarnawa Dolna,49.47358,22.25471
Tarnobrzeg,50.5837775,21.7117863
Tarnowiec,53.4935,14.91598
Tarnowiec Brzeski,50.9138886,17.6522238
Tarnowo Pomorskie,53.3063513,15.366059
Tarnowo Rogozińskie,52.8039252,16.9752883
Tarnowska Wola,51.6522814,20.0137659
Tarnowskie Góry,50.4445194,18.8554757
Tarnów,50.0123784,20.9880739
Tarnów Mościce,50.0064054,20.9239433
Tarnów Opolski,50.5803405,18.0827155
Tarzymiechy,50.8545719,23.1220821
Tarło,51.5092031,22.6971274
Tczew,54.0869532,18.8000293
Teresin Niepokalanów,52.2022073,20.4163976
Terespol,52.0756167,23.6133645
Terespol Pomorski,53.4092853,18.3537954
Tereszpol Biłgorajski,50.5744144,22.8853001
Tleń,53.6146709,18.2686746
Tomaszów Bolesławiecki,51.2603326,15.6823142
Tomaszów Mazowiecki,51.5194865,20.0337541
Tomaszów Mazowiecki Białobrzegi,51.5245349,20.066018
Tomaszówek,50.4367094,20.751619
Topola-Osiedle,51.6152724,17.7624835
Toporów,50.7217879,21.3288769
Topór,51.1814047,17.2567593
Toruń Czerniewice,52.9746537,18.6741753
Toruń Główny,53.0001062,18.6146297
Toruń Kluczyki,52.9900153,18.5783676
Toruń Miasto,53.0123138,18.6197194
Toruń Wschodni,53.0264709,18.6334589
Torzym,52.3138586,15.0828279
Toszek,50.4551063,18.5180604
Trakiszki,54.2468327,23.1980391
Trawniki,51.1351853,22.9971028
Troszyn,53.8403247,14.7169556
Trypucie,53.0689884,23.025748
Tryńcza,50.1590707,22.5524678
Trzciana,49.5026463,21.6985591
Trzcianka,53.041755,16.4614788
Trzciniec,53.5052312,16.3074145
Trzcińsko,50.8725446,15.8795364
Trzebaw Rosnówko,52.2965117,16.7671675
Trzebiatów,54.062627,15.2656577
Trzebinia,50.1597686,19.4709097
Trzebiszewo,52.63142,15.3979
Trzebnica,51.3096424,17.062596
Trzemeszno,52.5600669,17.8208936
Trąbki,54.278462,19.8439054
Tuchola,53.5880901,17.8590414
Tuchola Rudzki Most,53.5765793,17.8912805
Tuchorza,52.1851132,16.0478085
Tuchów,49.895219,21.0538362
Tuczki,53.3542663,19.9539567
Tuczno Krajeńskie,53.2189875,16.1754038
Tumlin,50.9674642,20.6021604
Tunel,50.4335931,19.9912442
Tuplice,51.674646,14.8312165
Tuplice Dębinka,51.6661036,14.9103665
Turbia,50.6198035,21.9862818
Turowo Pomorskie,53.6471775,16.7228804
Turza Wielka,52.7022291,19.4548537
Turzno,53.1056869,18.7358654
Turzno Kujawskie,52.8333971,18.7812253
Turzynów,52.2241667,19.0261111
Turów,50.9943989,17.067847
Tuszyma,50.1968443,21.5131551
Tuszów Narodowy,50.3706214,21.464134
Tułowice,50.5954195,17.6533063
Tuły,50.864506,18.1445913
Twarda Góra,53.67963,18.68534
Twardawa,50.3429435,17.9903082
Twardogóra,51.364557,17.469599
Tworków,50.0067186,18.2356817
Tworóg,50.5319435,18.7187362
Tychowo,53.92866,16.25668
Tychy,50.1264981,19.0067846
Tychy Aleja Bielska,50.1173233,18.982341
Tychy Grota Roweckiego,50.1141544,18.9860432
Tychy Lodowisko,50.1077384,19.0008785
Tychy Zachodnie,50.1211508,18.9787851
Tychy Żwaków,50.1100675,18.9531674
Tymień,54.2046983,15.8516594
Tłoki,52.1111944,16.1775058
Tłuszcz,52.4301697,21.4355074
Ubocze,53.89807,16.4031
Uherce,49.4653618,22.3999
Uherce Tunel,49.4638705,22.3803553
Uhowo,53.0033155,22.9082955
Uhrusk,51.2961173,23.6285632
Uhrusk Przystanek,51.2956096,23.6189241
Ulikowo,53.3492682,15.1371482
Unieszewo,53.7157566,20.3077387
Unisław Pomorski,53.2061787,18.3826938
Unisław Śląski,50.7131503,16.2477789
Urle,52.51649,21.6237892
Ustanówek,51.996781,21.0600715
Ustianowa,49.4362505,22.5054001
Ustka,54.5811254,16.8612962
Ustka Uroczysko,54.5798234,16.8455938
Ustronie Morskie,54.2131404,15.7545528
Ustroń,49.7181505,18.8028338
Ustroń Brzegi,49.7100734,18.8197188
Ustroń Polana,49.6964127,18.8302005
Ustroń Zdrój,49.7205013,18.8167182
Ustrzesz,51.7910454,22.6935109
Ustrzyki Dolne,49.4301874,22.5877003
Visnova,,
Wadowice,49.8834484,19.4925345
Wadowice Osiedle Podhalanin,49.8878243,19.4822161
Walawa,49.8642798,22.883364
Waliły,53.1390699,23.5940444
Wandzin,51.0194301,22.5518264
Wapienno,52.83531,17.95992
Waplewo,53.49891,20.32217
Wargowo,54.42588,17.52959
Warka,51.7850969,21.1833835
Warka Miasto,51.7810999,21.1773831
Warkocz,50.820065,17.0442919
Warlubie,53.5876369,18.6274848
Warnowo,53.9310847,14.5459512
Warszawa Aleje Jerozolimskie,52.2060562,20.9408396
Warszawa Anin,52.212993,21.1599414
Warszawa Centralna,52.2288207,21.00316
Warszawa Choszczówka,52.3577087,20.9723779
Warszawa Dawidy,52.1285606,20.9911229
Warszawa Falenica,52.1620483,21.2106772
Warszawa Gdańska,52.2590955,20.9923588
Warszawa Gocławek,52.2386653,21.1326399
Warszawa Gołąbki,52.2084041,20.8640568
Warszawa Grochów,52.2536969,21.101828
Warszawa Główna,52.2250393,20.9850425
Warszawa Jeziorki,52.1103103,20.9931266
Warszawa Koło,52.2462235,20.9590147
Warszawa Lotnisko Chopina,52.1696266,20.9753321
Warszawa Miedzeszyn,52.1726622,21.2002174
Warszawa Międzylesie,52.2039216,21.168978
Warszawa Mokry Ług,52.2772783,21.1704615
Warszawa Młynów,52.2391381,20.9584665
Warszawa Ochota,52.2138798,21.0032532
Warszawa Okęcie,52.1657359,20.9873566
Warszawa Olszynka Grochowska,52.2498804,21.1064928
Warszawa Powiśle,52.2337064,21.0281295
Warszawa Powązki,52.2560783,20.9723781
Warszawa Praga,52.2946909,21.0104255
Warszawa Płudy,52.3340318,20.9859058
Warszawa Radość,52.1857228,21.1871497
Warszawa Rakowiec,52.1967848,20.9661819
Warszawa Rembertów,52.2571084,21.158478
Warszawa Stadion,52.2447987,21.0439637
Warszawa Służewiec,52.1807488,20.9870352
Warszawa Targówek,52.2642698,21.0517527
Warszawa Toruńska,52.2941826,21.0130377
Warszawa Ursus,52.1964007,20.8852512
Warszawa Ursus Niedźwiadek,52.1914638,20.8700172
Warszawa Ursus Północny,52.2057501,20.889622
Warszawa Wawer,52.2233538,21.1496097
Warszawa Wesoła,52.2540876,21.2240854
Warszawa Wileńska,52.2558006,21.0385505
Warszawa Wola,52.2297953,20.957835
Warszawa Wola Grzybowska,52.2528227,21.2508564
Warszawa Wschodnia,52.2515889,21.0523678
Warszawa Włochy,52.206084,20.9145689
Warszawa ZOO,52.2635233,21.0178245
Warszawa Zachodnia,52.2201572,20.9651719
Warszawa Zachodnia peron 9,52.2219653,20.9615056
Warszawa Zacisze Wilno,52.2779433,21.0802097
Warszawa Śródmieście,52.2294024,21.007588
Warszawa Żerań,52.3142173,20.9988691
Warszawa Żwirki i Wigury,52.193416,20.9803082
Warszowice,49.99281,18.71899
Warząchewka,52.5847362,19.0807506
Wasilków,53.198684,23.2056777
Wałbrzych Centrum,50.7733734,16.2698578
Wałbrzych Fabryczny,50.7613941,16.2670481
Wałbrzych Główny,50.7433935,16.2806898
Wałbrzych Miasto,50.7862286,16.2852337
Wałbrzych Szczawienko,50.8163919,16.3027078
Wałcz,53.2728538,16.4768177
Wałcz Raduń,53.276825,16.4572998
Wałdowo Szlacheckie,53.3845293,18.7245998
Wałki,52.5559522,23.0511499
Wałowice,51.9889273,14.8025
Ważne Młyny,51.04145,19.14861
Wejherowo,54.6060682,18.2317861
Wejherowo Śmiechowo,54.6019278,18.2756241
Wejherowo-Nanice,54.603592,18.2492963
Werbkowice,50.7509575,23.767431
Werchrata,50.2565809,23.471981
Widacz,49.8093664,21.6279544
Widełka,50.2035715,21.8805279
Widuchowa,50.4852832,20.7923885
Widzino,54.4264466,16.9657291
Widzów Teklinów,50.9810384,19.367218
Wiekowo,54.3036461,16.3757099
Wielanowo,53.8681775,16.3178547
Wielbark,53.3984244,20.9462724
Wieleń,52.8943347,16.1712847
Wieliczka Bogucice,49.998474,20.0366956
Wieliczka Park,49.9891052,20.0493336
Wieliczka Rynek-Kopalnia,49.985651,20.0566466
Wieliszew,52.4497362,20.9694128
Wieliszew Centrum,52.4433611,20.9951729
Wielkie Drogi,49.9607622,19.7037898
Wielowieś,50.5088655,18.6124789
Wieluń,51.2204544,18.5700965
Wieluń Dąbrowa,51.2396362,18.5502063
Wieniawa,51.2499359,22.5371973
Wierchomla Wielka,49.4193395,20.7825182
Wierna Rzeka,50.8641401,20.312838
Wieruszów,51.2951647,18.1510623
Wieruszów JURA-POLSKA,,
Wieruszów Miasto,51.2995514,18.1645906
Wierzawice,50.2359458,22.4525456
Wierzbica Górna,51.0311024,17.98235
Wierzbice,50.9549201,16.8926866
Wierzbno,52.1898719,21.0167966
Wierzbowa Śląska,51.3969375,15.7587841
Wierzchosławice,50.0274989,20.8593482
Wierzchowice,51.4822387,17.3327429
Wierzchowo Człuchowskie,53.6178993,17.4472969
Wierzchucin,53.5448342,18.1150925
Wierzchucin Stary,53.5571304,18.0909408
Wiesiółka,53.2705066,16.6125935
Wietrzychowo,53.42059,20.4047
Wiewiecko,53.5185403,15.6323106
Wieżyca,54.2239862,18.1230713
Wiktorowo,52.5771775,20.6897588
Wilczyska,51.8466585,21.8969318
Wilkoszewice,51.25286,19.63325
Wilkowice,51.8236419,20.1429271
Wilkowice Bystra,49.7602349,19.0882287
Wilkowo Świebodzińskie,52.2540745,15.4690626
Wilkołaz,50.986117,22.3294289
Wilkołaz Wieś,51.0070183,22.3359988
Wilków Namysłowski,51.094239,17.6584067
Wipsowo,53.8963561,20.794808
Wiry,50.8358943,16.6458015
Wisła Dziechcinka,49.6474553,18.8656014
Wisła Głębce,49.6216894,18.8760729
Wisła Jawornik,49.6696723,18.8474642
Wisła Kopydło,49.6350047,18.8696177
Wisła Uzdrowisko,49.658645,18.8544783
Wisłoczanka,49.9517831,21.91484
Witanów,52.18689,20.57728
Witaszyce,51.9427937,17.5711082
Witkowo,52.4395881,17.7725138
Witków Śląski,50.7938256,16.1274664
Witnica,52.6729399,14.8972121
Witnica Chojeńska,52.866148,14.4511483
Witonia,52.1469973,19.2943318
Witowo,52.6450814,23.5025131
Więcławice,52.6288664,19.423039
Wiśniowa,49.8688107,21.653553
Wkra,52.9129902,20.2109751
Wodzisław Śląski,50.0023056,18.4481091
Wodzisław Śląski Centrum,49.9984274,18.4639099
Wodzisław Śląski Radlin,50.020272,18.4812132
Wojanów,50.8733422,15.8331319
Wojaszówka,49.7795399,21.6687613
Wojnowice Wielkopolskie,52.3268949,16.4666369
Wojsław,50.7258194,17.3586219
Wola Bierwiecka,51.5431887,21.1773074
Wola Filipowska,50.1328995,19.5875894
Wola Lipieniecka,51.2770711,21.0265513
Wola Radziszowska,49.9082745,19.7879994
Wola Radziszowska Lipki,49.9100054,19.799257
Wola Rowska,51.8277,21.61371
Wola Rzędzińska,50.0372232,21.064394
Wola Łużańska,49.6912757,21.0667426
Wolanów,51.3795633,20.9756935
Wolbrom,50.3848386,19.7598844
Wolbrom Zachodni,50.3795391,19.7545614
Wolbórka,51.5652611,19.7729503
Wolenice,51.7636992,17.4412894
Wolica,50.4336955,20.71522
Wolin,53.843788,14.6157008
Wolsztyn,52.11725,16.1126622
Worowo,53.6980582,15.6450975
Wołczyn,51.0190253,18.049603
Wołomin,52.3468689,21.2420179
Wołomin Słoneczna,52.3543287,21.2557217
Wołowno,53.8157731,20.1942524
Wołów,51.3363841,16.6486903
Wrocław Brochów,51.0642794,17.0846248
Wrocław Grabiszyn,51.0967031,16.9745911
Wrocław Główny,51.097916,17.0379512
Wrocław Kowale,51.134977,17.1001696
Wrocław Kuźniki,51.1280409,16.9522088
Wrocław Leśnica,51.1419618,16.8672785
Wrocław Mikołajów,51.1162965,16.998395
Wrocław Muchobór,51.1111407,16.9747674
Wrocław Nadodrze,51.1256579,17.0329905
Wrocław Nowy Dwór,51.1198234,16.9522434
Wrocław Osobowice,51.1670923,16.9966038
Wrocław Partynice,51.0611197,16.9976665
Wrocław Pawłowice,51.1687803,17.1083776
Wrocław Popiele,51.1224546,17.1142732
Wrocław Popowice,51.1273621,17.001416
Wrocław Pracze,51.1700195,16.9031293
Wrocław Psie Pole,51.150452,17.1185445
Wrocław Różanka,51.1380036,17.0037711
Wrocław Sołtysowice,51.1425485,17.0835373
Wrocław Stadion,51.1370304,16.9406255
Wrocław Strachocin,51.1098231,17.145702
Wrocław Swojczyce,51.1158639,17.1213443
Wrocław Szczepin,51.1221583,17.0123097
Wrocław Wojnów,51.1035379,17.1576886
Wrocław Wojnów Wschodni,51.0980421,17.1682097
Wrocław Wojszyce,51.069076,17.0321678
Wrocław Zachodni,51.0899487,16.949504
Wrocław Zakrzów,51.1587445,17.1221927
Wrocław Świniary,51.1980793,16.9697587
Wrocław Żerniki,51.1261453,16.9164074
Wrocławki,53.2522307,18.6042458
Wroniawy,52.0580339,16.1535546
Wronki,52.7100316,16.3742572
Wronki Zamość,52.7099986,16.3619976
Wrzeście,54.545508,17.1092205
Września,52.3250694,17.5652282
Wrześnica,54.40052,16.77801
Wrzosowo,54.01381,14.81378
Wrzosów,51.06,18.9119444
Wrząca Pomorska,54.3434619,16.9172105
Wróblik Szlachecki,49.6142431,21.8806628
Wschowa,51.8038354,16.3172771
Wudzyn,53.3223504,18.0793838
Wydartowo,52.6058906,17.8540811
Wygoda,53.5150189,19.9062302
Wykno,51.633017,19.9188457
Wyrzysk Osiek,53.1191729,17.2950517
Wysoczany,49.4342029,22.1467723
Wysoka Braniewska,54.2756818,20.0305219
Wysoka Kamieńska,53.8229111,14.8413482
Wyszków,52.5928035,21.4584581
Wyszków Śląski,50.4684599,17.3949925
Wyszomierz,53.6245427,15.0803796
Wyszyny,52.89033,16.85844
Wójcice,51.6833333,18.4166667
Wólka,54.3056383,20.7001246
Wólka Kańska,51.1313359,23.0731227
Wólka Niedzieliska,50.7087532,23.087002
Wólka Orłowska,53.4693062,20.4413372
Wólka Plebańska,51.9972111,23.1385771
Wólka Ratowiecka,53.2786987,23.2305666
Wąbrzeźno,53.2799665,18.947293
Wąchock,51.073812,21.0116897
Wągrowiec,52.8122065,17.2019135
Wągry,51.7889488,19.854845
Wąsosz Konecki,51.1451673,20.4776163
Węgierska Górka,49.6088205,19.1195861
Węgliniec,51.2871203,15.2241355
Węgorzyno,53.5411822,15.5602398
Węgry,50.9286329,17.0386872
Węgrzce Wielkie,50.0148566,20.1099342
Wężyska,52.0146727,14.9467555
Władysławowo,54.7901316,18.4087342
Władysławowo Port,54.7935583,18.4176714
Włocławek,52.6603872,19.071948
Włocławek Zazamcze,52.6679897,19.038781
Włodawa,51.541278,23.5290368
Włosienica,50.017916,19.3083763
Włostowo,52.19879,17.31308
Włoszakowice,51.9271412,16.361945
Włoszczowa,50.8520727,19.9667772
Włoszczowa Północ,50.8563947,19.9460452
Włoszczowice,50.6521501,20.5963803
Zabiele,52.8660089,20.3257562
Zabiele Wielkie,53.0819433,21.351179
Zabierzów,50.1146386,19.7993814
Zabierzów Rząska,50.1056083,19.8236116
Zabieżki,52.01269,21.4679
Zaborze,49.8728355,18.8071976
Zaborów,51.7691667,18.9636111
Zaborów Błonia,49.9240657,21.8197113
Zabrze,50.3086154,18.7863749
Zabrze Maciejów,50.3061347,18.7475233
Zabrze Północne,50.3240847,18.7870236
Zabrzeg,49.9137311,18.9439145
Zabrzeg Czarnolesie,49.9039438,18.9066652
Zaczernie,50.0929648,21.996049
Zagajnik,50.667603,23.8132858
Zagnańsk,50.9800365,20.6632227
Zagościniec,52.3715409,21.2705897
Zagrody,50.5926561,21.1162534
Zagrody Kościół,51.0785319,23.1904113
Zagórz,49.5098822,22.2632894
Zagórze Śląskie,50.7542326,16.4049248
Zajezierce,53.0831796,23.35099
Zajezierze koło Dęblina,51.5420504,21.8172588
Zajączkowo Lubawskie,53.4508648,19.6944656
Zaklików,50.7554368,22.1020214
Zaklików Miasto,50.7547831,22.0933398
Zakopane,49.2757934,19.9692811
Zakrzewo Złotowskie,53.4164511,17.1408572
Zakrzów Kotowice,51.0357525,17.210066
Zakrzów-Sarnowo,53.2827292,20.2841468
Zalesie Górne,52.0274759,21.0366821
Zalesie Krasieńskie,51.1180001,23.1748333
Zamek Bulowicki,49.8788889,19.2680556
Zamość,50.7212452,23.2595799
Zamość Starówka,50.7170517,23.2626481
Zamość Wschód,50.7224867,23.2760175
Zaosie,51.6323482,19.9328711
Zarośle,53.9966667,17.7875
Zarszyn,49.5831586,22.0150158
Zarzecze,49.9128713,18.8210518
Zaręba,51.1064213,15.235031
Zarębki,50.2673632,21.7745676
Zaręby Kościelne,52.7571188,22.1248239
Zasieki,51.7337766,14.6685826
Zastocze,51.3008553,21.6629567
Zastów,50.1217435,20.0530243
Zator,49.9963053,19.4376782
Zator Park Rozrywki,50.0053177,19.4063023
Zawada,53.8620627,18.0522641
Zawadzkie,50.6065834,18.4801284
Zawadówka,51.1286131,23.4267601
Zawidz,52.8294997,19.8436701
Zawidz Kościelny,52.8277244,19.8735798
Zawidów,51.0244975,15.0451501
Zawiercie,50.5055879,19.4717069
Zawiercie Borowe Pole,50.5110745,19.3986396
Zawiercie Kądzielów,50.4697302,19.4052976
Załuż,49.5302064,22.3006043
Zblewo,53.9337255,18.3268463
Zbydniów,50.6352056,21.9387149
Zbąszynek,52.2436262,15.8138946
Zbąszyń,52.2501028,15.9209286
Zbąszyń Przedmieście,52.2568769,15.9268648
Zdrody Nowe,52.9499369,22.7813853
Zduny,51.6463268,17.377617
Zduńska Wola,51.6028615,18.9333201
Zduńska Wola Karsznice,51.5890163,18.9947256
Zduńska Wola Południowa,51.5803366,19.0052473
Zdzieszowice,50.4202928,18.1193187
Zebrzydowa,51.2298058,15.3877762
Zebrzydowice,49.8699168,18.6247092
Zegrze Południowe,52.4540351,21.0086275
Zelczyna,49.9593455,19.7474697
Zembrzyce,49.7737749,19.6006622
Zgierz,51.8555209,19.3906348
Zgierz Jaracza,51.8639418,19.4221438
Zgierz Kontrewers,51.8648041,19.340321
Zgierz Północ,51.8691546,19.3837488
Zgierz Rudunki,51.8611801,19.4374581
Zgorzelec,51.1477005,15.0079028
Zgorzelec Miasto,51.1548002,15.0201231
Zieleń,52.5469,17.84276
Zielona Góra Główna,51.947377,15.5111288
Zielona Góra Nowy Kisielin,51.9157499,15.626471
Zielona Góra Przylep,51.9779306,15.4388334
Zielona Góra Stary Kisielin,51.9371233,15.5891591
Zielonczyn,53.152965,17.8040507
Zielone Wzgórza,53.1217349,23.1033014
Zielonka,52.310847,21.1523199
Zielonka Bankowa,52.2914516,21.1540209
Zielonka Pasłęcka,53.9966238,19.6983374
Zielonka Pomorska,53.5775197,18.1092824
Ziemomyśl,53.1670709,15.3021948
Zimnochy,54.028509,19.9602862
Zittau,50.948555,14.8938038
Ziębice,50.6007752,17.0405633
Zosinów,52.1854312,19.7004257
Zubrzyk,49.3879365,20.7561851
Zwardoń,49.5038417,18.9732551
Zwierzyn,53.10515,15.40739
Zwierzyniec,50.6145878,22.9706317
Zygmuntowo Mazowieckie,52.7275437,21.5257061
Zygmuntów,51.7908333,19.0927778
Ząbki,52.2923335,21.1146999
Ząbkowice Śląskie,50.5892698,16.8111518
Ząbrowo,53.8458556,15.5919209
Zębice Wrocławskie,51.0066673,17.1620734
Złocieniec,53.5310477,16.0107245
Złojec,50.7800578,23.1146725
Złotkowo,52.5111149,16.8403779
Złotniki,52.9741821,23.1573738
Złotniki Grzybowe,52.4847029,16.8437402
Złotniki Kujawskie,52.9016109,18.1415244
Złotniki Kutnowskie,52.225031,19.4922057
Złotów,53.3631938,17.034694
końcowa,49.7844444,20.4888889
Ładzin,53.9078059,14.5748126
Łagiewniki,50.4838889,20.7469444
Łambinowice,50.5384423,17.5596387
Łankiejmy,54.14945,21.07538
Łapy,52.9908208,22.883005
Łapy Osse,52.9735048,22.8384606
Łask,51.5929947,19.1334784
Łaskarzew,51.7855261,21.6024691
Ławica,52.4112414,16.8253002
Łaziska Górne,50.1500892,18.8390661
Łaziska Górne Brada,50.1581006,18.8208164
Łaznów,51.628,19.78394
Łazy,50.4276105,19.3948494
Łańcut,50.0690725,22.2320924
Łeba,54.7604388,17.5313769
Łobez,53.6391189,15.6213487
Łochów,52.53042,21.68528
Łodygowice,49.7304647,19.1403324
Łodygowice Górne,49.735,19.1191667
Łomnica-Zdrój,49.4417544,20.7466397
Łomża,53.1750699,22.0727551
Łopatki,53.3284144,19.0072944
Łopuchowo,54.1021961,23.2813216
Łopuchowo Osiedle,52.6190438,17.1098552
Łosiów,50.7905215,17.5663976
Łososiowice,51.2983517,16.656068
Łowczów,49.9143956,20.989083
Łowczówek Pleśna,49.9279064,20.9495946
Łowicz Główny,52.10473,19.9556222
Łowicz Przedmieście,52.093053,19.9466922
Łoźnica,53.6952241,14.877349
Łubiana,54.1110799,17.8701815
Łubowo,53.5865,16.39199
Łuczyce,50.1594896,20.0787396
Ługi Górzyckie,52.539935,14.63563
Łuków,51.93008,22.3790669
Łuków Zapowiednik,51.9319719,22.4145881
Łuków Łapiguz,51.924509,22.3598062
Łuków Śląski,50.0993985,18.404335
Łupków,49.2472345,22.059131
Łupowo,53.7300744,20.9461384
Łysomice,54.3309429,17.1545105
Łódź Andrzejów,51.7405839,19.6181822
Łódź Andrzejów Szosa,51.7415641,19.6129065
Łódź Arturówek,51.8154459,19.4566295
Łódź Chojny,51.7264089,19.4841953
Łódź Dąbrowa,51.7359036,19.5105113
Łódź Fabryczna,51.7699461,19.4700518
Łódź Kaliska,51.757822,19.4305417
Łódź Lublinek,51.7209139,19.3592771
Łódź Marysin,51.8001727,19.4861551
Łódź Niciarniana,51.7668148,19.5074366
Łódź Olechów Wiadukt,51.7236889,19.5436869
Łódź Olechów Wschód,51.7297931,19.5947679
Łódź Olechów Zachód,51.7249053,19.5590165
Łódź Pabianicka,51.7262238,19.4453004
Łódź Radogoszcz Wschód,51.8266567,19.4433824
Łódź Radogoszcz Zachód,51.8219706,19.4157524
Łódź Retkinia,51.7403478,19.40658
Łódź Stoki,51.7765631,19.5105621
Łódź Warszawska,51.8080021,19.47123
Łódź Widzew,51.7691238,19.5527418
Łódź Zarzew,51.7517065,19.5132107
Łódź Żabieniec,51.7935514,19.4070192
Łąck,52.4663142,19.6109468
Łączna,50.49505,16.6277699
Łąg,53.8280458,18.0707595
Łąkociny,51.6619612,17.6624857
Łążek,50.5259951,21.5827772
Łęczyca,52.0593858,19.2016434
Łęgajny,53.82065,20.63563
Łęgowo Sulechowskie,52.1324415,15.6744976
Łęka Opatowska,51.2119951,18.1061471
Łętownia,49.8135387,22.7009854
Ścinawa,51.4165346,16.4259732
Ścinawka Średnia,50.5216083,16.4958642
Ślesin,52.37082,18.30593
Śliwice,51.1286114,17.21408
Śliwiczki,53.68731,18.19602
Śniadowo,53.0386233,21.9902764
Środa Wielkopolska,52.2284266,17.277827
Środa Śląska,51.1638949,16.5942505
Świba,51.3009277,18.0838057
Świdnica Miasto,50.8412151,16.4815065
Świdnica Przedmieście,50.8350396,16.5039056
Świdnica Zawiszów,50.8600642,16.47937
Świdnik Miasto,51.2238003,22.6949188
Świdnik Wschód,51.2210444,22.7143765
Świdwin,53.7742286,15.7826845
Świdwin Zamek,53.7706485,15.7653555
Świebodzice,50.8724646,16.3228783
Świebodzin,52.2498357,15.5324973
Świekatowo,53.4191287,18.0910791
Świeradów-Zdrój,50.9169692,15.3084749
Świercze,52.6705367,20.7667997
Świerki Dolne,50.6295502,16.4416055
Świerże Górne,51.6562298,21.4833304
Świlcza,50.0714236,21.8998941
Świnoujście,53.8270329,14.3356892
Świnoujście Port,53.9014213,14.260339
Świnoujście Przytór,53.8974464,14.3370167
Świnoujście Warszów,53.9003221,14.2857771
Święta Katarzyna,50.9062511,20.8809487
Świętajno,53.9988786,22.318426
Świętochłowice,50.2905758,18.9195066
Żabi Róg,53.8679968,20.0138905
Żabiny,53.3433814,19.9891208
Żabno koło Chojnic,53.8543998,17.7070346
Żabowo,53.71947,15.19022
Żagań,51.6153232,15.3007662
Żakowice,52.1916661,19.4269727
Żakowice Południowe,51.7301436,19.7861951
Żalno,53.6147727,17.7680235
Żarki-Letnisko,50.6238794,19.2738996
Żarnowa,49.8755097,21.8190775
Żary,51.6244382,15.1487247
Żary Kunice,51.5993421,15.1656871
Żary Muzyków,51.6415688,15.1165045
Żarów,50.9438416,16.4923538
Żednia,53.0880383,23.4732183
Żegiestów,49.3769934,20.7968185
Żegiestów-Zdrój,49.3627098,20.8039188
Żelistrzewo,54.6753392,18.4198873
Żelisławice,50.8129379,19.8567218
Żelisławie Pomorskie,53.5240926,16.1499087
Żerków,52.0687117,17.5633599
Żmigród,51.4717386,16.9082719
Żory,50.0388902,18.6806124
Żugienie,54.25705,20.08129
Żukowo,54.3458469,18.3647494
Żukowo Wschodnie,54.3506844,18.3770521
Żukowo Zachodnie,54.3324874,18.3477467
Żulin,52.4930556,21.8697222
Żurawica Osobowa,49.8199644,22.8244612
Żurawica Rozrządowa,49.8294805,22.8321914
Żurawnica,49.7593599,19.5121619
Żychlin,52.2440088,19.6260932
Życzyn,51.6730362,21.7356867
Żydowo,54.3105599,20.8393237
Żyrardów,52.0543308,20.4435009
Żytkowice,51.4829988,21.556545
Żywiec,49.7064961,19.2191491
Żywiec Sporysz,49.6763068,19.222331
Żórawina,50.9800904,17.0409458
Żółtnica,53.6729471,16.8059803
Żółwino,53.9502223,14.5903797
