Unnamed: 0,Unnamed: 1, z Liczba zatrzymań pociągów,Unnamed: 3,Unnamed: 4,Unnamed: 5,Unnamed: 6,Unnamed: 7,Unnamed: 8,Unnamed: 9,Unnamed: 10,Unnamed: 11,Unnamed: 12,Unnamed: 13,Dane roczne
Stacja,Przewoźnik,styczeń,luty,marzec,kwiecień,maj,czerwiec,lipiec,sierpień,wrzesień,październik,listopad,grudzień,
Warszawa Wschodnia,Freightliner PL Spółka z o.o.,,,,,2,2,,,,,,,4
Warszawa Wschodnia,Koleje Mazowieckie - KM Spółka z o.o.,8568,8115,8685,8453,8586,9762,10931,10747,11127,11062,10147,11261,117444
Warszawa Wschodnia,Łódzka Kolej Aglomeracyjna Sp. z o.o.,,,,,,56,63,80,76,64,186,247,772
Warszawa Wschodnia,PKP INTERCITY Spółka Akcyjna ,5956,5583,5934,5791,6030,6058,6834,6821,6999,7200,6891,7444,77541
Warszawa Wschodnia,POLREGIO Spółka Akcyjna,,,,,,305,452,426,423,452,398,416,2872
Warszawa Wschodnia,SKPL Cargo Sp. z o.o.  (przewozy pasażerskie),47,57,62,60,60,60,61,61,60,62,60,59,709
Warszawa Wschodnia,Szybka Kolej Miejska Sp. z o.o.,4768,4488,4821,4565,4720,5509,6009,6055,5987,6158,5886,6209,65175
Warszawa Wschodnia ,,19339,18243,19502,18869,19398,21752,24350,24190,24672,24998,23568,25636,264517
Warszawa Zachodnia,Freightliner PL Spółka z o.o.,,,,,2,,,,,,,,2
Warszawa Zachodnia,Koleje Mazowieckie - KM Spółka z o.o.,6684,6425,6788,6696,6912,8352,10043,9949,10706,10495,9673,10860,103583
Warszawa Zachodnia,Łódzka Kolej Aglomeracyjna Sp. z o.o.,198,176,220,194,242,179,136,170,201,176,256,264,2412
Warszawa Zachodnia,PKP INTERCITY Spółka Akcyjna ,4647,4354,4716,4642,4842,5016,5884,5867,6791,6980,6525,7024,67288
Warszawa Zachodnia,POLREGIO Spółka Akcyjna,528,501,512,507,497,414,458,424,507,544,474,497,5863
Warszawa Zachodnia,Szybka Kolej Miejska Sp. z o.o.,3360,3209,3257,3201,3371,5127,6383,6390,6730,6976,6559,6587,61150
Warszawa Zachodnia ,,15417,14665,15493,15240,15866,19088,22904,22800,24935,25171,23487,25232,240298
Wrocław Główny,CARGO Master Spółka z o.o.,,,12,16,1,,,,,,,,29
Wrocław Główny,CARGO TRAIN Sp. z o.o.,,,,,,,2,,,,,,2
Wrocław Główny,Koleje Dolnośląskie S.A.,9526,9004,9337,9048,9292,9047,9542,9410,9118,9604,8943,9555,111426
Wrocław Główny,LEO Express Global a.s.,,,2,,,,,,,,,,2
Wrocław Główny,PKP INTERCITY Spółka Akcyjna ,2896,2704,2892,2867,2975,2930,3117,3153,2894,2944,2883,3270,35525
Wrocław Główny,POLREGIO Spółka Akcyjna,3102,2933,3236,3226,3266,3192,3392,3326,3219,3405,3166,3092,38555
Wrocław Główny ,,15524,14641,15479,15157,15534,15169,16053,15889,15231,15953,14992,15917,185539
Poznań Główny,CARGO Master Spółka z o.o.,,,,,15,,,,,,,,15
Poznań Główny,Koleje Wielkopolskie Sp. z o.o.,9107,8612,8916,8811,8742,8463,9352,8978,8784,9278,8564,8544,106151
Poznań Główny,Łódzka Kolej Aglomeracyjna Sp. z o.o.,26,24,30,30,38,28,24,29,26,24,30,38,347
Poznań Główny,Parowozownia Wolsztyn,,,,,1,,,2,,,2,2,7
Poznań Główny,PKP INTERCITY Spółka Akcyjna ,3026,2838,2960,2919,3029,3018,3212,3228,3070,3111,3041,3447,36899
Poznań Główny,POLREGIO Spółka Akcyjna,2467,2314,2458,2405,2513,2414,2521,2533,2470,2553,2464,2536,29648
Poznań Główny,RAILPOLONIA Sp. z o.o. (przewozy pasażerskie),,,,,,,,,,,,5,5
Poznań Główny ,,14626,13788,14364,14165,14338,13923,15109,14770,14350,14966,14101,14572,173072
Gdańsk Wrzeszcz,Koleje Mazowieckie - KM Spółka z o.o.,,,,,,18,66,66,2,,,,152
Gdańsk Wrzeszcz,PKP INTERCITY Spółka Akcyjna ,2854,2679,2864,2780,2906,2912,3209,3259,2832,2892,2804,2979,34970
Gdańsk Wrzeszcz,PKP Szybka Kolej Miejska w Trójmieście sp. z o.o.,6263,6012,5783,5577,5523,5906,6497,5989,5449,5841,5314,5433,69587
Gdańsk Wrzeszcz,POLREGIO Spółka Akcyjna,5296,5018,5557,5521,5630,5491,5784,5718,5591,5834,5548,5803,66791
Gdańsk Wrzeszcz ,,14413,13709,14204,13878,14059,14327,15556,15032,13874,14567,13666,14215,171500
Gdynia Główna,CARGO Master Spółka z o.o.,,,,6,,,,,,,,,6
Gdynia Główna,Koleje Mazowieckie - KM Spółka z o.o.,,,,,,18,66,66,2,,,,152
Gdynia Główna,PKP INTERCITY Spółka Akcyjna ,2855,2681,2864,2784,2908,2949,3348,3383,2838,2890,2810,2981,35291
Gdynia Główna,PKP Szybka Kolej Miejska w Trójmieście sp. z o.o.,6266,6014,5802,5597,5544,5906,6506,6016,5449,5840,5314,5433,69687
Gdynia Główna,POLREGIO Spółka Akcyjna,5341,5054,5378,5262,5517,5427,5930,5872,5438,5541,5282,5535,65577
Gdynia Główna ,,14462,13749,14044,13649,13969,14300,15850,15337,13727,14271,13406,13949,170713
Kraków Główny,Koleje Małopolskie Sp. z o.o.,5599,5264,5562,5478,5616,5450,5802,5881,5779,5992,5650,5712,67785
Kraków Główny,Koleje Śląskie Spółka z o.o.,247,232,246,240,248,240,248,248,240,248,240,247,2924
Kraków Główny,LEO Express Global a.s.,16,16,19,17,27,26,25,16,12,16,18,28,236
Kraków Główny,PKP INTERCITY Spółka Akcyjna ,4018,3767,4017,3895,4043,4021,4326,4333,3917,4037,3906,4445,48725
Kraków Główny,POLREGIO Spółka Akcyjna,3442,3246,3423,3331,3420,3344,3463,3434,3346,3477,3329,4055,41310
Kraków Główny,RegioJet a.s.,56,57,61,60,62,59,60,61,54,62,60,62,714
Kraków Główny,Leo Express s.r.o.,,,,,,,,,,,,10,10
Kraków Główny ,,13378,12582,13328,13021,13416,13140,13924,13973,13348,13832,13203,14559,161704
Katowice,Koleje Śląskie Spółka z o.o.,8118,7648,8068,7919,8024,7913,8282,8150,6385,7176,6864,7142,91689
Katowice,PKP INTERCITY Spółka Akcyjna ,2900,2724,2834,2744,2837,2838,3118,3116,2542,2434,2498,2785,33370
Katowice,POLREGIO Spółka Akcyjna,1225,1265,1350,1311,1346,1317,1377,1359,826,868,840,868,13952
Katowice ,,12243,11637,12252,11974,12207,12068,12777,12625,9753,10478,10202,10795,139011
Sopot,CARGO Master Spółka z o.o.,,,,2,,,,,,,,,2
Sopot,Koleje Mazowieckie - KM Spółka z o.o.,,,,,,18,66,66,2,,,,152
Sopot,PKP INTERCITY Spółka Akcyjna ,2854,2679,2864,2780,2906,2912,3209,3259,2832,2890,2808,2979,34972
Sopot,PKP Szybka Kolej Miejska w Trójmieście sp. z o.o.,6263,6014,5782,5576,5523,5906,6496,5989,5449,5841,5314,5433,69586
Sopot,POLREGIO Spółka Akcyjna,2791,2658,2817,2739,2794,2732,2876,2857,2811,2927,2813,2971,33786
Sopot ,,11908,11351,11463,11097,11223,11568,12647,12171,11094,11658,10935,11383,138498
Gdańsk Główny,CARGO Master Spółka z o.o.,,8,,2,,,,,,,,,10
Gdańsk Główny,Koleje Mazowieckie - KM Spółka z o.o.,,,,,,18,66,66,2,,,,152
Gdańsk Główny,PKP INTERCITY Spółka Akcyjna ,2854,2679,2864,2780,2906,2912,3230,3259,2833,2892,2811,2981,35001
Gdańsk Główny,PKP Szybka Kolej Miejska w Trójmieście sp. z o.o.,6263,6012,5789,5587,5539,5938,6543,5996,4977,5851,5328,5437,69260
Gdańsk Główny,POLREGIO Spółka Akcyjna,2547,2438,2650,2623,2652,2595,2769,2708,2692,2823,2671,2828,31996
Gdańsk Główny ,,11664,11137,11303,10992,11097,11463,12608,12029,10504,11566,10810,11246,136419
Łódź Widzew,Koleje Wielkopolskie Sp. z o.o.,60,58,18,,,,,,,,,,136
Łódź Widzew,Łódzka Kolej Aglomeracyjna Sp. z o.o.,6520,6361,6598,6377,6535,6393,6844,6728,6870,7129,6043,6902,79300
Łódź Widzew,PKP INTERCITY Spółka Akcyjna ,1757,1657,1723,1697,1733,1714,1916,1896,1783,1842,1763,2091,21572
Łódź Widzew,POLREGIO Spółka Akcyjna,1411,1352,1375,1344,1372,1320,1433,1372,1355,1434,1312,1384,16464
Łódź Widzew ,,9748,9428,9714,9418,9640,9427,10193,9996,10008,10405,9118,10377,117472
Warszawa Śródmieście,Koleje Mazowieckie - KM Spółka z o.o.,3319,3236,3290,3250,3410,6329,8092,8248,9014,8695,8080,9151,74114
Warszawa Śródmieście,PKP INTERCITY Spółka Akcyjna ,,,,,,,,,,,6,6,12
Warszawa Śródmieście,POLREGIO Spółka Akcyjna,,,,,,,,,,,,1,1
Warszawa Śródmieście,Szybka Kolej Miejska Sp. z o.o.,2099,2071,2068,2078,2225,3442,4359,4581,4734,4852,4646,4975,42130
Warszawa Śródmieście ,,5418,5307,5358,5328,5635,9771,12451,12829,13748,13547,12732,14133,116257
Warszawa Ochota,Koleje Mazowieckie - KM Spółka z o.o.,3319,3237,3290,3250,3410,6329,8092,8248,9014,8694,8080,9151,74114
Warszawa Ochota,Szybka Kolej Miejska Sp. z o.o.,2099,2071,2068,2078,2225,3442,4359,4581,4734,4852,4646,4975,42130
Warszawa Ochota ,,5418,5308,5358,5328,5635,9771,12451,12829,13748,13546,12726,14126,116244
Warszawa Powiśle,Koleje Mazowieckie - KM Spółka z o.o.,3319,3236,3290,3250,3410,6329,8091,8248,9014,8694,8081,9151,74113
Warszawa Powiśle,Szybka Kolej Miejska Sp. z o.o.,2099,2071,2068,2078,2225,3442,4359,4581,4734,4853,4646,4975,42131
Warszawa Powiśle ,,5418,5307,5358,5328,5635,9771,12450,12829,13748,13547,12727,14126,116244
Warszawa Stadion,Koleje Mazowieckie - KM Spółka z o.o.,3319,3237,3290,3250,3387,6329,8091,8248,9014,8694,8081,9151,74091
Warszawa Stadion,PKP INTERCITY Spółka Akcyjna ,,,,,8,,,,,,,,8
Warszawa Stadion,Szybka Kolej Miejska Sp. z o.o.,2099,2071,2068,2078,2208,3442,4359,4581,4734,4853,4643,4975,42111
Warszawa Stadion ,,5418,5308,5358,5328,5603,9771,12450,12829,13748,13547,12724,14126,116210
Warszawa Centralna,Freightliner PL Spółka z o.o.,,,,,2,,,,,,,,2
Warszawa Centralna,Koleje Mazowieckie - KM Spółka z o.o.,3081,2942,3187,3065,3142,2429,2165,2020,1802,1910,1708,1706,29157
Warszawa Centralna,Łódzka Kolej Aglomeracyjna Sp. z o.o.,,,,,,105,119,150,201,176,256,262,1269
Warszawa Centralna,PKP INTERCITY Spółka Akcyjna ,4842,4538,4866,4771,4977,5171,5979,5979,6796,6979,6521,6998,68417
Warszawa Centralna,POLREGIO Spółka Akcyjna,,,,,,309,458,424,507,544,474,476,3192
Warszawa Centralna,Szybka Kolej Miejska Sp. z o.o.,48,,24,12,7,894,1256,1178,1161,1212,1169,1188,8149
Warszawa Centralna ,,7971,7480,8077,7848,8128,8908,9977,9751,10467,10821,10128,10630,110186
Warszawa Służewiec,Koleje Mazowieckie - KM Spółka z o.o.,3583,3365,3564,3465,3554,3200,3598,3560,3520,3666,3471,3656,42202
Warszawa Służewiec,PKP INTERCITY Spółka Akcyjna ,577,538,555,531,548,518,550,550,587,598,538,609,6699
Warszawa Służewiec,Szybka Kolej Miejska Sp. z o.o.,3893,3721,3769,3706,3841,4471,5189,5142,5312,5523,5126,5400,55093
Warszawa Służewiec ,,8053,7624,7888,7702,7943,8189,9337,9252,9419,9787,9135,9665,103994
Gdynia Chylonia,PKP INTERCITY Spółka Akcyjna ,,,,,,,,,,,1,,1
Gdynia Chylonia,PKP Szybka Kolej Miejska w Trójmieście sp. z o.o.,6265,6014,5802,5585,5543,5906,6510,6025,4647,4146,3862,4268,64573
Gdynia Chylonia,POLREGIO Spółka Akcyjna,2665,2536,2696,2639,2859,2811,3171,3135,2749,2737,2589,2689,33276
Gdynia Chylonia ,,8930,8550,8498,8224,8402,8717,9681,9160,7396,6883,6452,6957,97850
Warszawa Rakowiec,Koleje Mazowieckie - KM Spółka z o.o.,3428,3216,3411,3312,3403,3084,3486,3451,3413,3554,3373,3564,40695
Warszawa Rakowiec,Szybka Kolej Miejska Sp. z o.o.,3893,3720,3769,3706,3841,4472,5189,5142,5312,5523,5126,5400,55093
Warszawa Rakowiec ,,7321,6936,7180,7018,7244,7556,8675,8593,8725,9077,8499,8964,95788
Warszawa Żwirki i Wigury,Koleje Mazowieckie - KM Spółka z o.o.,3377,3165,3360,3262,3351,3000,3382,3350,3316,3450,3283,3407,39703
Warszawa Żwirki i Wigury,Szybka Kolej Miejska Sp. z o.o.,3893,3721,3769,3706,3841,4471,5189,5142,5312,5523,5126,5400,55093
Warszawa Żwirki i Wigury ,,7270,6886,7129,6968,7192,7471,8571,8492,8628,8973,8409,8807,94796
Warszawa Aleje Jerozolimskie,Koleje Mazowieckie - KM Spółka z o.o.,3346,3136,3324,3232,3268,2862,3261,3229,3283,3402,3198,3370,38911
Warszawa Aleje Jerozolimskie,Szybka Kolej Miejska Sp. z o.o.,3359,3205,3299,3254,3385,4160,5096,5050,5282,5492,5096,5386,52064
Warszawa Aleje Jerozolimskie ,,6705,6341,6623,6486,6653,7022,8357,8279,8565,8894,8294,8756,90975
Warszawa Włochy,Koleje Mazowieckie - KM Spółka z o.o.,4774,4483,4846,4769,4786,4843,5295,5235,5267,5516,5128,5484,60426
Warszawa Włochy,Szybka Kolej Miejska Sp. z o.o.,2347,2201,2312,2220,2286,1952,2211,2270,2360,2441,2354,2433,27387
Warszawa Włochy ,,7121,6684,7158,6989,7072,6795,7506,7505,7627,7957,7482,7917,87813
Rzeszów Główny,PKP INTERCITY Spółka Akcyjna ,1056,996,1064,1028,1071,1033,1059,1061,1046,1079,1048,1275,12816
Rzeszów Główny,POLREGIO Spółka Akcyjna,5906,5635,5864,5812,5818,5407,5848,5746,5824,6142,5651,5868,69521
Rzeszów Główny,RegioJet a.s.,62,58,62,60,62,60,62,62,55,62,60,62,727
Rzeszów Główny ,,7024,6689,6990,6900,6951,6500,6969,6869,6925,7283,6759,7205,83064
Warszawa Gdańska,Koleje Mazowieckie - KM Spółka z o.o.,4086,3851,4052,3962,4045,4000,4197,4129,3921,4102,3875,4109,48329
Warszawa Gdańska,Łódzka Kolej Aglomeracyjna Sp. z o.o.,,,,,,35,40,50,1,,,7,133
Warszawa Gdańska,PKP INTERCITY Spółka Akcyjna ,1450,1374,1370,1298,1326,1226,931,922,8,21,20,7,9953
Warszawa Gdańska,POLREGIO Spółka Akcyjna,,,,,,56,86,86,,,,,228
Warszawa Gdańska,Szybka Kolej Miejska Sp. z o.o.,2444,2281,2447,2367,2448,1471,1237,1239,1200,1240,1200,1598,21172
Warszawa Gdańska ,,7980,7506,7869,7627,7819,6788,6491,6426,5130,5363,5095,5721,79815
Legionowo,Koleje Mazowieckie - KM Spółka z o.o.,3118,2931,3090,3008,3074,2990,3116,3084,3018,3149,2961,3067,36606
Legionowo,PKP INTERCITY Spółka Akcyjna ,938,878,937,906,936,955,1082,1090,911,936,900,958,11427
Legionowo,Szybka Kolej Miejska Sp. z o.o.,2406,2252,2416,2332,2417,2282,2381,2386,2340,2412,2337,2765,28726
Legionowo ,,6462,6061,6443,6246,6427,6227,6579,6560,6269,6497,6198,6790,76759
Gliwice,Koleje Śląskie Spółka z o.o.,3053,2854,3105,3036,3060,3197,3387,3341,3490,3674,3488,3628,39313
Gliwice,PKP INTERCITY Spółka Akcyjna ,1855,1737,1837,1797,1864,1844,2069,2072,1642,1720,1678,1760,21875
Gliwice,POLREGIO Spółka Akcyjna,1139,1073,1007,1070,1099,1070,1085,1079,1098,1154,1060,1097,13031
Gliwice ,,6047,5664,5949,5903,6023,6111,6541,6492,6230,6548,6226,6485,74219
Kraków Zabłocie,Koleje Małopolskie Sp. z o.o.,4202,3954,4170,4055,4191,4066,4225,4208,4068,4213,4055,4277,49684
Kraków Zabłocie,Koleje Śląskie Spółka z o.o.,,,,,,,,,,,,136,136
Kraków Zabłocie,POLREGIO Spółka Akcyjna,1966,1855,1960,1903,1961,1914,1978,1968,1918,1984,1905,2017,23329
Kraków Zabłocie ,,6168,5809,6130,5958,6152,5980,6203,6176,5986,6197,5960,6430,73149
Kraków Grzegórzki,Koleje Małopolskie Sp. z o.o.,4202,3954,4170,4055,4191,4066,4225,4208,4068,4213,4055,4277,49684
Kraków Grzegórzki,Koleje Śląskie Spółka z o.o.,,,,,,,,,,,,136,136
Kraków Grzegórzki,POLREGIO Spółka Akcyjna,1965,1854,1960,1903,1961,1914,1978,1968,1918,1984,1905,2017,23327
Kraków Grzegórzki ,,6167,5808,6130,5958,6152,5980,6203,6176,5986,6197,5960,6430,73147
Tczew,CARGO Master Spółka z o.o.,,2,,3,,,,,,,,,5
Tczew,Koleje Mazowieckie - KM Spółka z o.o.,,,,,,18,66,66,2,,,,152
Tczew,PKP INTERCITY Spółka Akcyjna ,2604,2440,2611,2531,2614,2607,2841,2864,2568,2636,2559,2717,31592
Tczew,PKP Szybka Kolej Miejska w Trójmieście sp. z o.o.,,,,,2,,,,,,,,2
Tczew,POLREGIO Spółka Akcyjna,3118,3015,3205,3118,3173,3091,3274,3224,3186,3334,3275,3441,38454
Tczew ,,5722,5457,5816,5652,5789,5716,6181,6154,5756,5970,5834,6158,70205
Rumia,PKP INTERCITY Spółka Akcyjna ,519,487,522,502,526,578,768,774,486,495,480,504,6641
Rumia,PKP Szybka Kolej Miejska w Trójmieście sp. z o.o.,3978,3758,3797,3685,3699,3761,4143,4024,3518,3552,3334,3468,44717
Rumia,POLREGIO Spółka Akcyjna,1416,1336,1423,1403,1602,1592,1912,1895,1513,1439,1374,1422,18327
Rumia ,,5913,5581,5742,5590,5827,5931,6823,6693,5517,5486,5188,5394,69685
Gdynia Redłowo,PKP Szybka Kolej Miejska w Trójmieście sp. z o.o.,6263,6014,5782,5577,5523,5906,6496,5989,5449,5840,5314,5433,69586
Gdynia Redłowo ,,6263,6014,5782,5577,5523,5906,6496,5989,5449,5840,5314,5433,69586
Gdynia Wzgórze Św.Maksymiliana,PKP Szybka Kolej Miejska w Trójmieście sp. z o.o.,6263,6014,5782,5577,5523,5906,6496,5989,5449,5840,5314,5433,69586
Gdynia Wzgórze Św.Maksymiliana ,,6263,6014,5782,5577,5523,5906,6496,5989,5449,5840,5314,5433,69586
Gdynia Orłowo SKM,PKP Szybka Kolej Miejska w Trójmieście sp. z o.o.,6263,6014,5782,5577,5523,5906,6496,5989,5449,5840,5314,5433,69586
Gdynia Orłowo SKM ,,6263,6014,5782,5577,5523,5906,6496,5989,5449,5840,5314,5433,69586
Sopot Kamienny Potok,PKP Szybka Kolej Miejska w Trójmieście sp. z o.o.,6263,6014,5782,5576,5523,5906,6496,5989,5449,5839,5314,5433,69584
Sopot Kamienny Potok ,,6263,6014,5782,5576,5523,5906,6496,5989,5449,5839,5314,5433,69584
Gdańsk Zaspa,PKP Szybka Kolej Miejska w Trójmieście sp. z o.o.,6263,6012,5782,5575,5523,5906,6496,5989,5449,5840,5314,5433,69582
Gdańsk Zaspa ,,6263,6012,5782,5575,5523,5906,6496,5989,5449,5840,5314,5433,69582
Gdańsk Przymorze-Uniwersytet,PKP Szybka Kolej Miejska w Trójmieście sp. z o.o.,6263,6012,5782,5575,5523,5906,6496,5989,5449,5840,5314,5433,69582
Gdańsk Przymorze-Uniwersytet ,,6263,6012,5782,5575,5523,5906,6496,5989,5449,5840,5314,5433,69582
Sopot Wyścigi,PKP Szybka Kolej Miejska w Trójmieście sp. z o.o.,6263,6012,5782,5573,5523,5906,6496,5989,5449,5840,5314,5433,69580
Sopot Wyścigi ,,6263,6012,5782,5573,5523,5906,6496,5989,5449,5840,5314,5433,69580
Gdańsk Żabianka-AWFiS,PKP Szybka Kolej Miejska w Trójmieście sp. z o.o.,6263,6012,5782,5573,5523,5906,6496,5989,5449,5840,5314,5433,69580
Gdańsk Żabianka-AWFiS ,,6263,6012,5782,5573,5523,5906,6496,5989,5449,5840,5314,5433,69580
Gdańsk Oliwa SKM,PKP Szybka Kolej Miejska w Trójmieście sp. z o.o.,6263,6012,5782,5573,5523,5906,6496,5989,5449,5840,5314,5433,69580
Gdańsk Oliwa SKM ,,6263,6012,5782,5573,5523,5906,6496,5989,5449,5840,5314,5433,69580
Gdańsk Politechnika,PKP Szybka Kolej Miejska w Trójmieście sp. z o.o.,6263,6012,5781,5575,5523,5906,6497,5988,5449,5841,5312,5433,69580
Gdańsk Politechnika ,,6263,6012,5781,5575,5523,5906,6497,5988,5449,5841,5312,5433,69580
Gdańsk Oliwa,Koleje Mazowieckie - KM Spółka z o.o.,,,,,,18,66,66,2,,,,152
Gdańsk Oliwa,PKP INTERCITY Spółka Akcyjna ,2854,2679,2864,2780,2906,2912,3209,3259,2832,2891,2804,2979,34969
Gdańsk Oliwa,POLREGIO Spółka Akcyjna,2791,2658,2817,2739,2794,2732,2875,2857,2811,2927,2813,2971,33785
Gdańsk Oliwa ,,5645,5337,5681,5519,5700,5662,6150,6182,5645,5818,5617,5950,68906
Warszawa Młynów,Koleje Mazowieckie - KM Spółka z o.o.,3873,3656,3857,3766,3730,3366,3749,3702,3757,3893,3628,3863,44840
Warszawa Młynów,PKP INTERCITY Spółka Akcyjna ,549,514,546,531,549,170,58,57,,,,,2974
Warszawa Młynów,Szybka Kolej Miejska Sp. z o.o.,2442,2281,2447,2365,2384,1164,1173,1177,1198,1229,1170,1584,20614
Warszawa Młynów ,,6864,6451,6850,6662,6663,4700,4980,4936,4955,5122,4798,5447,68428
Warszawa Zachodnia peron 9,Koleje Mazowieckie - KM Spółka z o.o.,3874,3656,3857,3766,3730,3366,3343,3295,3757,3893,3628,3863,44028
Warszawa Zachodnia peron 9,PKP INTERCITY Spółka Akcyjna ,549,514,546,531,549,170,52,51,,,,,2962
Warszawa Zachodnia peron 9,Szybka Kolej Miejska Sp. z o.o.,2442,2284,2448,2365,2384,1164,1022,1025,1198,1229,1170,1585,20316
Warszawa Zachodnia peron 9 ,,6865,6454,6851,6662,6663,4700,4417,4371,4955,5122,4798,5448,67306
Bydgoszcz Główna,Arriva RP Sp. z o.o.,1331,1264,1368,1356,1369,1330,1417,1399,1342,1401,1330,1369,16276
Bydgoszcz Główna,CARGO Master Spółka z o.o.,,,2,11,2,,,,,,,,15
Bydgoszcz Główna,PKP INTERCITY Spółka Akcyjna ,1609,1507,1614,1564,1622,1631,1811,1818,1576,1625,1578,1657,19612
Bydgoszcz Główna,POLREGIO Spółka Akcyjna,2642,2505,2619,2556,2496,2511,2629,2527,2559,2720,2536,2613,30913
Bydgoszcz Główna ,,5582,5276,5603,5487,5489,5472,5857,5744,5477,5746,5444,5639,66816
Skierniewice,CARGO Master Spółka z o.o.,,,,,1,,,,,,,,1
Skierniewice,Koleje Mazowieckie - KM Spółka z o.o.,1522,1427,1511,1470,1503,1462,1551,1534,1491,1554,1465,1532,18022
Skierniewice,Łódzka Kolej Aglomeracyjna Sp. z o.o.,1608,1502,1773,1782,1862,1790,1853,1861,1981,2038,2039,2094,22183
Skierniewice,PKP INTERCITY Spółka Akcyjna ,1787,1678,1692,1635,1679,1605,1716,1695,1628,1727,1632,1861,20335
Skierniewice,POLREGIO Spółka Akcyjna,527,502,512,508,497,470,544,510,507,544,475,497,6093
Skierniewice ,,5444,5109,5488,5395,5542,5327,5664,5600,5607,5863,5611,5984,66634
Szczecin Główny,PKP INTERCITY Spółka Akcyjna ,1289,1208,1229,1189,1249,1225,1356,1356,1262,1301,1265,1445,15374
Szczecin Główny,POLREGIO Spółka Akcyjna,3808,3758,4208,4342,4363,4269,4425,4350,4338,4541,4196,4283,50881
Szczecin Główny ,,5097,4966,5437,5531,5612,5494,5781,5706,5600,5842,5461,5728,66255
Gdańsk Śródmieście,PKP Szybka Kolej Miejska w Trójmieście sp. z o.o.,6035,5804,5553,5359,5285,5598,6073,5678,4736,5625,5090,5195,66031
Gdańsk Śródmieście ,,6035,5804,5553,5359,5285,5598,6073,5678,4736,5625,5090,5195,66031
Warszawa Powązki,Koleje Mazowieckie - KM Spółka z o.o.,3873,3656,3858,3766,3769,3460,3848,3795,3757,3893,3628,3872,45175
Warszawa Powązki,Szybka Kolej Miejska Sp. z o.o.,2442,2281,2447,2366,2397,1166,1173,1177,1198,1229,1170,1584,20630
Warszawa Powązki ,,6315,5937,6305,6132,6166,4626,5021,4972,4955,5122,4798,5456,65805
Warszawa Koło,Koleje Mazowieckie - KM Spółka z o.o.,3873,3656,3857,3766,3730,3361,3749,3702,3757,3893,3628,3863,44835
Warszawa Koło,Szybka Kolej Miejska Sp. z o.o.,2442,2281,2447,2366,2384,1164,1173,1177,1198,1229,1170,1584,20615
Warszawa Koło ,,6315,5937,6304,6132,6114,4525,4922,4879,4955,5122,4798,5447,65450
Warszawa Wola,Koleje Mazowieckie - KM Spółka z o.o.,3873,3656,3857,3766,3730,3361,3749,3702,3757,3893,3628,3863,44835
Warszawa Wola,Szybka Kolej Miejska Sp. z o.o.,2442,2281,2447,2365,2384,1164,1173,1177,1198,1229,1170,1584,20614
Warszawa Wola ,,6315,5937,6304,6131,6114,4525,4922,4879,4955,5122,4798,5447,65449
Gdynia Leszczynki,PKP Szybka Kolej Miejska w Trójmieście sp. z o.o.,6265,6014,5802,5586,5543,5906,6506,6016,4626,4125,3837,4252,64478
Gdynia Leszczynki ,,6265,6014,5802,5586,5543,5906,6506,6016,4626,4125,3837,4252,64478
Gdynia Grabówek,PKP Szybka Kolej Miejska w Trójmieście sp. z o.o.,6265,6014,5802,5586,5543,5906,6506,6016,4626,4125,3837,4252,64478
Gdynia Grabówek ,,6265,6014,5802,5586,5543,5906,6506,6016,4626,4125,3837,4252,64478
Warszawa Rembertów,Koleje Mazowieckie - KM Spółka z o.o.,3149,2970,2862,2526,2689,3185,3507,3159,3319,3106,2413,3016,35901
Warszawa Rembertów,Szybka Kolej Miejska Sp. z o.o.,2410,2256,2416,2229,2312,2298,2383,2396,2322,2372,2237,2415,28046
Warszawa Rembertów ,,5559,5226,5278,4755,5001,5483,5890,5555,5641,5478,4650,5431,63947
Warszawa Toruńska,Koleje Mazowieckie - KM Spółka z o.o.,2984,2804,2951,2869,2928,2846,2926,2894,2896,3026,2841,2926,34891
Warszawa Toruńska,PKP INTERCITY Spółka Akcyjna ,,,,,,,,,,2,,,2
Warszawa Toruńska,Szybka Kolej Miejska Sp. z o.o.,2402,2248,2416,2332,2417,2282,2383,2386,2340,2412,2336,2756,28710
Warszawa Toruńska ,,5386,5052,5367,5201,5345,5128,5309,5280,5236,5440,5177,5682,63603
Koluszki,Łódzka Kolej Aglomeracyjna Sp. z o.o.,2541,2378,2578,2522,2609,2504,2651,2635,2539,2626,2567,2781,30931
Koluszki,PKP INTERCITY Spółka Akcyjna ,1694,1591,1665,1635,1679,1603,1716,1695,1628,1727,1628,1857,20118
Koluszki,POLREGIO Spółka Akcyjna,1049,996,1046,1018,1047,1000,1089,1057,1029,1090,1005,1050,12476
Koluszki ,,5284,4965,5289,5175,5335,5107,5456,5387,5196,5443,5200,5688,63525
Pruszków,Koleje Mazowieckie - KM Spółka z o.o.,2765,2598,2751,2703,2723,2837,3108,3040,2980,3131,2882,3097,34615
Pruszków,PKP INTERCITY Spółka Akcyjna ,,,1,,2,,,1,,,2,1,7
Pruszków,Szybka Kolej Miejska Sp. z o.o.,2347,2201,2312,2220,2286,1952,2211,2270,2361,2441,2354,2434,27389
Pruszków ,,5112,4799,5064,4923,5011,4789,5319,5311,5341,5572,5238,5532,62011
Opole Główne,PKP INTERCITY Spółka Akcyjna ,1739,1632,1745,1724,1752,1780,2020,2038,1787,1856,1804,2005,21882
Opole Główne,POLREGIO Spółka Akcyjna,3428,3268,3410,3364,3330,3241,3394,3283,3338,3544,3206,3314,40120
Opole Główne ,,5167,4900,5155,5088,5082,5021,5414,5321,5125,5400,5010,5319,62002
Reda,PKP Szybka Kolej Miejska w Trójmieście sp. z o.o.,3828,3611,3650,3538,3573,3622,3973,3884,3447,3529,3315,3438,43408
Reda,POLREGIO Spółka Akcyjna,1416,1336,1423,1403,1614,1608,1945,1929,1522,1439,1374,1423,18432
Reda ,,5244,4947,5073,4941,5187,5230,5918,5813,4969,4968,4689,4861,61840
Piastów,Koleje Mazowieckie - KM Spółka z o.o.,2677,2512,2669,2619,2596,2712,2997,2935,2950,3100,2850,3074,33691
Piastów,Szybka Kolej Miejska Sp. z o.o.,2347,2201,2312,2220,2286,1952,2211,2270,2361,2441,2354,2434,27389
Piastów ,,5024,4713,4981,4839,4882,4664,5208,5205,5311,5541,5204,5508,61080
Warszawa Ursus Niedźwiadek,Koleje Mazowieckie - KM Spółka z o.o.,2677,2512,2669,2619,2596,2712,2997,2935,2950,3100,2850,3073,33690
Warszawa Ursus Niedźwiadek,PKP INTERCITY Spółka Akcyjna ,,,,,,,1,,,,,,1
Warszawa Ursus Niedźwiadek,Szybka Kolej Miejska Sp. z o.o.,2347,2201,2312,2220,2286,1952,2211,2270,2361,2441,2354,2433,27388
Warszawa Ursus Niedźwiadek ,,5024,4713,4981,4839,4882,4664,5209,5205,5311,5541,5204,5506,61079
Warszawa Ursus,Koleje Mazowieckie - KM Spółka z o.o.,2677,2512,2669,2619,2596,2712,2997,2935,2950,3100,2850,3073,33690
Warszawa Ursus,Szybka Kolej Miejska Sp. z o.o.,2347,2201,2312,2220,2286,1952,2211,2270,2361,2441,2354,2433,27388
Warszawa Ursus ,,5024,4713,4981,4839,4882,4664,5208,5205,5311,5541,5204,5506,61078
Wołomin,Koleje Mazowieckie - KM Spółka z o.o.,4753,4504,4670,4441,4502,4379,4396,4256,4578,4863,4399,4576,54317
Wołomin,PKP INTERCITY Spółka Akcyjna ,566,530,565,550,565,549,567,570,539,560,539,592,6692
Wołomin ,,5319,5034,5235,4991,5067,4928,4963,4826,5117,5423,4938,5168,61009
Warszawa Płudy,Koleje Mazowieckie - KM Spółka z o.o.,2742,2574,2736,2658,2714,2637,2718,2700,2663,2765,2631,2737,32275
Warszawa Płudy,Szybka Kolej Miejska Sp. z o.o.,2402,2245,2415,2331,2407,2281,2376,2386,2340,2403,2336,2763,28685
Warszawa Płudy ,,5144,4819,5151,4989,5121,4918,5094,5086,5003,5168,4967,5500,60960
Wrocław Mikołajów,CARGO Master Spółka z o.o.,,,2,,,,,,,,,,2
Wrocław Mikołajów,Koleje Dolnośląskie S.A.,2787,2648,2763,2710,2742,2678,2868,2784,2698,2857,2618,2801,32954
Wrocław Mikołajów,PKP INTERCITY Spółka Akcyjna ,753,700,754,772,798,785,833,841,772,753,733,828,9322
Wrocław Mikołajów,POLREGIO Spółka Akcyjna,1579,1484,1571,1528,1557,1515,1588,1570,1525,1592,1508,1539,18556
Wrocław Mikołajów ,,5119,4832,5090,5010,5097,4978,5289,5195,4995,5202,4859,5168,60834
Kraków Płaszów,Koleje Małopolskie Sp. z o.o.,3015,2837,2994,2932,2999,2919,3034,3008,2928,3038,2916,3086,35706
Kraków Płaszów,Koleje Śląskie Spółka z o.o.,,,,,,,,,,,,136,136
Kraków Płaszów,PKP INTERCITY Spółka Akcyjna ,1058,993,1066,1035,1084,1041,1063,1061,1031,1062,1104,1190,12788
Kraków Płaszów,POLREGIO Spółka Akcyjna,1031,969,1021,990,1027,1000,1038,1032,1006,1038,996,1013,12161
Kraków Płaszów,RegioJet a.s.,,,,,,,,,1,,,,1
Kraków Płaszów ,,5104,4799,5081,4957,5110,4960,5135,5101,4966,5138,5016,5425,60792
Otwock,Koleje Mazowieckie - KM Spółka z o.o.,2066,1956,2036,1997,1993,1867,1959,1910,2034,2158,1934,2058,23968
Otwock,PKP INTERCITY Spółka Akcyjna ,627,588,628,609,619,645,752,752,614,628,607,697,7766
Otwock,Szybka Kolej Miejska Sp. z o.o.,2340,2200,2398,2338,2322,2331,2383,2414,2337,2414,2321,2392,28190
Otwock ,,5033,4744,5062,4944,4934,4843,5094,5076,4985,5200,4862,5147,59924
Łódź Fabryczna,Koleje Wielkopolskie Sp. z o.o.,60,58,18,,,,,,,,,,136
Łódź Fabryczna,Łódzka Kolej Aglomeracyjna Sp. z o.o.,3182,3055,3243,3144,3246,3172,3344,3304,3278,3414,3083,3276,38741
Łódź Fabryczna,PKP INTERCITY Spółka Akcyjna ,829,784,819,801,815,774,850,831,883,927,864,1002,10179
Łódź Fabryczna,POLREGIO Spółka Akcyjna,843,800,826,808,821,780,850,827,813,856,787,858,9869
Łódź Fabryczna ,,4914,4697,4906,4753,4882,4726,5044,4962,4974,5197,4734,5136,58925
Gdynia Cisowa,PKP Szybka Kolej Miejska w Trójmieście sp. z o.o.,5509,5234,5106,4928,4875,5128,5772,5424,4417,4142,3862,4125,58522
Gdynia Cisowa ,,5509,5234,5106,4928,4875,5128,5772,5424,4417,4142,3862,4125,58522
Wejherowo,Koleje Mazowieckie - KM Spółka z o.o.,,,,,,18,62,62,2,,,,144
Wejherowo,PKP INTERCITY Spółka Akcyjna ,519,487,522,502,526,560,706,712,484,495,480,504,6497
Wejherowo,PKP Szybka Kolej Miejska w Trójmieście sp. z o.o.,3752,3535,3577,3463,3514,3556,3891,3815,3426,3537,3326,3443,42835
Wejherowo,POLREGIO Spółka Akcyjna,683,648,690,676,692,682,766,754,678,704,666,696,8335
Wejherowo ,,4954,4670,4789,4641,4732,4816,5425,5343,4590,4736,4472,4643,57811
Częstochowa,Koleje Śląskie Spółka z o.o.,2575,2428,2580,2486,2551,2508,2604,2596,2190,2594,2485,2652,30249
Częstochowa,Łódzka Kolej Aglomeracyjna Sp. z o.o.,,,,,,,,,,,,70,70
Częstochowa,PKP INTERCITY Spółka Akcyjna ,859,809,966,928,922,906,1086,1109,912,865,845,1003,11210
Częstochowa,POLREGIO Spółka Akcyjna,1340,1251,1305,1291,1335,1293,1355,1340,1299,1350,1290,1616,16065
Częstochowa ,,4774,4488,4851,4705,4808,4707,5045,5045,4401,4809,4620,5341,57594
Piaseczno,Koleje Mazowieckie - KM Spółka z o.o.,2467,2324,2450,2388,2438,2356,2495,2457,2391,2498,2343,2499,29106
Piaseczno,PKP INTERCITY Spółka Akcyjna ,577,538,556,531,548,518,550,550,581,590,530,639,6708
Piaseczno,Szybka Kolej Miejska Sp. z o.o.,1710,1602,1654,1594,1595,1633,1928,1864,2014,2119,1830,1923,21466
Piaseczno ,,4754,4464,4660,4513,4581,4507,4973,4871,4986,5207,4703,5061,57280
Kraków Łobzów,Koleje Małopolskie Sp. z o.o.,2837,2667,2827,2818,2914,2814,3044,3161,3058,3162,3002,3070,35374
Kraków Łobzów,Koleje Śląskie Spółka z o.o.,247,232,246,240,248,240,248,248,240,248,240,247,2924
Kraków Łobzów,POLREGIO Spółka Akcyjna,1605,1508,1575,1533,1583,1549,1608,1587,1545,1614,1541,1653,18901
Kraków Łobzów ,,4689,4407,4648,4591,4745,4603,4900,4996,4843,5024,4783,4970,57199
Kraków Bronowice,Koleje Małopolskie Sp. z o.o.,2837,2667,2825,2818,2914,2814,3044,3161,3058,3162,3002,3070,35372
Kraków Bronowice,Koleje Śląskie Spółka z o.o.,247,232,246,240,248,240,248,248,240,248,240,247,2924
Kraków Bronowice,POLREGIO Spółka Akcyjna,1605,1508,1575,1533,1583,1549,1607,1587,1545,1614,1541,1653,18900
Kraków Bronowice ,,4689,4407,4646,4591,4745,4603,4899,4996,4843,5024,4783,4970,57196
Katowice Ligota,Koleje Śląskie Spółka z o.o.,4912,4628,4866,4799,4872,4795,5019,4940,4076,4675,4426,4561,56569
Katowice Ligota,PKP INTERCITY Spółka Akcyjna ,,,,,,,,,39,267,123,60,489
Katowice Ligota ,,4912,4628,4866,4799,4872,4795,5019,4940,4115,4942,4549,4621,57058
Katowice Piotrowice,Koleje Śląskie Spółka z o.o.,4902,4620,4852,4797,4856,4778,4996,4897,4178,4672,4421,4547,56516
Katowice Piotrowice ,,4902,4620,4852,4797,4856,4778,4996,4897,4178,4672,4421,4547,56516
Zielonka,Koleje Mazowieckie - KM Spółka z o.o.,4867,4614,4778,4553,4607,4539,4605,4446,4768,5115,4603,4786,56281
Zielonka ,,4867,4614,4778,4553,4607,4539,4605,4446,4768,5115,4603,4786,56281
Gdynia Stocznia-Uniwersytet Morski,PKP Szybka Kolej Miejska w Trójmieście sp. z o.o.,6264,6014,5802,5587,5543,5906,6506,6016,4211,,88,4108,56045
Gdynia Stocznia-Uniwersytet Morski ,,6264,6014,5802,5587,5543,5906,6506,6016,4211,,88,4108,56045
Łódź Kaliska,Koleje Wielkopolskie Sp. z o.o.,60,58,58,60,50,58,62,56,60,62,60,62,706
Łódź Kaliska,Łódzka Kolej Aglomeracyjna Sp. z o.o.,3001,2858,3017,2953,2997,2931,3116,3039,3249,3371,3164,3373,37069
Łódź Kaliska,PKP INTERCITY Spółka Akcyjna ,566,529,563,548,570,590,700,696,551,560,525,559,6957
Łódź Kaliska,POLREGIO Spółka Akcyjna,963,914,929,918,929,917,959,949,918,968,907,920,11191
Łódź Kaliska ,,4590,4359,4567,4479,4546,4496,4837,4740,4778,4961,4656,4914,55923
Tłuszcz,CARGO Master Spółka z o.o.,,,,,4,,,,,,,,4
Tłuszcz,Koleje Mazowieckie - KM Spółka z o.o.,4116,3900,4111,3972,4047,3957,4062,3989,3942,4169,3981,4171,48417
Tłuszcz,PKP INTERCITY Spółka Akcyjna ,566,530,567,550,566,549,568,570,539,560,541,592,6698
Tłuszcz,POLREGIO Spółka Akcyjna,,,,,2,,,,,,,,2
Tłuszcz ,,4682,4430,4678,4522,4619,4506,4630,4559,4481,4729,4522,4763,55121
Radom Główny,Koleje Mazowieckie - KM Spółka z o.o.,3544,3335,3518,3418,3450,3367,3433,3357,3437,3561,3378,3603,41401
Radom Główny,Łódzka Kolej Aglomeracyjna Sp. z o.o.,36,32,40,36,44,40,32,40,28,32,44,44,448
Radom Główny,PKP INTERCITY Spółka Akcyjna ,981,922,985,952,986,950,984,985,958,994,959,1130,11786
Radom Główny,POLREGIO Spółka Akcyjna,,,68,92,88,90,100,92,94,100,84,90,898
Radom Główny ,,4561,4289,4611,4498,4568,4447,4549,4474,4517,4687,4465,4867,54533
Toruń Główny,Arriva RP Sp. z o.o.,1206,1136,1188,1175,1179,1171,1284,1245,1224,1290,1210,1230,14538
Toruń Główny,CARGO Master Spółka z o.o.,1,2,9,4,4,,,,,,,,20
Toruń Główny,PKP INTERCITY Spółka Akcyjna ,1112,1043,1115,1083,1116,1118,1241,1243,1081,1115,1060,1155,13482
Toruń Główny,POLREGIO Spółka Akcyjna,2249,2121,2225,2168,2134,2153,2303,2220,2175,2302,2167,2156,26373
Toruń Główny,RAILPOLONIA Sp. z o.o. (przewozy pasażerskie),,,,,,,,,,,,1,1
Toruń Główny ,,4568,4302,4537,4430,4433,4442,4828,4708,4480,4707,4437,4542,54414
Kutno,CARGO Master Spółka z o.o.,,,,,1,,,,,,,,1
Kutno,Koleje Mazowieckie - KM Spółka z o.o.,602,581,608,623,638,620,648,640,621,648,606,667,7502
Kutno,Koleje Wielkopolskie Sp. z o.o.,248,232,248,238,248,240,248,248,238,248,240,248,2924
Kutno,Łódzka Kolej Aglomeracyjna Sp. z o.o.,1186,1112,1289,1297,1327,1283,1352,1334,1176,1229,1307,1430,15322
Kutno,PKP INTERCITY Spółka Akcyjna ,1956,1828,1947,1891,1961,1954,2095,2090,1903,1967,1900,1995,23487
Kutno,POLREGIO Spółka Akcyjna,429,403,403,384,379,380,402,388,383,401,379,420,4751
Kutno ,,4421,4156,4495,4433,4554,4477,4745,4700,4321,4493,4432,4760,53987
Łódź Chojny,Koleje Wielkopolskie Sp. z o.o.,60,58,18,,,,,,,,,,136
Łódź Chojny,Łódzka Kolej Aglomeracyjna Sp. z o.o.,2907,2852,2877,2784,2822,2724,2874,2803,3175,3299,2346,2754,34217
Łódź Chojny,PKP INTERCITY Spółka Akcyjna ,990,926,987,955,994,1000,1126,1124,957,988,936,1160,12143
Łódź Chojny,POLREGIO Spółka Akcyjna,574,552,537,540,537,540,573,556,542,584,525,526,6586
Łódź Chojny ,,4531,4388,4419,4279,4353,4264,4573,4483,4674,4871,3807,4440,53082
Łódź Niciarniana,Koleje Wielkopolskie Sp. z o.o.,60,58,18,,,,,,,,,,136
Łódź Niciarniana,Łódzka Kolej Aglomeracyjna Sp. z o.o.,3182,3055,3243,3144,3246,3171,3342,3304,3278,3414,3083,3276,38738
Łódź Niciarniana,PKP INTERCITY Spółka Akcyjna ,,4,6,2,,,2,2,,2,6,,24
Łódź Niciarniana,POLREGIO Spółka Akcyjna,1210,1156,1175,1139,1161,1100,1194,1157,1138,1206,1094,1172,13902
Łódź Niciarniana ,,4452,4273,4442,4285,4407,4271,4538,4463,4416,4622,4183,4448,52800
Szczecin Dąbie,Koleje Dolnośląskie S.A.,,,,,,4,8,11,1,,,,24
Szczecin Dąbie,PKP INTERCITY Spółka Akcyjna ,1351,1260,1295,1249,1305,1322,1542,1551,1216,1239,1204,1389,15923
Szczecin Dąbie,POLREGIO Spółka Akcyjna,2929,2773,3034,3072,3082,3070,3248,3211,3082,3210,2970,3147,36828
Szczecin Dąbie ,,4280,4033,4329,4321,4387,4396,4798,4773,4299,4449,4174,4536,52775
Warszawa Falenica,Koleje Mazowieckie - KM Spółka z o.o.,2066,1956,2036,1997,1993,1867,1959,1910,2035,2158,1934,2094,24005
Warszawa Falenica,Szybka Kolej Miejska Sp. z o.o.,2340,2202,2398,2338,2406,2331,2387,2414,2337,2414,2321,2395,28283
Warszawa Falenica ,,4406,4158,4434,4335,4399,4198,4346,4324,4372,4572,4255,4489,52288
Warszawa Wawer,Koleje Mazowieckie - KM Spółka z o.o.,2062,1952,2032,1992,1992,1862,1955,1906,2030,2154,1931,2089,23957
Warszawa Wawer,Szybka Kolej Miejska Sp. z o.o.,2338,2202,2398,2338,2405,2331,2389,2414,2337,2413,2321,2395,28281
Warszawa Wawer ,,4400,4154,4430,4330,4397,4193,4344,4320,4367,4567,4252,4484,52238
Warszawa Anin,Koleje Mazowieckie - KM Spółka z o.o.,2062,1952,2032,1992,1990,1862,1955,1906,2030,2154,1930,2089,23954
Warszawa Anin,Szybka Kolej Miejska Sp. z o.o.,2338,2202,2398,2338,2406,2331,2388,2414,2337,2413,2321,2395,28281
Warszawa Anin ,,4400,4154,4430,4330,4396,4193,4343,4320,4367,4567,4251,4484,52235
Warszawa Międzylesie,Koleje Mazowieckie - KM Spółka z o.o.,2062,1952,2032,1992,1990,1862,1955,1906,2030,2154,1929,2089,23953
Warszawa Międzylesie,Szybka Kolej Miejska Sp. z o.o.,2339,2202,2398,2338,2406,2331,2388,2414,2337,2413,2321,2394,28281
Warszawa Międzylesie ,,4401,4154,4430,4330,4396,4193,4343,4320,4367,4567,4250,4483,52234
Warszawa Radość,Koleje Mazowieckie - KM Spółka z o.o.,2061,1952,2032,1992,1990,1862,1955,1906,2030,2154,1929,2089,23952
Warszawa Radość,Szybka Kolej Miejska Sp. z o.o.,2339,2202,2398,2338,2406,2331,2388,2414,2337,2413,2321,2394,28281
Warszawa Radość ,,4400,4154,4430,4330,4396,4193,4343,4320,4367,4567,4250,4483,52233
Warszawa Miedzeszyn,Koleje Mazowieckie - KM Spółka z o.o.,2061,1952,2032,1992,1990,1862,1955,1906,2030,2154,1929,2089,23952
Warszawa Miedzeszyn,Szybka Kolej Miejska Sp. z o.o.,2339,2202,2398,2338,2406,2331,2388,2414,2337,2413,2321,2393,28280
Warszawa Miedzeszyn ,,4400,4154,4430,4330,4396,4193,4343,4320,4367,4567,4250,4482,52232
Wołomin Słoneczna,Koleje Mazowieckie - KM Spółka z o.o.,4569,4330,4486,4265,4320,4200,4210,4072,4397,4676,4223,4392,52140
Wołomin Słoneczna ,,4569,4330,4486,4265,4320,4200,4210,4072,4397,4676,4223,4392,52140
Kobyłka Ossów,Koleje Mazowieckie - KM Spółka z o.o.,4569,4330,4486,4265,4320,4194,4210,4055,4398,4677,4223,4392,52119
Kobyłka Ossów ,,4569,4330,4486,4265,4320,4194,4210,4055,4398,4677,4223,4392,52119
Kobyłka,Koleje Mazowieckie - KM Spółka z o.o.,4569,4330,4486,4265,4320,4194,4210,4055,4398,4677,4223,4392,52119
Kobyłka ,,4569,4330,4486,4265,4320,4194,4210,4055,4398,4677,4223,4392,52119
Michalin,Koleje Mazowieckie - KM Spółka z o.o.,2061,1952,2032,1992,1990,1862,1955,1906,2029,2154,1929,2053,23915
Michalin,Szybka Kolej Miejska Sp. z o.o.,2340,2201,2398,2338,2322,2331,2383,2414,2337,2414,2321,2392,28191
Michalin ,,4401,4153,4430,4330,4312,4193,4338,4320,4366,4568,4250,4445,52106
Otwock Świder,Koleje Mazowieckie - KM Spółka z o.o.,2061,1952,2032,1992,1990,1862,1955,1906,2029,2154,1929,2053,23915
Otwock Świder,Szybka Kolej Miejska Sp. z o.o.,2340,2200,2398,2338,2322,2331,2383,2414,2337,2414,2321,2392,28190
Otwock Świder ,,4401,4152,4430,4330,4312,4193,4338,4320,4366,4568,4250,4445,52105
Józefów,Koleje Mazowieckie - KM Spółka z o.o.,2061,1952,2032,1992,1990,1862,1955,1906,2029,2154,1929,2053,23915
Józefów,Szybka Kolej Miejska Sp. z o.o.,2340,2200,2398,2338,2322,2331,2383,2414,2337,2414,2321,2392,28190
Józefów ,,4401,4152,4430,4330,4312,4193,4338,4320,4366,4568,4250,4445,52105
Tychy,Koleje Śląskie Spółka z o.o.,3685,3477,3637,3566,3610,3578,3790,3715,3515,3734,3520,3562,43389
Tychy,PKP INTERCITY Spółka Akcyjna ,679,607,707,707,726,726,745,792,645,718,698,796,8546
Tychy ,,4364,4084,4344,4273,4336,4304,4535,4507,4160,4452,4218,4358,51935
Warszawa Gocławek,Koleje Mazowieckie - KM Spółka z o.o.,2062,1952,2031,1979,1992,1701,1955,1906,2030,2152,1929,2090,23779
Warszawa Gocławek,Szybka Kolej Miejska Sp. z o.o.,2337,2202,2398,2289,2405,2125,2389,2414,2336,2413,2323,2399,28030
Warszawa Gocławek ,,4399,4154,4429,4268,4397,3826,4344,4320,4366,4565,4252,4489,51809
Warszawa Olszynka Grochowska,Koleje Mazowieckie - KM Spółka z o.o.,2062,1952,2031,1979,1992,1701,1955,1906,2030,2152,1929,2090,23779
Warszawa Olszynka Grochowska,Szybka Kolej Miejska Sp. z o.o.,2336,2202,2398,2289,2405,2125,2389,2414,2336,2413,2323,2399,28029
Warszawa Olszynka Grochowska ,,4398,4154,4429,4268,4397,3826,4344,4320,4366,4565,4252,4489,51808
Warszawa Grochów,Koleje Mazowieckie - KM Spółka z o.o.,2062,1952,2031,1979,1992,1701,1955,1906,2030,2152,1929,2090,23779
Warszawa Grochów,Szybka Kolej Miejska Sp. z o.o.,2336,2202,2398,2289,2405,2125,2389,2414,2336,2413,2322,2399,28028
Warszawa Grochów ,,4398,4154,4429,4268,4397,3826,4344,4320,4366,4565,4251,4489,51807
Nowy Dwór Mazowiecki,Koleje Mazowieckie - KM Spółka z o.o.,3358,3161,3322,3250,3321,3229,3115,3084,3018,3237,3199,3281,38575
Nowy Dwór Mazowiecki,PKP INTERCITY Spółka Akcyjna ,998,935,997,970,1003,1027,1159,1172,999,1020,987,1072,12339
Nowy Dwór Mazowiecki ,,4356,4096,4319,4220,4324,4256,4274,4256,4017,4257,4186,4353,50914
Żyrardów,Koleje Mazowieckie - KM Spółka z o.o.,2052,1926,2027,1980,2008,1943,2058,2033,1978,2068,1931,2012,24016
Żyrardów,PKP INTERCITY Spółka Akcyjna ,1788,1679,1693,1635,1678,1605,1714,1695,1630,1726,1630,1857,20330
Żyrardów,POLREGIO Spółka Akcyjna,528,502,512,507,496,470,544,510,507,544,474,497,6091
Żyrardów ,,4368,4107,4232,4122,4182,4018,4316,4238,4115,4338,4035,4366,50437
Legnica,Koleje Dolnośląskie S.A.,3794,3573,3807,3697,3828,3699,3825,3720,3542,3709,3687,3878,44759
Legnica,PKP INTERCITY Spółka Akcyjna ,412,398,420,405,421,396,482,483,362,425,407,426,5037
Legnica ,,4206,3971,4227,4102,4249,4095,4307,4203,3904,4134,4094,4304,49796
Sulejówek Miłosna,Koleje Mazowieckie - KM Spółka z o.o.,2566,2420,2304,2282,2347,2413,2585,2292,2475,2338,1889,2261,28172
Sulejówek Miłosna,PKP INTERCITY Spółka Akcyjna ,,,,69,57,,,,,,2,,128
Sulejówek Miłosna,Szybka Kolej Miejska Sp. z o.o.,2404,2256,2416,541,914,2296,2380,2386,2318,1314,,1360,20585
Sulejówek Miłosna ,,4970,4676,4720,2892,3318,4709,4965,4678,4793,3652,1891,3621,48885
Poznań Garbary,CARGO Master Spółka z o.o.,,,,,4,,,,,,,,4
Poznań Garbary,Koleje Wielkopolskie Sp. z o.o.,3705,3502,3635,3624,3556,3551,3858,3698,3664,3851,3544,3581,43769
Poznań Garbary,PKP INTERCITY Spółka Akcyjna ,,3,,1,,,1,,1,,8,,14
Poznań Garbary,POLREGIO Spółka Akcyjna,416,390,414,402,412,398,417,412,402,417,399,426,4905
Poznań Garbary,RAILPOLONIA Sp. z o.o. (przewozy pasażerskie),,,,,,,,,,,,2,2
Poznań Garbary ,,4121,3895,4049,4027,3972,3949,4276,4110,4067,4268,3951,4009,48694
Poznań Wschód,CARGO Master Spółka z o.o.,,,,,4,,,,,,,,4
Poznań Wschód,Koleje Wielkopolskie Sp. z o.o.,3705,3502,3635,3624,3556,3551,3858,3698,3664,3851,3544,3581,43769
Poznań Wschód,PKP INTERCITY Spółka Akcyjna ,,,,,,,,,,,3,,3
Poznań Wschód,POLREGIO Spółka Akcyjna,416,390,414,402,412,398,417,412,402,417,399,426,4905
Poznań Wschód,RAILPOLONIA Sp. z o.o. (przewozy pasażerskie),,,,,,,,,,,,2,2
Poznań Wschód ,,4121,3892,4049,4026,3972,3949,4275,4110,4066,4268,3946,4009,48683
Malbork,CARGO Master Spółka z o.o.,,2,,,,,,,,,,,2
Malbork,Koleje Mazowieckie - KM Spółka z o.o.,,,,,,18,66,66,2,,,,152
Malbork,PKP INTERCITY Spółka Akcyjna ,1616,1512,1616,1562,1561,1580,1710,1726,1529,1567,1574,1647,19200
Malbork,POLREGIO Spółka Akcyjna,2420,2276,2395,2324,2380,2315,2431,2416,2393,2489,2388,2535,28762
Malbork ,,4036,3790,4011,3886,3941,3913,4207,4208,3924,4056,3962,4182,48116
Warszawa Dawidy,Koleje Mazowieckie - KM Spółka z o.o.,2261,2123,2246,2185,2235,2156,2279,2247,2187,2282,2155,2250,26606
Warszawa Dawidy,Szybka Kolej Miejska Sp. z o.o.,1710,1604,1654,1594,1595,1633,1928,1864,2014,2119,1830,1927,21472
Warszawa Dawidy ,,3971,3727,3900,3779,3830,3789,4207,4111,4201,4401,3985,4177,48078
Warszawa Jeziorki,Koleje Mazowieckie - KM Spółka z o.o.,2261,2123,2246,2185,2235,2156,2279,2247,2187,2282,2155,2250,26606
Warszawa Jeziorki,Szybka Kolej Miejska Sp. z o.o.,1710,1604,1654,1594,1595,1633,1928,1864,2014,2119,1830,1927,21472
Warszawa Jeziorki ,,3971,3727,3900,3779,3830,3789,4207,4111,4201,4401,3985,4177,48078
Nowa Iwiczna,Koleje Mazowieckie - KM Spółka z o.o.,2261,2123,2246,2185,2235,2156,2279,2247,2187,2282,2155,2250,26606
Nowa Iwiczna,Szybka Kolej Miejska Sp. z o.o.,1710,1604,1654,1594,1595,1633,1928,1864,2014,2119,1830,1927,21472
Nowa Iwiczna ,,3971,3727,3900,3779,3830,3789,4207,4111,4201,4401,3985,4177,48078
Warszawa Okęcie,Koleje Mazowieckie - KM Spółka z o.o.,2261,2123,2246,2185,2235,2156,2279,2247,2187,2282,2155,2250,26606
Warszawa Okęcie,Szybka Kolej Miejska Sp. z o.o.,1710,1609,1654,1594,1595,1633,1928,1864,2014,2119,1815,1917,21452
Warszawa Okęcie ,,3971,3732,3900,3779,3830,3789,4207,4111,4201,4401,3970,4167,48058
Zgierz,Łódzka Kolej Aglomeracyjna Sp. z o.o.,3393,3213,3260,3135,3186,3147,3446,3362,3414,3566,3361,3686,40169
Zgierz,PKP INTERCITY Spółka Akcyjna ,496,463,495,480,496,518,620,616,483,496,480,530,6173
Zgierz,POLREGIO Spółka Akcyjna,124,114,124,120,122,118,124,124,119,124,119,124,1456
Zgierz ,,4013,3790,3879,3735,3804,3783,4190,4102,4016,4186,3960,4340,47798
Katowice Zawodzie,Koleje Śląskie Spółka z o.o.,3054,2918,3100,3026,3061,3010,3150,3106,2252,2307,2281,2410,33675
Katowice Zawodzie,PKP INTERCITY Spółka Akcyjna ,,,,,,,,,,1,,,1
Katowice Zawodzie,POLREGIO Spółka Akcyjna,1225,1268,1350,1311,1346,1317,1377,1359,828,868,840,868,13957
Katowice Zawodzie ,,4279,4186,4450,4337,4407,4327,4527,4465,3080,3176,3121,3278,47633
Katowice Szopienice Południowe,Koleje Śląskie Spółka z o.o.,3050,2909,3100,3026,3060,3008,3150,3102,2252,2305,2272,2410,33644
Katowice Szopienice Południowe,PKP INTERCITY Spółka Akcyjna ,,,,,,,,,,1,2,,3
Katowice Szopienice Południowe,POLREGIO Spółka Akcyjna,1225,1268,1350,1311,1346,1316,1377,1359,828,868,840,868,13956
Katowice Szopienice Południowe ,,4275,4177,4450,4337,4406,4324,4527,4461,3080,3174,3114,3278,47603
Zabrze,Koleje Śląskie Spółka z o.o.,2219,2104,2215,2172,2208,2166,2259,2224,2148,2258,2149,2213,26335
Zabrze,PKP INTERCITY Spółka Akcyjna ,1855,1739,1839,1793,1862,1826,2011,2010,1584,1452,1555,1704,21230
Zabrze ,,4074,3843,4054,3965,4070,3992,4270,4234,3732,3710,3704,3917,47565
Ząbki,Koleje Mazowieckie - KM Spółka z o.o.,4180,3965,4103,3852,3925,3833,3816,3683,4024,4282,3855,4015,47533
Ząbki ,,4180,3965,4103,3852,3925,3833,3816,3683,4024,4282,3855,4015,47533
Warszawa Zacisze Wilno,Koleje Mazowieckie - KM Spółka z o.o.,4180,3965,4103,3852,3925,3833,3816,3683,4024,4282,3855,4015,47533
Warszawa Zacisze Wilno ,,4180,3965,4103,3852,3925,3833,3816,3683,4024,4282,3855,4015,47533
Warszawa Wileńska,Koleje Mazowieckie - KM Spółka z o.o.,4180,3965,4103,3852,3925,3832,3815,3683,4024,4282,3856,4015,47532
Warszawa Wileńska ,,4180,3965,4103,3852,3925,3832,3815,3683,4024,4282,3856,4015,47532
Katowice Brynów,Koleje Śląskie Spółka z o.o.,4168,3925,4133,4085,4099,4047,4226,4143,3138,3941,3699,3872,47476
Katowice Brynów ,,4168,3925,4133,4085,4099,4047,4226,4143,3138,3941,3699,3872,47476
Warszawa Praga,Koleje Mazowieckie - KM Spółka z o.o.,1593,1505,1584,1549,1571,1525,1578,1549,1550,1626,1516,1582,18728
Warszawa Praga,PKP INTERCITY Spółka Akcyjna ,,,,,,,,,,2,,,2
Warszawa Praga,Szybka Kolej Miejska Sp. z o.o.,2402,2248,2416,2332,2417,2282,2378,2386,2340,2412,2336,2756,28705
Warszawa Praga ,,3995,3753,4000,3881,3988,3807,3956,3935,3890,4040,3852,4338,47435
Leszno,CARGO Master Spółka z o.o.,,,,,1,,,,,,,,1
Leszno,Koleje Dolnośląskie S.A.,,,,,,4,,,,,,,4
Leszno,Koleje Wielkopolskie Sp. z o.o.,1901,1767,1851,1810,1741,1742,1845,1783,1795,1890,1745,1863,21733
Leszno,PKP INTERCITY Spółka Akcyjna ,960,893,962,988,1025,1020,1071,1100,1055,1021,997,1215,12307
Leszno,POLREGIO Spółka Akcyjna,1142,965,1080,1103,1071,1009,1113,1138,1117,1152,1143,1203,13236
Leszno ,,4003,3625,3893,3901,3838,3775,4029,4021,3967,4063,3885,4281,47281
Warszawa Żerań,Koleje Mazowieckie - KM Spółka z o.o.,1568,1479,1558,1524,1545,1500,1550,1522,1525,1599,1492,1558,18420
Warszawa Żerań,PKP INTERCITY Spółka Akcyjna ,,,,,,,,,,2,,,2
Warszawa Żerań,Szybka Kolej Miejska Sp. z o.o.,2402,2246,2416,2332,2417,2282,2377,2386,2340,2411,2337,2756,28702
Warszawa Żerań ,,3970,3725,3974,3856,3962,3782,3927,3908,3865,4012,3829,4314,47124
Warszawa Choszczówka,Koleje Mazowieckie - KM Spółka z o.o.,1568,1479,1558,1523,1540,1500,1548,1522,1523,1593,1492,1567,18413
Warszawa Choszczówka,Szybka Kolej Miejska Sp. z o.o.,2402,2245,2415,2331,2407,2281,2376,2386,2340,2403,2336,2763,28685
Warszawa Choszczówka ,,3970,3724,3973,3854,3947,3781,3924,3908,3863,3996,3828,4330,47098
Warszawa Wesoła,Koleje Mazowieckie - KM Spółka z o.o.,2504,2362,2229,1863,2048,2348,2513,2222,2416,2154,1615,2134,26408
Warszawa Wesoła,Szybka Kolej Miejska Sp. z o.o.,2404,2256,2416,541,914,2296,2380,2386,2318,1314,,1360,20585
Warszawa Wesoła ,,4908,4618,4645,2404,2962,4644,4893,4608,4734,3468,1615,3494,46993
Lublin Główny,PKP INTERCITY Spółka Akcyjna ,1306,1225,1311,1270,1312,1303,1432,1428,1311,1312,1272,1417,15899
Lublin Główny,POLREGIO Spółka Akcyjna,2555,2439,2525,2517,2492,2516,2656,2567,2551,2633,2418,2497,30366
Lublin Główny,SKPL Cargo Sp. z o.o.  (przewozy pasażerskie),47,58,62,60,62,60,62,62,60,62,60,59,714
Lublin Główny ,,3908,3722,3898,3847,3866,3879,4150,4057,3922,4007,3750,3973,46979
Warszawa Wola Grzybowska,Koleje Mazowieckie - KM Spółka z o.o.,2504,2362,2229,1784,1988,2348,2513,2212,2416,2144,1596,2124,26220
Warszawa Wola Grzybowska,Szybka Kolej Miejska Sp. z o.o.,2404,2256,2416,541,914,2296,2380,2386,2318,1314,,1360,20585
Warszawa Wola Grzybowska ,,4908,4618,4645,2325,2902,4644,4893,4598,4734,3458,1596,3484,46805
Sulejówek,Koleje Mazowieckie - KM Spółka z o.o.,2504,2362,2229,1784,1988,2348,2513,2212,2416,2144,1596,2124,26220
Sulejówek,Szybka Kolej Miejska Sp. z o.o.,2404,2256,2416,541,914,2296,2380,2386,2318,1314,,1360,20585
Sulejówek ,,4908,4618,4645,2325,2902,4644,4893,4598,4734,3458,1596,3484,46805
Warszawa Lotnisko Chopina,Koleje Mazowieckie - KM Spółka z o.o.,1116,1042,1114,1077,1116,815,1050,1052,1078,1114,1080,1112,12766
Warszawa Lotnisko Chopina,Szybka Kolej Miejska Sp. z o.o.,2183,2112,2115,2112,2246,2838,3261,3278,3298,3404,3282,3462,33591
Warszawa Lotnisko Chopina ,,3299,3154,3229,3189,3362,3653,4311,4330,4376,4518,4362,4574,46357
Zielona Góra Główna,Koleje Dolnośląskie S.A.,,,312,428,440,430,444,455,407,444,428,658,4446
Zielona Góra Główna,PKP INTERCITY Spółka Akcyjna ,866,812,862,838,867,841,866,832,720,805,779,870,9958
Zielona Góra Główna,POLREGIO Spółka Akcyjna,2694,2695,2711,2624,2685,2477,2282,2231,2437,2708,2547,2617,30708
Zielona Góra Główna ,,3560,3507,3885,3890,3992,3748,3592,3518,3564,3957,3754,4145,45112
Krzeszowice,Koleje Małopolskie Sp. z o.o.,804,753,806,780,806,780,806,805,780,806,780,824,9530
Krzeszowice,Koleje Śląskie Spółka z o.o.,247,232,246,240,248,240,248,248,240,248,240,247,2924
Krzeszowice,PKP INTERCITY Spółka Akcyjna ,1113,1043,1116,1078,1114,1128,1266,1269,1051,1100,1078,1212,13568
Krzeszowice,POLREGIO Spółka Akcyjna,1605,1508,1575,1533,1583,1549,1608,1587,1545,1602,1537,1653,18885
Krzeszowice ,,3769,3536,3743,3631,3751,3697,3928,3909,3616,3756,3635,3936,44907
Rumia Janowo,PKP Szybka Kolej Miejska w Trójmieście sp. z o.o.,3978,3758,3796,3684,3699,3761,4144,4024,3518,3552,3333,3468,44715
Rumia Janowo ,,3978,3758,3796,3684,3699,3761,4144,4024,3518,3552,3333,3468,44715
Trzebinia,Koleje Małopolskie Sp. z o.o.,804,753,806,780,806,780,806,805,780,806,780,824,9530
Trzebinia,Koleje Śląskie Spółka z o.o.,246,232,246,240,248,240,248,248,240,248,240,247,2923
Trzebinia,PKP INTERCITY Spółka Akcyjna ,1113,1043,1116,1078,1115,1128,1266,1269,1051,1100,1078,1212,13569
Trzebinia,POLREGIO Spółka Akcyjna,1552,1458,1523,1481,1529,1501,1555,1534,1494,1561,1491,1635,18314
Trzebinia ,,3715,3486,3691,3579,3698,3649,3875,3856,3565,3715,3589,3918,44336
Zawiercie,Koleje Śląskie Spółka z o.o.,2291,2170,2302,2237,2270,2239,2342,2315,2304,2352,2220,2342,27384
Zawiercie,PKP INTERCITY Spółka Akcyjna ,1414,1325,1363,1309,1345,1391,1541,1533,1253,1293,1246,1533,16546
Zawiercie ,,3705,3495,3665,3546,3615,3630,3883,3848,3557,3645,3466,3875,43930
Tarnów,Koleje Małopolskie Sp. z o.o.,1071,1013,1071,1041,1045,1034,1086,1063,1039,1086,1026,1053,12628
Tarnów,PKP CARGO S.A. w restrukturyzacji,,,,,,,,,6,,,,6
Tarnów,PKP INTERCITY Spółka Akcyjna ,1199,1125,1210,1167,1216,1173,1200,1205,1187,1219,1190,1332,14423
Tarnów,POLREGIO Spółka Akcyjna,1416,1340,1410,1376,1402,1370,1439,1416,1378,1438,1358,1401,16744
Tarnów ,,3686,3478,3691,3584,3663,3577,3725,3684,3610,3743,3574,3786,43801
Warszawa ZOO,Koleje Mazowieckie - KM Spółka z o.o.,1961,1859,1957,1925,1940,1923,2007,1958,1807,1903,1748,1865,22853
Warszawa ZOO,Szybka Kolej Miejska Sp. z o.o.,2406,2251,2416,2332,2417,1448,1205,1208,1170,1209,1169,1584,20815
Warszawa ZOO ,,4367,4110,4373,4257,4357,3371,3212,3166,2977,3112,2917,3449,43668
Oświęcim,Koleje Małopolskie Sp. z o.o.,1973,1855,1981,1920,1984,1917,1982,1983,1908,1981,1920,2001,23405
Oświęcim,Koleje Śląskie Spółka z o.o.,730,690,724,706,702,700,740,717,696,739,691,710,8545
Oświęcim,LEO Express Global a.s.,16,16,19,17,27,26,25,16,12,16,18,28,236
Oświęcim,PKP INTERCITY Spółka Akcyjna ,309,290,310,300,311,337,434,434,271,294,300,307,3897
Oświęcim,POLREGIO Spółka Akcyjna,568,510,544,593,611,599,620,620,594,615,600,616,7090
Oświęcim,Leo Express s.r.o.,,,,,,,,,,,,10,10
Oświęcim ,,3596,3361,3578,3536,3635,3579,3801,3770,3481,3645,3529,3672,43183
Grodzisk Mazowiecki,Koleje Mazowieckie - KM Spółka z o.o.,2949,2774,2928,2880,2895,2997,3300,3219,3136,3278,3020,3258,36634
Grodzisk Mazowiecki,PKP INTERCITY Spółka Akcyjna ,243,228,262,265,277,243,240,239,,,2,83,2082
Grodzisk Mazowiecki,POLREGIO Spółka Akcyjna,528,502,512,507,497,470,544,510,,,,257,4327
Grodzisk Mazowiecki ,,3720,3504,3702,3652,3669,3710,4084,3968,3136,3278,3022,3598,43043
Wejherowo Śmiechowo,PKP Szybka Kolej Miejska w Trójmieście sp. z o.o.,3721,3506,3545,3433,3483,3526,3860,3784,3396,3506,3296,3412,42468
Wejherowo Śmiechowo ,,3721,3506,3545,3433,3483,3526,3860,3784,3396,3506,3296,3412,42468
Wejherowo-Nanice,PKP Szybka Kolej Miejska w Trójmieście sp. z o.o.,3721,3506,3545,3433,3483,3526,3860,3784,3396,3506,3296,3412,42468
Wejherowo-Nanice ,,3721,3506,3545,3433,3483,3526,3860,3784,3396,3506,3296,3412,42468
Reda Pieleszewo,PKP Szybka Kolej Miejska w Trójmieście sp. z o.o.,3721,3506,3545,3433,3483,3526,3860,3784,3396,3506,3296,3412,42468
Reda Pieleszewo ,,3721,3506,3545,3433,3483,3526,3860,3784,3396,3506,3296,3412,42468
Kraków Bieżanów,Koleje Małopolskie Sp. z o.o.,3015,2837,2993,2932,2999,2918,3034,3008,2929,3038,2916,3084,35703
Kraków Bieżanów,POLREGIO Spółka Akcyjna,536,505,535,518,531,520,542,536,522,542,517,534,6338
Kraków Bieżanów ,,3551,3342,3528,3450,3530,3438,3576,3544,3451,3580,3433,3618,42041
Łowicz Główny,CARGO Master Spółka z o.o.,,,,,1,,,,,,,,1
Łowicz Główny,Koleje Mazowieckie - KM Spółka z o.o.,1017,959,1011,987,1008,979,1024,1015,985,1027,942,1006,11960
Łowicz Główny,Łódzka Kolej Aglomeracyjna Sp. z o.o.,1378,1298,1506,1526,1549,1503,1036,572,1767,1847,1754,1851,17587
Łowicz Główny,PKP INTERCITY Spółka Akcyjna ,1053,985,1054,1019,1055,1028,1054,1056,1019,1054,1019,1059,12455
Łowicz Główny ,,3448,3242,3571,3532,3613,3510,3114,2643,3771,3928,3715,3916,42003
Wrocław Nadodrze,CARGO Master Spółka z o.o.,,,6,1,,,,,,,,,7
Wrocław Nadodrze,Koleje Dolnośląskie S.A.,2261,2140,2234,2190,2218,2168,2324,2256,2186,2309,2117,2240,26643
Wrocław Nadodrze,LEO Express Global a.s.,,,2,,,,,,,,,,2
Wrocław Nadodrze,PKP INTERCITY Spółka Akcyjna ,363,336,363,352,365,350,364,365,351,365,351,443,4368
Wrocław Nadodrze,POLREGIO Spółka Akcyjna,915,862,909,887,898,878,927,908,885,927,870,903,10769
Wrocław Nadodrze ,,3539,3338,3514,3430,3481,3396,3615,3529,3422,3601,3338,3586,41789
Łódź Pabianicka,Koleje Wielkopolskie Sp. z o.o.,60,58,18,,,,,,,,,,136
Łódź Pabianicka,Łódzka Kolej Aglomeracyjna Sp. z o.o.,2731,2684,2799,2700,2762,2704,2874,2803,3175,3299,2136,2606,33273
Łódź Pabianicka,PKP INTERCITY Spółka Akcyjna ,,,132,177,186,180,186,186,90,93,300,182,1712
Łódź Pabianicka,POLREGIO Spółka Akcyjna,574,552,537,540,537,540,573,556,542,584,525,526,6586
Łódź Pabianicka ,,3365,3294,3486,3417,3485,3424,3633,3545,3807,3976,2961,3314,41707
Łódź Andrzejów,Łódzka Kolej Aglomeracyjna Sp. z o.o.,2365,2223,2378,2342,2386,2331,2526,2471,2358,2413,2330,2551,28674
Łódź Andrzejów,POLREGIO Spółka Akcyjna,1043,996,1026,1011,1031,1000,1089,1042,1029,1060,1005,1070,12402
Łódź Andrzejów ,,3408,3219,3404,3353,3417,3331,3615,3513,3387,3473,3335,3621,41076
Sosnowiec Główny,Koleje Śląskie Spółka z o.o.,2073,1963,2107,2064,2110,2076,2176,2155,1901,2050,1974,2102,24751
Sosnowiec Główny,PKP INTERCITY Spółka Akcyjna ,1317,1295,1355,1291,1160,1104,1119,1144,909,938,967,1164,13763
Sosnowiec Główny,POLREGIO Spółka Akcyjna,120,16,,,,,,,485,510,470,486,2087
Sosnowiec Główny ,,3510,3274,3462,3355,3270,3180,3295,3299,3295,3498,3411,3752,40601
Skarżysko-Kamienna,Koleje Mazowieckie - KM Spółka z o.o.,826,776,822,800,819,793,832,823,800,832,789,819,9731
Skarżysko-Kamienna,Łódzka Kolej Aglomeracyjna Sp. z o.o.,246,232,248,144,248,240,110,224,237,248,240,248,2665
Skarżysko-Kamienna,PKP INTERCITY Spółka Akcyjna ,795,746,795,770,796,770,797,799,776,806,780,942,9572
Skarżysko-Kamienna,POLREGIO Spółka Akcyjna,1456,1380,1548,1507,1600,1539,1479,1569,1539,1615,1534,1620,18386
Skarżysko-Kamienna ,,3323,3134,3413,3221,3463,3342,3218,3415,3352,3501,3343,3629,40354
Rzeszów Zachodni,PKP INTERCITY Spółka Akcyjna ,122,116,123,120,124,120,120,123,149,248,152,56,1573
Rzeszów Zachodni,POLREGIO Spółka Akcyjna,3268,3140,3265,3204,3234,2951,3209,3145,3226,3384,3144,3263,38433
Rzeszów Zachodni ,,3390,3256,3388,3324,3358,3071,3329,3268,3375,3632,3296,3319,40006
Gdańsk Strzyża,POLREGIO Spółka Akcyjna,3074,2890,3307,3331,3402,3316,3489,3448,3331,3473,3285,3401,39747
Gdańsk Strzyża ,,3074,2890,3307,3331,3402,3316,3489,3448,3331,3473,3285,3401,39747
Gdańsk Jasień,POLREGIO Spółka Akcyjna,3074,2890,3307,3331,3402,3316,3489,3448,3331,3473,3285,3401,39747
Gdańsk Jasień ,,3074,2890,3307,3331,3402,3316,3489,3448,3331,3473,3285,3401,39747
Gdańsk Kiełpinek,POLREGIO Spółka Akcyjna,3074,2890,3307,3332,3401,3316,3489,3448,3331,3473,3285,3400,39746
Gdańsk Kiełpinek ,,3074,2890,3307,3332,3401,3316,3489,3448,3331,3473,3285,3400,39746
Kielce Główne,Łódzka Kolej Aglomeracyjna Sp. z o.o.,,,,,,,,,,,,28,28
Kielce Główne,PKP INTERCITY Spółka Akcyjna ,857,804,862,830,858,830,859,863,837,868,841,1086,10395
Kielce Główne,POLREGIO Spółka Akcyjna,2413,2279,2459,2406,2453,2390,2502,2476,2401,2501,2372,2546,29198
Kielce Główne ,,3270,3083,3321,3236,3311,3220,3361,3339,3238,3369,3213,3660,39621
Gdańsk Brętowo,POLREGIO Spółka Akcyjna,3012,2832,3267,3301,3371,3308,3489,3448,3331,3473,3285,3401,39518
Gdańsk Brętowo ,,3012,2832,3267,3301,3371,3308,3489,3448,3331,3473,3285,3401,39518
Gdańsk Niedźwiednik,POLREGIO Spółka Akcyjna,3012,2832,3267,3301,3371,3308,3489,3448,3331,3473,3285,3401,39518
Gdańsk Niedźwiednik ,,3012,2832,3267,3301,3371,3308,3489,3448,3331,3473,3285,3401,39518
Gdańsk Stocznia,PKP Szybka Kolej Miejska w Trójmieście sp. z o.o.,6263,6012,5781,5575,5523,5906,4175,,,,,,39235
Gdańsk Stocznia ,,6263,6012,5781,5575,5523,5906,4175,,,,,,39235
Olsztyn Główny,PKP INTERCITY Spółka Akcyjna ,1107,1044,1108,1080,1119,1092,1131,1130,1088,1123,1088,1144,13254
Olsztyn Główny,POLREGIO Spółka Akcyjna,2192,2065,2146,2085,2131,2109,2266,2231,2159,2256,2129,2166,25935
Olsztyn Główny ,,3299,3109,3254,3165,3250,3201,3397,3361,3247,3379,3217,3310,39189
Siedlce,Koleje Mazowieckie - KM Spółka z o.o.,2413,2282,2400,2290,2370,2314,2404,2352,2216,2421,2274,2374,28110
Siedlce,PKP INTERCITY Spółka Akcyjna ,551,519,558,540,558,546,564,566,547,564,550,574,6637
Siedlce,POLREGIO Spółka Akcyjna,372,348,370,360,372,360,371,372,357,372,360,372,4386
Siedlce ,,3336,3149,3328,3190,3300,3220,3339,3290,3120,3357,3184,3320,39133
Wrocław Muchobór,Koleje Dolnośląskie S.A.,3177,2999,3060,2923,2995,2902,3034,3011,2921,3042,2888,3194,36146
Wrocław Muchobór,POLREGIO Spółka Akcyjna,,,176,240,248,237,245,248,235,247,240,112,2228
Wrocław Muchobór ,,3177,2999,3236,3163,3243,3139,3279,3259,3156,3289,3128,3306,38374
Kraków Prokocim,Koleje Małopolskie Sp. z o.o.,2905,2732,2885,2825,2898,2813,2926,2906,2825,2926,2814,2973,34428
Kraków Prokocim,POLREGIO Spółka Akcyjna,323,303,318,309,314,310,325,319,312,325,307,316,3781
Kraków Prokocim ,,3228,3035,3203,3134,3212,3123,3251,3225,3137,3251,3121,3289,38209
Zbąszynek,CARGO Master Spółka z o.o.,,,,,2,,,,,,,,2
Zbąszynek,Koleje Wielkopolskie Sp. z o.o.,1222,1160,1202,1174,1172,1169,1266,1213,1200,1266,1160,1154,14358
Zbąszynek,PKP INTERCITY Spółka Akcyjna ,971,909,964,942,975,944,982,966,941,930,907,962,11393
Zbąszynek,POLREGIO Spółka Akcyjna,965,984,1000,1022,1025,1006,1117,1044,1007,1077,959,1172,12378
Zbąszynek ,,3158,3053,3166,3138,3174,3119,3365,3223,3148,3273,3026,3288,38131
Mińsk Mazowiecki,Koleje Mazowieckie - KM Spółka z o.o.,2891,2727,2595,2437,2547,2708,2873,2476,2762,2591,2077,2563,31247
Mińsk Mazowiecki,PKP INTERCITY Spółka Akcyjna ,551,519,558,540,558,546,564,566,547,562,549,574,6634
Mińsk Mazowiecki ,,3442,3246,3153,2977,3105,3254,3437,3042,3309,3153,2626,3137,37881
Wrocław Sołtysowice,Koleje Dolnośląskie S.A.,2261,2136,2232,2190,2217,2168,2322,2253,2186,2309,2115,2238,26627
Wrocław Sołtysowice,POLREGIO Spółka Akcyjna,915,862,909,887,900,878,927,908,885,927,870,903,10771
Wrocław Sołtysowice ,,3176,2998,3141,3077,3117,3046,3249,3161,3071,3236,2985,3141,37398
Klembów,Koleje Mazowieckie - KM Spółka z o.o.,3167,2986,3149,3032,3094,3031,3204,3150,3104,3254,3045,3139,37355
Klembów ,,3167,2986,3149,3032,3094,3031,3204,3150,3104,3254,3045,3139,37355
Jasienica Mazowiecka,Koleje Mazowieckie - KM Spółka z o.o.,3167,2986,3149,3032,3094,3031,3204,3150,3104,3254,3045,3139,37355
Jasienica Mazowiecka ,,3167,2986,3149,3032,3094,3031,3204,3150,3104,3254,3045,3139,37355
Zagościniec,Koleje Mazowieckie - KM Spółka z o.o.,3167,2986,3149,3032,3094,3031,3204,3150,3104,3254,3045,3138,37354
Zagościniec ,,3167,2986,3149,3032,3094,3031,3204,3150,3104,3254,3045,3138,37354
Dobczyn,Koleje Mazowieckie - KM Spółka z o.o.,3167,2986,3149,3032,3094,3031,3204,3150,3104,3254,3045,3138,37354
Dobczyn ,,3167,2986,3149,3032,3094,3031,3204,3150,3104,3254,3045,3138,37354
Modlin,Koleje Mazowieckie - KM Spółka z o.o.,3265,3075,3205,3141,3218,3109,2977,2951,2927,3141,3120,3217,37346
Modlin ,,3265,3075,3205,3141,3218,3109,2977,2951,2927,3141,3120,3217,37346
Dęblin,Koleje Mazowieckie - KM Spółka z o.o.,1741,1624,1729,1681,1717,1660,1701,1683,1679,1756,1669,1739,20379
Dęblin,PKP INTERCITY Spółka Akcyjna ,725,680,752,729,752,777,876,875,683,712,727,774,9062
Dęblin,POLREGIO Spółka Akcyjna,674,635,660,649,634,640,686,657,649,687,625,655,7851
Dęblin ,,3140,2939,3141,3059,3103,3077,3263,3215,3011,3155,3021,3168,37292
Szczecin Zdroje,POLREGIO Spółka Akcyjna,2928,2773,3034,3072,3081,3070,3248,3211,3082,3210,2970,3147,36826
Szczecin Zdroje ,,2928,2773,3034,3072,3081,3070,3248,3211,3082,3210,2970,3147,36826
Czechowice-Dziedzice,Koleje Śląskie Spółka z o.o.,1725,1621,1711,1660,1704,1675,1771,1770,1700,1786,1692,1779,20594
Czechowice-Dziedzice,PKP INTERCITY Spółka Akcyjna ,890,839,892,889,913,940,1167,1164,792,861,848,895,11090
Czechowice-Dziedzice,POLREGIO Spółka Akcyjna,357,298,323,416,422,419,434,434,413,429,420,460,4825
Czechowice-Dziedzice,RegioJet a.s.,,,,,,,,,,,,34,34
Czechowice-Dziedzice ,,2972,2758,2926,2965,3039,3034,3372,3368,2905,3076,2960,3168,36543
Gdańsk Port Lotniczy,POLREGIO Spółka Akcyjna,3074,2890,3055,2972,3029,2956,3117,3076,2971,3101,2925,3028,36194
Gdańsk Port Lotniczy ,,3074,2890,3055,2972,3029,2956,3117,3076,2971,3101,2925,3028,36194
Gdańsk Firoga,POLREGIO Spółka Akcyjna,3074,2890,3055,2972,3029,2956,3117,3076,2971,3101,2925,3028,36194
Gdańsk Firoga ,,3074,2890,3055,2972,3029,2956,3117,3076,2971,3101,2925,3028,36194
Gdańsk Matarnia,POLREGIO Spółka Akcyjna,3012,2832,3037,2972,3029,2956,3117,3076,2971,3101,2925,3028,36056
Gdańsk Matarnia ,,3012,2832,3037,2972,3029,2956,3117,3076,2971,3101,2925,3028,36056
Gniezno,CARGO Master Spółka z o.o.,,,,1,,,,,,,,,1
Gniezno,Koleje Wielkopolskie Sp. z o.o.,1494,1418,1466,1444,1414,1420,1538,1476,1464,1541,1432,1458,17565
Gniezno,PKP INTERCITY Spółka Akcyjna ,1054,986,1057,1025,1064,1034,1068,1074,1035,1066,1035,1132,12630
Gniezno,POLREGIO Spółka Akcyjna,460,432,456,444,448,438,464,452,444,464,440,464,5406
Gniezno,RAILPOLONIA Sp. z o.o. (przewozy pasażerskie),,,,,,,,,,,,3,3
Gniezno ,,3008,2836,2979,2914,2926,2892,3070,3002,2943,3071,2907,3057,35605
Ostrów Wielkopolski,Koleje Wielkopolskie Sp. z o.o.,1236,1171,1214,1189,1107,1103,1172,1120,1118,1167,1089,1080,13766
Ostrów Wielkopolski,Łódzka Kolej Aglomeracyjna Sp. z o.o.,26,24,30,30,38,30,24,30,25,24,30,38,349
Ostrów Wielkopolski,PKP INTERCITY Spółka Akcyjna ,735,687,679,651,674,688,810,798,659,675,657,755,8468
Ostrów Wielkopolski,POLREGIO Spółka Akcyjna,1099,1032,1096,1067,1090,1060,1111,1094,1051,1109,1052,1090,12951
Ostrów Wielkopolski ,,3096,2914,3019,2937,2909,2881,3117,3042,2853,2975,2828,2963,35534
Gałkówek,Łódzka Kolej Aglomeracyjna Sp. z o.o.,2364,2223,2379,2344,2387,2332,2527,2457,2358,2413,2330,2551,28665
Gałkówek,POLREGIO Spółka Akcyjna,522,494,534,509,551,530,545,546,522,523,530,573,6379
Gałkówek ,,2886,2717,2913,2853,2938,2862,3072,3003,2880,2936,2860,3124,35044
Brzeg,PKP INTERCITY Spółka Akcyjna ,1185,1109,1209,1177,1224,1242,1458,1473,1272,1310,1261,1349,15269
Brzeg,POLREGIO Spółka Akcyjna,1660,1594,1600,1564,1569,1572,1719,1670,1594,1727,1549,1565,19383
Brzeg ,,2845,2703,2809,2741,2793,2814,3177,3143,2866,3037,2810,2914,34652
Bedoń,Łódzka Kolej Aglomeracyjna Sp. z o.o.,2320,2181,2337,2300,2346,2291,2480,2429,2316,2427,2292,2504,28223
Bedoń,POLREGIO Spółka Akcyjna,522,494,534,506,550,530,545,546,522,545,530,573,6397
Bedoń ,,2842,2675,2871,2806,2896,2821,3025,2975,2838,2972,2822,3077,34620
Milanówek,Koleje Mazowieckie - KM Spółka z o.o.,2764,2598,2751,2703,2723,2837,3108,3040,2981,3135,2882,3097,34619
Milanówek ,,2764,2598,2751,2703,2723,2837,3108,3040,2981,3135,2882,3097,34619
Justynów,Łódzka Kolej Aglomeracyjna Sp. z o.o.,2320,2181,2337,2300,2346,2291,2480,2429,2316,2427,2292,2504,28223
Justynów,POLREGIO Spółka Akcyjna,522,494,534,506,550,530,544,546,522,545,530,573,6396
Justynów ,,2842,2675,2871,2806,2896,2821,3024,2975,2838,2972,2822,3077,34619
Brwinów,Koleje Mazowieckie - KM Spółka z o.o.,2764,2598,2751,2703,2723,2837,3107,3040,2981,3134,2882,3097,34617
Brwinów ,,2764,2598,2751,2703,2723,2837,3107,3040,2981,3134,2882,3097,34617
Parzniew,Koleje Mazowieckie - KM Spółka z o.o.,2764,2598,2751,2703,2723,2837,3106,3040,2981,3134,2882,3097,34616
Parzniew ,,2764,2598,2751,2703,2723,2837,3106,3040,2981,3134,2882,3097,34616
Dąbrowa Górnicza,Koleje Śląskie Spółka z o.o.,2070,1961,2103,2054,1956,2040,2130,2134,1930,2014,1967,2070,24429
Dąbrowa Górnicza,PKP INTERCITY Spółka Akcyjna ,1010,1000,1047,993,850,804,809,834,609,629,668,827,10080
Dąbrowa Górnicza ,,3080,2961,3150,3047,2806,2844,2939,2968,2539,2643,2635,2897,34509
Pruszcz Gdański,PKP INTERCITY Spółka Akcyjna ,364,348,371,362,372,360,372,373,362,372,366,372,4394
Pruszcz Gdański,PKP Szybka Kolej Miejska w Trójmieście sp. z o.o.,,,,,1,,,,,,,,1
Pruszcz Gdański,POLREGIO Spółka Akcyjna,2434,2338,2440,2371,2408,2370,2537,2480,2470,2591,2453,2602,29494
Pruszcz Gdański ,,2798,2686,2811,2733,2781,2730,2909,2853,2832,2963,2819,2974,33889
Szczecin Port Centralny,PKP INTERCITY Spółka Akcyjna ,,,,,1,,,,,,,,1
Szczecin Port Centralny,POLREGIO Spółka Akcyjna,2392,2286,2411,2431,2364,2844,3119,3023,3336,3521,3049,3090,33866
Szczecin Port Centralny ,,2392,2286,2411,2431,2365,2844,3119,3023,3336,3521,3049,3090,33867
Katowice Podlesie,Koleje Śląskie Spółka z o.o.,2992,2827,2954,2904,2886,2880,3051,2968,2366,2769,2558,2698,33853
Katowice Podlesie ,,2992,2827,2954,2904,2886,2880,3051,2968,2366,2769,2558,2698,33853
Wrocław Szczepin,Koleje Dolnośląskie S.A.,1973,1874,1952,1914,1919,1880,2021,1953,1899,2021,1848,1913,23167
Wrocław Szczepin,PKP INTERCITY Spółka Akcyjna ,,,,2,2,,,,,,,,4
Wrocław Szczepin,POLREGIO Spółka Akcyjna,915,862,888,857,867,870,927,908,885,928,870,903,10680
Wrocław Szczepin ,,2888,2736,2840,2773,2788,2750,2948,2861,2784,2949,2718,2816,33851
Piła Główna,CARGO Master Spółka z o.o.,,,,2,2,,,,,,,,4
Piła Główna,Koleje Wielkopolskie Sp. z o.o.,551,532,554,546,542,533,572,552,548,572,534,558,6594
Piła Główna,PKP INTERCITY Spółka Akcyjna ,694,654,702,720,744,785,920,945,435,432,422,642,8095
Piła Główna,POLREGIO Spółka Akcyjna,1619,1522,1526,1469,1546,1602,1691,1692,1572,1651,1557,1595,19042
Piła Główna ,,2864,2708,2782,2737,2834,2920,3183,3189,2555,2655,2513,2795,33735
Łódź Żabieniec,Łódzka Kolej Aglomeracyjna Sp. z o.o.,2183,2061,2154,2100,2133,2052,2160,2116,2287,2356,2293,2400,26295
Łódź Żabieniec,PKP INTERCITY Spółka Akcyjna ,496,463,494,480,496,499,558,555,482,487,459,516,5985
Łódź Żabieniec,POLREGIO Spółka Akcyjna,124,114,124,120,122,118,124,124,119,121,119,124,1453
Łódź Żabieniec ,,2803,2638,2772,2700,2751,2669,2842,2795,2888,2964,2871,3040,33733
Gdańsk Rębiechowo,POLREGIO Spółka Akcyjna,2856,2680,2845,2762,2829,2756,2887,2866,2763,2871,2735,2829,33679
Gdańsk Rębiechowo ,,2856,2680,2845,2762,2829,2756,2887,2866,2763,2871,2735,2829,33679
Krzyż,Koleje Wielkopolskie Sp. z o.o.,557,522,558,540,558,539,558,557,540,558,539,626,6652
Krzyż,PKP INTERCITY Spółka Akcyjna ,672,628,607,591,613,608,673,675,665,678,662,829,7901
Krzyż,POLREGIO Spółka Akcyjna,1589,1537,1541,1478,1565,1600,1683,1670,1587,1659,1535,1650,19094
Krzyż ,,2818,2687,2706,2609,2736,2747,2914,2902,2792,2895,2736,3105,33647
Gdynia Orłowo,POLREGIO Spółka Akcyjna,2769,2637,2811,2739,2781,2708,2814,2794,2801,2927,2813,2971,33565
Gdynia Orłowo ,,2769,2637,2811,2739,2781,2708,2814,2794,2801,2927,2813,2971,33565
Iława Główna,Koleje Mazowieckie - KM Spółka z o.o.,,,,,,18,66,66,2,,,,152
Iława Główna,PKP INTERCITY Spółka Akcyjna ,1675,1572,1675,1624,1676,1630,1776,1792,1591,1630,1578,1652,19871
Iława Główna,POLREGIO Spółka Akcyjna,1150,1086,1134,1111,1120,1085,1124,1096,1111,1170,1079,1113,13379
Iława Główna ,,2825,2658,2809,2735,2796,2733,2966,2954,2704,2800,2657,2765,33402
Legionowo Przystanek,CARGO Master Spółka z o.o.,,,,,1,,,,,,,,1
Legionowo Przystanek,Koleje Mazowieckie - KM Spółka z o.o.,2866,2699,2855,2780,2845,2749,2724,2700,2661,2817,2750,2862,33308
Legionowo Przystanek ,,2866,2699,2855,2780,2846,2749,2724,2700,2661,2817,2750,2862,33309
Sochaczew,Koleje Mazowieckie - KM Spółka z o.o.,1799,1683,1777,1739,1764,1710,1809,1786,1710,1821,1690,1795,21083
Sochaczew,PKP INTERCITY Spółka Akcyjna ,954,898,1027,1018,1055,1021,1037,1054,970,1054,1003,1059,12150
Sochaczew ,,2753,2581,2804,2757,2819,2731,2846,2840,2680,2875,2693,2854,33233
Dębica,PKP INTERCITY Spółka Akcyjna ,934,880,940,908,946,911,939,938,960,1079,960,1053,11448
Dębica,POLREGIO Spółka Akcyjna,1842,1779,1836,1811,1799,1724,1867,1754,1814,1920,1740,1822,21708
Dębica ,,2776,2659,2776,2719,2745,2635,2806,2692,2774,2999,2700,2875,33156
Chotomów,Koleje Mazowieckie - KM Spółka z o.o.,2799,2634,2788,2710,2775,2687,2778,2754,2714,2827,2678,2787,32931
Chotomów ,,2799,2634,2788,2710,2775,2687,2778,2754,2714,2827,2678,2787,32931
Głogów,Koleje Dolnośląskie S.A.,1538,1484,1442,1338,1378,1298,1398,1394,1146,1388,1336,1584,16724
Głogów,PKP INTERCITY Spółka Akcyjna ,433,406,431,418,433,439,496,496,356,433,419,475,5235
Głogów,POLREGIO Spółka Akcyjna,1139,977,948,914,879,769,917,942,814,860,802,720,10681
Głogów ,,3110,2867,2821,2670,2690,2506,2811,2832,2316,2681,2557,2779,32640
Myszków,Koleje Śląskie Spółka z o.o.,2112,1981,2104,2029,2088,2046,2134,2122,1781,2120,2160,2218,24895
Myszków,PKP INTERCITY Spółka Akcyjna ,620,579,572,539,557,622,743,742,543,557,540,661,7275
Myszków ,,2732,2560,2676,2568,2645,2668,2877,2864,2324,2677,2700,2879,32170
Rybnik,Koleje Śląskie Spółka z o.o.,1945,1830,1934,1888,1919,2056,2220,2182,2275,2501,2363,2518,25631
Rybnik,PKP INTERCITY Spółka Akcyjna ,492,464,496,480,495,534,682,683,493,525,539,611,6494
Rybnik ,,2437,2294,2430,2368,2414,2590,2902,2865,2768,3026,2902,3129,32125
Słupsk,CARGO Master Spółka z o.o.,,,,,5,,,,,,,,5
Słupsk,Koleje Mazowieckie - KM Spółka z o.o.,,,,,,18,60,62,2,,,,142
Słupsk,PKP INTERCITY Spółka Akcyjna ,817,777,835,805,840,837,1040,1050,670,682,659,752,9764
Słupsk,POLREGIO Spółka Akcyjna,2287,2214,2324,2254,2318,1976,2330,2286,905,893,861,1252,21900
Słupsk ,,3104,2991,3159,3059,3163,2831,3430,3398,1577,1575,1520,2004,31811
Przeworsk,PKP INTERCITY Spółka Akcyjna ,874,820,880,848,883,854,876,876,869,893,868,1025,10566
Przeworsk,POLREGIO Spółka Akcyjna,1849,1701,1781,1760,1758,1655,1763,1752,1799,1900,1721,1788,21227
Przeworsk ,,2723,2521,2661,2608,2641,2509,2639,2628,2668,2793,2589,2813,31793
Jaworzyna Śląska,CARGO Master Spółka z o.o.,,,,1,,,,,,,,,1
Jaworzyna Śląska,Koleje Dolnośląskie S.A.,2276,2162,2299,2253,2366,2251,2347,2319,2122,2322,2206,2364,27287
Jaworzyna Śląska,LEO Express Global a.s.,,,1,,,,,,,,,,1
Jaworzyna Śląska,PKP INTERCITY Spółka Akcyjna ,300,290,308,300,310,313,324,329,294,324,319,307,3718
Jaworzyna Śląska,POLREGIO Spółka Akcyjna,60,58,62,60,62,60,62,62,60,62,60,61,729
Jaworzyna Śląska ,,2636,2510,2670,2614,2738,2624,2733,2710,2476,2708,2585,2732,31736
Stargard,PKP INTERCITY Spółka Akcyjna ,979,916,919,889,927,907,984,985,967,992,966,1133,11564
Stargard,POLREGIO Spółka Akcyjna,1573,1487,1630,1654,1650,1633,1734,1709,1655,1734,1589,1677,19725
Stargard ,,2552,2403,2549,2543,2577,2540,2718,2694,2622,2726,2555,2810,31289
Łódź Dąbrowa,Koleje Wielkopolskie Sp. z o.o.,60,58,18,,,,,,,,,,136
Łódź Dąbrowa,Łódzka Kolej Aglomeracyjna Sp. z o.o.,1869,2266,1609,2297,1766,2389,2565,2512,2624,2721,1923,2143,26684
Łódź Dąbrowa,PKP INTERCITY Spółka Akcyjna ,,,132,176,186,180,186,186,90,93,300,182,1711
Łódź Dąbrowa,POLREGIO Spółka Akcyjna,201,196,168,204,183,220,229,212,217,228,218,212,2488
Łódź Dąbrowa ,,2130,2520,1927,2677,2135,2789,2980,2910,2931,3042,2441,2537,31019
Luboń koło Poznania,CARGO Master Spółka z o.o.,,,,,3,,,,,,,,3
Luboń koło Poznania,Koleje Wielkopolskie Sp. z o.o.,2083,1962,2038,2014,1961,1955,2130,2029,2014,2133,1973,2039,24331
Luboń koło Poznania,PKP INTERCITY Spółka Akcyjna ,,2,,,,,,,2,,2,,6
Luboń koło Poznania,POLREGIO Spółka Akcyjna,540,505,538,521,537,520,542,537,599,619,599,618,6675
Luboń koło Poznania ,,2623,2469,2576,2535,2501,2475,2672,2566,2615,2752,2574,2657,31015
Poznań Dębiec,CARGO Master Spółka z o.o.,,,,,1,,,,,,,,1
Poznań Dębiec,Koleje Wielkopolskie Sp. z o.o.,2083,1962,2038,2014,1961,1953,2130,2029,2014,2133,1973,2037,24327
Poznań Dębiec,PKP INTERCITY Spółka Akcyjna ,,1,,,,,,,,,1,,2
Poznań Dębiec,POLREGIO Spółka Akcyjna,542,505,538,521,539,520,542,537,599,619,599,618,6679
Poznań Dębiec ,,2625,2468,2576,2535,2501,2473,2672,2566,2613,2752,2573,2655,31009
Bochnia,Koleje Małopolskie Sp. z o.o.,1072,1011,1070,1041,1046,1033,1082,1059,1039,1086,1026,1053,12618
Bochnia,PKP INTERCITY Spółka Akcyjna ,997,935,1004,969,1008,973,999,1000,988,1017,988,1139,12017
Bochnia,POLREGIO Spółka Akcyjna,536,505,535,520,531,520,542,536,522,542,517,534,6340
Bochnia ,,2605,2451,2609,2530,2585,2526,2623,2595,2549,2645,2531,2726,30975
Chorzów Batory,Koleje Śląskie Spółka z o.o.,2218,2104,2215,2172,2207,2164,2259,2225,2151,2258,2149,2684,26806
Chorzów Batory,PKP INTERCITY Spółka Akcyjna ,372,348,370,360,372,379,434,429,279,308,301,140,4092
Chorzów Batory ,,2590,2452,2585,2532,2579,2543,2693,2654,2430,2566,2450,2824,30898
Zabierzów,Koleje Małopolskie Sp. z o.o.,804,753,806,780,806,780,806,805,780,806,780,823,9529
Zabierzów,Koleje Śląskie Spółka z o.o.,,,174,240,248,240,248,248,240,248,240,247,2373
Zabierzów,POLREGIO Spółka Akcyjna,1605,1508,1575,1533,1583,1549,1607,1587,1545,1614,1541,1653,18900
Zabierzów ,,2409,2261,2555,2553,2637,2569,2661,2640,2565,2668,2561,2723,30802
Olsztyn Zachodni,PKP INTERCITY Spółka Akcyjna ,1107,1044,1108,1080,1119,1092,1123,1130,1088,1123,1088,1146,13248
Olsztyn Zachodni,POLREGIO Spółka Akcyjna,1460,1378,1431,1409,1432,1418,1526,1493,1452,1526,1425,1445,17395
Olsztyn Zachodni ,,2567,2422,2539,2489,2551,2510,2649,2623,2540,2649,2513,2591,30643
Białystok,PKP INTERCITY Spółka Akcyjna ,755,705,751,734,756,731,752,754,779,804,778,875,9174
Białystok,POLREGIO Spółka Akcyjna,1719,1625,1771,1795,1799,1778,1885,1843,1824,1869,1740,1818,21466
Białystok ,,2474,2330,2522,2529,2555,2509,2637,2597,2603,2673,2518,2693,30640
Ciechanów,Koleje Mazowieckie - KM Spółka z o.o.,1436,1378,1455,1415,1446,1408,1448,1442,1421,1477,1393,1462,17181
Ciechanów,PKP INTERCITY Spółka Akcyjna ,1060,992,1059,1030,1065,1087,1224,1239,1060,1082,1046,1101,13045
Ciechanów ,,2496,2370,2514,2445,2511,2495,2672,2681,2481,2559,2439,2563,30226
Halinów,Koleje Mazowieckie - KM Spółka z o.o.,2781,2623,2477,2357,2462,2621,2789,2366,2681,2511,2005,2484,30157
Halinów ,,2781,2623,2477,2357,2462,2621,2789,2366,2681,2511,2005,2484,30157
Lubliniec,Koleje Śląskie Spółka z o.o.,1219,1174,1242,1208,1208,1191,1248,1231,1286,1345,1248,1384,14984
Lubliniec,PKP INTERCITY Spółka Akcyjna ,875,819,824,788,822,770,943,948,856,880,854,953,10332
Lubliniec,POLREGIO Spółka Akcyjna,404,374,394,392,407,392,414,410,396,414,398,424,4819
Lubliniec ,,2498,2367,2460,2388,2437,2353,2605,2589,2538,2639,2500,2761,30135
Kędzierzyn-Koźle,CARGO Master Spółka z o.o.,,,,2,,,,,,,,,2
Kędzierzyn-Koźle,PKP INTERCITY Spółka Akcyjna ,618,580,617,597,622,617,680,682,622,666,644,775,7720
Kędzierzyn-Koźle,POLREGIO Spółka Akcyjna,1889,1811,1880,1776,1856,1839,1980,1922,1819,1963,1790,1852,22377
Kędzierzyn-Koźle ,,2507,2391,2497,2375,2478,2456,2660,2604,2441,2629,2434,2627,30099
Mysłowice,Koleje Śląskie Spółka z o.o.,977,922,971,946,950,940,990,969,980,994,932,957,11528
Mysłowice,PKP INTERCITY Spółka Akcyjna ,680,637,682,658,682,709,833,836,635,619,640,710,8321
Mysłowice,POLREGIO Spółka Akcyjna,866,812,854,826,868,840,868,867,840,869,840,868,10218
Mysłowice ,,2523,2371,2507,2430,2500,2489,2691,2672,2455,2482,2412,2535,30067
Miechów,Koleje Małopolskie Sp. z o.o.,781,740,774,652,742,748,792,624,622,796,734,756,8761
Miechów,PKP INTERCITY Spółka Akcyjna ,1352,1268,1345,1309,1342,1180,1216,1192,1094,1321,1303,1374,15296
Miechów,POLREGIO Spółka Akcyjna,488,463,492,479,496,479,496,496,475,496,480,524,5864
Miechów ,,2621,2471,2611,2440,2580,2407,2504,2312,2191,2613,2517,2654,29921
Rawicz,CARGO Master Spółka z o.o.,,,,,1,,,,,,,,1
Rawicz,Koleje Dolnośląskie S.A.,534,508,530,520,522,512,540,531,513,548,503,563,6324
Rawicz,Koleje Wielkopolskie Sp. z o.o.,386,366,381,374,369,366,394,378,375,394,367,374,4524
Rawicz,PKP INTERCITY Spółka Akcyjna ,898,835,900,928,961,948,997,1023,930,893,873,987,11173
Rawicz,POLREGIO Spółka Akcyjna,664,622,662,639,657,637,662,662,641,665,638,638,7787
Rawicz ,,2482,2331,2473,2461,2510,2463,2593,2594,2459,2500,2381,2562,29809
Wrocław Brochów,Koleje Dolnośląskie S.A.,1072,1012,1057,1028,1034,993,1092,1057,1028,1096,997,1060,12526
Wrocław Brochów,POLREGIO Spółka Akcyjna,1481,1406,1447,1414,1419,1397,1514,1464,1418,1520,1381,1421,17282
Wrocław Brochów ,,2553,2418,2504,2442,2453,2390,2606,2521,2446,2616,2378,2481,29808
Częstochowa Raków,Koleje Śląskie Spółka z o.o.,2112,1977,2104,2024,2088,2046,2134,2122,1738,2120,2030,2132,24627
Częstochowa Raków,POLREGIO Spółka Akcyjna,433,406,432,420,434,420,434,434,420,434,420,433,5120
Częstochowa Raków ,,2545,2383,2536,2444,2522,2466,2568,2556,2158,2554,2450,2565,29747
Oława,Koleje Dolnośląskie S.A.,,,,,,,,,,,4,,4
Oława,PKP INTERCITY Spółka Akcyjna ,1106,1035,1129,1100,1140,1143,1319,1327,1135,1170,1131,1251,13986
Oława,POLREGIO Spółka Akcyjna,1350,1281,1291,1246,1261,1269,1377,1338,1296,1382,1239,1301,15631
Oława ,,2456,2316,2420,2346,2401,2412,2696,2665,2431,2552,2374,2552,29621
Gdańsk Orunia,POLREGIO Spółka Akcyjna,2440,2338,2460,2401,2426,2375,2521,2461,2469,2591,2453,2602,29537
Gdańsk Orunia ,,2440,2338,2460,2401,2426,2375,2521,2461,2469,2591,2453,2602,29537
Jarocin,Koleje Wielkopolskie Sp. z o.o.,1560,1479,1530,1510,1478,1495,1611,1542,1532,1611,1489,1515,18352
Jarocin,Łódzka Kolej Aglomeracyjna Sp. z o.o.,26,24,30,30,38,28,24,29,26,24,30,38,347
Jarocin,PKP INTERCITY Spółka Akcyjna ,557,521,493,479,496,518,622,608,480,496,486,533,6289
Jarocin,POLREGIO Spółka Akcyjna,371,348,372,359,374,358,371,371,360,372,359,372,4387
Jarocin ,,2514,2372,2425,2378,2386,2399,2628,2550,2398,2503,2364,2458,29375
Będzin Miasto,Koleje Śląskie Spółka z o.o.,2070,1961,2103,2054,1956,2039,2130,2134,1900,1999,1963,2063,24372
Będzin Miasto,PKP INTERCITY Spółka Akcyjna ,588,610,624,582,434,376,344,358,198,204,264,396,4978
Będzin Miasto ,,2658,2571,2727,2636,2390,2415,2474,2492,2098,2203,2227,2459,29350
Toruń Wschodni,Arriva RP Sp. z o.o.,1206,1136,1188,1175,1179,1172,1284,1245,1224,1290,1210,1231,14540
Toruń Wschodni,CARGO Master Spółka z o.o.,2,2,4,4,2,,,,,,,,14
Toruń Wschodni,PKP INTERCITY Spółka Akcyjna ,307,290,309,300,310,300,310,310,300,309,299,344,3688
Toruń Wschodni,POLREGIO Spółka Akcyjna,927,874,913,894,871,888,962,923,897,946,884,975,10954
Toruń Wschodni ,,2442,2302,2414,2373,2362,2360,2556,2478,2421,2545,2393,2550,29196
Toruń Miasto,Arriva RP Sp. z o.o.,1206,1136,1188,1175,1179,1171,1284,1245,1224,1290,1210,1230,14538
Toruń Miasto,CARGO Master Spółka z o.o.,1,2,4,3,2,,,,,,,,12
Toruń Miasto,PKP INTERCITY Spółka Akcyjna ,307,289,309,300,310,300,311,310,300,309,299,344,3688
Toruń Miasto,POLREGIO Spółka Akcyjna,927,874,913,894,871,888,962,923,897,946,884,975,10954
Toruń Miasto,RAILPOLONIA Sp. z o.o. (przewozy pasażerskie),,,,,,,,,,,,1,1
Toruń Miasto ,,2441,2301,2414,2372,2362,2359,2557,2478,2421,2545,2393,2550,29193
Kościan,CARGO Master Spółka z o.o.,,,,,1,,,,,,,,1
Kościan,Koleje Wielkopolskie Sp. z o.o.,943,880,923,909,897,879,964,921,908,963,873,951,11011
Kościan,PKP INTERCITY Spółka Akcyjna ,898,835,900,928,961,948,997,1023,930,893,873,987,11173
Kościan,POLREGIO Spółka Akcyjna,540,505,537,521,535,520,542,538,599,619,599,617,6672
Kościan ,,2381,2220,2360,2358,2394,2347,2503,2482,2437,2475,2345,2555,28857
Laskowice Pomorskie,Arriva RP Sp. z o.o.,961,917,1018,1009,1022,1014,1086,1075,1058,1080,1035,1065,12340
Laskowice Pomorskie,CARGO Master Spółka z o.o.,,,,4,,,,,,,,,4
Laskowice Pomorskie,PKP INTERCITY Spółka Akcyjna ,868,812,871,844,928,902,1002,1008,910,937,853,804,10739
Laskowice Pomorskie,POLREGIO Spółka Akcyjna,471,461,480,470,463,465,498,480,471,496,464,454,5673
Laskowice Pomorskie ,,2300,2190,2369,2327,2413,2381,2586,2563,2439,2513,2352,2323,28756
Racibórz,Koleje Śląskie Spółka z o.o.,1507,1429,1496,1464,1423,1423,1537,1467,1471,1572,1455,1588,17832
Racibórz,PKP INTERCITY Spółka Akcyjna ,372,349,370,360,372,379,432,434,252,324,359,304,4307
Racibórz,POLREGIO Spółka Akcyjna,566,531,560,546,550,540,571,559,546,572,470,574,6585
Racibórz ,,2445,2309,2426,2370,2345,2342,2540,2460,2269,2468,2284,2466,28724
Mrozy,Koleje Mazowieckie - KM Spółka z o.o.,1927,1819,1856,1810,1867,1825,1860,1794,1819,1900,1742,1878,22097
Mrozy,PKP INTERCITY Spółka Akcyjna ,541,511,545,530,550,536,556,558,537,555,541,556,6516
Mrozy ,,2468,2330,2401,2340,2417,2361,2416,2352,2356,2455,2283,2434,28613
Ożarów Mazowiecki,Koleje Mazowieckie - KM Spółka z o.o.,2317,2178,2307,2242,2295,2321,2471,2463,2408,2516,2364,2529,28411
Ożarów Mazowiecki ,,2317,2178,2307,2242,2295,2321,2471,2463,2408,2516,2364,2529,28411
Pszczyna,Koleje Śląskie Spółka z o.o.,2049,1927,2070,2019,2114,1878,1888,1901,1795,1833,1796,1795,23065
Pszczyna,PKP INTERCITY Spółka Akcyjna ,396,372,458,470,479,447,485,482,398,443,429,464,5323
Pszczyna ,,2445,2299,2528,2489,2593,2325,2373,2383,2193,2276,2225,2259,28388
Zalesie Górne,Koleje Mazowieckie - KM Spółka z o.o.,2406,2267,2390,2328,2378,2291,2426,2395,2331,2436,2287,2427,28362
Zalesie Górne ,,2406,2267,2390,2328,2378,2291,2426,2395,2331,2436,2287,2427,28362
Bydgoszcz Wschód,Arriva RP Sp. z o.o.,287,284,324,333,328,316,340,332,315,340,320,328,3847
Bydgoszcz Wschód,CARGO Master Spółka z o.o.,,,2,2,,,,,,,,,4
Bydgoszcz Wschód,PKP INTERCITY Spółka Akcyjna ,863,811,867,840,868,878,992,989,840,868,821,873,10510
Bydgoszcz Wschód,POLREGIO Spółka Akcyjna,1185,1117,1173,1139,1124,1137,1221,1173,1143,1221,1148,1144,13925
Bydgoszcz Wschód ,,2335,2212,2366,2314,2320,2331,2553,2494,2298,2429,2289,2345,28286
Łańcut,PKP INTERCITY Spółka Akcyjna ,874,820,878,848,884,851,873,876,868,893,868,1157,10690
Łańcut,POLREGIO Spółka Akcyjna,1518,1437,1485,1463,1450,1395,1471,1458,1467,1554,1396,1455,17549
Łańcut ,,2392,2257,2363,2311,2334,2246,2344,2334,2335,2447,2264,2612,28239
Wrocław Psie Pole,Koleje Dolnośląskie S.A.,1462,1378,1446,1417,1444,1408,1504,1465,1423,1491,1368,1466,17272
Wrocław Psie Pole,PKP INTERCITY Spółka Akcyjna ,,,,2,2,,,,,,,,4
Wrocław Psie Pole,POLREGIO Spółka Akcyjna,915,862,909,887,906,878,927,909,885,927,870,903,10778
Wrocław Psie Pole ,,2377,2240,2355,2306,2352,2286,2431,2374,2308,2418,2238,2369,28054
Błonie,Koleje Mazowieckie - KM Spółka z o.o.,2371,2228,2357,2294,2347,2247,2342,2359,2292,2386,2258,2373,27854
Błonie ,,2371,2228,2357,2294,2347,2247,2342,2359,2292,2386,2258,2373,27854
Bydgoszcz Leśna,Arriva RP Sp. z o.o.,243,242,282,291,288,280,294,290,282,294,280,288,3354
Bydgoszcz Leśna,CARGO Master Spółka z o.o.,,,1,2,2,,,,,,,,5
Bydgoszcz Leśna,PKP INTERCITY Spółka Akcyjna ,863,811,867,840,868,878,992,989,840,868,839,873,10528
Bydgoszcz Leśna,POLREGIO Spółka Akcyjna,1185,1117,1173,1139,1124,1137,1221,1173,1143,1221,1148,1144,13925
Bydgoszcz Leśna ,,2291,2170,2323,2272,2282,2295,2507,2452,2265,2383,2267,2305,27812
Łódź Radogoszcz Zachód,Łódzka Kolej Aglomeracyjna Sp. z o.o.,2183,2061,2154,2100,2133,2052,2160,2116,2287,2356,2279,2390,26271
Łódź Radogoszcz Zachód,POLREGIO Spółka Akcyjna,124,114,124,120,122,118,124,124,119,121,119,124,1453
Łódź Radogoszcz Zachód ,,2307,2175,2278,2220,2255,2170,2284,2240,2406,2477,2398,2514,27724
Września,Koleje Wielkopolskie Sp. z o.o.,1797,1699,1765,1734,1712,1713,1758,1724,1755,1844,1708,1813,21022
Września,PKP INTERCITY Spółka Akcyjna ,558,522,558,540,559,540,561,560,532,556,539,592,6617
Września ,,2355,2221,2323,2274,2271,2253,2319,2284,2287,2400,2247,2405,27639
Nasielsk,CARGO Master Spółka z o.o.,,,,,1,,,,,,,,1
Nasielsk,Koleje Mazowieckie - KM Spółka z o.o.,2232,2136,2264,2216,2244,2185,1943,1906,1880,2101,2158,2279,25544
Nasielsk,PKP INTERCITY Spółka Akcyjna ,217,203,214,209,217,144,124,124,150,155,150,121,2028
Nasielsk ,,2449,2339,2478,2425,2462,2329,2067,2030,2030,2256,2308,2400,27573
Bielsko-Biała Główna,Koleje Śląskie Spółka z o.o.,1415,1330,1401,1360,1395,1387,1466,1459,1407,1467,1393,1405,16885
Bielsko-Biała Główna,PKP INTERCITY Spółka Akcyjna ,564,537,562,571,581,600,779,771,505,551,526,546,7093
Bielsko-Biała Główna,POLREGIO Spółka Akcyjna,490,464,491,477,490,475,492,176,,,,,3555
Bielsko-Biała Główna ,,2469,2331,2454,2408,2466,2462,2737,2406,1912,2018,1919,1951,27533
Jaworzno Szczakowa,Koleje Śląskie Spółka z o.o.,246,232,247,240,248,240,248,248,240,248,240,247,2924
Jaworzno Szczakowa,PKP INTERCITY Spółka Akcyjna ,866,811,868,838,867,889,1018,1022,843,868,837,964,10691
Jaworzno Szczakowa,POLREGIO Spółka Akcyjna,1181,1111,1158,1127,1157,1140,1183,1162,1134,1192,1132,1162,13839
Jaworzno Szczakowa ,,2293,2154,2273,2205,2272,2269,2449,2432,2217,2308,2209,2373,27454
Białystok Zielone Wzgórza,PKP INTERCITY Spółka Akcyjna ,874,821,874,854,880,765,869,879,901,932,898,998,10545
Białystok Zielone Wzgórza,POLREGIO Spółka Akcyjna,1355,1285,1407,1444,1430,1118,1442,1422,1428,1505,1394,1456,16686
Białystok Zielone Wzgórza ,,2229,2106,2281,2298,2310,1883,2311,2301,2329,2437,2292,2454,27231
Wrzosów,Koleje Mazowieckie - KM Spółka z o.o.,2504,2362,2232,2155,2237,2354,2522,2135,2416,2239,1797,2224,27177
Wrzosów ,,2504,2362,2232,2155,2237,2354,2522,2135,2416,2239,1797,2224,27177
Nowe Dębe Wielkie,Koleje Mazowieckie - KM Spółka z o.o.,2504,2362,2242,2138,2226,2354,2523,2135,2416,2251,1786,2212,27149
Nowe Dębe Wielkie ,,2504,2362,2242,2138,2226,2354,2523,2135,2416,2251,1786,2212,27149
Radomsko,Łódzka Kolej Aglomeracyjna Sp. z o.o.,530,500,520,510,508,500,540,520,510,540,490,556,6224
Radomsko,PKP INTERCITY Spółka Akcyjna ,858,804,851,830,862,871,988,987,838,865,832,1003,10589
Radomsko,POLREGIO Spółka Akcyjna,865,812,843,830,855,829,870,859,833,868,823,965,10252
Radomsko ,,2253,2116,2214,2170,2225,2200,2398,2366,2181,2273,2145,2524,27065
Dębe Wielkie,Koleje Mazowieckie - KM Spółka z o.o.,2504,2362,2207,2084,2189,2354,2523,2111,2416,2207,1763,2213,26933
Dębe Wielkie ,,2504,2362,2207,2084,2189,2354,2523,2111,2416,2207,1763,2213,26933
Warszawa Gołąbki,Koleje Mazowieckie - KM Spółka z o.o.,2181,2049,2201,2150,2190,2137,2298,2301,2317,2416,2278,2411,26929
Warszawa Gołąbki ,,2181,2049,2201,2150,2190,2137,2298,2301,2317,2416,2278,2411,26929
Warszawa Ursus Północny,Koleje Mazowieckie - KM Spółka z o.o.,2181,2049,2201,2150,2190,2137,2298,2300,2317,2416,2278,2411,26928
Warszawa Ursus Północny ,,2181,2049,2201,2150,2190,2137,2298,2300,2317,2416,2278,2411,26928
Cisie,Koleje Mazowieckie - KM Spółka z o.o.,2504,2362,2219,2067,2178,2354,2523,2109,2416,2207,1746,2201,26886
Cisie ,,2504,2362,2219,2067,2178,2354,2523,2109,2416,2207,1746,2201,26886
Józefin,Koleje Mazowieckie - KM Spółka z o.o.,2504,2362,2196,2027,2148,2354,2523,2101,2416,2207,1746,2201,26785
Józefin ,,2504,2362,2196,2027,2148,2354,2523,2101,2416,2207,1746,2201,26785
Brzesko Okocim,Koleje Małopolskie Sp. z o.o.,1071,1013,1071,1041,1045,1033,1082,1059,1039,1086,1026,1053,12619
Brzesko Okocim,PKP INTERCITY Spółka Akcyjna ,645,603,653,628,654,628,643,648,628,644,632,727,7733
Brzesko Okocim,POLREGIO Spółka Akcyjna,536,505,535,520,531,520,542,536,522,542,518,534,6341
Brzesko Okocim ,,2252,2121,2259,2189,2230,2181,2267,2243,2189,2272,2176,2314,26693
Ustanówek,Koleje Mazowieckie - KM Spółka z o.o.,2260,2125,2246,2185,2235,2151,2272,2247,2187,2282,2155,2248,26593
Ustanówek ,,2260,2125,2246,2185,2235,2151,2272,2247,2187,2282,2155,2248,26593
Przemyśl Główny,PKP INTERCITY Spółka Akcyjna ,1184,1110,1198,1156,1195,1155,1189,1190,1173,1207,1169,1338,14264
Przemyśl Główny,POLREGIO Spółka Akcyjna,976,922,971,946,961,939,988,972,948,990,928,965,11506
Przemyśl Główny,RegioJet a.s.,62,58,62,60,62,60,62,62,55,62,60,62,727
Przemyśl Główny ,,2222,2090,2231,2162,2218,2154,2239,2224,2176,2259,2157,2365,26497
Ruda Chebzie,Koleje Śląskie Spółka z o.o.,2218,2104,2215,2172,2207,2164,2259,2224,2147,2258,2149,2214,26331
Ruda Chebzie,PKP INTERCITY Spółka Akcyjna ,,,,2,,,,,,,,,2
Ruda Chebzie ,,2218,2104,2215,2174,2207,2164,2259,2224,2147,2258,2149,2214,26333
Ruda Śląska,Koleje Śląskie Spółka z o.o.,2217,2104,2215,2172,2207,2166,2259,2224,2147,2258,2149,2212,26330
Ruda Śląska,PKP INTERCITY Spółka Akcyjna ,,,,2,,,,,,,,,2
Ruda Śląska ,,2217,2104,2215,2174,2207,2166,2259,2224,2147,2258,2149,2212,26332
Świętochłowice,Koleje Śląskie Spółka z o.o.,2218,2104,2215,2172,2207,2164,2259,2224,2147,2258,2149,2212,26329
Świętochłowice,PKP INTERCITY Spółka Akcyjna ,,,,2,,,,,,,,,2
Świętochłowice ,,2218,2104,2215,2174,2207,2164,2259,2224,2147,2258,2149,2212,26331
Katowice Załęże,Koleje Śląskie Spółka z o.o.,2218,2102,2215,2172,2207,2164,2259,2225,2018,2242,2149,2267,26238
Katowice Załęże,PKP INTERCITY Spółka Akcyjna ,,8,,2,,,,,2,4,6,,22
Katowice Załęże ,,2218,2110,2215,2174,2207,2164,2259,2225,2020,2246,2155,2267,26260
Grudziądz,Arriva RP Sp. z o.o.,1309,1950,2067,1659,2053,1995,1666,1687,2053,2137,2050,2064,22690
Grudziądz,CARGO Master Spółka z o.o.,,2,,4,,,,,,,,,6
Grudziądz,PKP INTERCITY Spółka Akcyjna ,62,56,62,58,61,60,60,62,59,62,58,62,722
Grudziądz,POLREGIO Spółka Akcyjna,310,287,310,300,50,220,306,310,10,10,300,310,2723
Grudziądz ,,1681,2295,2439,2021,2164,2275,2032,2059,2122,2209,2408,2436,26141
Płochocin,Koleje Mazowieckie - KM Spółka z o.o.,2221,2086,2213,2150,2203,2107,2178,2211,2149,2232,2126,2231,26107
Płochocin ,,2221,2086,2213,2150,2203,2107,2178,2211,2149,2232,2126,2231,26107
Błonie Rokitno,Koleje Mazowieckie - KM Spółka z o.o.,2221,2086,2213,2150,2203,2107,2178,2211,2149,2232,2126,2231,26107
Błonie Rokitno ,,2221,2086,2213,2150,2203,2107,2178,2211,2149,2232,2126,2231,26107
Legionowo Piaski,CARGO Master Spółka z o.o.,,,,,1,,,,,,,,1
Legionowo Piaski,Koleje Mazowieckie - KM Spółka z o.o.,120,116,124,120,124,120,,,,44,120,124,1012
Legionowo Piaski,Szybka Kolej Miejska Sp. z o.o.,2126,2006,2108,2053,2074,2059,2211,2167,2069,2164,1996,1995,25028
Legionowo Piaski ,,2246,2122,2232,2173,2199,2179,2211,2167,2069,2208,2116,2119,26041
Warka,Koleje Mazowieckie - KM Spółka z o.o.,1615,1523,1609,1568,1609,1559,1630,1616,1569,1633,1545,1670,19146
Warka,PKP INTERCITY Spółka Akcyjna ,576,538,555,531,548,518,550,550,581,590,533,641,6711
Warka ,,2191,2061,2164,2099,2157,2077,2180,2166,2150,2223,2078,2311,25857
Kraków Lotnisko,Koleje Małopolskie Sp. z o.o.,2034,1914,2017,2038,2108,2026,2238,2356,2278,2356,2222,2247,25834
Kraków Lotnisko ,,2034,1914,2017,2038,2108,2026,2238,2356,2278,2356,2222,2247,25834
Kraków Zakliki,Koleje Małopolskie Sp. z o.o.,2034,1914,2017,2038,2108,2026,2238,2356,2278,2356,2222,2247,25834
Kraków Zakliki ,,2034,1914,2017,2038,2108,2026,2238,2356,2278,2356,2222,2247,25834
Kraków Młynówka,Koleje Małopolskie Sp. z o.o.,2034,1914,2017,2038,2108,2026,2238,2356,2278,2356,2222,2247,25834
Kraków Młynówka ,,2034,1914,2017,2038,2108,2026,2238,2356,2278,2356,2222,2247,25834
Kraków Olszanica,Koleje Małopolskie Sp. z o.o.,2034,1914,2017,2038,2108,2026,2238,2356,2278,2356,2222,2247,25834
Kraków Olszanica ,,2034,1914,2017,2038,2108,2026,2238,2356,2278,2356,2222,2247,25834
Pilawa,Koleje Mazowieckie - KM Spółka z o.o.,1405,1317,1398,1357,1387,1347,1406,1398,1390,1461,1375,1429,16670
Pilawa,PKP INTERCITY Spółka Akcyjna ,725,680,747,730,752,777,876,875,683,712,727,774,9058
Pilawa ,,2130,1997,2145,2087,2139,2124,2282,2273,2073,2173,2102,2203,25728
Działdowo,Koleje Mazowieckie - KM Spółka z o.o.,545,514,547,531,548,548,616,615,533,550,527,547,6621
Działdowo,PKP INTERCITY Spółka Akcyjna ,1121,1050,1120,1090,1127,1139,1274,1286,1106,1132,1098,1125,13668
Działdowo,POLREGIO Spółka Akcyjna,442,418,428,424,418,430,478,458,450,478,430,445,5299
Działdowo ,,2108,1982,2095,2045,2093,2117,2368,2359,2089,2160,2055,2117,25588
Pszczółki,POLREGIO Spółka Akcyjna,2047,1993,2125,2068,2104,2040,2153,2124,2116,2207,2141,2387,25505
Pszczółki ,,2047,1993,2125,2068,2104,2040,2153,2124,2116,2207,2141,2387,25505
Małkinia,Koleje Mazowieckie - KM Spółka z o.o.,1541,1449,1550,1504,1550,1542,1612,1612,1559,1612,1559,1706,18796
Małkinia,PKP INTERCITY Spółka Akcyjna ,567,530,564,550,565,549,567,570,539,560,541,592,6694
Małkinia,POLREGIO Spółka Akcyjna,,,,,2,,,,,,,,2
Małkinia ,,2108,1979,2114,2054,2117,2091,2179,2182,2098,2172,2100,2298,25492
Konin,Koleje Wielkopolskie Sp. z o.o.,1187,1117,1173,1150,1149,1134,1199,1168,1149,1199,1132,1206,13963
Konin,PKP INTERCITY Spółka Akcyjna ,964,900,956,932,967,952,979,969,942,972,940,998,11471
Konin ,,2151,2017,2129,2082,2116,2086,2178,2137,2091,2171,2072,2204,25434
Środa Wielkopolska,Koleje Wielkopolskie Sp. z o.o.,1249,1182,1222,1208,1184,1057,1271,1218,1176,1272,1173,1128,14340
Środa Wielkopolska,Łódzka Kolej Aglomeracyjna Sp. z o.o.,26,24,30,30,38,28,24,29,26,24,30,38,347
Środa Wielkopolska,PKP INTERCITY Spółka Akcyjna ,557,520,493,479,496,518,618,608,480,496,482,533,6280
Środa Wielkopolska,POLREGIO Spółka Akcyjna,371,348,372,359,374,358,370,371,360,372,359,372,4386
Środa Wielkopolska ,,2203,2074,2117,2076,2092,1961,2283,2226,2042,2164,2044,2071,25353
Inowrocław,CARGO Master Spółka z o.o.,,,2,1,,,,,,,,,3
Inowrocław,Koleje Wielkopolskie Sp. z o.o.,,2,,,,,,,,,,,2
Inowrocław,PKP INTERCITY Spółka Akcyjna ,992,928,995,965,1002,989,1067,1075,982,1004,977,1066,12042
Inowrocław,POLREGIO Spółka Akcyjna,1127,1066,1111,1088,1058,1068,1150,1093,1087,1150,1069,1167,13234
Inowrocław,RAILPOLONIA Sp. z o.o. (przewozy pasażerskie),,,,,,,,,,,,3,3
Inowrocław ,,2119,1996,2108,2054,2060,2057,2217,2168,2069,2154,2046,2236,25284
Żmigród,CARGO Master Spółka z o.o.,,,,,1,,,,,,,,1
Żmigród,Koleje Dolnośląskie S.A.,534,508,530,520,524,510,540,531,513,548,503,563,6324
Żmigród,PKP INTERCITY Spółka Akcyjna ,898,835,900,928,960,948,997,1020,930,893,873,987,11169
Żmigród,POLREGIO Spółka Akcyjna,664,622,662,639,657,637,662,662,641,665,638,638,7787
Żmigród ,,2096,1965,2092,2087,2142,2095,2199,2213,2084,2106,2014,2188,25281
Oborniki Śląskie,Koleje Dolnośląskie S.A.,534,508,530,520,524,510,544,531,513,548,503,563,6328
Oborniki Śląskie,PKP INTERCITY Spółka Akcyjna ,898,835,900,928,960,946,998,1019,930,893,873,987,11167
Oborniki Śląskie,POLREGIO Spółka Akcyjna,664,622,662,640,657,637,662,662,640,665,638,637,7786
Oborniki Śląskie ,,2096,1965,2092,2088,2141,2093,2204,2212,2083,2106,2014,2187,25281
Siedlce Zachodnie,Koleje Mazowieckie - KM Spółka z o.o.,1646,1546,1629,1555,1624,1575,1610,1588,1491,1632,1538,1614,19048
Siedlce Zachodnie,PKP INTERCITY Spółka Akcyjna ,541,511,545,530,550,536,556,558,537,555,539,251,6209
Siedlce Zachodnie ,,2187,2057,2174,2085,2174,2111,2166,2146,2028,2187,2077,1865,25257
Skawina,Koleje Małopolskie Sp. z o.o.,1188,1117,1176,1140,1192,1149,1191,1200,1140,1175,1139,1193,14000
Skawina,PKP CARGO S.A. w restrukturyzacji,,,,,,,,,4,,,,4
Skawina,PKP INTERCITY Spółka Akcyjna ,,,,,,,,,1,,,,1
Skawina,POLREGIO Spółka Akcyjna,935,887,939,915,934,914,940,936,921,946,909,1006,11182
Skawina ,,2123,2004,2115,2055,2126,2063,2131,2136,2066,2121,2048,2199,25187
Kraków Podgórze,Koleje Małopolskie Sp. z o.o.,1188,1117,1176,1139,1192,1149,1191,1200,1140,1175,1139,1193,13999
Kraków Podgórze,POLREGIO Spółka Akcyjna,935,886,939,915,934,914,940,936,916,946,909,1004,11174
Kraków Podgórze ,,2123,2003,2115,2054,2126,2063,2131,2136,2056,2121,2048,2197,25173
Kraków Łagiewniki,Koleje Małopolskie Sp. z o.o.,1188,1117,1176,1139,1192,1149,1191,1200,1140,1175,1139,1193,13999
Kraków Łagiewniki,POLREGIO Spółka Akcyjna,935,886,939,915,934,914,940,936,916,946,909,1004,11174
Kraków Łagiewniki ,,2123,2003,2115,2054,2126,2063,2131,2136,2056,2121,2048,2197,25173
Zgorzelec,Koleje Dolnośląskie S.A.,1684,1580,1666,1625,1674,1623,1690,1686,1595,1688,1594,1746,19851
Zgorzelec,PKP INTERCITY Spółka Akcyjna ,53,50,51,51,53,50,53,53,51,54,51,57,627
Zgorzelec,POLREGIO Spółka Akcyjna,395,376,399,386,403,386,401,402,383,399,365,389,4684
Zgorzelec ,,2132,2006,2116,2062,2130,2059,2144,2141,2029,2141,2010,2192,25162
Sędziszów,Koleje Małopolskie Sp. z o.o.,438,416,435,426,414,418,446,428,382,448,410,422,5083
Sędziszów,PKP INTERCITY Spółka Akcyjna ,493,464,496,480,495,480,496,496,480,496,480,699,6055
Sędziszów,POLREGIO Spółka Akcyjna,1163,1112,1184,1155,1181,1149,1200,1190,1154,1199,1145,1167,13999
Sędziszów ,,2094,1992,2115,2061,2090,2047,2142,2114,2016,2143,2035,2288,25137
Skawina Jagielnia,Koleje Małopolskie Sp. z o.o.,1170,1101,1176,1140,1178,1137,1176,1178,1138,1175,1139,1177,13885
Skawina Jagielnia,POLREGIO Spółka Akcyjna,928,883,935,910,930,909,940,936,912,942,905,1002,11132
Skawina Jagielnia ,,2098,1984,2111,2050,2108,2046,2116,2114,2050,2117,2044,2179,25017
Kraków Sidzina,Koleje Małopolskie Sp. z o.o.,1170,1101,1176,1140,1178,1137,1176,1178,1138,1175,1139,1177,13885
Kraków Sidzina,POLREGIO Spółka Akcyjna,928,883,935,910,930,909,940,936,912,942,905,1002,11132
Kraków Sidzina ,,2098,1984,2111,2050,2108,2046,2116,2114,2050,2117,2044,2179,25017
Kraków Opatkowice,Koleje Małopolskie Sp. z o.o.,1170,1101,1176,1140,1178,1137,1176,1178,1138,1175,1139,1177,13885
Kraków Opatkowice,POLREGIO Spółka Akcyjna,928,883,935,910,930,909,940,936,912,942,905,1002,11132
Kraków Opatkowice ,,2098,1984,2111,2050,2108,2046,2116,2114,2050,2117,2044,2179,25017
Kraków Swoszowice,Koleje Małopolskie Sp. z o.o.,1170,1101,1176,1139,1178,1137,1176,1178,1138,1175,1139,1177,13884
Kraków Swoszowice,POLREGIO Spółka Akcyjna,929,883,935,910,930,909,940,936,912,942,905,1002,11133
Kraków Swoszowice ,,2099,1984,2111,2049,2108,2046,2116,2114,2050,2117,2044,2179,25017
Kraków Sanktuarium,Koleje Małopolskie Sp. z o.o.,1170,1101,1176,1139,1178,1137,1176,1178,1138,1175,1139,1177,13884
Kraków Sanktuarium,PKP INTERCITY Spółka Akcyjna ,,,,,,2,,,,,,,2
Kraków Sanktuarium,POLREGIO Spółka Akcyjna,928,882,935,910,930,909,940,936,911,942,905,1002,11130
Kraków Sanktuarium ,,2098,1983,2111,2049,2108,2048,2116,2114,2049,2117,2044,2179,25016
Kraków Bonarka,Koleje Małopolskie Sp. z o.o.,1170,1101,1176,1139,1178,1137,1176,1178,1138,1175,1139,1177,13884
Kraków Bonarka,POLREGIO Spółka Akcyjna,928,882,935,910,930,909,940,936,911,942,905,1002,11130
Kraków Bonarka ,,2098,1983,2111,2049,2108,2046,2116,2114,2049,2117,2044,2179,25014
Kostrzyn,PKP INTERCITY Spółka Akcyjna ,372,348,372,358,374,377,434,433,355,366,360,381,4530
Kostrzyn,POLREGIO Spółka Akcyjna,1175,1208,1239,1240,1244,1232,1433,2414,2362,2152,2117,2569,20385
Kostrzyn ,,1547,1556,1611,1598,1618,1609,1867,2847,2717,2518,2477,2950,24915
Środa Śląska,Koleje Dolnośląskie S.A.,1964,1844,1981,1923,1987,1922,1979,1987,1923,1989,1915,2049,23463
Środa Śląska,PKP INTERCITY Spółka Akcyjna ,112,108,113,109,113,104,115,115,101,115,111,52,1268
Środa Śląska ,,2076,1952,2094,2032,2100,2026,2094,2102,2024,2104,2026,2101,24731
Kraków Mydlniki,Koleje Małopolskie Sp. z o.o.,803,753,806,780,806,788,806,805,780,806,780,823,9536
Kraków Mydlniki,Koleje Śląskie Spółka z o.o.,,,,,,,,,,,,51,51
Kraków Mydlniki,POLREGIO Spółka Akcyjna,1290,1210,1271,1233,1294,1249,1294,1292,1251,1292,1249,1206,15131
Kraków Mydlniki ,,2093,1963,2077,2013,2100,2037,2100,2097,2031,2098,2029,2080,24718
Zabierzów Rząska,Koleje Małopolskie Sp. z o.o.,803,753,806,780,806,780,806,805,780,806,780,823,9528
Zabierzów Rząska,Koleje Śląskie Spółka z o.o.,,,,,,,,,,,,51,51
Zabierzów Rząska,POLREGIO Spółka Akcyjna,1290,1210,1271,1233,1294,1249,1294,1292,1251,1292,1249,1206,15131
Zabierzów Rząska ,,2093,1963,2077,2013,2100,2029,2100,2097,2031,2098,2029,2080,24710
Kraków Mydlniki Wapiennik,Koleje Małopolskie Sp. z o.o.,803,753,806,780,806,780,806,805,780,806,780,823,9528
Kraków Mydlniki Wapiennik,Koleje Śląskie Spółka z o.o.,,,,,,,,,,,,51,51
Kraków Mydlniki Wapiennik,POLREGIO Spółka Akcyjna,1290,1210,1271,1233,1294,1249,1294,1292,1251,1292,1249,1206,15131
Kraków Mydlniki Wapiennik ,,2093,1963,2077,2013,2100,2029,2100,2097,2031,2098,2029,2080,24710
Rudawa,Koleje Małopolskie Sp. z o.o.,804,753,806,780,806,780,806,805,780,792,774,824,9510
Rudawa,Koleje Śląskie Spółka z o.o.,,,,,,,,,,,,51,51
Rudawa,POLREGIO Spółka Akcyjna,1290,1210,1271,1233,1294,1249,1294,1292,1251,1280,1244,1206,15114
Rudawa ,,2094,1963,2077,2013,2100,2029,2100,2097,2031,2072,2018,2081,24675
Poraj,Koleje Śląskie Spółka z o.o.,2112,1981,2104,2029,2088,2046,2134,2122,1740,2120,2030,2132,24638
Poraj ,,2112,1981,2104,2029,2088,2046,2134,2122,1740,2120,2030,2132,24638
Warszawa Targówek,Koleje Mazowieckie - KM Spółka z o.o.,1430,1353,1462,1417,1455,1411,1469,1465,1260,1301,1259,1304,16586
Warszawa Targówek,Szybka Kolej Miejska Sp. z o.o.,,,,,,831,1173,1178,1170,1203,1167,1179,7901
Warszawa Targówek ,,1430,1353,1462,1417,1455,2242,2642,2643,2430,2504,2426,2483,24487
Solec Kujawski,CARGO Master Spółka z o.o.,,,,,2,,,,,,,,2
Solec Kujawski,PKP INTERCITY Spółka Akcyjna ,863,811,867,840,868,878,992,990,840,868,821,873,10511
Solec Kujawski,POLREGIO Spółka Akcyjna,1185,1117,1173,1140,1125,1137,1221,1174,1143,1221,1148,1144,13928
Solec Kujawski ,,2048,1928,2040,1980,1995,2015,2213,2164,1983,2089,1969,2017,24441
Pabianice,Koleje Wielkopolskie Sp. z o.o.,60,58,58,60,50,58,62,56,60,62,60,62,706
Pabianice,Łódzka Kolej Aglomeracyjna Sp. z o.o.,896,845,971,986,998,978,1055,1017,1034,1086,995,1096,11957
Pabianice,PKP INTERCITY Spółka Akcyjna ,549,513,543,530,550,530,550,552,528,551,531,664,6591
Pabianice,POLREGIO Spółka Akcyjna,431,406,434,420,433,419,432,433,419,433,420,434,5114
Pabianice ,,1936,1822,2006,1996,2031,1985,2099,2058,2041,2132,2006,2256,24368
Będzin Ksawera,Koleje Śląskie Spółka z o.o.,2070,1961,2103,2054,1956,2032,2116,2116,1900,1999,1963,2052,24322
Będzin Ksawera ,,2070,1961,2103,2054,1956,2032,2116,2116,1900,1999,1963,2052,24322
Dulowa,Koleje Małopolskie Sp. z o.o.,804,753,806,780,806,780,806,805,780,806,780,824,9530
Dulowa,Koleje Śląskie Spółka z o.o.,,,,,,,,,,,,51,51
Dulowa,POLREGIO Spółka Akcyjna,1237,1160,1219,1181,1240,1199,1240,1239,1200,1239,1199,1154,14507
Dulowa ,,2041,1913,2025,1961,2046,1979,2046,2044,1980,2045,1979,2029,24088
Wola Filipowska,Koleje Małopolskie Sp. z o.o.,804,753,806,780,806,780,806,805,780,806,780,824,9530
Wola Filipowska,Koleje Śląskie Spółka z o.o.,,,,,,,,,,,,51,51
Wola Filipowska,POLREGIO Spółka Akcyjna,1237,1160,1219,1181,1240,1199,1240,1239,1200,1239,1199,1153,14506
Wola Filipowska ,,2041,1913,2025,1961,2046,1979,2046,2044,1980,2045,1979,2028,24087
Dąbrowa Górnicza Ząbkowice,Koleje Śląskie Spółka z o.o.,2056,2003,2131,2070,1966,2032,2114,2123,1669,1675,1897,2048,23784
Dąbrowa Górnicza Ząbkowice,PKP INTERCITY Spółka Akcyjna ,,,,,,,,,,,,255,255
Dąbrowa Górnicza Ząbkowice ,,2056,2003,2131,2070,1966,2032,2114,2123,1669,1675,1897,2303,24039
Łuków,Koleje Mazowieckie - KM Spółka z o.o.,784,739,774,756,767,748,796,779,755,794,738,762,9192
Łuków,PKP INTERCITY Spółka Akcyjna ,427,403,433,419,434,426,441,442,429,440,428,452,5174
Łuków,POLREGIO Spółka Akcyjna,815,769,801,787,787,779,826,803,788,827,766,898,9646
Łuków ,,2026,1911,2008,1962,1988,1953,2063,2024,1972,2061,1932,2112,24012
Skierniewice Rawka,Koleje Mazowieckie - KM Spółka z o.o.,1478,1385,1469,1428,1463,1427,1505,1492,1449,1508,1427,1492,17523
Skierniewice Rawka,POLREGIO Spółka Akcyjna,527,502,512,508,497,470,544,510,507,544,475,497,6093
Skierniewice Rawka ,,2005,1887,1981,1936,1960,1897,2049,2002,1956,2052,1902,1989,23616
Piotrków Trybunalski,Łódzka Kolej Aglomeracyjna Sp. z o.o.,530,500,520,510,509,500,540,520,510,540,490,558,6227
Piotrków Trybunalski,PKP INTERCITY Spółka Akcyjna ,858,803,851,830,862,871,990,987,838,865,832,1003,10590
Piotrków Trybunalski,POLREGIO Spółka Akcyjna,571,539,568,553,577,555,574,574,551,572,555,580,6769
Piotrków Trybunalski ,,1959,1842,1939,1893,1948,1926,2104,2081,1899,1977,1877,2141,23586
Międzyborów,Koleje Mazowieckie - KM Spółka z o.o.,2008,1884,2000,1959,1988,1908,2012,1991,1936,2023,1893,1972,23574
Międzyborów ,,2008,1884,2000,1959,1988,1908,2012,1991,1936,2023,1893,1972,23574
Jaktorów,Koleje Mazowieckie - KM Spółka z o.o.,2008,1884,2000,1959,1988,1908,2012,1991,1936,2023,1893,1972,23574
Jaktorów ,,2008,1884,2000,1959,1988,1908,2012,1991,1936,2023,1893,1972,23574
Dąbrowa Górnicza Gołonóg,Koleje Śląskie Spółka z o.o.,2050,1957,2103,2054,1955,2032,2114,2116,1622,1641,1866,2032,23542
Dąbrowa Górnicza Gołonóg ,,2050,1957,2103,2054,1955,2032,2114,2116,1622,1641,1866,2032,23542
Jarosław,PKP INTERCITY Spółka Akcyjna ,873,819,880,848,883,852,876,876,868,893,868,1025,10561
Jarosław,POLREGIO Spółka Akcyjna,1107,986,1052,1028,1048,1026,1162,1145,1091,1140,1052,1090,12927
Jarosław ,,1980,1805,1932,1876,1931,1878,2038,2021,1959,2033,1920,2115,23488
Wrocław Nowy Dwór,Koleje Dolnośląskie S.A.,1963,1844,1981,1922,1986,1922,1983,1988,1922,1989,1915,2049,23464
Wrocław Nowy Dwór ,,1963,1844,1981,1922,1986,1922,1983,1988,1922,1989,1915,2049,23464
Wieliczka Park,Koleje Małopolskie Sp. z o.o.,1975,1856,1954,1920,1984,1916,1980,1980,1920,1984,1920,2056,23445
Wieliczka Park ,,1975,1856,1954,1920,1984,1916,1980,1980,1920,1984,1920,2056,23445
Wieliczka Bogucice,Koleje Małopolskie Sp. z o.o.,1975,1856,1954,1920,1984,1916,1980,1980,1920,1984,1920,2056,23445
Wieliczka Bogucice ,,1975,1856,1954,1920,1984,1916,1980,1980,1920,1984,1920,2056,23445
Kraków Bieżanów Drożdżownia,Koleje Małopolskie Sp. z o.o.,1975,1856,1954,1920,1984,1916,1980,1980,1920,1984,1920,2056,23445
Kraków Bieżanów Drożdżownia ,,1975,1856,1954,1920,1984,1916,1980,1980,1920,1984,1920,2056,23445
Wieliczka Rynek-Kopalnia,Koleje Małopolskie Sp. z o.o.,1975,1856,1954,1920,1984,1916,1979,1980,1920,1984,1920,2054,23442
Wieliczka Rynek-Kopalnia ,,1975,1856,1954,1920,1984,1916,1979,1980,1920,1984,1920,2054,23442
Jelcz Miłoszyce,Koleje Dolnośląskie S.A.,1864,1770,1841,1803,1804,1780,1910,1846,1791,1908,1745,1822,21884
Jelcz Miłoszyce,POLREGIO Spółka Akcyjna,131,125,126,126,120,120,137,126,123,138,114,100,1486
Jelcz Miłoszyce ,,1995,1895,1967,1929,1924,1900,2047,1972,1914,2046,1859,1922,23370
Jelcz-Laskowice,Koleje Dolnośląskie S.A.,1864,1770,1841,1803,1804,1780,1910,1846,1791,1908,1745,1821,21883
Jelcz-Laskowice,POLREGIO Spółka Akcyjna,131,125,126,126,120,120,138,126,123,138,114,100,1487
Jelcz-Laskowice ,,1995,1895,1967,1929,1924,1900,2048,1972,1914,2046,1859,1921,23370
Swarzędz,CARGO Master Spółka z o.o.,,,,,2,,,,,,,,2
Swarzędz,Koleje Wielkopolskie Sp. z o.o.,1420,1339,1394,1370,1357,1346,1460,1408,1390,1459,1352,1397,16692
Swarzędz,Parowozownia Wolsztyn,,,,,,,,2,,,,,2
Swarzędz,PKP INTERCITY Spółka Akcyjna ,558,521,558,540,559,540,558,556,540,556,539,592,6617
Swarzędz ,,1978,1860,1952,1910,1918,1886,2018,1966,1930,2015,1891,1989,23313
Zaczernie,POLREGIO Spółka Akcyjna,2003,1884,1966,1931,1955,1769,1949,1911,1941,2032,1893,1951,23185
Zaczernie ,,2003,1884,1966,1931,1955,1769,1949,1911,1941,2032,1893,1951,23185
Rzeszów Staromieście,POLREGIO Spółka Akcyjna,2000,1884,1966,1931,1955,1769,1949,1911,1941,2032,1893,1951,23182
Rzeszów Staromieście ,,2000,1884,1966,1931,1955,1769,1949,1911,1941,2032,1893,1951,23182
Rzeszów Miłocin,POLREGIO Spółka Akcyjna,2000,1884,1966,1931,1955,1769,1949,1911,1941,2032,1893,1951,23182
Rzeszów Miłocin ,,2000,1884,1966,1931,1955,1769,1949,1911,1941,2032,1893,1951,23182
Łochów,Koleje Mazowieckie - KM Spółka z o.o.,1389,1311,1388,1350,1378,1338,1408,1388,1368,1431,1348,1378,16475
Łochów,PKP INTERCITY Spółka Akcyjna ,566,530,564,550,565,549,567,570,539,560,539,592,6691
Łochów,POLREGIO Spółka Akcyjna,,,,,2,,,,,,,,2
Łochów ,,1955,1841,1952,1900,1945,1887,1975,1958,1907,1991,1887,1970,23168
Zduńska Wola,Koleje Wielkopolskie Sp. z o.o.,60,58,58,60,50,58,62,56,60,62,60,62,706
Zduńska Wola,Łódzka Kolej Aglomeracyjna Sp. z o.o.,896,845,883,867,874,856,917,893,872,917,837,954,10611
Zduńska Wola,PKP INTERCITY Spółka Akcyjna ,549,513,544,530,550,530,550,548,528,551,531,664,6588
Zduńska Wola,POLREGIO Spółka Akcyjna,431,406,434,420,433,419,431,434,419,433,420,434,5114
Zduńska Wola ,,1936,1822,1919,1877,1907,1863,1960,1931,1879,1963,1848,2114,23019
Łask,Koleje Wielkopolskie Sp. z o.o.,60,58,58,60,50,58,62,56,60,62,60,62,706
Łask,Łódzka Kolej Aglomeracyjna Sp. z o.o.,896,845,883,867,874,856,919,891,872,917,837,952,10609
Łask,PKP INTERCITY Spółka Akcyjna ,549,513,542,530,550,530,550,552,528,551,531,664,6590
Łask,POLREGIO Spółka Akcyjna,431,406,434,420,433,419,431,433,419,433,420,434,5113
Łask ,,1936,1822,1917,1877,1907,1863,1962,1932,1879,1963,1848,2112,23018
Pomiechówek,Koleje Mazowieckie - KM Spółka z o.o.,2004,1915,1993,1989,2015,1948,1749,1712,1751,1933,1935,1980,22924
Pomiechówek ,,2004,1915,1993,1989,2015,1948,1749,1712,1751,1933,1935,1980,22924
Zbąszyń,CARGO Master Spółka z o.o.,,,,,2,,,,,,,,2
Zbąszyń,Koleje Wielkopolskie Sp. z o.o.,1223,1158,1202,1174,1172,1169,1266,1213,1200,1266,1160,1154,14357
Zbąszyń,PKP INTERCITY Spółka Akcyjna ,434,406,432,420,436,415,433,433,416,434,420,196,4875
Zbąszyń,POLREGIO Spółka Akcyjna,308,290,309,300,310,299,310,310,298,308,299,276,3617
Zbąszyń ,,1965,1854,1943,1894,1920,1883,2009,1956,1914,2008,1879,1626,22851
Mogilno,Koleje Wielkopolskie Sp. z o.o.,292,274,290,282,288,280,292,290,282,294,292,286,3442
Mogilno,PKP INTERCITY Spółka Akcyjna ,993,928,995,965,1001,968,1001,1007,970,1000,971,928,11727
Mogilno,POLREGIO Spółka Akcyjna,641,603,632,618,612,608,649,627,619,649,609,719,7586
Mogilno,RAILPOLONIA Sp. z o.o. (przewozy pasażerskie),,,,,,,,,,,,3,3
Mogilno ,,1926,1805,1917,1865,1901,1856,1942,1924,1871,1943,1872,1936,22758
Włoszczowa Północ,PKP INTERCITY Spółka Akcyjna ,1145,1078,1089,1052,1084,1140,1188,1175,1028,1153,1101,1046,13279
Włoszczowa Północ,POLREGIO Spółka Akcyjna,793,746,795,771,797,768,796,797,766,798,771,846,9444
Włoszczowa Północ ,,1938,1824,1884,1823,1881,1908,1984,1972,1794,1951,1872,1892,22723
Mława,Koleje Mazowieckie - KM Spółka z o.o.,907,862,919,891,919,890,922,921,891,922,887,919,10850
Mława,PKP INTERCITY Spółka Akcyjna ,998,934,997,970,1003,1023,1148,1159,990,1012,978,456,11668
Mława ,,1905,1796,1916,1861,1922,1913,2070,2080,1881,1934,1865,1375,22518
Koszalin,PKP INTERCITY Spółka Akcyjna ,820,776,835,806,840,815,962,970,667,682,660,756,9589
Koszalin,POLREGIO Spółka Akcyjna,1005,956,997,969,971,1119,1492,1492,975,1001,936,1016,12929
Koszalin ,,1825,1732,1832,1775,1811,1934,2454,2462,1642,1683,1596,1772,22518
Rzepin,PKP INTERCITY Spółka Akcyjna ,848,795,835,820,856,856,921,909,792,850,819,875,10176
Rzepin,POLREGIO Spółka Akcyjna,991,976,994,1011,1016,985,1065,1036,987,1053,980,1207,12301
Rzepin ,,1839,1771,1829,1831,1872,1841,1986,1945,1779,1903,1799,2082,22477
Goleniów,PKP INTERCITY Spółka Akcyjna ,372,344,372,360,374,415,558,562,245,248,238,256,4344
Goleniów,POLREGIO Spółka Akcyjna,1431,1357,1475,1498,1526,1532,1623,1619,1499,1554,1444,1516,18074
Goleniów ,,1803,1701,1847,1858,1900,1947,2181,2181,1744,1802,1682,1772,22418
Chojnice,Arriva RP Sp. z o.o.,421,398,422,410,420,216,16,424,410,427,410,415,4389
Chojnice,PKP INTERCITY Spółka Akcyjna ,62,58,62,59,62,60,62,62,60,63,60,62,732
Chojnice,POLREGIO Spółka Akcyjna,1409,1344,1424,1356,1447,1410,1500,1476,1405,1449,1482,1564,17266
Chojnice ,,1892,1800,1908,1825,1929,1686,1578,1962,1875,1939,1952,2041,22387
Jelenia Góra,Koleje Dolnośląskie S.A.,1477,1398,1503,1345,1083,1410,1489,1475,1346,1492,1430,1457,16905
Jelenia Góra,PKP INTERCITY Spółka Akcyjna ,416,404,429,293,,383,448,446,362,442,438,411,4472
Jelenia Góra,POLREGIO Spółka Akcyjna,84,82,96,76,38,82,86,100,84,80,90,94,992
Jelenia Góra ,,1977,1884,2028,1714,1121,1875,2023,2021,1792,2014,1958,1962,22369
Żakowice,Łódzka Kolej Aglomeracyjna Sp. z o.o.,1696,1596,1591,1515,1533,1529,1723,1655,1617,1659,1549,1721,19384
Żakowice,POLREGIO Spółka Akcyjna,303,286,280,265,275,206,182,185,175,175,218,280,2830
Żakowice ,,1999,1882,1871,1780,1808,1735,1905,1840,1792,1834,1767,2001,22214
Szamotuły,Koleje Wielkopolskie Sp. z o.o.,840,790,830,810,820,785,850,829,810,850,789,838,9841
Szamotuły,Parowozownia Wolsztyn,,,,,,,,,,,2,,2
Szamotuły,PKP INTERCITY Spółka Akcyjna ,496,462,432,420,434,439,496,496,427,434,420,547,5503
Szamotuły,POLREGIO Spółka Akcyjna,547,512,545,536,561,541,566,570,531,550,528,565,6552
Szamotuły ,,1883,1764,1807,1766,1815,1765,1912,1895,1768,1834,1739,1950,21898
Goczałkowice,Koleje Śląskie Spółka z o.o.,1815,1703,1842,1796,1879,1807,1873,1879,1793,1833,1796,1781,21797
Goczałkowice ,,1815,1703,1842,1796,1879,1807,1873,1879,1793,1833,1796,1781,21797
Opalenica,Koleje Wielkopolskie Sp. z o.o.,1130,1068,1104,1086,1077,1046,1155,1102,1086,1156,1034,1012,13056
Opalenica,PKP INTERCITY Spółka Akcyjna ,434,406,432,420,435,415,433,433,414,434,420,434,5110
Opalenica,POLREGIO Spółka Akcyjna,308,290,309,300,310,299,310,310,299,308,300,276,3619
Opalenica ,,1872,1764,1845,1806,1822,1760,1898,1845,1799,1898,1754,1722,21785
Lębork,Koleje Mazowieckie - KM Spółka z o.o.,,,,,,18,62,62,2,,,,144
Lębork,PKP INTERCITY Spółka Akcyjna ,578,545,588,565,593,672,1020,1031,493,495,480,533,7593
Lębork,PKP Szybka Kolej Miejska w Trójmieście sp. z o.o.,445,429,446,435,418,429,462,441,436,463,424,421,5249
Lębork,POLREGIO Spółka Akcyjna,699,664,685,663,683,735,1004,999,646,658,627,673,8736
Lębork ,,1722,1638,1719,1663,1694,1854,2548,2533,1577,1616,1531,1627,21722
Chałupki,Koleje Śląskie Spółka z o.o.,1230,1166,1228,1197,1185,1169,1253,1212,1179,1286,1210,1276,14591
Chałupki,PKP INTERCITY Spółka Akcyjna ,617,581,620,600,619,618,682,682,321,490,599,569,6998
Chałupki ,,1847,1747,1848,1797,1804,1787,1935,1894,1500,1776,1809,1845,21589
Suchedniów,Łódzka Kolej Aglomeracyjna Sp. z o.o.,,,,,,,,,,,,28,28
Suchedniów,PKP INTERCITY Spółka Akcyjna ,795,746,795,770,796,770,797,797,770,798,770,904,9508
Suchedniów,POLREGIO Spółka Akcyjna,980,920,1012,998,1009,989,1042,1025,998,1042,978,1038,12031
Suchedniów ,,1775,1666,1807,1768,1805,1759,1839,1822,1768,1840,1748,1970,21567
Świdnica Miasto,CARGO Master Spółka z o.o.,,,,4,,,,,,,,,4
Świdnica Miasto,Koleje Dolnośląskie S.A.,1747,1648,1756,1703,1776,1717,1783,1770,1602,1765,1686,1793,20746
Świdnica Miasto,PKP INTERCITY Spółka Akcyjna ,55,58,60,59,62,60,60,61,40,60,58,43,676
Świdnica Miasto ,,1802,1706,1816,1766,1838,1777,1843,1831,1642,1825,1744,1836,21426
Węgliniec,Koleje Dolnośląskie S.A.,1283,1202,1277,1247,1298,1257,1299,1299,1245,1298,1256,1328,15289
Węgliniec,PKP INTERCITY Spółka Akcyjna ,53,50,51,51,54,50,53,53,51,54,51,57,628
Węgliniec,POLREGIO Spółka Akcyjna,443,436,489,481,483,441,445,463,424,403,400,450,5358
Węgliniec ,,1779,1688,1817,1779,1835,1748,1797,1815,1720,1755,1707,1835,21275
Sędziszów Małopolski,PKP INTERCITY Spółka Akcyjna ,503,472,510,490,509,489,505,504,490,504,490,537,6003
Sędziszów Małopolski,POLREGIO Spółka Akcyjna,1266,1256,1299,1274,1279,1182,1260,1234,1285,1352,1251,1312,15250
Sędziszów Małopolski ,,1769,1728,1809,1764,1788,1671,1765,1738,1775,1856,1741,1849,21253
Ropczyce,PKP INTERCITY Spółka Akcyjna ,503,472,504,489,504,489,505,504,490,504,490,537,5991
Ropczyce,POLREGIO Spółka Akcyjna,1267,1256,1299,1274,1279,1182,1260,1234,1285,1352,1251,1312,15251
Ropczyce ,,1770,1728,1803,1763,1783,1671,1765,1738,1775,1856,1741,1849,21242
Cegłów,Koleje Mazowieckie - KM Spółka z o.o.,1844,1739,1779,1752,1805,1745,1775,1723,1738,1819,1670,1798,21187
Cegłów ,,1844,1739,1779,1752,1805,1745,1775,1723,1738,1819,1670,1798,21187
Tychy Aleja Bielska,Koleje Śląskie Spółka z o.o.,1816,1724,1784,1766,1716,1729,1853,1774,1690,1856,1700,1755,21163
Tychy Aleja Bielska ,,1816,1724,1784,1766,1716,1729,1853,1774,1690,1856,1700,1755,21163
Tychy Grota Roweckiego,Koleje Śląskie Spółka z o.o.,1816,1724,1784,1766,1716,1729,1853,1774,1690,1856,1700,1755,21163
Tychy Grota Roweckiego ,,1816,1724,1784,1766,1716,1729,1853,1774,1690,1856,1700,1755,21163
Tychy Zachodnie,Koleje Śląskie Spółka z o.o.,1816,1724,1784,1765,1716,1729,1853,1774,1690,1856,1700,1755,21162
Tychy Zachodnie ,,1816,1724,1784,1765,1716,1729,1853,1774,1690,1856,1700,1755,21162
Tychy Lodowisko,Koleje Śląskie Spółka z o.o.,1814,1724,1784,1766,1712,1727,1851,1774,1690,1856,1700,1753,21151
Tychy Lodowisko ,,1814,1724,1784,1766,1712,1727,1851,1774,1690,1856,1700,1753,21151
Sieradz,Koleje Wielkopolskie Sp. z o.o.,60,58,58,60,50,58,62,56,60,62,60,62,706
Sieradz,Łódzka Kolej Aglomeracyjna Sp. z o.o.,896,845,824,867,874,853,917,702,482,501,498,481,8740
Sieradz,PKP INTERCITY Spółka Akcyjna ,548,514,548,530,550,530,550,548,528,551,531,664,6592
Sieradz,POLREGIO Spółka Akcyjna,431,406,434,420,433,419,431,432,419,433,420,434,5112
Sieradz ,,1935,1823,1864,1877,1907,1860,1960,1738,1489,1547,1509,1641,21150
Rogów,Łódzka Kolej Aglomeracyjna Sp. z o.o.,1201,1120,1251,1228,1297,1243,1273,1289,1248,1273,1272,1356,15051
Rogów,POLREGIO Spółka Akcyjna,527,502,512,508,497,470,544,510,507,545,475,497,6094
Rogów ,,1728,1622,1763,1736,1794,1713,1817,1799,1755,1818,1747,1853,21145
Pleszew,Koleje Wielkopolskie Sp. z o.o.,887,840,868,856,798,804,856,809,819,858,803,793,9991
Pleszew,Łódzka Kolej Aglomeracyjna Sp. z o.o.,26,24,30,30,38,28,24,29,26,24,30,38,347
Pleszew,PKP INTERCITY Spółka Akcyjna ,557,520,491,479,496,518,620,606,480,496,480,531,6274
Pleszew,POLREGIO Spółka Akcyjna,371,348,372,359,372,357,371,365,360,372,359,372,4378
Pleszew ,,1841,1732,1761,1724,1704,1707,1871,1809,1685,1750,1672,1734,20990
Białogard,PKP INTERCITY Spółka Akcyjna ,758,711,762,778,806,838,982,995,668,636,622,796,9352
Białogard,POLREGIO Spółka Akcyjna,998,948,980,972,994,990,1038,1032,901,943,870,958,11624
Białogard ,,1756,1659,1742,1750,1800,1828,2020,2027,1569,1579,1492,1754,20976
Wronki,Koleje Wielkopolskie Sp. z o.o.,752,706,746,726,740,711,758,745,726,758,713,776,8857
Wronki,PKP INTERCITY Spółka Akcyjna ,496,462,432,420,434,439,496,496,427,434,420,547,5503
Wronki,POLREGIO Spółka Akcyjna,547,512,545,536,561,541,566,570,531,550,528,565,6552
Wronki ,,1795,1680,1723,1682,1735,1691,1820,1811,1684,1742,1661,1888,20912
Tarnowskie Góry,Koleje Śląskie Spółka z o.o.,1375,1302,1387,1346,1357,1332,1398,1373,1434,1490,1386,1483,16663
Tarnowskie Góry,PKP INTERCITY Spółka Akcyjna ,,2,,,,,,,,,,,2
Tarnowskie Góry,POLREGIO Spółka Akcyjna,359,322,326,348,336,343,370,334,351,368,342,348,4147
Tarnowskie Góry ,,1734,1626,1713,1694,1693,1675,1768,1707,1785,1858,1728,1831,20812
Nowy Tomyśl,Koleje Wielkopolskie Sp. z o.o.,1028,986,1020,994,997,972,1063,1010,1002,1064,958,962,12056
Nowy Tomyśl,PKP INTERCITY Spółka Akcyjna ,434,406,432,420,435,415,433,433,416,434,420,434,5112
Nowy Tomyśl,POLREGIO Spółka Akcyjna,308,290,309,300,310,299,310,310,298,308,299,276,3617
Nowy Tomyśl ,,1770,1682,1761,1714,1742,1686,1806,1753,1716,1806,1677,1672,20785
Miłkowice,Koleje Dolnośląskie S.A.,1765,1654,1762,1708,1758,1704,1766,1762,1666,1768,1697,1760,20770
Miłkowice ,,1765,1654,1762,1708,1758,1704,1766,1762,1666,1768,1697,1760,20770
Chojnów,Koleje Dolnośląskie S.A.,1689,1584,1686,1643,1696,1644,1700,1695,1621,1713,1638,1728,20037
Chojnów,PKP INTERCITY Spółka Akcyjna ,53,50,51,50,54,50,53,53,51,54,51,90,660
Chojnów ,,1742,1634,1737,1693,1750,1694,1753,1748,1672,1767,1689,1818,20697
Przemyśl Zasanie,PKP INTERCITY Spółka Akcyjna ,748,703,758,729,761,732,753,752,748,769,746,918,9117
Przemyśl Zasanie,POLREGIO Spółka Akcyjna,975,922,971,946,961,939,988,972,948,990,928,965,11505
Przemyśl Zasanie ,,1723,1625,1729,1675,1722,1671,1741,1724,1696,1759,1674,1883,20622
Teresin Niepokalanów,Koleje Mazowieckie - KM Spółka z o.o.,1759,1646,1738,1700,1724,1670,1770,1745,1654,1780,1654,1755,20595
Teresin Niepokalanów ,,1759,1646,1738,1700,1724,1670,1770,1745,1654,1780,1654,1755,20595
Żukowo Wschodnie,CARGO Master Spółka z o.o.,,,,2,,,,,,,,,2
Żukowo Wschodnie,POLREGIO Spółka Akcyjna,1688,1584,1728,1694,1740,1698,1776,1767,1697,1758,1684,1741,20555
Żukowo Wschodnie ,,1688,1584,1728,1696,1740,1698,1776,1767,1697,1758,1684,1741,20557
Rębiechowo,POLREGIO Spółka Akcyjna,1688,1584,1726,1694,1740,1698,1776,1767,1697,1758,1684,1741,20553
Rębiechowo ,,1688,1584,1726,1694,1740,1698,1776,1767,1697,1758,1684,1741,20553
Celestynów,Koleje Mazowieckie - KM Spółka z o.o.,1721,1618,1700,1661,1673,1667,1779,1742,1736,1837,1683,1735,20552
Celestynów ,,1721,1618,1700,1661,1673,1667,1779,1742,1736,1837,1683,1735,20552
Pępowo Kartuskie,POLREGIO Spółka Akcyjna,1688,1584,1726,1694,1740,1698,1774,1767,1697,1758,1684,1741,20551
Pępowo Kartuskie ,,1688,1584,1726,1694,1740,1698,1774,1767,1697,1758,1684,1741,20551
Żukowo,POLREGIO Spółka Akcyjna,1685,1584,1727,1694,1740,1698,1775,1767,1697,1758,1684,1741,20550
Żukowo ,,1685,1584,1727,1694,1740,1698,1775,1767,1697,1758,1684,1741,20550
Borkowo,POLREGIO Spółka Akcyjna,1685,1584,1727,1694,1740,1698,1775,1767,1697,1758,1684,1741,20550
Borkowo ,,1685,1584,1727,1694,1740,1698,1775,1767,1697,1758,1684,1741,20550
Stara Wieś,Koleje Mazowieckie - KM Spółka z o.o.,1716,1615,1696,1656,1670,1662,1774,1738,1731,1833,1678,1730,20499
Stara Wieś ,,1716,1615,1696,1656,1670,1662,1774,1738,1731,1833,1678,1730,20499
Pogorzel Warszawska,Koleje Mazowieckie - KM Spółka z o.o.,1716,1615,1696,1656,1670,1662,1774,1738,1731,1833,1678,1730,20499
Pogorzel Warszawska ,,1716,1615,1696,1656,1670,1662,1774,1738,1731,1833,1678,1730,20499
Otwock Śródborów,Koleje Mazowieckie - KM Spółka z o.o.,1716,1615,1696,1656,1670,1662,1774,1738,1731,1833,1678,1730,20499
Otwock Śródborów ,,1716,1615,1696,1656,1670,1662,1774,1738,1731,1833,1678,1730,20499
Łódź Retkinia,Koleje Wielkopolskie Sp. z o.o.,60,58,58,60,50,58,62,56,60,62,60,62,706
Łódź Retkinia,Łódzka Kolej Aglomeracyjna Sp. z o.o.,896,845,971,985,997,976,1055,1017,1034,1086,995,1130,11987
Łódź Retkinia,PKP INTERCITY Spółka Akcyjna ,238,224,230,230,240,230,241,242,231,241,231,107,2685
Łódź Retkinia,POLREGIO Spółka Akcyjna,432,406,434,420,433,419,432,433,419,433,420,434,5115
Łódź Retkinia ,,1626,1533,1693,1695,1720,1683,1790,1748,1744,1822,1706,1733,20493
Rybnik Towarowy,Koleje Śląskie Spółka z o.o.,1773,1679,1762,1722,1696,1683,1795,1736,1127,1822,1693,1919,20407
Rybnik Towarowy ,,1773,1679,1762,1722,1696,1683,1795,1736,1127,1822,1693,1919,20407
Słupca,Koleje Wielkopolskie Sp. z o.o.,1156,1088,1142,1119,1117,1104,1168,1136,1120,1168,1102,1175,13595
Słupca,PKP INTERCITY Spółka Akcyjna ,558,519,558,539,558,540,561,559,541,555,539,592,6619
Słupca ,,1714,1607,1700,1658,1675,1644,1729,1695,1661,1723,1641,1767,20214
Łazy,Koleje Śląskie Spółka z o.o.,1679,1591,1686,1644,1660,1637,1742,1699,1705,1739,1632,1722,20136
Łazy ,,1679,1591,1686,1644,1660,1637,1742,1699,1705,1739,1632,1722,20136
Puławy Miasto,PKP INTERCITY Spółka Akcyjna ,1063,994,1066,1029,1062,1065,1186,1189,1064,1062,1034,1173,12987
Puławy Miasto,POLREGIO Spółka Akcyjna,599,566,587,577,565,570,609,585,578,610,557,595,6998
Puławy Miasto ,,1662,1560,1653,1606,1627,1635,1795,1774,1642,1672,1591,1768,19985
Nałęczów,PKP INTERCITY Spółka Akcyjna ,1064,994,1066,1029,1062,1065,1186,1189,1034,1062,1032,1173,12956
Nałęczów,POLREGIO Spółka Akcyjna,599,566,587,577,565,570,609,585,578,610,557,595,6998
Nałęczów ,,1663,1560,1653,1606,1627,1635,1795,1774,1612,1672,1589,1768,19954
Lublin Zachodni,PKP INTERCITY Spółka Akcyjna ,1063,994,1065,1029,1063,1065,1186,1189,1034,1062,1030,1167,12947
Lublin Zachodni,POLREGIO Spółka Akcyjna,599,565,587,577,565,570,609,585,578,610,557,590,6992
Lublin Zachodni ,,1662,1559,1652,1606,1628,1635,1795,1774,1612,1672,1587,1757,19939
Sędzisław,Koleje Dolnośląskie S.A.,1231,1173,1260,1216,1228,1219,1256,1255,1163,1243,1222,1310,14776
Sędzisław,PKP INTERCITY Spółka Akcyjna ,355,346,370,359,372,374,386,384,320,380,378,384,4408
Sędzisław,POLREGIO Spółka Akcyjna,59,58,62,60,62,60,62,62,60,62,60,62,729
Sędzisław ,,1645,1577,1692,1635,1662,1653,1704,1701,1543,1685,1660,1756,19913
Szczecinek,CARGO Master Spółka z o.o.,,,,,2,,,,,,,,2
Szczecinek,PKP INTERCITY Spółka Akcyjna ,389,364,392,420,434,486,610,636,136,124,120,367,4478
Szczecinek,POLREGIO Spółka Akcyjna,1296,1233,1283,1268,1284,1272,1367,1428,1185,1222,1156,1297,15291
Szczecinek ,,1685,1597,1675,1688,1720,1758,1977,2064,1321,1346,1276,1664,19771
Aleksandrów Kujawski,CARGO Master Spółka z o.o.,,,6,,,,,,,,,,6
Aleksandrów Kujawski,PKP INTERCITY Spółka Akcyjna ,805,754,806,784,806,818,930,929,781,806,761,811,9791
Aleksandrów Kujawski,POLREGIO Spółka Akcyjna,844,794,835,814,802,805,854,823,813,853,804,813,9854
Aleksandrów Kujawski ,,1649,1548,1647,1598,1608,1623,1784,1752,1594,1659,1565,1624,19651
Włocławek,PKP INTERCITY Spółka Akcyjna ,805,754,806,780,806,818,930,932,781,806,761,811,9790
Włocławek,POLREGIO Spółka Akcyjna,844,794,835,814,802,805,854,824,813,853,804,813,9855
Włocławek ,,1649,1548,1641,1594,1608,1623,1784,1756,1594,1659,1565,1624,19645
Wałbrzych Miasto,Koleje Dolnośląskie S.A.,1226,1164,1243,1228,1314,1206,1244,1239,1149,1214,1130,1241,14598
Wałbrzych Miasto,PKP INTERCITY Spółka Akcyjna ,360,348,367,342,310,366,386,389,336,386,379,332,4301
Wałbrzych Miasto,POLREGIO Spółka Akcyjna,60,58,62,60,62,60,62,62,60,62,60,62,730
Wałbrzych Miasto ,,1646,1570,1672,1630,1686,1632,1692,1690,1545,1662,1569,1635,19629
Kąty Wrocławskie,Koleje Dolnośląskie S.A.,1563,1497,1582,1549,1603,1559,1636,1615,1510,1616,1510,1603,18843
Kąty Wrocławskie,POLREGIO Spółka Akcyjna,62,58,62,60,62,59,62,62,60,62,60,61,730
Kąty Wrocławskie ,,1625,1555,1644,1609,1665,1618,1698,1677,1570,1678,1570,1664,19573
Wrocław Grabiszyn,Koleje Dolnośląskie S.A.,1564,1487,1584,1549,1603,1559,1636,1604,1510,1616,1510,1603,18825
Wrocław Grabiszyn,POLREGIO Spółka Akcyjna,62,57,62,60,62,59,62,61,60,62,60,61,728
Wrocław Grabiszyn ,,1626,1544,1646,1609,1665,1618,1698,1665,1570,1678,1570,1664,19553
Opole Groszowice,POLREGIO Spółka Akcyjna,1671,1597,1649,1624,1623,1579,1634,1579,1629,1728,1566,1669,19548
Opole Groszowice ,,1671,1597,1649,1624,1623,1579,1634,1579,1629,1728,1566,1669,19548
Opole Zachodnie,POLREGIO Spółka Akcyjna,1650,1555,1624,1598,1572,1576,1702,1651,1610,1713,1565,1601,19417
Opole Zachodnie ,,1650,1555,1624,1598,1572,1576,1702,1651,1610,1713,1565,1601,19417
Podłęże,Koleje Małopolskie Sp. z o.o.,1072,1010,1070,1041,1046,1032,1083,1059,1039,1085,1026,1054,12617
Podłęże,POLREGIO Spółka Akcyjna,536,505,535,519,531,520,542,536,522,542,517,994,6799
Podłęże ,,1608,1515,1605,1560,1577,1552,1625,1595,1561,1627,1543,2048,19416
Wałbrzych Główny,CARGO Master Spółka z o.o.,,,,4,,,,,,,,,4
Wałbrzych Główny,Koleje Dolnośląskie S.A.,1177,1108,1187,1158,1229,1210,1257,1256,1104,1193,1142,1231,14252
Wałbrzych Główny,LEO Express Global a.s.,,,1,,,,,,,,,,1
Wałbrzych Główny,PKP INTERCITY Spółka Akcyjna ,356,346,370,359,372,373,386,385,320,380,379,384,4410
Wałbrzych Główny,POLREGIO Spółka Akcyjna,60,58,62,60,62,60,62,62,60,62,60,62,730
Wałbrzych Główny ,,1593,1512,1620,1581,1663,1643,1705,1703,1484,1635,1581,1677,19397
Jabłonowo Pomorskie,Arriva RP Sp. z o.o.,632,598,628,614,620,574,588,580,564,588,560,606,7152
Jabłonowo Pomorskie,CARGO Master Spółka z o.o.,1,,,,,,,,,,,,1
Jabłonowo Pomorskie,PKP INTERCITY Spółka Akcyjna ,369,346,369,355,371,360,370,370,359,371,358,406,4404
Jabłonowo Pomorskie,POLREGIO Spółka Akcyjna,679,642,664,654,636,633,652,623,656,698,642,650,7829
Jabłonowo Pomorskie ,,1681,1586,1661,1623,1627,1567,1610,1573,1579,1657,1560,1662,19386
Toruń Kluczyki,CARGO Master Spółka z o.o.,,,1,,,,,,,,,,1
Toruń Kluczyki,POLREGIO Spółka Akcyjna,1649,1554,1629,1586,1560,1567,1676,1604,1590,1692,1589,1639,19335
Toruń Kluczyki ,,1649,1554,1630,1586,1560,1567,1676,1604,1590,1692,1589,1639,19336
Kłodzko Główne,Koleje Dolnośląskie S.A.,1601,1498,1607,1555,1608,1555,1596,1564,269,597,1193,1512,16155
Kłodzko Główne,LEO Express Global a.s.,,,1,,,,,,,,,,1
Kłodzko Główne,PKP INTERCITY Spółka Akcyjna ,253,244,268,258,270,258,262,261,52,112,218,218,2674
Kłodzko Główne,POLREGIO Spółka Akcyjna,34,32,40,36,40,40,32,40,20,32,42,38,426
Kłodzko Główne ,,1888,1774,1916,1849,1918,1853,1890,1865,341,741,1453,1768,19256
Kobiór,Koleje Śląskie Spółka z o.o.,1612,1509,1636,1597,1644,1583,1627,1627,1576,1613,1575,1561,19160
Kobiór ,,1612,1509,1636,1597,1644,1583,1627,1627,1576,1613,1575,1561,19160
Piasek,Koleje Śląskie Spółka z o.o.,1612,1509,1636,1597,1642,1583,1627,1627,1576,1613,1575,1561,19158
Piasek ,,1612,1509,1636,1597,1642,1583,1627,1627,1576,1613,1575,1561,19158
Poznań Starołęka,CARGO Master Spółka z o.o.,,,,,5,,,,,,,,5
Poznań Starołęka,Koleje Wielkopolskie Sp. z o.o.,1249,1182,1222,1208,1184,1057,1268,1218,1176,1272,1173,1128,14337
Poznań Starołęka,Łódzka Kolej Aglomeracyjna Sp. z o.o.,26,24,30,30,38,28,24,29,26,24,30,38,347
Poznań Starołęka,PKP INTERCITY Spółka Akcyjna ,,4,,1,,,,,1,,10,,16
Poznań Starołęka,POLREGIO Spółka Akcyjna,371,348,372,359,373,358,368,371,360,372,357,372,4381
Poznań Starołęka,RAILPOLONIA Sp. z o.o. (przewozy pasażerskie),,,,,,,,,,,,2,2
Poznań Starołęka ,,1646,1558,1624,1598,1600,1443,1660,1618,1563,1668,1570,1540,19088
Poznań Dębina,CARGO Master Spółka z o.o.,,,,,1,,,,,,,,1
Poznań Dębina,Koleje Wielkopolskie Sp. z o.o.,1249,1182,1222,1208,1184,1057,1268,1218,1176,1272,1173,1128,14337
Poznań Dębina,Łódzka Kolej Aglomeracyjna Sp. z o.o.,26,24,30,30,38,28,24,29,26,24,30,38,347
Poznań Dębina,POLREGIO Spółka Akcyjna,371,348,372,359,371,358,368,371,360,372,357,372,4379
Poznań Dębina ,,1646,1554,1624,1597,1594,1443,1660,1618,1562,1668,1560,1538,19064
Rudna Miasto,Koleje Dolnośląskie S.A.,1530,1484,1442,1335,1376,1271,1392,1383,1339,1387,1333,1529,16801
Rudna Miasto,POLREGIO Spółka Akcyjna,,,176,240,247,239,246,248,234,247,240,112,2229
Rudna Miasto ,,1530,1484,1618,1575,1623,1510,1638,1631,1573,1634,1573,1641,19030
Tarnów Mościce,Koleje Małopolskie Sp. z o.o.,1071,1013,1071,1041,1045,1033,1082,1059,1039,1086,1026,1053,12619
Tarnów Mościce,POLREGIO Spółka Akcyjna,536,505,535,520,532,520,542,536,522,542,518,534,6342
Tarnów Mościce ,,1607,1518,1606,1561,1577,1553,1624,1595,1561,1628,1544,1587,18961
Staniątki,Koleje Małopolskie Sp. z o.o.,1071,1010,1070,1041,1046,1032,1083,1059,1039,1086,1026,1053,12616
Staniątki,POLREGIO Spółka Akcyjna,536,505,535,519,531,520,542,536,522,542,517,534,6339
Staniątki ,,1607,1515,1605,1560,1577,1552,1625,1595,1561,1628,1543,1587,18955
Kłaj,Koleje Małopolskie Sp. z o.o.,1071,1010,1070,1041,1046,1032,1083,1059,1039,1086,1026,1053,12616
Kłaj,POLREGIO Spółka Akcyjna,536,505,535,519,531,520,542,536,522,542,517,534,6339
Kłaj ,,1607,1515,1605,1560,1577,1552,1625,1595,1561,1628,1543,1587,18955
Kotuń,Koleje Mazowieckie - KM Spółka z o.o.,1628,1530,1611,1581,1622,1555,1594,1572,1473,1620,1523,1600,18909
Kotuń,PKP INTERCITY Spółka Akcyjna ,,,,,,,,,17,,,,17
Kotuń ,,1628,1530,1611,1581,1622,1555,1594,1572,1490,1620,1523,1600,18926
Warszawa Główna,Koleje Mazowieckie - KM Spółka z o.o.,686,627,679,701,690,324,42,,,,,50,3799
Warszawa Główna,Łódzka Kolej Aglomeracyjna Sp. z o.o.,198,176,220,194,242,74,16,20,,,,,1140
Warszawa Główna,PKP INTERCITY Spółka Akcyjna ,85,83,93,93,91,13,,,,,,,458
Warszawa Główna,POLREGIO Spółka Akcyjna,528,501,512,507,497,95,,,,,,20,2660
Warszawa Główna,Szybka Kolej Miejska Sp. z o.o.,1204,1128,1165,1110,1139,814,797,686,827,900,721,375,10866
Warszawa Główna ,,2701,2515,2669,2605,2659,1320,855,706,827,900,721,445,18923
Szczecin Zdunowo,POLREGIO Spółka Akcyjna,1503,1421,1561,1583,1588,1565,1657,1618,1586,1661,1529,1611,18883
Szczecin Zdunowo ,,1503,1421,1561,1583,1588,1565,1657,1618,1586,1661,1529,1611,18883
Witanów,Koleje Mazowieckie - KM Spółka z o.o.,1609,1504,1594,1556,1580,1530,1616,1597,1519,1626,1522,1613,18866
Witanów ,,1609,1504,1594,1556,1580,1530,1616,1597,1519,1626,1522,1613,18866
Boża Wola,Koleje Mazowieckie - KM Spółka z o.o.,1609,1504,1594,1556,1580,1530,1616,1597,1519,1626,1522,1613,18866
Boża Wola ,,1609,1504,1594,1556,1580,1530,1616,1597,1519,1626,1522,1613,18866
Piasecznica,Koleje Mazowieckie - KM Spółka z o.o.,1608,1504,1594,1556,1580,1530,1616,1597,1519,1626,1522,1613,18865
Piasecznica ,,1608,1504,1594,1556,1580,1530,1616,1597,1519,1626,1522,1613,18865
Seroki,Koleje Mazowieckie - KM Spółka z o.o.,1609,1504,1594,1556,1580,1530,1616,1597,1515,1626,1522,1613,18862
Seroki ,,1609,1504,1594,1556,1580,1530,1616,1597,1515,1626,1522,1613,18862
Grębocice,Koleje Dolnośląskie S.A.,1539,1484,1442,1338,1377,1274,1390,1383,1090,1388,1336,1531,16572
Grębocice,POLREGIO Spółka Akcyjna,,,176,240,247,239,246,248,235,247,240,112,2230
Grębocice ,,1539,1484,1618,1578,1624,1513,1636,1631,1325,1635,1576,1643,18802
Czempiń,Koleje Wielkopolskie Sp. z o.o.,1031,964,1007,992,976,957,1056,1005,992,1055,949,1019,12003
Czempiń,POLREGIO Spółka Akcyjna,542,505,538,521,537,520,542,538,599,619,599,617,6677
Czempiń ,,1573,1469,1545,1513,1513,1477,1598,1543,1591,1674,1548,1636,18680
Mosina,Koleje Wielkopolskie Sp. z o.o.,1031,964,1007,992,975,957,1056,1005,992,1055,949,1019,12002
Mosina,POLREGIO Spółka Akcyjna,540,505,538,521,535,520,542,537,599,619,599,617,6672
Mosina ,,1571,1469,1545,1513,1510,1477,1598,1542,1591,1674,1548,1636,18674
Wieliszew,CARGO Master Spółka z o.o.,,,,,1,,,,,,,,1
Wieliszew,Koleje Mazowieckie - KM Spółka z o.o.,120,116,124,120,124,120,,,,44,120,124,1012
Wieliszew,PKP INTERCITY Spółka Akcyjna ,,,2,,,,,,,,,,2
Wieliszew,Szybka Kolej Miejska Sp. z o.o.,1447,1381,1403,1390,1348,1506,1673,1609,1415,1513,1283,1675,17643
Wieliszew ,,1567,1497,1529,1510,1473,1626,1673,1609,1415,1557,1403,1799,18658
Michałów-Reginów,Koleje Mazowieckie - KM Spółka z o.o.,120,116,124,120,124,120,,,,44,120,124,1012
Michałów-Reginów,Szybka Kolej Miejska Sp. z o.o.,1447,1381,1403,1389,1348,1506,1673,1609,1415,1513,1283,1675,17642
Michałów-Reginów ,,1567,1497,1527,1509,1472,1626,1673,1609,1415,1557,1403,1799,18654
Mińsk Mazowiecki Anielina,Koleje Mazowieckie - KM Spółka z o.o.,1604,1510,1569,1573,1608,1530,1571,1528,1532,1585,1490,1553,18653
Mińsk Mazowiecki Anielina ,,1604,1510,1569,1573,1608,1530,1571,1528,1532,1585,1490,1553,18653
Zielona Góra Przylep,PKP INTERCITY Spółka Akcyjna ,,,,,,,,,2,,,,2
Zielona Góra Przylep,POLREGIO Spółka Akcyjna,1449,1499,1560,1544,1576,1528,1632,1563,1542,1619,1484,1643,18639
Zielona Góra Przylep ,,1449,1499,1560,1544,1576,1528,1632,1563,1544,1619,1484,1643,18641
Lipce Reymontowskie,Łódzka Kolej Aglomeracyjna Sp. z o.o.,1003,944,1031,1034,1055,1031,1097,1069,1044,1097,1016,1099,12520
Lipce Reymontowskie,POLREGIO Spółka Akcyjna,527,502,512,508,497,470,544,510,507,545,475,497,6094
Lipce Reymontowskie ,,1530,1446,1543,1542,1552,1501,1641,1579,1551,1642,1491,1596,18614
Kraków Złocień,Koleje Małopolskie Sp. z o.o.,1040,981,1039,1012,1015,1002,1052,1028,1009,1054,996,1028,12256
Kraków Złocień,POLREGIO Spółka Akcyjna,536,505,535,518,531,520,542,536,522,542,517,534,6338
Kraków Złocień ,,1576,1486,1574,1530,1546,1522,1594,1564,1531,1596,1513,1562,18594
Janówek,Koleje Mazowieckie - KM Spółka z o.o.,1571,1486,1558,1524,1544,1500,1551,1522,1525,1599,1490,1566,18436
Janówek ,,1571,1486,1558,1524,1544,1500,1551,1522,1525,1599,1490,1566,18436
Studzianki Nowe,Koleje Mazowieckie - KM Spółka z o.o.,1553,1487,1558,1524,1545,1500,1551,1522,1525,1599,1490,1566,18420
Studzianki Nowe ,,1553,1487,1558,1524,1545,1500,1551,1522,1525,1599,1490,1566,18420
Brody Warszawskie,Koleje Mazowieckie - KM Spółka z o.o.,1553,1487,1558,1524,1545,1500,1551,1522,1525,1599,1490,1566,18420
Brody Warszawskie ,,1553,1487,1558,1524,1545,1500,1551,1522,1525,1599,1490,1566,18420
Czyżew,Koleje Mazowieckie - KM Spółka z o.o.,492,464,496,480,494,524,558,558,540,558,540,632,6336
Czyżew,PKP INTERCITY Spółka Akcyjna ,567,532,564,554,569,549,567,570,539,558,541,592,6702
Czyżew,POLREGIO Spółka Akcyjna,413,429,454,446,460,440,464,451,444,464,440,454,5359
Czyżew ,,1472,1425,1514,1480,1523,1513,1589,1579,1523,1580,1521,1678,18397
Wrocław Leśnica,CARGO Master Spółka z o.o.,,,2,,,,,,,,,,2
Wrocław Leśnica,Koleje Dolnośląskie S.A.,1430,1344,1443,1402,1442,1399,1452,1448,1403,1457,1395,1434,17049
Wrocław Leśnica,PKP INTERCITY Spółka Akcyjna ,113,108,113,109,113,104,116,115,101,115,111,52,1270
Wrocław Leśnica ,,1543,1452,1558,1511,1555,1503,1568,1563,1504,1572,1506,1486,18321
Czachówek Południowy,Koleje Mazowieckie - KM Spółka z o.o.,1544,1457,1539,1499,1537,1489,1561,1544,1500,1563,1478,1589,18300
Czachówek Południowy,PKP INTERCITY Spółka Akcyjna ,,,1,,,,,,,,,,1
Czachówek Południowy ,,1544,1457,1540,1499,1537,1489,1561,1544,1500,1563,1478,1589,18301
Radymno,PKP INTERCITY Spółka Akcyjna ,563,529,566,548,565,549,567,566,550,566,549,633,6751
Radymno,POLREGIO Spółka Akcyjna,975,922,971,946,961,939,988,972,948,990,928,965,11505
Radymno ,,1538,1451,1537,1494,1526,1488,1555,1538,1498,1556,1477,1598,18256
Oborniki Wielkopolskie Miasto,Koleje Wielkopolskie Sp. z o.o.,868,826,842,840,820,838,937,888,881,940,838,764,10282
Oborniki Wielkopolskie Miasto,PKP INTERCITY Spółka Akcyjna ,368,364,392,420,434,455,532,539,132,124,120,293,4173
Oborniki Wielkopolskie Miasto,POLREGIO Spółka Akcyjna,306,290,303,307,338,321,341,354,300,310,300,306,3776
Oborniki Wielkopolskie Miasto ,,1542,1480,1537,1567,1592,1614,1810,1781,1313,1374,1258,1363,18231
Puszczykówko,Koleje Wielkopolskie Sp. z o.o.,1031,964,1005,992,975,953,1056,1005,992,1055,949,1019,11996
Puszczykówko,POLREGIO Spółka Akcyjna,500,468,497,482,493,480,503,496,560,580,558,576,6193
Puszczykówko ,,1531,1432,1502,1474,1468,1433,1559,1501,1552,1635,1507,1595,18189
Chynów,Koleje Mazowieckie - KM Spółka z o.o.,1544,1457,1539,1499,1537,1474,1538,1523,1479,1540,1459,1579,18168
Chynów ,,1544,1457,1539,1499,1537,1474,1538,1523,1479,1540,1459,1579,18168
Iłowiec,Koleje Wielkopolskie Sp. z o.o.,1031,964,1007,992,975,953,1056,1005,992,1055,949,985,11964
Iłowiec,POLREGIO Spółka Akcyjna,500,468,497,482,493,480,503,496,560,580,558,575,6192
Iłowiec ,,1531,1432,1504,1474,1468,1433,1559,1501,1552,1635,1507,1560,18156
Drużyna Poznańska,Koleje Wielkopolskie Sp. z o.o.,1031,964,1007,992,975,953,1056,1005,992,1055,949,985,11964
Drużyna Poznańska,POLREGIO Spółka Akcyjna,500,468,497,482,493,480,503,496,560,580,558,575,6192
Drużyna Poznańska ,,1531,1432,1504,1474,1468,1433,1559,1501,1552,1635,1507,1560,18156
Puszczykowo,Koleje Wielkopolskie Sp. z o.o.,1031,964,1005,992,975,953,1056,1005,992,1055,949,985,11962
Puszczykowo,POLREGIO Spółka Akcyjna,500,468,497,482,493,480,503,496,560,580,558,576,6193
Puszczykowo ,,1531,1432,1502,1474,1468,1433,1559,1501,1552,1635,1507,1561,18155
Kołobrzeg,CARGO TRAIN Sp. z o.o.,,,,,,,2,,,,,,2
Kołobrzeg,PKP INTERCITY Spółka Akcyjna ,347,329,361,389,406,460,734,745,251,202,202,378,4804
Kołobrzeg,POLREGIO Spółka Akcyjna,1077,1026,1096,1099,1126,1142,1229,1234,1045,1095,1008,1130,13307
Kołobrzeg ,,1424,1355,1457,1488,1532,1602,1965,1979,1296,1297,1210,1508,18113
Lublin Północny,POLREGIO Spółka Akcyjna,1495,1436,1485,1494,1493,1506,1577,1535,1526,1552,1429,1558,18086
Lublin Północny ,,1495,1436,1485,1494,1493,1506,1577,1535,1526,1552,1429,1558,18086
Wolsztyn,CARGO Master Spółka z o.o.,,,,,6,,,,,,,,6
Wolsztyn,Koleje Wielkopolskie Sp. z o.o.,1504,1408,1475,1461,1429,1444,1561,1498,1550,1630,1504,1487,17951
Wolsztyn,Parowozownia Wolsztyn,,,2,6,31,2,,6,,,6,4,57
Wolsztyn,POLREGIO Spółka Akcyjna,,,,,4,,,,,,,,4
Wolsztyn ,,1504,1408,1477,1467,1470,1446,1561,1504,1550,1630,1510,1491,18018
Kozłów,Koleje Małopolskie Sp. z o.o.,543,516,538,528,512,518,554,530,476,556,508,522,6301
Kozłów,POLREGIO Spółka Akcyjna,970,937,990,963,974,958,1004,988,966,1006,952,1009,11717
Kozłów ,,1513,1453,1528,1491,1486,1476,1558,1518,1442,1562,1460,1531,18018
Tunel,Koleje Małopolskie Sp. z o.o.,543,516,538,528,512,518,554,530,476,556,508,522,6301
Tunel,PKP INTERCITY Spółka Akcyjna ,,,,,,,,,,,2,,2
Tunel,POLREGIO Spółka Akcyjna,968,937,989,963,974,958,1004,988,964,1006,952,1009,11712
Tunel ,,1511,1453,1527,1491,1486,1476,1558,1518,1440,1562,1462,1531,18015
Pobiedziska,Koleje Wielkopolskie Sp. z o.o.,1117,1058,1095,1079,1059,1058,1154,1110,1098,1157,1048,1042,13075
Pobiedziska,PKP INTERCITY Spółka Akcyjna ,,,,1,,,,,,,,,1
Pobiedziska,POLREGIO Spółka Akcyjna,416,390,414,402,412,398,418,412,402,417,399,426,4906
Pobiedziska ,,1533,1448,1509,1482,1471,1456,1572,1522,1500,1574,1447,1468,17982
Kobylnica,Koleje Wielkopolskie Sp. z o.o.,1117,1058,1095,1078,1059,1058,1155,1110,1098,1156,1048,1042,13074
Kobylnica,POLREGIO Spółka Akcyjna,416,390,414,402,412,398,418,412,402,417,398,426,4905
Kobylnica ,,1533,1448,1509,1480,1471,1456,1573,1522,1500,1573,1446,1468,17979
Biskupice Wielkopolskie,Koleje Wielkopolskie Sp. z o.o.,1117,1058,1095,1078,1059,1058,1154,1110,1098,1157,1048,1042,13074
Biskupice Wielkopolskie,POLREGIO Spółka Akcyjna,416,390,414,402,412,398,418,412,402,417,398,426,4905
Biskupice Wielkopolskie ,,1533,1448,1509,1480,1471,1456,1572,1522,1500,1574,1446,1468,17979
Kłodzko Miasto,Koleje Dolnośląskie S.A.,1556,1464,1567,1522,1569,1511,1562,1568,231,503,1034,1345,15432
Kłodzko Miasto,PKP INTERCITY Spółka Akcyjna ,197,188,206,198,208,198,200,203,26,56,158,277,2115
Kłodzko Miasto,POLREGIO Spółka Akcyjna,34,32,40,36,40,40,32,40,16,32,42,38,422
Kłodzko Miasto ,,1787,1684,1813,1756,1817,1749,1794,1811,273,591,1234,1660,17969
Pobiedziska Letnisko,Koleje Wielkopolskie Sp. z o.o.,1117,1058,1095,1078,1059,1058,1154,1110,1098,1157,1048,1015,13047
Pobiedziska Letnisko,POLREGIO Spółka Akcyjna,416,390,414,402,412,398,418,412,402,417,398,426,4905
Pobiedziska Letnisko ,,1533,1448,1509,1480,1471,1456,1572,1522,1500,1574,1446,1441,17952
Promno,Koleje Wielkopolskie Sp. z o.o.,1117,1058,1095,1078,1059,1058,1154,1110,1098,1157,1048,1015,13047
Promno,POLREGIO Spółka Akcyjna,416,390,414,402,412,398,418,412,402,417,398,426,4905
Promno ,,1533,1448,1509,1480,1471,1456,1572,1522,1500,1574,1446,1441,17952
Ligowiec,Koleje Wielkopolskie Sp. z o.o.,1117,1058,1095,1078,1059,1058,1155,1110,1098,1156,1044,1015,13043
Ligowiec,POLREGIO Spółka Akcyjna,416,390,414,402,412,398,417,412,402,417,398,426,4904
Ligowiec ,,1533,1448,1509,1480,1471,1456,1572,1522,1500,1573,1442,1441,17947
Nowa Sól,Koleje Dolnośląskie S.A.,366,348,420,428,440,426,440,444,406,444,428,660,5250
Nowa Sól,PKP INTERCITY Spółka Akcyjna ,310,290,310,300,308,300,310,310,254,310,300,322,3624
Nowa Sól,POLREGIO Spółka Akcyjna,954,894,810,734,743,715,756,754,720,748,709,516,9053
Nowa Sól ,,1630,1532,1540,1462,1491,1441,1506,1508,1380,1502,1437,1498,17927
Rudna Gwizdanów,Koleje Dolnośląskie S.A.,1444,1393,1344,1245,1277,1188,1295,1285,1246,1292,1240,1416,15665
Rudna Gwizdanów,POLREGIO Spółka Akcyjna,,,176,240,247,239,246,248,234,247,240,112,2229
Rudna Gwizdanów ,,1444,1393,1520,1485,1524,1427,1541,1533,1480,1539,1480,1528,17894
Barcząca,Koleje Mazowieckie - KM Spółka z o.o.,1542,1452,1495,1474,1520,1471,1509,1466,1473,1525,1430,1525,17882
Barcząca ,,1542,1452,1495,1474,1520,1471,1509,1466,1473,1525,1430,1525,17882
Mienia,Koleje Mazowieckie - KM Spółka z o.o.,1542,1452,1495,1474,1520,1471,1509,1458,1473,1525,1430,1525,17874
Mienia ,,1542,1452,1495,1474,1520,1471,1509,1458,1473,1525,1430,1525,17874
Radom Gołębiów,Koleje Mazowieckie - KM Spółka z o.o.,1404,1323,1403,1364,1392,1338,1384,1376,1365,1417,1349,1463,16578
Radom Gołębiów,PKP INTERCITY Spółka Akcyjna ,114,108,113,111,116,110,116,115,110,116,111,52,1292
Radom Gołębiów ,,1518,1431,1516,1475,1508,1448,1500,1491,1475,1533,1460,1515,17870
Długołęka,Koleje Dolnośląskie S.A.,590,556,582,573,592,578,616,601,584,602,550,620,7044
Długołęka,POLREGIO Spółka Akcyjna,914,862,909,887,902,878,927,909,885,927,870,903,10773
Długołęka ,,1504,1418,1491,1460,1494,1456,1543,1510,1469,1529,1420,1523,17817
Świebodzice,Koleje Dolnośląskie S.A.,1091,1039,1109,1098,1182,1112,1151,1147,1073,1124,1060,1163,13349
Świebodzice,PKP INTERCITY Spółka Akcyjna ,300,290,308,300,310,313,324,328,294,324,319,306,3716
Świebodzice,POLREGIO Spółka Akcyjna,60,58,62,60,62,60,62,62,60,62,60,61,729
Świebodzice ,,1451,1387,1479,1458,1554,1485,1537,1537,1427,1510,1439,1530,17794
Goerlitz,Koleje Dolnośląskie S.A.,1144,1074,1122,1104,1137,1103,1148,1148,1065,1146,1076,1176,13443
Goerlitz,POLREGIO Spółka Akcyjna,362,347,360,356,372,356,370,371,351,368,336,359,4308
Goerlitz ,,1506,1421,1482,1460,1509,1459,1518,1519,1416,1514,1412,1535,17751
Leszczyny,Koleje Śląskie Spółka z o.o.,1266,1183,1269,1227,1277,1400,1506,1515,1724,1784,1719,1808,17678
Leszczyny ,,1266,1183,1269,1227,1277,1400,1506,1515,1724,1784,1719,1808,17678
Sucha Żyrardowska,Koleje Mazowieckie - KM Spółka z o.o.,1478,1385,1469,1428,1463,1427,1505,1492,1449,1508,1427,1492,17523
Sucha Żyrardowska ,,1478,1385,1469,1428,1463,1427,1505,1492,1449,1508,1427,1492,17523
Radziwiłłów Mazowiecki,Koleje Mazowieckie - KM Spółka z o.o.,1478,1385,1469,1428,1463,1427,1505,1492,1449,1508,1427,1492,17523
Radziwiłłów Mazowiecki ,,1478,1385,1469,1428,1463,1427,1505,1492,1449,1508,1427,1492,17523
Jesionka,Koleje Mazowieckie - KM Spółka z o.o.,1478,1385,1469,1428,1463,1427,1505,1492,1449,1508,1427,1492,17523
Jesionka ,,1478,1385,1469,1428,1463,1427,1505,1492,1449,1508,1427,1492,17523
Ozorków,Łódzka Kolej Aglomeracyjna Sp. z o.o.,822,772,809,785,802,822,887,868,785,820,788,850,9810
Ozorków,PKP INTERCITY Spółka Akcyjna ,496,459,492,480,496,512,620,615,483,496,480,530,6159
Ozorków,POLREGIO Spółka Akcyjna,124,116,124,120,122,117,124,124,119,124,119,124,1457
Ozorków ,,1442,1347,1425,1385,1420,1451,1631,1607,1387,1440,1387,1504,17426
Gdynia Karwiny,POLREGIO Spółka Akcyjna,1424,1338,1452,1432,1457,1418,1497,1471,1432,1499,1405,1455,17280
Gdynia Karwiny ,,1424,1338,1452,1432,1457,1418,1497,1471,1432,1499,1405,1455,17280
Gdańsk Osowa,POLREGIO Spółka Akcyjna,1424,1338,1452,1432,1457,1418,1497,1471,1432,1499,1405,1455,17280
Gdańsk Osowa ,,1424,1338,1452,1432,1457,1418,1497,1471,1432,1499,1405,1455,17280
Gdynia Stadion,POLREGIO Spółka Akcyjna,1424,1338,1452,1432,1457,1418,1495,1471,1433,1499,1405,1455,17279
Gdynia Stadion ,,1424,1338,1452,1432,1457,1418,1495,1471,1433,1499,1405,1455,17279
Rejowiec,PKP INTERCITY Spółka Akcyjna ,186,174,186,180,187,180,186,186,180,186,180,186,2197
Rejowiec,POLREGIO Spółka Akcyjna,1267,1221,1267,1243,1236,1238,1312,1267,1252,1314,1219,1237,15073
Rejowiec ,,1453,1395,1453,1423,1423,1418,1498,1453,1432,1500,1399,1423,17270
Bydgoszcz Bielawy,Arriva RP Sp. z o.o.,243,242,282,291,288,280,294,290,282,294,280,288,3354
Bydgoszcz Bielawy,POLREGIO Spółka Akcyjna,1185,1117,1173,1139,1124,1129,1205,1155,1143,1221,1148,1144,13883
Bydgoszcz Bielawy ,,1428,1359,1455,1430,1412,1409,1499,1445,1425,1515,1428,1432,17237
Sławno,PKP INTERCITY Spółka Akcyjna ,763,719,769,743,773,759,838,845,664,682,659,725,8939
Sławno,POLREGIO Spółka Akcyjna,702,632,685,695,684,615,748,726,701,730,644,667,8229
Sławno ,,1465,1351,1454,1438,1457,1374,1586,1571,1365,1412,1303,1392,17168
Oborzyska Stare,Koleje Wielkopolskie Sp. z o.o.,943,880,923,908,897,875,964,921,908,963,873,915,10970
Oborzyska Stare,POLREGIO Spółka Akcyjna,500,468,496,482,493,480,503,497,560,580,558,575,6192
Oborzyska Stare ,,1443,1348,1419,1390,1390,1355,1467,1418,1468,1543,1431,1490,17162
Maksymilianowo,Arriva RP Sp. z o.o.,1066,1001,1065,1044,1061,1030,1100,1088,1039,1083,1030,1061,12668
Maksymilianowo,CARGO Master Spółka z o.o.,,,2,1,,,,,,,,,3
Maksymilianowo,POLREGIO Spółka Akcyjna,374,361,378,370,366,365,390,377,370,388,365,382,4486
Maksymilianowo ,,1440,1362,1445,1415,1427,1395,1490,1465,1409,1471,1395,1443,17157
Pabianice Północne,Koleje Wielkopolskie Sp. z o.o.,60,58,58,60,50,58,62,56,60,62,60,62,706
Pabianice Północne,Łódzka Kolej Aglomeracyjna Sp. z o.o.,868,821,941,955,959,918,985,945,966,1016,927,1018,11319
Pabianice Północne,POLREGIO Spółka Akcyjna,432,406,434,420,433,419,432,433,419,433,420,434,5115
Pabianice Północne ,,1360,1285,1433,1435,1442,1395,1479,1434,1445,1511,1407,1514,17140
Rynkowo Wiadukt,Arriva RP Sp. z o.o.,1044,980,1059,1044,1061,1030,1100,1088,1039,1083,1030,1061,12619
Rynkowo Wiadukt,POLREGIO Spółka Akcyjna,374,361,378,370,366,365,390,377,370,388,365,382,4486
Rynkowo Wiadukt ,,1418,1341,1437,1414,1427,1395,1490,1465,1409,1471,1395,1443,17105
Świdnik Miasto,PKP INTERCITY Spółka Akcyjna ,247,230,248,235,247,239,244,243,234,248,240,248,2903
Świdnik Miasto,POLREGIO Spółka Akcyjna,1163,1121,1164,1171,1174,1186,1236,1207,1202,1212,1113,1213,14162
Świdnik Miasto ,,1410,1351,1412,1406,1421,1425,1480,1450,1436,1460,1353,1461,17065
Tomaszów Mazowiecki,Łódzka Kolej Aglomeracyjna Sp. z o.o.,1008,946,1004,951,998,1041,1095,1107,958,1014,965,1047,12134
Tomaszów Mazowiecki,PKP INTERCITY Spółka Akcyjna ,372,348,364,359,372,360,372,373,252,372,355,338,4237
Tomaszów Mazowiecki,POLREGIO Spółka Akcyjna,40,38,54,43,62,60,60,62,55,62,60,96,692
Tomaszów Mazowiecki ,,1420,1332,1422,1353,1432,1461,1527,1542,1265,1448,1380,1481,17063
Malczyce,Koleje Dolnośląskie S.A.,1431,1344,1442,1403,1442,1399,1454,1447,1403,1457,1395,1434,17051
Malczyce ,,1431,1344,1442,1403,1442,1399,1454,1447,1403,1457,1395,1434,17051
Kliniska,POLREGIO Spółka Akcyjna,1399,1332,1442,1441,1442,1404,1369,1345,1455,1523,1413,1484,17049
Kliniska ,,1399,1332,1442,1441,1442,1404,1369,1345,1455,1523,1413,1484,17049
Miękinia,Koleje Dolnośląskie S.A.,1431,1344,1442,1403,1442,1399,1451,1447,1403,1455,1395,1434,17046
Miękinia ,,1431,1344,1442,1403,1442,1399,1451,1447,1403,1455,1395,1434,17046
Gąsocin,Koleje Mazowieckie - KM Spółka z o.o.,1436,1378,1455,1415,1446,1390,1382,1376,1418,1477,1393,1462,17028
Gąsocin ,,1436,1378,1455,1415,1446,1390,1382,1376,1418,1477,1393,1462,17028
Świercze,Koleje Mazowieckie - KM Spółka z o.o.,1435,1378,1455,1415,1446,1390,1382,1376,1418,1477,1393,1462,17027
Świercze ,,1435,1378,1455,1415,1446,1390,1382,1376,1418,1477,1393,1462,17027
Dobieszyn,Koleje Mazowieckie - KM Spółka z o.o.,1433,1352,1433,1394,1430,1390,1445,1438,1395,1448,1377,1477,17012
Dobieszyn ,,1433,1352,1433,1394,1430,1390,1445,1438,1395,1448,1377,1477,17012
Kraków Batowice,Koleje Małopolskie Sp. z o.o.,918,867,908,892,865,878,933,897,890,934,862,810,10654
Kraków Batowice,POLREGIO Spółka Akcyjna,488,463,491,479,496,479,496,496,479,496,480,984,6327
Kraków Batowice ,,1406,1330,1399,1371,1361,1357,1429,1393,1369,1430,1342,1794,16981
Nędza,Koleje Śląskie Spółka z o.o.,878,831,872,852,835,835,890,857,849,894,825,925,10343
Nędza,POLREGIO Spółka Akcyjna,566,531,560,546,550,540,572,559,546,572,470,574,6586
Nędza ,,1444,1362,1432,1398,1385,1375,1462,1416,1395,1466,1295,1499,16929
Racibórz Markowice,Koleje Śląskie Spółka z o.o.,878,831,872,852,835,834,890,857,849,894,825,925,10342
Racibórz Markowice,POLREGIO Spółka Akcyjna,566,531,560,546,550,540,571,559,546,572,470,574,6585
Racibórz Markowice ,,1444,1362,1432,1398,1385,1374,1461,1416,1395,1466,1295,1499,16927
Kamieniec Ząbkowicki,CARGO Master Spółka z o.o.,,,,2,,,,,,,,,2
Kamieniec Ząbkowicki,Koleje Dolnośląskie S.A.,1316,1245,1315,1283,1327,1290,1337,1336,416,476,1039,1247,13627
Kamieniec Ząbkowicki,PKP INTERCITY Spółka Akcyjna ,252,246,268,257,270,259,260,265,80,122,216,336,2831
Kamieniec Ząbkowicki,POLREGIO Spółka Akcyjna,34,32,40,36,40,40,32,40,32,32,42,42,442
Kamieniec Ząbkowicki ,,1602,1523,1623,1578,1637,1589,1629,1641,528,630,1297,1625,16902
Gołotczyzna,Koleje Mazowieckie - KM Spółka z o.o.,1429,1374,1451,1410,1442,1385,1378,1372,1392,1450,1370,1448,16901
Gołotczyzna ,,1429,1374,1451,1410,1442,1385,1378,1372,1392,1450,1370,1448,16901
Łęczyca,Łódzka Kolej Aglomeracyjna Sp. z o.o.,779,730,767,743,762,737,772,766,782,820,788,830,9276
Łęczyca,PKP INTERCITY Spółka Akcyjna ,496,459,492,480,496,512,620,615,483,496,480,530,6159
Łęczyca,POLREGIO Spółka Akcyjna,124,116,124,120,122,117,124,124,119,124,119,124,1457
Łęczyca ,,1399,1305,1383,1343,1380,1366,1516,1505,1384,1440,1387,1484,16892
Wilkowice Bystra,Koleje Śląskie Spółka z o.o.,1403,1322,1401,1360,1381,1375,1438,1437,1405,1465,1393,1405,16785
Wilkowice Bystra,PKP INTERCITY Spółka Akcyjna ,,3,,,,,,,,,,,3
Wilkowice Bystra ,,1403,1325,1401,1360,1381,1375,1438,1437,1405,1465,1393,1405,16788
Bielsko-Biała Leszczyny,Koleje Śląskie Spółka z o.o.,1403,1322,1401,1360,1381,1375,1438,1437,1405,1465,1393,1405,16785
Bielsko-Biała Leszczyny,PKP INTERCITY Spółka Akcyjna ,,2,,,,,,,,,,,2
Bielsko-Biała Leszczyny ,,1403,1324,1401,1360,1381,1375,1438,1437,1405,1465,1393,1405,16787
Bielsko-Biała Lipnik,Koleje Śląskie Spółka z o.o.,1403,1322,1401,1360,1381,1375,1438,1437,1405,1465,1393,1405,16785
Bielsko-Biała Lipnik ,,1403,1322,1401,1360,1381,1375,1438,1437,1405,1465,1393,1405,16785
Szczecin Załom,POLREGIO Spółka Akcyjna,1368,1303,1411,1415,1425,1386,1354,1336,1425,1492,1383,1470,16768
Szczecin Załom ,,1368,1303,1411,1415,1425,1386,1354,1336,1425,1492,1383,1470,16768
Częstochowa Stradom,Koleje Śląskie Spółka z o.o.,493,448,476,462,470,475,477,498,487,475,475,553,5789
Częstochowa Stradom,PKP INTERCITY Spółka Akcyjna ,751,704,796,788,821,747,757,763,857,881,863,953,9681
Częstochowa Stradom,POLREGIO Spółka Akcyjna,104,92,93,100,108,104,113,111,105,110,108,124,1272
Częstochowa Stradom ,,1348,1244,1365,1350,1399,1326,1347,1372,1449,1466,1446,1630,16742
Poznań Krzesiny,Koleje Wielkopolskie Sp. z o.o.,1045,987,1024,1008,1045,861,1061,1022,976,1063,972,920,11984
Poznań Krzesiny,Łódzka Kolej Aglomeracyjna Sp. z o.o.,26,24,30,30,38,28,24,29,26,24,30,38,347
Poznań Krzesiny,POLREGIO Spółka Akcyjna,371,348,372,359,371,358,368,371,360,372,357,372,4379
Poznań Krzesiny ,,1442,1359,1426,1397,1454,1247,1453,1422,1362,1459,1359,1330,16710
Palędzie,Koleje Wielkopolskie Sp. z o.o.,1130,1067,1104,1086,1077,1046,1155,1102,1086,1156,1034,1014,13057
Palędzie,PKP INTERCITY Spółka Akcyjna ,,,,,4,,2,2,,4,7,,19
Palędzie,POLREGIO Spółka Akcyjna,308,290,308,300,310,298,310,310,299,308,300,276,3617
Palędzie ,,1438,1357,1412,1386,1391,1344,1467,1414,1385,1468,1341,1290,16693
Paczkowo,Koleje Wielkopolskie Sp. z o.o.,1420,1339,1394,1370,1357,1346,1460,1408,1390,1459,1352,1397,16692
Paczkowo ,,1420,1339,1394,1370,1357,1346,1460,1408,1390,1459,1352,1397,16692
Kostrzyn Wielkopolski,Koleje Wielkopolskie Sp. z o.o.,1420,1339,1394,1370,1357,1346,1460,1408,1390,1459,1352,1397,16692
Kostrzyn Wielkopolski ,,1420,1339,1394,1370,1357,1346,1460,1408,1390,1459,1352,1397,16692
Buk,Koleje Wielkopolskie Sp. z o.o.,1130,1067,1104,1086,1077,1047,1155,1102,1086,1156,1034,1012,13056
Buk,POLREGIO Spółka Akcyjna,308,290,308,300,310,298,310,310,299,308,300,276,3617
Buk ,,1438,1357,1412,1386,1387,1345,1465,1412,1385,1464,1334,1288,16673
Otusz,Koleje Wielkopolskie Sp. z o.o.,1130,1067,1104,1086,1077,1046,1155,1102,1086,1156,1034,1012,13055
Otusz,POLREGIO Spółka Akcyjna,308,290,308,300,310,298,310,310,299,308,300,276,3617
Otusz ,,1438,1357,1412,1386,1387,1344,1465,1412,1385,1464,1334,1288,16672
Dopiewo,Koleje Wielkopolskie Sp. z o.o.,1130,1067,1104,1086,1077,1046,1155,1102,1086,1156,1034,1012,13055
Dopiewo,POLREGIO Spółka Akcyjna,308,290,308,300,310,298,310,310,299,308,300,276,3617
Dopiewo ,,1438,1357,1412,1386,1387,1344,1465,1412,1385,1464,1334,1288,16672
Wojnowice Wielkopolskie,Koleje Wielkopolskie Sp. z o.o.,1130,1067,1104,1086,1077,1045,1155,1102,1086,1156,1034,1012,13054
Wojnowice Wielkopolskie,POLREGIO Spółka Akcyjna,308,290,308,300,310,298,310,310,299,308,300,276,3617
Wojnowice Wielkopolskie ,,1438,1357,1412,1386,1387,1343,1465,1412,1385,1464,1334,1288,16671
Chełm,PKP INTERCITY Spółka Akcyjna ,372,348,372,360,373,353,341,342,330,372,360,372,4295
Chełm,POLREGIO Spółka Akcyjna,1031,997,1031,1011,996,1016,1104,1066,1025,1074,992,1032,12375
Chełm ,,1403,1345,1403,1371,1369,1369,1445,1408,1355,1446,1352,1404,16670
Zabieżki,Koleje Mazowieckie - KM Spółka z o.o.,1404,1317,1398,1357,1387,1347,1406,1398,1390,1461,1375,1429,16669
Zabieżki ,,1404,1317,1398,1357,1387,1347,1406,1398,1390,1461,1375,1429,16669
Kołbiel,Koleje Mazowieckie - KM Spółka z o.o.,1404,1317,1398,1357,1387,1347,1406,1398,1390,1461,1375,1429,16669
Kołbiel ,,1404,1317,1398,1357,1387,1347,1406,1398,1390,1461,1375,1429,16669
Chrosna,Koleje Mazowieckie - KM Spółka z o.o.,1404,1317,1398,1357,1387,1347,1406,1398,1390,1461,1375,1429,16669
Chrosna ,,1404,1317,1398,1357,1387,1347,1406,1398,1390,1461,1375,1429,16669
Augustówka,Koleje Mazowieckie - KM Spółka z o.o.,1404,1317,1398,1357,1387,1347,1406,1398,1390,1461,1375,1429,16669
Augustówka ,,1404,1317,1398,1357,1387,1347,1406,1398,1390,1461,1375,1429,16669
Wiesiółka,Koleje Śląskie Spółka z o.o.,1385,1320,1404,1360,1386,1358,1415,1402,1427,1421,1369,1419,16666
Wiesiółka ,,1385,1320,1404,1360,1386,1358,1415,1402,1427,1421,1369,1419,16666
Poznań Górczyn,Koleje Wielkopolskie Sp. z o.o.,1130,1067,1099,1086,1077,1046,1155,1102,1086,1156,1034,1012,13050
Poznań Górczyn,POLREGIO Spółka Akcyjna,308,290,307,300,310,298,310,310,299,308,300,276,3616
Poznań Górczyn ,,1438,1357,1406,1386,1387,1344,1465,1412,1385,1464,1334,1288,16666
Poznań Junikowo,Koleje Wielkopolskie Sp. z o.o.,1130,1067,1099,1086,1077,1046,1155,1102,1086,1156,1034,1012,13050
Poznań Junikowo,POLREGIO Spółka Akcyjna,308,290,307,300,310,298,310,310,299,308,300,276,3616
Poznań Junikowo ,,1438,1357,1406,1386,1387,1344,1465,1412,1385,1464,1334,1288,16666
Dąbrowa Górnicza Sikorka,Koleje Śląskie Spółka z o.o.,1385,1320,1404,1360,1386,1358,1415,1402,1427,1421,1369,1419,16666
Dąbrowa Górnicza Sikorka ,,1385,1320,1404,1360,1386,1358,1415,1402,1427,1421,1369,1419,16666
Chruszczobród,Koleje Śląskie Spółka z o.o.,1385,1320,1404,1360,1386,1358,1415,1402,1427,1421,1369,1419,16666
Chruszczobród ,,1385,1320,1404,1360,1386,1358,1415,1402,1427,1421,1369,1419,16666
Olsztyn Śródmieście,POLREGIO Spółka Akcyjna,1399,1320,1369,1349,1370,1358,1464,1431,1392,1464,1365,1383,16664
Olsztyn Śródmieście ,,1399,1320,1369,1349,1370,1358,1464,1431,1392,1464,1365,1383,16664
Żarów,Koleje Dolnośląskie S.A.,1309,1246,1334,1311,1403,1322,1362,1363,1268,1340,1282,1387,15927
Żarów,POLREGIO Spółka Akcyjna,61,58,62,60,62,59,62,62,60,62,60,61,729
Żarów ,,1370,1304,1396,1371,1465,1381,1424,1425,1328,1402,1342,1448,16656
Poznań Antoninek,CARGO Master Spółka z o.o.,,,,,1,,,,,,,,1
Poznań Antoninek,Koleje Wielkopolskie Sp. z o.o.,1420,1338,1394,1370,1357,1343,1460,1408,1390,1459,1352,1346,16637
Poznań Antoninek ,,1420,1338,1394,1370,1358,1343,1460,1408,1390,1459,1352,1346,16638
Kartuzy,CARGO Master Spółka z o.o.,,2,,3,,,,,,,,,5
Kartuzy,POLREGIO Spółka Akcyjna,1049,986,1348,1440,1486,1440,1488,1486,1440,1488,1439,1486,16576
Kartuzy ,,1049,988,1348,1443,1486,1440,1488,1486,1440,1488,1439,1486,16581
Dzierżążno,POLREGIO Spółka Akcyjna,1049,986,1348,1440,1486,1440,1488,1486,1440,1488,1439,1486,16576
Dzierżążno ,,1049,986,1348,1440,1486,1440,1488,1486,1440,1488,1439,1486,16576
Rybnik Paruszowiec,Koleje Śląskie Spółka z o.o.,1177,1101,1178,1140,1176,1311,1411,1398,1640,1698,1625,1718,16573
Rybnik Paruszowiec ,,1177,1101,1178,1140,1176,1311,1411,1398,1640,1698,1625,1718,16573
Strażów,POLREGIO Spółka Akcyjna,1431,1353,1402,1379,1369,1316,1376,1374,1383,1462,1320,1375,16540
Strażów ,,1431,1353,1402,1379,1369,1316,1376,1374,1383,1462,1320,1375,16540
Krzemienica,POLREGIO Spółka Akcyjna,1431,1353,1402,1379,1369,1316,1376,1374,1383,1462,1320,1375,16540
Krzemienica ,,1431,1353,1402,1379,1369,1316,1376,1374,1383,1462,1320,1375,16540
Rzeszów Pobitno,POLREGIO Spółka Akcyjna,1431,1353,1402,1379,1369,1316,1375,1374,1383,1462,1320,1375,16539
Rzeszów Pobitno ,,1431,1353,1402,1379,1369,1316,1375,1374,1383,1462,1320,1375,16539
Rzeszów Załęże,POLREGIO Spółka Akcyjna,1431,1353,1402,1379,1369,1316,1375,1374,1383,1462,1320,1375,16539
Rzeszów Załęże ,,1431,1353,1402,1379,1369,1316,1375,1374,1383,1462,1320,1375,16539
Rogóżno koło Łańcuta,POLREGIO Spółka Akcyjna,1431,1353,1402,1379,1370,1316,1374,1374,1383,1462,1320,1374,16538
Rogóżno koło Łańcuta ,,1431,1353,1402,1379,1370,1316,1374,1374,1383,1462,1320,1374,16538
Grzęska,POLREGIO Spółka Akcyjna,1431,1353,1402,1379,1370,1316,1374,1374,1383,1462,1320,1374,16538
Grzęska ,,1431,1353,1402,1379,1370,1316,1374,1374,1383,1462,1320,1374,16538
Kosina,POLREGIO Spółka Akcyjna,1431,1353,1402,1379,1370,1316,1373,1374,1383,1462,1320,1374,16537
Kosina ,,1431,1353,1402,1379,1370,1316,1373,1374,1383,1462,1320,1374,16537
Głuchów,POLREGIO Spółka Akcyjna,1431,1353,1402,1379,1370,1316,1373,1374,1383,1462,1320,1374,16537
Głuchów ,,1431,1353,1402,1379,1370,1316,1373,1374,1383,1462,1320,1374,16537
Rogoźno Wielkopolskie,CARGO Master Spółka z o.o.,,,,,2,,,,,,,,2
Rogoźno Wielkopolskie,Koleje Wielkopolskie Sp. z o.o.,736,701,718,714,700,696,755,720,712,756,686,644,8538
Rogoźno Wielkopolskie,PKP INTERCITY Spółka Akcyjna ,367,364,392,420,434,465,540,548,133,124,122,298,4207
Rogoźno Wielkopolskie,POLREGIO Spółka Akcyjna,306,290,305,307,338,321,341,354,298,310,300,306,3776
Rogoźno Wielkopolskie ,,1409,1355,1415,1441,1474,1482,1636,1622,1143,1190,1108,1248,16523
Pierzyska,Koleje Wielkopolskie Sp. z o.o.,985,932,969,953,939,941,1016,984,972,1019,962,925,11597
Pierzyska,POLREGIO Spółka Akcyjna,416,390,414,402,412,398,418,412,402,418,399,426,4907
Pierzyska ,,1401,1322,1383,1355,1351,1339,1434,1396,1374,1437,1361,1351,16504
Lednogóra,Koleje Wielkopolskie Sp. z o.o.,985,932,969,953,939,942,1016,984,972,1019,962,925,11598
Lednogóra,POLREGIO Spółka Akcyjna,416,390,414,402,412,398,418,412,402,417,399,426,4906
Lednogóra ,,1401,1322,1383,1355,1351,1340,1434,1396,1374,1436,1361,1351,16504
Fałkowo,Koleje Wielkopolskie Sp. z o.o.,985,932,969,953,939,941,1016,984,972,1019,962,925,11597
Fałkowo,POLREGIO Spółka Akcyjna,416,390,414,402,412,398,418,412,402,418,399,426,4907
Fałkowo ,,1401,1322,1383,1355,1351,1339,1434,1396,1374,1437,1361,1351,16504
Kolumna,Koleje Wielkopolskie Sp. z o.o.,60,58,58,60,50,58,62,56,60,62,60,62,706
Kolumna,Łódzka Kolej Aglomeracyjna Sp. z o.o.,896,845,883,867,874,854,919,891,872,917,837,952,10607
Kolumna,POLREGIO Spółka Akcyjna,431,406,434,420,433,419,432,433,419,433,420,434,5114
Kolumna ,,1387,1309,1375,1347,1357,1331,1413,1380,1351,1412,1317,1448,16427
Elbląg,PKP INTERCITY Spółka Akcyjna ,309,290,309,299,310,300,313,310,300,310,300,339,3689
Elbląg,POLREGIO Spółka Akcyjna,1080,1012,1074,1044,1072,1040,1082,1076,1042,1082,1035,1071,12710
Elbląg ,,1389,1302,1383,1343,1382,1340,1395,1386,1342,1392,1335,1410,16399
Brzeg Dolny,Koleje Dolnośląskie S.A.,1217,1156,1079,999,1009,982,1052,1023,999,1052,971,1143,12682
Brzeg Dolny,PKP INTERCITY Spółka Akcyjna ,124,116,124,120,124,120,123,124,102,123,121,158,1479
Brzeg Dolny,POLREGIO Spółka Akcyjna,,,176,240,248,239,245,248,235,247,240,112,2230
Brzeg Dolny ,,1341,1272,1379,1359,1381,1341,1420,1395,1336,1422,1332,1413,16391
Wołów,Koleje Dolnośląskie S.A.,1217,1156,1079,999,1009,981,1052,1023,998,1052,971,1143,12680
Wołów,PKP INTERCITY Spółka Akcyjna ,124,116,124,120,124,120,124,124,102,123,121,158,1480
Wołów,POLREGIO Spółka Akcyjna,,,176,240,248,239,245,248,235,247,240,112,2230
Wołów ,,1341,1272,1379,1359,1381,1340,1421,1395,1335,1422,1332,1413,16390
Cieszyn,Koleje Śląskie Spółka z o.o.,1450,1360,1430,1388,1438,1364,1445,1444,1205,1176,1215,1406,16321
Cieszyn,PKP INTERCITY Spółka Akcyjna ,,5,,,,,,,,,,,5
Cieszyn ,,1450,1365,1430,1388,1438,1364,1445,1444,1205,1176,1215,1406,16326
Gądki,Koleje Wielkopolskie Sp. z o.o.,1045,987,1024,1008,999,861,1063,1022,976,1063,972,920,11940
Gądki,POLREGIO Spółka Akcyjna,371,348,372,359,372,358,368,371,360,372,358,372,4381
Gądki ,,1416,1335,1396,1367,1371,1219,1431,1393,1336,1435,1330,1292,16321
Pierzchno,Koleje Wielkopolskie Sp. z o.o.,1045,987,1024,1008,999,861,1061,1022,976,1063,972,920,11938
Pierzchno,POLREGIO Spółka Akcyjna,371,348,372,359,372,358,368,371,360,372,359,372,4382
Pierzchno ,,1416,1335,1396,1367,1371,1219,1429,1393,1336,1435,1331,1292,16320
Kórnik,Koleje Wielkopolskie Sp. z o.o.,1045,987,1024,1008,999,861,1060,1022,976,1063,972,920,11937
Kórnik,POLREGIO Spółka Akcyjna,371,348,372,359,372,358,368,371,360,372,359,372,4382
Kórnik ,,1416,1335,1396,1367,1371,1219,1428,1393,1336,1435,1331,1292,16319
Szczecin Łasztownia,POLREGIO Spółka Akcyjna,,,,,,,1439,2683,3135,3308,2808,2934,16307
Szczecin Łasztownia ,,,,,,,,1439,2683,3135,3308,2808,2934,16307
Sułkowice,Koleje Mazowieckie - KM Spółka z o.o.,1378,1294,1374,1335,1374,1329,1384,1375,1335,1386,1327,1390,16281
Sułkowice ,,1378,1294,1374,1335,1374,1329,1384,1375,1335,1386,1327,1390,16281
Michalczew,Koleje Mazowieckie - KM Spółka z o.o.,1378,1294,1374,1335,1375,1329,1383,1375,1335,1386,1327,1390,16281
Michalczew ,,1378,1294,1374,1335,1375,1329,1383,1375,1335,1386,1327,1390,16281
Krężel,Koleje Mazowieckie - KM Spółka z o.o.,1378,1294,1374,1335,1375,1329,1383,1375,1335,1386,1327,1390,16281
Krężel ,,1378,1294,1374,1335,1375,1329,1383,1375,1335,1386,1327,1390,16281
Gośniewice,Koleje Mazowieckie - KM Spółka z o.o.,1378,1294,1374,1335,1375,1329,1383,1375,1335,1386,1327,1390,16281
Gośniewice ,,1378,1294,1374,1335,1375,1329,1383,1375,1335,1386,1327,1390,16281
Czachówek Górny,Koleje Mazowieckie - KM Spółka z o.o.,1379,1293,1374,1335,1374,1329,1384,1375,1335,1386,1327,1390,16281
Czachówek Górny ,,1379,1293,1374,1335,1374,1329,1384,1375,1335,1386,1327,1390,16281
Kiekrz,Koleje Wielkopolskie Sp. z o.o.,778,732,812,810,820,785,850,831,812,850,789,838,9707
Kiekrz,PKP INTERCITY Spółka Akcyjna ,,2,,,,,,,,,,,2
Kiekrz,POLREGIO Spółka Akcyjna,547,512,545,536,561,541,566,570,531,550,528,557,6544
Kiekrz ,,1325,1246,1357,1346,1381,1326,1416,1401,1343,1400,1317,1395,16253
Łódź Lublinek,Łódzka Kolej Aglomeracyjna Sp. z o.o.,826,779,899,913,919,908,985,945,966,1016,927,1052,11135
Łódź Lublinek,POLREGIO Spółka Akcyjna,432,406,434,420,433,419,432,433,419,433,420,434,5115
Łódź Lublinek ,,1258,1185,1333,1333,1352,1327,1417,1378,1385,1449,1347,1486,16250
Rokietnica,Koleje Wielkopolskie Sp. z o.o.,778,732,812,810,820,785,850,829,810,850,789,838,9703
Rokietnica,POLREGIO Spółka Akcyjna,547,512,545,536,561,541,566,570,531,550,528,557,6544
Rokietnica ,,1325,1244,1357,1346,1381,1326,1416,1399,1341,1400,1317,1395,16247
Mokra Wieś,CARGO Master Spółka z o.o.,,,,,2,,,,,,,,2
Mokra Wieś,Koleje Mazowieckie - KM Spółka z o.o.,1367,1290,1367,1329,1358,1318,1385,1367,1327,1385,1310,1357,16160
Mokra Wieś ,,1367,1290,1367,1329,1360,1318,1385,1367,1327,1385,1310,1357,16162
Chrzęsne,CARGO Master Spółka z o.o.,,,,,2,,,,,,,,2
Chrzęsne,Koleje Mazowieckie - KM Spółka z o.o.,1367,1290,1367,1329,1358,1318,1385,1367,1327,1385,1310,1357,16160
Chrzęsne ,,1367,1290,1367,1329,1360,1318,1385,1367,1327,1385,1310,1357,16162
Barchów,Koleje Mazowieckie - KM Spółka z o.o.,1367,1290,1367,1329,1358,1318,1385,1367,1327,1385,1310,1358,16161
Barchów ,,1367,1290,1367,1329,1358,1318,1385,1367,1327,1385,1310,1358,16161
Urle,Koleje Mazowieckie - KM Spółka z o.o.,1367,1290,1367,1329,1358,1318,1385,1367,1327,1385,1310,1357,16160
Urle ,,1367,1290,1367,1329,1358,1318,1385,1367,1327,1385,1310,1357,16160
Szewnica,Koleje Mazowieckie - KM Spółka z o.o.,1367,1290,1367,1329,1358,1318,1385,1367,1327,1385,1310,1357,16160
Szewnica ,,1367,1290,1367,1329,1358,1318,1385,1367,1327,1385,1310,1357,16160
Smolec,Koleje Dolnośląskie S.A.,1302,1247,1304,1278,1276,1250,1340,1297,1256,1350,1234,1304,15438
Smolec,POLREGIO Spółka Akcyjna,62,58,62,60,62,59,62,62,60,62,60,52,721
Smolec ,,1364,1305,1366,1338,1338,1309,1402,1359,1316,1412,1294,1356,16159
Chrzanów Śródmieście,Koleje Małopolskie Sp. z o.o.,804,753,806,780,806,780,806,805,780,806,780,824,9530
Chrzanów Śródmieście,PKP INTERCITY Spółka Akcyjna ,247,232,248,240,248,239,248,247,208,232,240,231,2860
Chrzanów Śródmieście,POLREGIO Spółka Akcyjna,309,290,303,295,310,299,310,310,300,310,299,411,3746
Chrzanów Śródmieście ,,1360,1275,1357,1315,1364,1318,1364,1362,1288,1348,1319,1466,16136
Reptowo,POLREGIO Spółka Akcyjna,1275,1205,1331,1351,1344,1339,1416,1378,1390,1457,1335,1290,16111
Reptowo ,,1275,1205,1331,1351,1344,1339,1416,1378,1390,1457,1335,1290,16111
Miedwiecko,POLREGIO Spółka Akcyjna,1275,1205,1331,1349,1337,1333,1408,1367,1390,1457,1335,1273,16060
Miedwiecko ,,1275,1205,1331,1349,1337,1333,1408,1367,1390,1457,1335,1273,16060
Grzędzice,POLREGIO Spółka Akcyjna,1275,1205,1331,1349,1337,1333,1408,1367,1390,1457,1335,1273,16060
Grzędzice ,,1275,1205,1331,1349,1337,1333,1408,1367,1390,1457,1335,1273,16060
Wysoka Kamieńska,PKP INTERCITY Spółka Akcyjna ,372,345,372,360,375,397,496,500,243,248,238,256,4202
Wysoka Kamieńska,POLREGIO Spółka Akcyjna,903,843,941,973,980,1016,1100,1113,970,1018,930,1031,11818
Wysoka Kamieńska ,,1275,1188,1313,1333,1355,1413,1596,1613,1213,1266,1168,1287,16020
Kluczbork,PKP INTERCITY Spółka Akcyjna ,310,289,258,240,248,278,372,369,236,248,243,248,3339
Kluczbork,POLREGIO Spółka Akcyjna,1073,1029,1076,1052,1062,1023,1066,1037,1053,1104,1014,1075,12664
Kluczbork ,,1383,1318,1334,1292,1310,1301,1438,1406,1289,1352,1257,1323,16003
Szymankowo,POLREGIO Spółka Akcyjna,1316,1240,1318,1278,1312,1275,1326,1319,1345,1398,1378,1491,15996
Szymankowo ,,1316,1240,1318,1278,1312,1275,1326,1319,1345,1398,1378,1491,15996
Lubin,Koleje Dolnośląskie S.A.,1032,984,1055,1024,1053,1007,1079,1069,1030,1067,1012,1023,12435
Lubin,PKP INTERCITY Spółka Akcyjna ,297,290,309,293,309,267,310,310,250,308,298,306,3547
Lubin ,,1329,1274,1364,1317,1362,1274,1389,1379,1280,1375,1310,1329,15982
Żywiec,Koleje Śląskie Spółka z o.o.,1413,1330,1401,1360,1394,1387,1453,1448,1408,1465,490,785,15334
Żywiec,PKP CARGO S.A.,,,2,,,2,,,,,,,4
Żywiec,PKP INTERCITY Spółka Akcyjna ,61,62,,,,18,61,103,3,,,34,342
Żywiec,POLREGIO Spółka Akcyjna,18,16,18,20,16,18,,,18,18,16,,158
Żywiec ,,1492,1408,1421,1380,1410,1425,1514,1551,1429,1483,506,819,15838
Jędrzejów,PKP INTERCITY Spółka Akcyjna ,493,464,496,480,495,480,496,496,483,500,484,701,6068
Jędrzejów,POLREGIO Spółka Akcyjna,814,772,825,804,824,800,835,829,803,835,795,822,9758
Jędrzejów ,,1307,1236,1321,1284,1319,1280,1331,1325,1286,1335,1279,1523,15826
Bytom Odrzański,Koleje Dolnośląskie S.A.,366,348,420,428,442,426,440,444,406,444,428,658,5250
Bytom Odrzański,PKP INTERCITY Spółka Akcyjna ,310,290,310,300,308,300,310,310,254,310,300,140,3442
Bytom Odrzański,POLREGIO Spółka Akcyjna,785,734,644,572,577,555,586,590,563,578,553,379,7116
Bytom Odrzański ,,1461,1372,1374,1300,1327,1281,1336,1344,1223,1332,1281,1177,15808
Zębice Wrocławskie,POLREGIO Spółka Akcyjna,1350,1281,1322,1288,1301,1279,1377,1338,1295,1382,1267,1321,15801
Zębice Wrocławskie ,,1350,1281,1322,1288,1301,1279,1377,1338,1295,1382,1267,1321,15801
Lizawice,POLREGIO Spółka Akcyjna,1350,1281,1322,1288,1301,1279,1377,1338,1295,1382,1267,1321,15801
Lizawice ,,1350,1281,1322,1288,1301,1279,1377,1338,1295,1382,1267,1321,15801
Święta Katarzyna,POLREGIO Spółka Akcyjna,1350,1281,1322,1288,1300,1279,1377,1338,1295,1382,1267,1321,15800
Święta Katarzyna ,,1350,1281,1322,1288,1300,1279,1377,1338,1295,1382,1267,1321,15800
Koło,Koleje Wielkopolskie Sp. z o.o.,778,730,772,754,762,746,782,770,752,785,748,770,9149
Koło,PKP INTERCITY Spółka Akcyjna ,558,520,558,539,558,540,561,560,541,556,539,592,6622
Koło ,,1336,1250,1330,1293,1320,1286,1343,1330,1293,1341,1287,1362,15771
Nowy Targ,Koleje Małopolskie Sp. z o.o.,18,16,,,14,12,16,22,2,,,16,116
Nowy Targ,Koleje Śląskie Spółka z o.o.,10,8,,,14,12,16,22,2,,,14,98
Nowy Targ,PKP INTERCITY Spółka Akcyjna ,431,405,310,295,309,369,494,496,363,370,180,513,4535
Nowy Targ,POLREGIO Spółka Akcyjna,959,911,969,921,962,938,970,964,937,975,465,986,10957
Nowy Targ ,,1418,1340,1279,1216,1299,1331,1496,1504,1304,1345,645,1529,15706
Stare Bojanowo,Koleje Wielkopolskie Sp. z o.o.,767,712,754,741,737,723,780,753,739,779,721,795,9001
Stare Bojanowo,POLREGIO Spółka Akcyjna,540,506,537,521,535,520,542,538,598,619,600,617,6673
Stare Bojanowo ,,1307,1218,1291,1262,1272,1243,1322,1291,1337,1398,1321,1412,15674
Porażyn,Koleje Wielkopolskie Sp. z o.o.,1028,983,1020,994,997,972,1063,1010,1002,1064,958,962,12053
Porażyn,POLREGIO Spółka Akcyjna,308,290,309,300,310,299,310,310,299,308,299,276,3618
Porażyn ,,1336,1273,1329,1294,1307,1271,1373,1320,1301,1372,1257,1238,15671
Sątopy,Koleje Wielkopolskie Sp. z o.o.,1028,983,1020,994,997,972,1063,1010,1002,1064,958,962,12053
Sątopy,POLREGIO Spółka Akcyjna,308,290,309,300,310,299,310,310,298,308,299,276,3617
Sątopy ,,1336,1273,1329,1294,1307,1271,1373,1320,1300,1372,1257,1238,15670
Pionki Zachodnie,Koleje Mazowieckie - KM Spółka z o.o.,926,870,914,892,900,850,803,784,892,942,880,962,10615
Pionki Zachodnie,PKP INTERCITY Spółka Akcyjna ,405,382,426,420,434,432,434,433,369,394,419,485,5033
Pionki Zachodnie ,,1331,1252,1340,1312,1334,1282,1237,1217,1261,1336,1299,1447,15648
Zakopane,Koleje Małopolskie Sp. z o.o.,18,16,,,14,12,16,22,2,,,16,116
Zakopane,Koleje Śląskie Spółka z o.o.,10,8,,,14,12,16,22,2,,,14,98
Zakopane,PKP INTERCITY Spółka Akcyjna ,431,405,310,294,309,369,496,496,363,372,180,513,4538
Zakopane,POLREGIO Spółka Akcyjna,961,910,969,888,961,902,972,964,938,971,464,986,10886
Zakopane ,,1420,1339,1279,1182,1298,1295,1500,1504,1305,1343,644,1529,15638
Grodziszcze Mazowieckie,Koleje Mazowieckie - KM Spółka z o.o.,1326,1243,1327,1286,1326,1281,1327,1314,1251,1325,1283,1327,15616
Grodziszcze Mazowieckie,PKP INTERCITY Spółka Akcyjna ,,,,,,,,,17,,,,17
Grodziszcze Mazowieckie ,,1326,1243,1327,1286,1326,1281,1327,1314,1268,1325,1283,1327,15633
Strzelin,Koleje Dolnośląskie S.A.,1133,1070,1130,1100,1119,1090,1148,1131,1094,1152,1076,1150,13393
Strzelin,PKP INTERCITY Spółka Akcyjna ,141,132,144,138,145,139,138,145,138,140,142,214,1756
Strzelin,POLREGIO Spółka Akcyjna,44,42,42,42,40,40,46,42,40,46,36,20,480
Strzelin ,,1318,1244,1316,1280,1304,1269,1332,1318,1272,1338,1254,1384,15629
Lipki,POLREGIO Spółka Akcyjna,1350,1280,1291,1245,1261,1267,1372,1338,1296,1382,1239,1301,15622
Lipki ,,1350,1280,1291,1245,1261,1267,1372,1338,1296,1382,1239,1301,15622
Sosnowe,Koleje Mazowieckie - KM Spółka z o.o.,1326,1243,1327,1286,1326,1281,1327,1314,1238,1326,1283,1327,15604
Sosnowe ,,1326,1243,1327,1286,1326,1281,1327,1314,1238,1326,1283,1327,15604
Koszewnica,Koleje Mazowieckie - KM Spółka z o.o.,1326,1243,1327,1286,1326,1281,1327,1314,1238,1326,1283,1327,15604
Koszewnica ,,1326,1243,1327,1286,1326,1281,1327,1314,1238,1326,1283,1327,15604
Sabinka,Koleje Mazowieckie - KM Spółka z o.o.,1326,1243,1327,1265,1326,1281,1328,1315,1251,1326,1283,1327,15598
Sabinka ,,1326,1243,1327,1265,1326,1281,1328,1315,1251,1326,1283,1327,15598
Żarki-Letnisko,Koleje Śląskie Spółka z o.o.,1326,1243,1323,1283,1309,1280,1330,1319,1277,1333,1273,1297,15593
Żarki-Letnisko ,,1326,1243,1323,1283,1309,1280,1330,1319,1277,1333,1273,1297,15593
Pamiątkowo,Koleje Wielkopolskie Sp. z o.o.,778,732,768,750,758,725,788,767,750,788,729,776,9109
Pamiątkowo,POLREGIO Spółka Akcyjna,547,512,545,532,547,529,550,548,531,550,528,557,6476
Pamiątkowo ,,1325,1244,1313,1282,1305,1254,1338,1315,1281,1338,1257,1333,15585
Poznań Wola,Koleje Wielkopolskie Sp. z o.o.,778,732,768,750,758,719,788,767,750,788,729,776,9103
Poznań Wola,Parowozownia Wolsztyn,,,,,,,,,,,2,,2
Poznań Wola,PKP INTERCITY Spółka Akcyjna ,,1,,,,10,,,,,,,11
Poznań Wola,POLREGIO Spółka Akcyjna,547,512,545,532,547,527,550,548,531,550,528,549,6466
Poznań Wola ,,1325,1245,1313,1282,1305,1256,1338,1315,1281,1338,1259,1325,15582
Baborówko,Koleje Wielkopolskie Sp. z o.o.,778,732,768,750,758,725,788,767,750,788,729,776,9109
Baborówko,POLREGIO Spółka Akcyjna,547,512,545,532,547,529,550,548,531,550,528,549,6468
Baborówko ,,1325,1244,1313,1282,1305,1254,1338,1315,1281,1338,1257,1325,15577
Gorzów Wielkopolski,PKP INTERCITY Spółka Akcyjna ,245,230,245,237,246,237,244,245,240,199,207,246,2821
Gorzów Wielkopolski,POLREGIO Spółka Akcyjna,912,965,1077,1037,993,1059,1157,1069,1091,1193,980,1156,12689
Gorzów Wielkopolski ,,1157,1195,1322,1274,1239,1296,1401,1314,1331,1392,1187,1402,15510
Zdzieszowice,PKP INTERCITY Spółka Akcyjna ,247,230,248,240,248,258,310,310,242,248,240,247,3068
Zdzieszowice,POLREGIO Spółka Akcyjna,1059,999,1039,1019,1020,999,1080,1040,1018,1080,979,1061,12393
Zdzieszowice ,,1306,1229,1287,1259,1268,1257,1390,1350,1260,1328,1219,1308,15461
Gogolin,PKP INTERCITY Spółka Akcyjna ,247,230,248,240,248,258,310,310,242,248,240,247,3068
Gogolin,POLREGIO Spółka Akcyjna,1058,997,1038,1019,1020,999,1079,1040,1018,1080,979,1061,12388
Gogolin ,,1305,1227,1286,1259,1268,1257,1389,1350,1260,1328,1219,1308,15456
Ścinawa,Koleje Dolnośląskie S.A.,1130,1074,995,915,929,903,960,939,914,958,895,1083,11695
Ścinawa,PKP INTERCITY Spółka Akcyjna ,124,116,124,120,124,120,124,124,102,122,121,158,1479
Ścinawa,POLREGIO Spółka Akcyjna,,,176,240,248,239,246,248,235,247,240,112,2231
Ścinawa ,,1254,1190,1295,1275,1301,1262,1330,1311,1251,1327,1256,1353,15405
Trawniki,PKP INTERCITY Spółka Akcyjna ,248,230,248,236,246,239,244,243,234,248,240,112,2768
Trawniki,POLREGIO Spółka Akcyjna,1049,1013,1055,1035,1030,1028,1088,1055,1038,1090,1017,1085,12583
Trawniki ,,1297,1243,1303,1271,1276,1267,1332,1298,1272,1338,1257,1197,15351
Łodygowice,Koleje Śląskie Spółka z o.o.,1403,1322,1401,1359,1381,1375,1437,1435,1406,1465,490,785,15259
Łodygowice ,,1403,1322,1401,1359,1381,1375,1437,1435,1406,1465,490,785,15259
Trzciana,POLREGIO Spółka Akcyjna,1268,1256,1299,1274,1279,1182,1260,1234,1285,1352,1251,1312,15252
Trzciana ,,1268,1256,1299,1274,1279,1182,1260,1234,1285,1352,1251,1312,15252
Przysieka Stara,Koleje Wielkopolskie Sp. z o.o.,767,712,754,741,737,723,780,753,739,779,721,795,9001
Przysieka Stara,POLREGIO Spółka Akcyjna,500,469,496,482,493,480,503,497,559,580,559,575,6193
Przysieka Stara ,,1267,1181,1250,1223,1230,1203,1283,1250,1298,1359,1280,1370,15194
Górka Duchowna,Koleje Wielkopolskie Sp. z o.o.,767,712,754,741,736,723,780,753,739,779,721,794,8999
Górka Duchowna,POLREGIO Spółka Akcyjna,500,469,496,482,493,480,503,497,559,580,559,575,6193
Górka Duchowna ,,1267,1181,1250,1223,1229,1203,1283,1250,1298,1359,1280,1369,15192
Lipno Nowe,Koleje Wielkopolskie Sp. z o.o.,767,712,754,741,736,723,780,753,739,779,721,794,8999
Lipno Nowe,POLREGIO Spółka Akcyjna,500,469,496,482,493,480,502,497,559,580,559,575,6192
Lipno Nowe ,,1267,1181,1250,1223,1229,1203,1282,1250,1298,1359,1280,1369,15191
Kolbuszowa,PKP INTERCITY Spółka Akcyjna ,122,116,123,120,124,120,120,123,117,124,120,124,1453
Kolbuszowa,POLREGIO Spółka Akcyjna,1197,1134,1173,1150,1149,1009,1149,1101,1161,1229,1113,1145,13710
Kolbuszowa ,,1319,1250,1296,1270,1273,1129,1269,1224,1278,1353,1233,1269,15163
Łodygowice Górne,Koleje Śląskie Spółka z o.o.,1403,1322,1401,1360,1381,1375,1437,1435,1405,1465,490,674,15148
Łodygowice Górne ,,1403,1322,1401,1360,1381,1375,1437,1435,1405,1465,490,674,15148
Bogumiłowice,Koleje Małopolskie Sp. z o.o.,961,909,963,934,944,928,974,957,936,974,924,950,11354
Bogumiłowice,POLREGIO Spółka Akcyjna,323,303,318,310,315,310,325,319,312,325,308,317,3785
Bogumiłowice ,,1284,1212,1281,1244,1259,1238,1299,1276,1248,1299,1232,1267,15139
Biadoliny,Koleje Małopolskie Sp. z o.o.,961,908,963,934,944,928,974,957,936,974,924,950,11353
Biadoliny,POLREGIO Spółka Akcyjna,323,303,318,310,315,310,325,319,312,325,308,317,3785
Biadoliny ,,1284,1211,1281,1244,1259,1238,1299,1276,1248,1299,1232,1267,15138
Sterkowiec,Koleje Małopolskie Sp. z o.o.,961,908,963,934,944,928,974,957,936,974,924,950,11353
Sterkowiec,POLREGIO Spółka Akcyjna,323,303,318,310,314,310,325,319,312,325,308,317,3784
Sterkowiec ,,1284,1211,1281,1244,1258,1238,1299,1276,1248,1299,1232,1267,15137
Szarów,Koleje Małopolskie Sp. z o.o.,961,906,962,934,945,927,975,957,936,974,924,950,11351
Szarów,POLREGIO Spółka Akcyjna,323,303,318,310,314,310,325,319,312,325,307,317,3783
Szarów ,,1284,1209,1280,1244,1259,1237,1300,1276,1248,1299,1231,1267,15134
Rzezawa,Koleje Małopolskie Sp. z o.o.,961,906,961,934,945,928,974,957,936,974,924,950,11350
Rzezawa,POLREGIO Spółka Akcyjna,323,303,318,310,314,310,325,319,312,325,307,317,3783
Rzezawa ,,1284,1209,1279,1244,1259,1238,1299,1276,1248,1299,1231,1267,15133
Jasień Brzeski,Koleje Małopolskie Sp. z o.o.,961,906,961,934,945,928,974,957,936,974,924,950,11350
Jasień Brzeski,POLREGIO Spółka Akcyjna,323,303,318,310,314,310,325,319,312,325,307,317,3783
Jasień Brzeski ,,1284,1209,1279,1244,1259,1238,1299,1276,1248,1299,1231,1267,15133
Cikowice,Koleje Małopolskie Sp. z o.o.,961,906,962,934,945,927,974,957,936,974,924,950,11350
Cikowice,POLREGIO Spółka Akcyjna,323,303,318,310,314,310,325,319,312,325,307,317,3783
Cikowice ,,1284,1209,1280,1244,1259,1237,1299,1276,1248,1299,1231,1267,15133
Stanisławice,Koleje Małopolskie Sp. z o.o.,961,906,962,934,945,927,974,957,936,974,924,950,11350
Stanisławice,POLREGIO Spółka Akcyjna,323,303,317,310,314,310,325,319,312,325,307,317,3782
Stanisławice ,,1284,1209,1279,1244,1259,1237,1299,1276,1248,1299,1231,1267,15132
Nekla,Koleje Wielkopolskie Sp. z o.o.,1288,1214,1268,1243,1237,1236,1236,1232,1264,1321,1238,1307,15084
Nekla ,,1288,1214,1268,1243,1237,1236,1236,1232,1264,1321,1238,1307,15084
Zawiercie Borowe Pole,Koleje Śląskie Spółka z o.o.,1260,1180,1260,1217,1255,1220,1261,1259,1216,1264,1341,1345,15078
Zawiercie Borowe Pole ,,1260,1180,1260,1217,1255,1220,1261,1259,1216,1264,1341,1345,15078
Myszków Światowit,Koleje Śląskie Spółka z o.o.,1260,1180,1260,1217,1255,1220,1261,1259,1216,1264,1341,1345,15078
Myszków Światowit ,,1260,1180,1260,1217,1255,1220,1261,1259,1216,1264,1341,1345,15078
Myszków Mrzygłód,Koleje Śląskie Spółka z o.o.,1260,1180,1260,1217,1255,1220,1261,1259,1216,1264,1341,1345,15078
Myszków Mrzygłód ,,1260,1180,1260,1217,1255,1220,1261,1259,1216,1264,1341,1345,15078
Podstolice,Koleje Wielkopolskie Sp. z o.o.,1288,1214,1268,1243,1237,1236,1236,1232,1264,1321,1238,1256,15033
Podstolice ,,1288,1214,1268,1243,1237,1236,1236,1232,1264,1321,1238,1256,15033
Gułtowy,Koleje Wielkopolskie Sp. z o.o.,1288,1214,1268,1243,1237,1236,1236,1232,1264,1321,1238,1256,15033
Gułtowy ,,1288,1214,1268,1243,1237,1236,1236,1232,1264,1321,1238,1256,15033
Niedźwiedź,Koleje Małopolskie Sp. z o.o.,783,740,775,760,742,748,794,764,758,796,734,756,9150
Niedźwiedź,POLREGIO Spółka Akcyjna,489,463,492,479,496,479,496,496,479,496,480,524,5869
Niedźwiedź ,,1272,1203,1267,1239,1238,1227,1290,1260,1237,1292,1214,1280,15019
Zastów,Koleje Małopolskie Sp. z o.o.,783,740,775,760,742,749,794,764,758,795,734,756,9150
Zastów,POLREGIO Spółka Akcyjna,489,463,491,479,496,479,496,496,479,496,480,524,5868
Zastów ,,1272,1203,1266,1239,1238,1228,1290,1260,1237,1291,1214,1280,15018
Słomniki Miasto,Koleje Małopolskie Sp. z o.o.,783,740,775,760,742,748,794,762,758,796,734,756,9148
Słomniki Miasto,POLREGIO Spółka Akcyjna,489,463,492,479,496,479,496,496,479,496,480,524,5869
Słomniki Miasto ,,1272,1203,1267,1239,1238,1227,1290,1258,1237,1292,1214,1280,15017
Łuczyce,Koleje Małopolskie Sp. z o.o.,783,740,775,760,742,748,794,764,758,795,734,756,9149
Łuczyce,POLREGIO Spółka Akcyjna,489,463,491,479,496,479,496,496,479,496,480,524,5868
Łuczyce ,,1272,1203,1266,1239,1238,1227,1290,1260,1237,1291,1214,1280,15017
Goszcza,Koleje Małopolskie Sp. z o.o.,783,740,775,760,742,748,794,764,758,795,734,756,9149
Goszcza,POLREGIO Spółka Akcyjna,489,463,491,479,496,479,496,496,479,496,480,524,5868
Goszcza ,,1272,1203,1266,1239,1238,1227,1290,1260,1237,1291,1214,1280,15017
Baranówka,Koleje Małopolskie Sp. z o.o.,783,740,775,760,742,748,794,764,758,795,734,756,9149
Baranówka,POLREGIO Spółka Akcyjna,489,463,491,479,496,479,496,496,479,496,480,524,5868
Baranówka ,,1272,1203,1266,1239,1238,1227,1290,1260,1237,1291,1214,1280,15017
Słomniki,Koleje Małopolskie Sp. z o.o.,783,740,775,760,742,748,793,762,758,796,734,756,9147
Słomniki,POLREGIO Spółka Akcyjna,489,463,492,479,496,479,496,496,479,496,480,524,5869
Słomniki ,,1272,1203,1267,1239,1238,1227,1289,1258,1237,1292,1214,1280,15016
Bielsko-Biała Mikuszowice,Koleje Śląskie Spółka z o.o.,1262,1188,1257,1224,1240,1232,1281,1273,1245,1297,1235,1219,14953
Bielsko-Biała Mikuszowice ,,1262,1188,1257,1224,1240,1232,1281,1273,1245,1297,1235,1219,14953
Lubzina,POLREGIO Spółka Akcyjna,1268,1214,1270,1241,1250,1166,1237,1213,1243,1306,1213,1272,14893
Lubzina ,,1268,1214,1270,1241,1250,1166,1237,1213,1243,1306,1213,1272,14893
Dębica Wschodnia,POLREGIO Spółka Akcyjna,1268,1214,1270,1241,1250,1166,1237,1213,1243,1306,1213,1272,14893
Dębica Wschodnia ,,1268,1214,1270,1241,1250,1166,1237,1213,1243,1306,1213,1272,14893
Świlcza,POLREGIO Spółka Akcyjna,1268,1214,1270,1240,1250,1166,1237,1213,1243,1306,1213,1272,14892
Świlcza ,,1268,1214,1270,1240,1250,1166,1237,1213,1243,1306,1213,1272,14892
Rzeszów Baranówka,POLREGIO Spółka Akcyjna,1268,1214,1270,1240,1250,1166,1237,1213,1243,1306,1213,1272,14892
Rzeszów Baranówka ,,1268,1214,1270,1240,1250,1166,1237,1213,1243,1306,1213,1272,14892
Rzeszów Dworzysko,POLREGIO Spółka Akcyjna,1268,1214,1270,1240,1250,1166,1237,1213,1243,1306,1213,1272,14892
Rzeszów Dworzysko ,,1268,1214,1270,1240,1250,1166,1237,1213,1243,1306,1213,1272,14892
Rudna Wielka,POLREGIO Spółka Akcyjna,1268,1214,1270,1240,1250,1166,1237,1213,1243,1306,1213,1272,14892
Rudna Wielka ,,1268,1214,1270,1240,1250,1166,1237,1213,1243,1306,1213,1272,14892
Ropczyce Witkowice,POLREGIO Spółka Akcyjna,1266,1214,1270,1241,1250,1166,1237,1213,1243,1306,1213,1272,14891
Ropczyce Witkowice ,,1266,1214,1270,1241,1250,1166,1237,1213,1243,1306,1213,1272,14891
Sędziszów Małopolski Wschodni,POLREGIO Spółka Akcyjna,1266,1214,1270,1241,1250,1166,1237,1213,1243,1306,1213,1272,14891
Sędziszów Małopolski Wschodni ,,1266,1214,1270,1241,1250,1166,1237,1213,1243,1306,1213,1272,14891
Będziemyśl,POLREGIO Spółka Akcyjna,1266,1214,1270,1241,1250,1166,1237,1213,1243,1306,1213,1272,14891
Będziemyśl ,,1266,1214,1270,1241,1250,1166,1237,1213,1243,1306,1213,1272,14891
Myszków Nowa Wieś,Koleje Śląskie Spółka z o.o.,1260,1180,1260,1220,1255,1220,1261,1259,1214,1264,1216,1267,14876
Myszków Nowa Wieś ,,1260,1180,1260,1220,1255,1220,1261,1259,1214,1264,1216,1267,14876
Masłońskie Natalin,Koleje Śląskie Spółka z o.o.,1260,1180,1260,1220,1255,1220,1261,1259,1214,1264,1216,1267,14876
Masłońskie Natalin ,,1260,1180,1260,1220,1255,1220,1261,1259,1214,1264,1216,1267,14876
Korwinów,Koleje Śląskie Spółka z o.o.,1260,1180,1260,1219,1255,1220,1261,1259,1212,1264,1216,1267,14873
Korwinów ,,1260,1180,1260,1219,1255,1220,1261,1259,1212,1264,1216,1267,14873
Dobroń,Łódzka Kolej Aglomeracyjna Sp. z o.o.,826,779,811,795,796,786,847,819,804,846,769,874,9752
Dobroń,POLREGIO Spółka Akcyjna,431,406,434,420,433,419,432,433,419,433,420,434,5114
Dobroń ,,1257,1185,1245,1215,1229,1205,1279,1252,1223,1279,1189,1308,14866
Chechło,Łódzka Kolej Aglomeracyjna Sp. z o.o.,826,779,811,795,796,786,847,819,804,846,769,874,9752
Chechło,POLREGIO Spółka Akcyjna,431,406,434,420,433,419,432,433,419,433,420,434,5114
Chechło ,,1257,1185,1245,1215,1229,1205,1279,1252,1223,1279,1189,1308,14866
Borszewice,Łódzka Kolej Aglomeracyjna Sp. z o.o.,826,779,811,795,796,786,847,819,804,847,769,874,9753
Borszewice,POLREGIO Spółka Akcyjna,431,406,434,420,433,419,431,433,419,433,420,434,5113
Borszewice ,,1257,1185,1245,1215,1229,1205,1278,1252,1223,1280,1189,1308,14866
Strzyżów nad Wisłokiem,PKP INTERCITY Spółka Akcyjna ,,,,,,,,,32,124,32,,188
Strzyżów nad Wisłokiem,POLREGIO Spółka Akcyjna,1175,1112,1170,1200,1189,1116,1322,1281,1268,1354,1240,1245,14672
Strzyżów nad Wisłokiem ,,1175,1112,1170,1200,1189,1116,1322,1281,1300,1478,1272,1245,14860
Kątne,Koleje Mazowieckie - KM Spółka z o.o.,1238,1190,1265,1227,1260,1215,1228,1224,1228,1273,1221,1278,14847
Kątne ,,1238,1190,1265,1227,1260,1215,1228,1224,1228,1273,1221,1278,14847
Kałęczyn,Koleje Mazowieckie - KM Spółka z o.o.,1237,1190,1265,1227,1260,1215,1228,1224,1228,1273,1221,1278,14846
Kałęczyn ,,1237,1190,1265,1227,1260,1215,1228,1224,1228,1273,1221,1278,14846
Jackowo Dworskie,Koleje Mazowieckie - KM Spółka z o.o.,1237,1190,1265,1227,1260,1215,1228,1224,1228,1273,1221,1278,14846
Jackowo Dworskie ,,1237,1190,1265,1227,1260,1215,1228,1224,1228,1273,1221,1278,14846
Ciechanów Przemysłowy,Koleje Mazowieckie - KM Spółka z o.o.,1236,1190,1265,1227,1260,1215,1228,1224,1228,1273,1221,1278,14845
Ciechanów Przemysłowy ,,1236,1190,1265,1227,1260,1215,1228,1224,1228,1273,1221,1278,14845
Gryfino,PKP INTERCITY Spółka Akcyjna ,310,292,310,300,314,300,310,309,294,310,299,319,3667
Gryfino,POLREGIO Spółka Akcyjna,685,676,910,976,961,955,1043,993,979,1044,924,993,11139
Gryfino ,,995,968,1220,1276,1275,1255,1353,1302,1273,1354,1223,1312,14806
Węgrzce Wielkie,Koleje Małopolskie Sp. z o.o.,930,877,931,905,914,897,944,926,906,942,894,925,10991
Węgrzce Wielkie,POLREGIO Spółka Akcyjna,323,303,318,310,314,310,325,319,312,325,307,317,3783
Węgrzce Wielkie ,,1253,1180,1249,1215,1228,1207,1269,1245,1218,1267,1201,1242,14774
Kokotów,Koleje Małopolskie Sp. z o.o.,930,877,931,905,914,897,944,926,906,942,894,925,10991
Kokotów,POLREGIO Spółka Akcyjna,323,303,318,310,314,310,325,319,312,325,307,317,3783
Kokotów ,,1253,1180,1249,1215,1228,1207,1269,1245,1218,1267,1201,1242,14774
Kalisz,Koleje Wielkopolskie Sp. z o.o.,226,216,220,222,202,216,232,214,222,232,218,216,2636
Kalisz,Łódzka Kolej Aglomeracyjna Sp. z o.o.,26,24,30,30,38,30,24,30,26,24,30,38,350
Kalisz,PKP INTERCITY Spółka Akcyjna ,548,513,545,530,550,530,550,548,530,551,531,664,6590
Kalisz,POLREGIO Spółka Akcyjna,431,406,434,420,434,420,430,432,418,432,420,434,5111
Kalisz ,,1231,1159,1229,1202,1224,1196,1236,1224,1196,1239,1199,1352,14687
Janowice Wielkie,Koleje Dolnośląskie S.A.,817,766,827,798,828,799,822,825,767,823,799,875,9746
Janowice Wielkie,PKP INTERCITY Spółka Akcyjna ,355,346,370,359,372,374,386,384,320,380,378,172,4196
Janowice Wielkie,POLREGIO Spółka Akcyjna,58,58,62,60,62,60,62,62,60,62,60,62,728
Janowice Wielkie ,,1230,1170,1259,1217,1262,1233,1270,1271,1147,1265,1237,1109,14670
Pęckowo,Koleje Wielkopolskie Sp. z o.o.,690,648,684,666,678,651,696,683,666,696,653,748,8159
Pęckowo,POLREGIO Spółka Akcyjna,547,512,545,532,547,529,550,548,531,550,528,549,6468
Pęckowo ,,1237,1160,1229,1198,1225,1180,1246,1231,1197,1246,1181,1297,14627
Smroków,Koleje Małopolskie Sp. z o.o.,781,740,774,652,742,748,793,623,618,796,734,756,8757
Smroków,POLREGIO Spółka Akcyjna,488,463,492,479,496,479,496,496,479,496,480,524,5868
Smroków ,,1269,1203,1266,1131,1238,1227,1289,1119,1097,1292,1214,1280,14625
Szczepanowice,Koleje Małopolskie Sp. z o.o.,781,740,774,652,742,748,792,623,618,796,734,756,8756
Szczepanowice,POLREGIO Spółka Akcyjna,488,463,492,479,496,479,496,496,479,496,480,524,5868
Szczepanowice ,,1269,1203,1266,1131,1238,1227,1288,1119,1097,1292,1214,1280,14624
Kamieńczyce,Koleje Małopolskie Sp. z o.o.,781,740,774,652,742,748,792,623,618,796,734,756,8756
Kamieńczyce,POLREGIO Spółka Akcyjna,488,463,492,479,496,479,496,496,479,496,480,524,5868
Kamieńczyce ,,1269,1203,1266,1131,1238,1227,1288,1119,1097,1292,1214,1280,14624
Poronin,Koleje Małopolskie Sp. z o.o.,18,16,,,14,12,16,22,2,,,16,116
Poronin,Koleje Śląskie Spółka z o.o.,10,8,,,14,12,16,22,2,,,14,98
Poronin,PKP INTERCITY Spółka Akcyjna ,369,347,248,234,248,276,370,372,243,247,120,419,3493
Poronin,POLREGIO Spółka Akcyjna,960,910,969,903,962,902,972,964,938,975,464,986,10905
Poronin ,,1357,1281,1217,1137,1238,1202,1374,1380,1185,1222,584,1435,14612
Rudyszwałd,Koleje Śląskie Spółka z o.o.,1229,1166,1228,1197,1185,1169,1253,1212,1179,1286,1210,1276,14590
Rudyszwałd ,,1229,1166,1228,1197,1185,1169,1253,1212,1179,1286,1210,1276,14590
Chodzież,Koleje Wielkopolskie Sp. z o.o.,551,534,554,546,540,538,571,552,548,572,534,524,6564
Chodzież,PKP INTERCITY Spółka Akcyjna ,367,364,392,420,434,459,540,548,133,124,122,298,4201
Chodzież,POLREGIO Spółka Akcyjna,306,290,305,307,338,321,341,353,298,310,300,306,3775
Chodzież ,,1224,1188,1251,1273,1312,1318,1452,1453,979,1006,956,1128,14540
Orzesze,Koleje Śląskie Spółka z o.o.,1230,1151,1216,1232,1261,1212,1222,1204,1174,1229,1186,1216,14533
Orzesze ,,1230,1151,1216,1232,1261,1212,1222,1204,1174,1229,1186,1216,14533
Mikołów,Koleje Śląskie Spółka z o.o.,1230,1151,1216,1231,1261,1211,1222,1204,1174,1229,1186,1216,14531
Mikołów ,,1230,1151,1216,1231,1261,1211,1222,1204,1174,1229,1186,1216,14531
Łaziska Górne,Koleje Śląskie Spółka z o.o.,1230,1151,1216,1231,1261,1209,1222,1204,1174,1229,1186,1216,14529
Łaziska Górne ,,1230,1151,1216,1231,1261,1209,1222,1204,1174,1229,1186,1216,14529
Wola Bierwiecka,Koleje Mazowieckie - KM Spółka z o.o.,1227,1152,1229,1191,1227,1190,1230,1228,1191,1232,1189,1228,14514
Wola Bierwiecka ,,1227,1152,1229,1191,1227,1190,1230,1228,1191,1232,1189,1228,14514
Kruszyna,Koleje Mazowieckie - KM Spółka z o.o.,1227,1152,1229,1191,1227,1190,1230,1228,1191,1232,1189,1228,14514
Kruszyna ,,1227,1152,1229,1191,1227,1190,1230,1228,1191,1232,1189,1228,14514
Bartodzieje,Koleje Mazowieckie - KM Spółka z o.o.,1227,1152,1229,1191,1227,1190,1230,1228,1191,1232,1189,1228,14514
Bartodzieje ,,1227,1152,1229,1191,1227,1190,1230,1228,1191,1232,1189,1228,14514
Warka Miasto,Koleje Mazowieckie - KM Spółka z o.o.,1227,1152,1229,1191,1227,1190,1229,1227,1191,1232,1188,1228,14511
Warka Miasto ,,1227,1152,1229,1191,1227,1190,1229,1227,1191,1232,1188,1228,14511
Strzyżyna,Koleje Mazowieckie - KM Spółka z o.o.,1227,1152,1229,1191,1227,1190,1229,1227,1191,1232,1188,1228,14511
Strzyżyna ,,1227,1152,1229,1191,1227,1190,1229,1227,1191,1232,1188,1228,14511
Grabów nad Pilicą,Koleje Mazowieckie - KM Spółka z o.o.,1227,1152,1229,1191,1227,1190,1229,1227,1191,1232,1188,1228,14511
Grabów nad Pilicą ,,1227,1152,1229,1191,1227,1190,1229,1227,1191,1232,1188,1228,14511
Radom Stara Wola,Koleje Mazowieckie - KM Spółka z o.o.,1227,1152,1229,1191,1221,1190,1230,1228,1191,1232,1189,1228,14508
Radom Stara Wola ,,1227,1152,1229,1191,1221,1190,1230,1228,1191,1232,1189,1228,14508
Lesiów,Koleje Mazowieckie - KM Spółka z o.o.,1227,1152,1229,1191,1221,1190,1230,1228,1191,1232,1189,1228,14508
Lesiów ,,1227,1152,1229,1191,1221,1190,1230,1228,1191,1232,1189,1228,14508
Mieszków,Koleje Wielkopolskie Sp. z o.o.,869,819,856,840,839,827,877,854,840,879,820,801,10121
Mieszków,POLREGIO Spółka Akcyjna,371,348,372,359,374,358,370,371,360,372,359,372,4386
Mieszków ,,1240,1167,1228,1199,1213,1185,1247,1225,1200,1251,1179,1173,14507
Chocicza,Koleje Wielkopolskie Sp. z o.o.,869,819,856,840,839,827,877,854,840,879,820,801,10121
Chocicza,POLREGIO Spółka Akcyjna,371,348,372,359,374,358,370,371,360,372,359,372,4386
Chocicza ,,1240,1167,1228,1199,1213,1185,1247,1225,1200,1251,1179,1173,14507
Sulęcinek,Koleje Wielkopolskie Sp. z o.o.,869,819,856,840,839,827,877,854,840,879,820,801,10121
Sulęcinek,POLREGIO Spółka Akcyjna,371,348,372,359,372,358,370,371,360,372,359,372,4384
Sulęcinek ,,1240,1167,1228,1199,1211,1185,1247,1225,1200,1251,1179,1173,14505
Solec Wielkopolski,Koleje Wielkopolskie Sp. z o.o.,869,819,856,840,839,827,877,854,840,879,820,801,10121
Solec Wielkopolski,POLREGIO Spółka Akcyjna,371,348,372,359,372,358,370,371,360,372,359,372,4384
Solec Wielkopolski ,,1240,1167,1228,1199,1211,1185,1247,1225,1200,1251,1179,1173,14505
Oleśnica,CARGO Master Spółka z o.o.,,,2,,,,,,,,,,2
Oleśnica,Koleje Dolnośląskie S.A.,349,327,340,335,336,330,356,340,335,357,325,337,4067
Oleśnica,PKP INTERCITY Spółka Akcyjna ,,,,,,,,,2,,,,2
Oleśnica,POLREGIO Spółka Akcyjna,884,832,875,858,872,849,896,879,856,896,841,890,10428
Oleśnica ,,1233,1159,1217,1193,1208,1179,1252,1219,1193,1253,1166,1227,14499
Czerwionka,Koleje Śląskie Spółka z o.o.,1230,1151,1229,1191,1225,1187,1227,1226,1186,1230,1187,1216,14485
Czerwionka ,,1230,1151,1229,1191,1225,1187,1227,1226,1186,1230,1187,1216,14485
Klimontów,Koleje Małopolskie Sp. z o.o.,438,416,435,426,414,418,446,428,382,448,410,422,5083
Klimontów,POLREGIO Spółka Akcyjna,779,745,792,770,791,768,798,795,771,798,769,812,9388
Klimontów ,,1217,1161,1227,1196,1205,1186,1244,1223,1153,1246,1179,1234,14471
Orzesze Jaśkowice,Koleje Śląskie Spółka z o.o.,1230,1151,1229,1191,1225,1187,1228,1226,1186,1230,1186,1198,14467
Orzesze Jaśkowice ,,1230,1151,1229,1191,1225,1187,1228,1226,1186,1230,1186,1198,14467
Czechowice-Dziedzice Południowe,Koleje Śląskie Spółka z o.o.,1220,1146,1215,1182,1204,1182,1242,1233,1197,1248,1194,1197,14460
Czechowice-Dziedzice Południowe ,,1220,1146,1215,1182,1204,1182,1242,1233,1197,1248,1194,1197,14460
Bielsko-Biała Komorowice,Koleje Śląskie Spółka z o.o.,1220,1146,1215,1182,1204,1182,1242,1233,1197,1248,1194,1197,14460
Bielsko-Biała Komorowice ,,1220,1146,1215,1182,1204,1182,1242,1233,1197,1248,1194,1197,14460
Czechowice-Dziedzice Przystanek,Koleje Śląskie Spółka z o.o.,1220,1145,1215,1182,1204,1181,1241,1233,1197,1248,1193,1197,14456
Czechowice-Dziedzice Przystanek ,,1220,1145,1215,1182,1204,1181,1241,1233,1197,1248,1193,1197,14456
Łapy,PKP INTERCITY Spółka Akcyjna ,567,532,565,554,570,549,567,570,539,558,541,592,6704
Łapy,POLREGIO Spółka Akcyjna,562,529,615,669,635,628,696,683,663,696,663,680,7719
Łapy ,,1129,1061,1180,1223,1205,1177,1263,1253,1202,1254,1204,1272,14423
Wrocław Stadion,Koleje Dolnośląskie S.A.,1173,1114,1037,957,969,939,1006,981,958,1006,933,1083,12156
Wrocław Stadion,PKP INTERCITY Spółka Akcyjna ,,4,4,2,4,,,2,,,2,,18
Wrocław Stadion,POLREGIO Spółka Akcyjna,,,176,240,248,237,245,248,235,247,240,112,2228
Wrocław Stadion ,,1173,1118,1217,1199,1221,1176,1251,1231,1193,1253,1175,1195,14402
Wrocław Kuźniki,CARGO Master Spółka z o.o.,,,1,3,,,,,,,,,4
Wrocław Kuźniki,Koleje Dolnośląskie S.A.,1173,1114,1037,957,969,939,1006,983,958,1008,935,1086,12165
Wrocław Kuźniki,LEO Express Global a.s.,,,2,,,,,,,,,,2
Wrocław Kuźniki,POLREGIO Spółka Akcyjna,,,176,240,248,237,245,248,235,247,240,112,2228
Wrocław Kuźniki ,,1173,1114,1216,1200,1217,1176,1251,1231,1193,1255,1175,1198,14399
Wrocław Pracze,CARGO Master Spółka z o.o.,,,,2,,,,,,,,,2
Wrocław Pracze,Koleje Dolnośląskie S.A.,1173,1114,1037,957,969,939,1006,983,958,1006,933,1083,12158
Wrocław Pracze,PKP INTERCITY Spółka Akcyjna ,,,,,,,,,,,2,,2
Wrocław Pracze,POLREGIO Spółka Akcyjna,,,176,240,248,237,245,248,235,247,240,112,2228
Wrocław Pracze ,,1173,1114,1213,1199,1217,1176,1251,1231,1193,1253,1175,1195,14390
Czerna Mała,Koleje Dolnośląskie S.A.,1173,1114,1037,957,969,939,1006,981,958,1006,933,1083,12156
Czerna Mała,POLREGIO Spółka Akcyjna,,,176,240,248,239,245,248,235,247,240,112,2230
Czerna Mała ,,1173,1114,1213,1197,1217,1178,1251,1229,1193,1253,1173,1195,14386
Brzezinka Średzka,Koleje Dolnośląskie S.A.,1173,1114,1037,957,969,939,1006,981,958,1006,933,1083,12156
Brzezinka Średzka,POLREGIO Spółka Akcyjna,,,176,240,248,239,245,248,235,247,240,112,2230
Brzezinka Średzka ,,1173,1114,1213,1197,1217,1178,1251,1229,1193,1253,1173,1195,14386
Radom Północny,Koleje Mazowieckie - KM Spółka z o.o.,1227,1152,1207,1145,1174,1182,1230,1228,1191,1232,1189,1228,14385
Radom Północny ,,1227,1152,1207,1145,1174,1182,1230,1228,1191,1232,1189,1228,14385
Księginice,Koleje Dolnośląskie S.A.,1173,1114,1037,957,969,939,1006,981,957,1006,933,1083,12155
Księginice,POLREGIO Spółka Akcyjna,,,176,240,248,239,245,248,235,247,240,112,2230
Księginice ,,1173,1114,1213,1197,1217,1178,1251,1229,1192,1253,1173,1195,14385
Łososiowice,Koleje Dolnośląskie S.A.,1173,1114,1037,957,969,941,1005,981,956,1006,933,1083,12155
Łososiowice,POLREGIO Spółka Akcyjna,,,176,240,248,239,245,248,235,247,240,112,2230
Łososiowice ,,1173,1114,1213,1197,1217,1180,1250,1229,1191,1253,1173,1195,14385
Cieplewo,POLREGIO Spółka Akcyjna,1185,1123,1193,1156,1187,1155,1202,1193,1159,1203,1195,1433,14384
Cieplewo ,,1185,1123,1193,1156,1187,1155,1202,1193,1159,1203,1195,1433,14384
Lisewo,POLREGIO Spółka Akcyjna,1172,1103,1174,1138,1168,1135,1179,1174,1203,1251,1239,1362,14298
Lisewo ,,1172,1103,1174,1138,1168,1135,1179,1174,1203,1251,1239,1362,14298
Ostrołęka,CARGO Master Spółka z o.o.,,,,,4,,,,,,,,4
Ostrołęka,Koleje Mazowieckie - KM Spółka z o.o.,1048,1078,1181,1151,1169,631,884,1180,1211,1259,1198,1254,13244
Ostrołęka,PKP INTERCITY Spółka Akcyjna ,,,1,,,,3,,,,,,4
Ostrołęka,POLREGIO Spółka Akcyjna,,,58,120,68,88,124,124,114,120,76,146,1038
Ostrołęka ,,1048,1078,1240,1271,1241,719,1011,1304,1325,1379,1274,1400,14290
Malbork Kałdowo,POLREGIO Spółka Akcyjna,1172,1103,1174,1138,1168,1135,1179,1174,1196,1243,1235,1360,14277
Malbork Kałdowo ,,1172,1103,1174,1138,1168,1135,1179,1174,1196,1243,1235,1360,14277
Stogi Malborskie,POLREGIO Spółka Akcyjna,1172,1103,1174,1138,1168,1135,1179,1174,1195,1243,1235,1360,14276
Stogi Malborskie ,,1172,1103,1174,1138,1168,1135,1179,1174,1195,1243,1235,1360,14276
Boguchwała,POLREGIO Spółka Akcyjna,1175,1112,1171,1200,1190,1116,1229,1198,1185,1263,1164,1205,14208
Boguchwała ,,1175,1112,1171,1200,1190,1116,1229,1198,1185,1263,1164,1205,14208
Wodzisław Śląski,Koleje Śląskie Spółka z o.o.,895,848,890,870,861,852,907,878,883,928,868,1011,10691
Wodzisław Śląski,PKP INTERCITY Spółka Akcyjna ,303,290,310,300,309,295,310,310,181,260,299,327,3494
Wodzisław Śląski ,,1198,1138,1200,1170,1170,1147,1217,1188,1064,1188,1167,1338,14185
Runowo Pomorskie,PKP INTERCITY Spółka Akcyjna ,368,347,370,358,372,358,372,372,360,372,360,366,4375
Runowo Pomorskie,POLREGIO Spółka Akcyjna,834,790,814,804,798,791,841,849,812,850,782,831,9796
Runowo Pomorskie ,,1202,1137,1184,1162,1170,1149,1213,1221,1172,1222,1142,1197,14171
Wrocław Zachodni,Koleje Dolnośląskie S.A.,1169,1123,1172,1152,1152,1130,1217,1174,1140,1219,1104,1176,13928
Wrocław Zachodni,POLREGIO Spółka Akcyjna,22,21,21,21,20,19,23,21,21,23,19,10,241
Wrocław Zachodni ,,1191,1144,1193,1173,1172,1149,1240,1195,1161,1242,1123,1186,14169
Jastrzębsko,Koleje Wielkopolskie Sp. z o.o.,910,858,894,868,877,857,926,892,876,926,844,824,10552
Jastrzębsko,POLREGIO Spółka Akcyjna,308,290,309,300,310,299,310,310,298,308,299,276,3617
Jastrzębsko ,,1218,1148,1203,1168,1187,1156,1236,1202,1174,1234,1143,1100,14169
Chrośnica,Koleje Wielkopolskie Sp. z o.o.,910,858,894,868,877,857,926,892,876,926,844,824,10552
Chrośnica,POLREGIO Spółka Akcyjna,308,290,309,300,310,299,310,310,298,308,299,276,3617
Chrośnica ,,1218,1148,1203,1168,1187,1156,1236,1202,1174,1234,1143,1100,14169
Sadowice Wrocławskie,Koleje Dolnośląskie S.A.,1168,1123,1170,1152,1152,1130,1217,1174,1140,1219,1104,1176,13925
Sadowice Wrocławskie,POLREGIO Spółka Akcyjna,22,21,21,21,20,19,23,21,21,23,19,10,241
Sadowice Wrocławskie ,,1190,1144,1191,1173,1172,1149,1240,1195,1161,1242,1123,1186,14166
Mokronos Górny,Koleje Dolnośląskie S.A.,1169,1122,1170,1152,1152,1130,1217,1174,1140,1219,1104,1176,13925
Mokronos Górny,POLREGIO Spółka Akcyjna,22,21,21,21,20,19,23,21,21,23,19,10,241
Mokronos Górny ,,1191,1143,1191,1173,1172,1149,1240,1195,1161,1242,1123,1186,14166
Rzeszów Centrum,POLREGIO Spółka Akcyjna,1175,1112,1171,1200,1190,1108,1214,1180,1168,1262,1164,1205,14149
Rzeszów Centrum ,,1175,1112,1171,1200,1190,1108,1214,1180,1168,1262,1164,1205,14149
Rzeszów Staroniwa,POLREGIO Spółka Akcyjna,1175,1112,1171,1200,1190,1108,1214,1180,1168,1262,1164,1205,14149
Rzeszów Staroniwa ,,1175,1112,1171,1200,1190,1108,1214,1180,1168,1262,1164,1205,14149
Rzeszów Zwięczyca,POLREGIO Spółka Akcyjna,1175,1112,1171,1200,1190,1108,1214,1180,1168,1261,1164,1205,14148
Rzeszów Zwięczyca ,,1175,1112,1171,1200,1190,1108,1214,1180,1168,1261,1164,1205,14148
Rzeszów Politechnika,POLREGIO Spółka Akcyjna,1175,1112,1171,1200,1190,1108,1214,1180,1168,1261,1164,1205,14148
Rzeszów Politechnika ,,1175,1112,1171,1200,1190,1108,1214,1180,1168,1261,1164,1205,14148
Rzeszów Osiedle,POLREGIO Spółka Akcyjna,1175,1112,1171,1200,1190,1108,1214,1180,1168,1261,1164,1205,14148
Rzeszów Osiedle ,,1175,1112,1171,1200,1190,1108,1214,1180,1168,1261,1164,1205,14148
Boguchwała Dolna,POLREGIO Spółka Akcyjna,1175,1112,1171,1200,1190,1108,1214,1180,1167,1261,1164,1205,14147
Boguchwała Dolna ,,1175,1112,1171,1200,1190,1108,1214,1180,1167,1261,1164,1205,14147
Zaborów,POLREGIO Spółka Akcyjna,1175,1112,1170,1200,1189,1108,1214,1180,1167,1262,1164,1205,14146
Zaborów ,,1175,1112,1170,1200,1189,1108,1214,1180,1167,1262,1164,1205,14146
Wisłoczanka,POLREGIO Spółka Akcyjna,1175,1112,1170,1200,1189,1108,1214,1180,1167,1262,1164,1205,14146
Wisłoczanka ,,1175,1112,1170,1200,1189,1108,1214,1180,1167,1262,1164,1205,14146
Czudec,POLREGIO Spółka Akcyjna,1175,1112,1170,1200,1189,1108,1214,1180,1167,1262,1164,1205,14146
Czudec ,,1175,1112,1170,1200,1189,1108,1214,1180,1167,1262,1164,1205,14146
Babica Kolonia,POLREGIO Spółka Akcyjna,1175,1112,1170,1200,1189,1108,1214,1180,1167,1262,1164,1205,14146
Babica Kolonia ,,1175,1112,1170,1200,1189,1108,1214,1180,1167,1262,1164,1205,14146
Babica,POLREGIO Spółka Akcyjna,1175,1112,1170,1200,1189,1108,1214,1180,1167,1262,1164,1205,14146
Babica ,,1175,1112,1170,1200,1189,1108,1214,1180,1167,1262,1164,1205,14146
Zaborów Błonia,POLREGIO Spółka Akcyjna,1175,1112,1170,1200,1188,1108,1214,1180,1167,1262,1164,1205,14145
Zaborów Błonia ,,1175,1112,1170,1200,1188,1108,1214,1180,1167,1262,1164,1205,14145
Żarnowa,POLREGIO Spółka Akcyjna,1175,1112,1170,1200,1189,1108,1212,1180,1167,1262,1164,1205,14144
Żarnowa ,,1175,1112,1170,1200,1189,1108,1212,1180,1167,1262,1164,1205,14144
Lubań Śląski,Koleje Dolnośląskie S.A.,1172,1100,1169,1137,1178,1139,1175,1177,1082,1162,1136,1140,13767
Lubań Śląski,POLREGIO Spółka Akcyjna,26,24,34,34,38,30,24,38,32,18,32,32,362
Lubań Śląski ,,1198,1124,1203,1171,1216,1169,1199,1215,1114,1180,1168,1172,14129
Jelenia Góra Zabobrze,Koleje Dolnośląskie S.A.,1109,1068,1144,1104,1083,1110,1135,1123,984,1131,1088,1053,13132
Jelenia Góra Zabobrze,POLREGIO Spółka Akcyjna,84,82,96,76,38,82,84,100,76,80,86,94,978
Jelenia Góra Zabobrze ,,1193,1150,1240,1180,1121,1192,1219,1223,1060,1211,1174,1147,14110
Wałbrzych Szczawienko,Koleje Dolnośląskie S.A.,1091,1039,1109,1098,1182,1112,1151,1147,1073,1124,1060,1163,13349
Wałbrzych Szczawienko,POLREGIO Spółka Akcyjna,60,58,62,60,62,60,62,62,60,62,60,62,730
Wałbrzych Szczawienko ,,1151,1097,1171,1158,1244,1172,1213,1209,1133,1186,1120,1225,14079
Siechnice,CARGO Master Spółka z o.o.,,,4,6,,,,,,,,,10
Siechnice,Koleje Dolnośląskie S.A.,1072,1012,1057,1030,1042,1020,1092,1063,1028,1096,1001,1063,12576
Siechnice,POLREGIO Spółka Akcyjna,131,125,126,126,120,120,137,126,123,138,114,100,1486
Siechnice ,,1203,1137,1187,1162,1162,1140,1229,1189,1151,1234,1115,1163,14072
Czernica Wrocławska,Koleje Dolnośląskie S.A.,1072,1012,1054,1030,1042,1020,1092,1059,1028,1096,1001,1060,12566
Czernica Wrocławska,POLREGIO Spółka Akcyjna,131,125,126,126,120,120,137,126,123,138,114,100,1486
Czernica Wrocławska ,,1203,1137,1180,1156,1162,1140,1229,1185,1151,1234,1115,1160,14052
Zakrzów Kotowice,Koleje Dolnośląskie S.A.,1072,1012,1053,1030,1042,1020,1092,1059,1028,1096,1001,1060,12565
Zakrzów Kotowice,POLREGIO Spółka Akcyjna,131,125,126,126,120,120,137,126,123,138,114,100,1486
Zakrzów Kotowice ,,1203,1137,1179,1156,1162,1140,1229,1185,1151,1234,1115,1160,14051
Mirków,Koleje Dolnośląskie S.A.,318,299,312,306,305,300,323,311,305,324,294,306,3703
Mirków,POLREGIO Spółka Akcyjna,883,833,858,827,840,840,896,878,855,896,840,889,10335
Mirków ,,1201,1132,1170,1133,1145,1140,1219,1189,1160,1220,1134,1195,14038
Chełm Miasto,PKP INTERCITY Spółka Akcyjna ,185,174,186,180,187,187,28,,48,186,180,186,1727
Chełm Miasto,POLREGIO Spółka Akcyjna,1031,997,1031,1011,996,1008,1072,1022,1021,1074,992,1032,12287
Chełm Miasto ,,1216,1171,1217,1191,1183,1195,1100,1022,1069,1260,1172,1218,14014
Łódź Stoki,Łódzka Kolej Aglomeracyjna Sp. z o.o.,1188,1129,1122,1063,1084,1108,1291,1256,1137,1201,1117,1314,14010
Łódź Stoki ,,1188,1129,1122,1063,1084,1108,1291,1256,1137,1201,1117,1314,14010
Łódź Marysin,Łódzka Kolej Aglomeracyjna Sp. z o.o.,1188,1129,1122,1063,1084,1108,1291,1256,1137,1201,1117,1314,14010
Łódź Marysin ,,1188,1129,1122,1063,1084,1108,1291,1256,1137,1201,1117,1314,14010
Czerwonak,CARGO Master Spółka z o.o.,,,,,2,,,,,,,,2
Czerwonak,Koleje Wielkopolskie Sp. z o.o.,1168,1106,1146,1176,1140,1150,1242,1180,1176,1236,1144,1142,14006
Czerwonak,PKP INTERCITY Spółka Akcyjna ,,,,,,,,,,,2,,2
Czerwonak ,,1168,1106,1146,1176,1142,1150,1242,1180,1176,1236,1146,1142,14010
Murowana Goślina,CARGO Master Spółka z o.o.,,,,,2,,,,,,,,2
Murowana Goślina,Koleje Wielkopolskie Sp. z o.o.,1168,1106,1146,1176,1140,1150,1241,1180,1176,1236,1144,1142,14005
Murowana Goślina,PKP INTERCITY Spółka Akcyjna ,,,,,,,,,,,2,,2
Murowana Goślina ,,1168,1106,1146,1176,1142,1150,1241,1180,1176,1236,1146,1142,14009
Łódź Warszawska,Łódzka Kolej Aglomeracyjna Sp. z o.o.,1188,1129,1122,1063,1084,1108,1291,1256,1135,1201,1117,1314,14008
Łódź Warszawska ,,1188,1129,1122,1063,1084,1108,1291,1256,1135,1201,1117,1314,14008
Łódź Arturówek,Łódzka Kolej Aglomeracyjna Sp. z o.o.,1188,1129,1122,1063,1084,1108,1291,1256,1135,1201,1117,1314,14008
Łódź Arturówek ,,1188,1129,1122,1063,1084,1108,1291,1256,1135,1201,1117,1314,14008
Łódź Radogoszcz Wschód,Łódzka Kolej Aglomeracyjna Sp. z o.o.,1188,1129,1122,1063,1084,1108,1291,1256,1135,1201,1117,1314,14008
Łódź Radogoszcz Wschód ,,1188,1129,1122,1063,1084,1108,1291,1256,1135,1201,1117,1314,14008
Bolechowo,Koleje Wielkopolskie Sp. z o.o.,1168,1106,1146,1176,1140,1150,1242,1180,1176,1236,1144,1142,14006
Bolechowo ,,1168,1106,1146,1176,1140,1150,1242,1180,1176,1236,1144,1142,14006
Czerwonak Osiedle,Koleje Wielkopolskie Sp. z o.o.,1165,1106,1145,1176,1140,1150,1242,1180,1176,1236,1144,1142,14002
Czerwonak Osiedle ,,1165,1106,1145,1176,1140,1150,1242,1180,1176,1236,1144,1142,14002
Owińska,Koleje Wielkopolskie Sp. z o.o.,1165,1106,1144,1176,1140,1150,1242,1180,1176,1236,1144,1142,14001
Owińska ,,1165,1106,1144,1176,1140,1150,1242,1180,1176,1236,1144,1142,14001
Złotniki,CARGO Master Spółka z o.o.,,,,,3,,,,,,,,3
Złotniki,Koleje Wielkopolskie Sp. z o.o.,868,826,844,840,820,838,937,887,881,940,838,764,10283
Złotniki,PKP INTERCITY Spółka Akcyjna ,,2,,,,,,,,,6,,8
Złotniki,POLREGIO Spółka Akcyjna,305,290,303,299,310,297,309,310,300,310,300,306,3639
Złotniki,RAILPOLONIA Sp. z o.o. (przewozy pasażerskie),,,,,,,,,,,,2,2
Złotniki ,,1173,1118,1147,1139,1133,1135,1246,1197,1181,1250,1144,1072,13935
Mikołów Jamna,Koleje Śląskie Spółka z o.o.,1177,1101,1165,1180,1212,1162,1168,1154,1125,1175,1138,1174,13931
Mikołów Jamna ,,1177,1101,1165,1180,1212,1162,1168,1154,1125,1175,1138,1174,13931
Oborniki Wielkopolskie,Koleje Wielkopolskie Sp. z o.o.,868,827,842,840,820,838,939,888,884,940,838,764,10288
Oborniki Wielkopolskie,PKP INTERCITY Spółka Akcyjna ,,,,,,,,,,,2,,2
Oborniki Wielkopolskie,POLREGIO Spółka Akcyjna,306,290,303,299,310,297,309,310,300,310,300,306,3640
Oborniki Wielkopolskie ,,1174,1117,1145,1139,1130,1135,1248,1198,1184,1250,1140,1070,13930
Łaziska Górne Brada,Koleje Śląskie Spółka z o.o.,1177,1101,1165,1180,1212,1161,1168,1154,1125,1175,1138,1174,13930
Łaziska Górne Brada ,,1177,1101,1165,1180,1212,1161,1168,1154,1125,1175,1138,1174,13930
Poznań Podolany,CARGO Master Spółka z o.o.,,,,,4,,,,,,,,4
Poznań Podolany,Koleje Wielkopolskie Sp. z o.o.,868,826,844,840,818,838,937,887,881,940,838,764,10281
Poznań Podolany,PKP INTERCITY Spółka Akcyjna ,,,,,,,,,,,2,,2
Poznań Podolany,POLREGIO Spółka Akcyjna,305,290,303,299,310,297,309,310,300,310,300,306,3639
Poznań Podolany,RAILPOLONIA Sp. z o.o. (przewozy pasażerskie),,,,,,,,,,,,1,1
Poznań Podolany ,,1173,1116,1147,1139,1132,1135,1246,1197,1181,1250,1140,1071,13927
Poznań Strzeszyn,CARGO Master Spółka z o.o.,,,,,2,,,,,,,,2
Poznań Strzeszyn,Koleje Wielkopolskie Sp. z o.o.,868,826,844,840,818,838,937,887,881,940,838,764,10281
Poznań Strzeszyn,PKP INTERCITY Spółka Akcyjna ,,1,,,,,,,,,,,1
Poznań Strzeszyn,POLREGIO Spółka Akcyjna,305,290,303,299,310,297,309,310,300,310,300,306,3639
Poznań Strzeszyn ,,1173,1117,1147,1139,1130,1135,1246,1197,1181,1250,1138,1070,13923
Wargowo,Koleje Wielkopolskie Sp. z o.o.,868,826,842,840,818,838,937,888,883,940,838,764,10282
Wargowo,POLREGIO Spółka Akcyjna,306,290,303,299,310,297,309,310,300,310,300,306,3640
Wargowo ,,1174,1116,1145,1139,1128,1135,1246,1198,1183,1250,1138,1070,13922
Bogdanowo,Koleje Wielkopolskie Sp. z o.o.,868,826,842,840,820,838,937,888,881,940,838,764,10282
Bogdanowo,POLREGIO Spółka Akcyjna,306,290,303,299,310,297,309,310,300,310,300,306,3640
Bogdanowo ,,1174,1116,1145,1139,1130,1135,1246,1198,1181,1250,1138,1070,13922
Golęczewo,Koleje Wielkopolskie Sp. z o.o.,868,826,842,840,820,838,937,888,881,940,838,764,10282
Golęczewo,POLREGIO Spółka Akcyjna,305,290,303,299,310,297,309,310,300,310,300,306,3639
Golęczewo ,,1173,1116,1145,1139,1130,1135,1246,1198,1181,1250,1138,1070,13921
Złotniki Grzybowe,Koleje Wielkopolskie Sp. z o.o.,868,826,844,840,818,838,937,887,881,940,838,764,10281
Złotniki Grzybowe,POLREGIO Spółka Akcyjna,305,290,303,299,310,297,309,310,300,310,300,306,3639
Złotniki Grzybowe ,,1173,1116,1147,1139,1128,1135,1246,1197,1181,1250,1138,1070,13920
Złotkowo,Koleje Wielkopolskie Sp. z o.o.,868,826,842,840,818,838,937,888,881,940,838,764,10280
Złotkowo,POLREGIO Spółka Akcyjna,305,290,303,299,310,297,309,310,300,310,300,306,3639
Złotkowo ,,1173,1116,1145,1139,1128,1135,1246,1198,1181,1250,1138,1070,13919
Chludowo,Koleje Wielkopolskie Sp. z o.o.,868,826,842,840,818,838,937,888,881,940,838,764,10280
Chludowo,POLREGIO Spółka Akcyjna,305,290,303,299,310,297,309,310,300,310,300,306,3639
Chludowo ,,1173,1116,1145,1139,1128,1135,1246,1198,1181,1250,1138,1070,13919
Żary,CARGO Master Spółka z o.o.,,,1,,,,,,,,,,1
Żary,Koleje Dolnośląskie S.A.,370,346,372,360,372,360,372,372,310,372,355,372,4333
Żary,PKP INTERCITY Spółka Akcyjna ,62,58,62,60,62,60,61,60,55,61,59,61,721
Żary,POLREGIO Spółka Akcyjna,721,708,747,734,646,726,815,798,777,767,675,747,8861
Żary ,,1153,1112,1182,1154,1080,1146,1248,1230,1142,1200,1089,1180,13916
Borowa Oleśnicka,Koleje Dolnośląskie S.A.,318,299,312,306,305,300,323,311,305,324,294,306,3703
Borowa Oleśnicka,POLREGIO Spółka Akcyjna,871,819,846,816,831,830,881,868,845,881,833,874,10195
Borowa Oleśnicka ,,1189,1118,1158,1122,1136,1130,1204,1179,1150,1205,1127,1180,13898
Brzeźnica,Koleje Małopolskie Sp. z o.o.,1170,1101,1175,1140,1178,1137,1175,1178,1138,1176,1139,1177,13884
Brzeźnica,PKP CARGO S.A. w restrukturyzacji,,,,,,,,,4,,,,4
Brzeźnica ,,1170,1101,1175,1140,1178,1137,1175,1178,1142,1176,1139,1177,13888
Cierpice Kąkol,POLREGIO Spółka Akcyjna,1185,1117,1173,1140,1124,1129,1205,1156,1143,1221,1149,1144,13886
Cierpice Kąkol ,,1185,1117,1173,1140,1124,1129,1205,1156,1143,1221,1149,1144,13886
Zator Park Rozrywki,Koleje Małopolskie Sp. z o.o.,1170,1101,1174,1140,1178,1137,1175,1178,1125,1176,1139,1177,13870
Zator Park Rozrywki,PKP INTERCITY Spółka Akcyjna ,,,,,,,,,,,,14,14
Zator Park Rozrywki ,,1170,1101,1174,1140,1178,1137,1175,1178,1125,1176,1139,1191,13884
Jaśkowice,Koleje Małopolskie Sp. z o.o.,1170,1101,1175,1140,1178,1137,1175,1178,1138,1176,1139,1177,13884
Jaśkowice ,,1170,1101,1175,1140,1178,1137,1175,1178,1138,1176,1139,1177,13884
Zelczyna,Koleje Małopolskie Sp. z o.o.,1170,1101,1175,1140,1178,1137,1175,1178,1138,1175,1139,1177,13883
Zelczyna ,,1170,1101,1175,1140,1178,1137,1175,1178,1138,1175,1139,1177,13883
Wielkie Drogi,Koleje Małopolskie Sp. z o.o.,1170,1101,1175,1140,1178,1137,1175,1178,1138,1175,1139,1177,13883
Wielkie Drogi ,,1170,1101,1175,1140,1178,1137,1175,1178,1138,1175,1139,1177,13883
Skawina Zachodnia,Koleje Małopolskie Sp. z o.o.,1170,1101,1175,1140,1178,1137,1175,1178,1138,1175,1139,1177,13883
Skawina Zachodnia ,,1170,1101,1175,1140,1178,1137,1175,1178,1138,1175,1139,1177,13883
Podbory Skawińskie,Koleje Małopolskie Sp. z o.o.,1170,1101,1175,1140,1178,1137,1175,1178,1138,1175,1139,1177,13883
Podbory Skawińskie ,,1170,1101,1175,1140,1178,1137,1175,1178,1138,1175,1139,1177,13883
Goczałkowice-Zdrój,Koleje Śląskie Spółka z o.o.,1134,1061,1161,1137,1168,1122,1151,1154,1119,1159,1117,1400,13883
Goczałkowice-Zdrój ,,1134,1061,1161,1137,1168,1122,1151,1154,1119,1159,1117,1400,13883
Dwory,Koleje Małopolskie Sp. z o.o.,1169,1102,1175,1140,1178,1137,1176,1178,1130,1176,1140,1177,13878
Dwory ,,1169,1102,1175,1140,1178,1137,1176,1178,1130,1176,1140,1177,13878
Przeciszów,Koleje Małopolskie Sp. z o.o.,1170,1102,1174,1140,1178,1137,1176,1178,1130,1176,1139,1177,13877
Przeciszów ,,1170,1102,1174,1140,1178,1137,1176,1178,1130,1176,1139,1177,13877
Włosienica,Koleje Małopolskie Sp. z o.o.,1169,1102,1174,1140,1178,1137,1176,1178,1130,1176,1139,1177,13876
Włosienica ,,1169,1102,1174,1140,1178,1137,1176,1178,1130,1176,1139,1177,13876
Spytkowice,Koleje Małopolskie Sp. z o.o.,1170,1101,1174,1140,1178,1137,1175,1178,1126,1176,1139,1177,13871
Spytkowice,PKP CARGO S.A. w restrukturyzacji,,,,,,,,,4,,,,4
Spytkowice ,,1170,1101,1174,1140,1178,1137,1175,1178,1130,1176,1139,1177,13875
Czerwionka Dębieńsko,Koleje Śląskie Spółka z o.o.,1177,1101,1178,1140,1176,1137,1171,1174,1136,1176,1132,1174,13872
Czerwionka Dębieńsko ,,1177,1101,1178,1140,1176,1137,1171,1174,1136,1176,1132,1174,13872
Zator,Koleje Małopolskie Sp. z o.o.,1170,1101,1174,1140,1178,1137,1175,1178,1125,1176,1139,1177,13870
Zator ,,1170,1101,1174,1140,1178,1137,1175,1178,1125,1176,1139,1177,13870
Spytkowice Kępki,Koleje Małopolskie Sp. z o.o.,1170,1101,1171,1140,1178,1137,1175,1178,1126,1176,1139,1177,13868
Spytkowice Kępki ,,1170,1101,1171,1140,1178,1137,1175,1178,1126,1176,1139,1177,13868
Ryczów,Koleje Małopolskie Sp. z o.o.,1170,1101,1171,1140,1178,1137,1175,1178,1126,1176,1139,1177,13868
Ryczów ,,1170,1101,1171,1140,1178,1137,1175,1178,1126,1176,1139,1177,13868
Półwieś,Koleje Małopolskie Sp. z o.o.,1170,1101,1171,1140,1178,1137,1175,1178,1126,1176,1139,1177,13868
Półwieś ,,1170,1101,1171,1140,1178,1137,1175,1178,1126,1176,1139,1177,13868
Dzierżoniów Śląski,Koleje Dolnośląskie S.A.,1125,1068,1121,1090,1121,1088,1132,1120,997,1131,1081,1111,13185
Dzierżoniów Śląski,PKP INTERCITY Spółka Akcyjna ,55,58,60,59,62,60,60,60,40,60,58,43,675
Dzierżoniów Śląski ,,1180,1126,1181,1149,1183,1148,1192,1180,1037,1191,1139,1154,13860
Różyny,POLREGIO Spółka Akcyjna,1133,1073,1141,1105,1136,1105,1148,1141,1108,1149,1146,1409,13794
Różyny ,,1133,1073,1141,1105,1136,1105,1148,1141,1108,1149,1146,1409,13794
Skowarcz,POLREGIO Spółka Akcyjna,1133,1073,1141,1105,1136,1105,1148,1141,1108,1149,1146,1409,13794
Skowarcz ,,1133,1073,1141,1105,1136,1105,1148,1141,1108,1149,1146,1409,13794
Przecza,POLREGIO Spółka Akcyjna,1178,1114,1146,1117,1122,1112,1202,1162,1127,1204,1097,1144,13725
Przecza ,,1178,1114,1146,1117,1122,1112,1202,1162,1127,1204,1097,1144,13725
Dąbrowa Niemodlińska,POLREGIO Spółka Akcyjna,1178,1114,1146,1117,1122,1112,1202,1162,1127,1204,1097,1144,13725
Dąbrowa Niemodlińska ,,1178,1114,1146,1117,1122,1112,1202,1162,1127,1204,1097,1144,13725
Chróścina Opolska,POLREGIO Spółka Akcyjna,1178,1114,1146,1117,1122,1112,1202,1162,1127,1204,1097,1144,13725
Chróścina Opolska ,,1178,1114,1146,1117,1122,1112,1202,1162,1127,1204,1097,1144,13725
Łosiów,POLREGIO Spółka Akcyjna,1176,1114,1146,1117,1122,1112,1203,1162,1127,1204,1097,1144,13724
Łosiów ,,1176,1114,1146,1117,1122,1112,1203,1162,1127,1204,1097,1144,13724
Lewin Brzeski,POLREGIO Spółka Akcyjna,1177,1114,1146,1117,1122,1112,1202,1162,1127,1204,1097,1144,13724
Lewin Brzeski ,,1177,1114,1146,1117,1122,1112,1202,1162,1127,1204,1097,1144,13724
Rogoźnica koło Rzeszowa,POLREGIO Spółka Akcyjna,1198,1134,1175,1151,1149,1009,1149,1109,1161,1228,1113,1145,13721
Rogoźnica koło Rzeszowa ,,1198,1134,1175,1151,1149,1009,1149,1109,1161,1228,1113,1145,13721
Głogów Małopolski Niwa,POLREGIO Spółka Akcyjna,1198,1134,1175,1151,1149,1009,1149,1109,1161,1228,1113,1145,13721
Głogów Małopolski Niwa ,,1198,1134,1175,1151,1149,1009,1149,1109,1161,1228,1113,1145,13721
Głogów Małopolski,POLREGIO Spółka Akcyjna,1198,1134,1174,1151,1149,1009,1149,1109,1161,1228,1113,1145,13720
Głogów Małopolski ,,1198,1134,1174,1151,1149,1009,1149,1109,1161,1228,1113,1145,13720
Goleszów,Koleje Śląskie Spółka z o.o.,1116,1044,1114,1086,1180,1116,1144,1163,1044,1076,1050,1144,13277
Goleszów,PKP INTERCITY Spółka Akcyjna ,34,34,40,36,44,40,32,40,36,32,44,30,442
Goleszów ,,1150,1078,1154,1122,1224,1156,1176,1203,1080,1108,1094,1174,13719
Kolbuszowa Górna,POLREGIO Spółka Akcyjna,1196,1134,1173,1149,1149,1009,1149,1099,1161,1228,1113,1145,13705
Kolbuszowa Górna ,,1196,1134,1173,1149,1149,1009,1149,1099,1161,1228,1113,1145,13705
Widełka,POLREGIO Spółka Akcyjna,1195,1134,1173,1149,1149,1009,1149,1099,1161,1228,1113,1145,13704
Widełka ,,1195,1134,1173,1149,1149,1009,1149,1099,1161,1228,1113,1145,13704
Budy Głogowskie,POLREGIO Spółka Akcyjna,1194,1134,1173,1149,1149,1009,1149,1100,1161,1227,1113,1145,13703
Budy Głogowskie ,,1194,1134,1173,1149,1149,1009,1149,1100,1161,1227,1113,1145,13703
Prostyń,CARGO Master Spółka z o.o.,,,,,2,,,,,,,,2
Prostyń,Koleje Mazowieckie - KM Spółka z o.o.,1154,1085,1158,1122,1156,1118,1162,1158,1121,1162,1117,1176,13689
Prostyń ,,1154,1085,1158,1122,1158,1118,1162,1158,1121,1162,1117,1176,13691
Topór,Koleje Mazowieckie - KM Spółka z o.o.,1154,1085,1158,1122,1156,1118,1162,1158,1121,1162,1117,1176,13689
Topór ,,1154,1085,1158,1122,1156,1118,1162,1158,1121,1162,1117,1176,13689
Sadowne Węgrowskie,Koleje Mazowieckie - KM Spółka z o.o.,1154,1085,1158,1122,1156,1118,1162,1158,1121,1162,1117,1176,13689
Sadowne Węgrowskie ,,1154,1085,1158,1122,1156,1118,1162,1158,1121,1162,1117,1176,13689
Ostrówek Węgrowski,Koleje Mazowieckie - KM Spółka z o.o.,1154,1085,1158,1122,1156,1118,1162,1158,1121,1162,1117,1176,13689
Ostrówek Węgrowski ,,1154,1085,1158,1122,1156,1118,1162,1158,1121,1162,1117,1176,13689
Poznań Karolin,Koleje Wielkopolskie Sp. z o.o.,1137,1077,1115,1146,1109,1120,1211,1149,1146,1205,1114,1111,13640
Poznań Karolin ,,1137,1077,1115,1146,1109,1120,1211,1149,1146,1205,1114,1111,13640
Wrocław Osobowice,CARGO Master Spółka z o.o.,,,1,1,2,,,,,,,,4
Wrocław Osobowice,Koleje Dolnośląskie S.A.,534,508,530,520,524,510,544,531,513,548,504,563,6329
Wrocław Osobowice,LEO Express Global a.s.,,,2,,,,,,,,,,2
Wrocław Osobowice,POLREGIO Spółka Akcyjna,624,585,621,601,615,597,622,621,601,626,597,594,7304
Wrocław Osobowice ,,1158,1093,1154,1122,1141,1107,1166,1152,1114,1174,1101,1157,13639
Zgierz Północ,Łódzka Kolej Aglomeracyjna Sp. z o.o.,1052,998,934,1023,1046,946,981,955,1037,1088,1044,1072,12176
Zgierz Północ,POLREGIO Spółka Akcyjna,124,116,124,120,122,117,124,124,119,124,119,124,1457
Zgierz Północ ,,1176,1114,1058,1143,1168,1063,1105,1079,1156,1212,1163,1196,13633
Wrocław Różanka,Koleje Dolnośląskie S.A.,534,508,530,520,524,510,544,531,513,548,503,563,6328
Wrocław Różanka,POLREGIO Spółka Akcyjna,624,585,621,601,615,597,623,621,601,626,597,594,7305
Wrocław Różanka ,,1158,1093,1151,1121,1139,1107,1167,1152,1114,1174,1100,1157,13633
Wrocław Popowice,Koleje Dolnośląskie S.A.,534,508,530,520,524,510,544,531,513,548,503,563,6328
Wrocław Popowice,POLREGIO Spółka Akcyjna,624,585,621,601,615,597,623,621,601,626,597,594,7305
Wrocław Popowice ,,1158,1093,1151,1121,1139,1107,1167,1152,1114,1174,1100,1157,13633
Szewce,Koleje Dolnośląskie S.A.,534,508,530,520,524,510,544,531,513,548,503,563,6328
Szewce,POLREGIO Spółka Akcyjna,624,585,621,601,615,597,622,621,601,626,597,595,7305
Szewce ,,1158,1093,1151,1121,1139,1107,1166,1152,1114,1174,1100,1158,13633
Pęgów,Koleje Dolnośląskie S.A.,534,508,530,520,524,510,544,531,513,548,503,563,6328
Pęgów,POLREGIO Spółka Akcyjna,624,585,621,601,615,597,622,621,601,626,597,595,7305
Pęgów ,,1158,1093,1151,1121,1139,1107,1166,1152,1114,1174,1100,1158,13633
Wrocław Świniary,Koleje Dolnośląskie S.A.,534,508,530,520,524,510,544,531,513,548,503,563,6328
Wrocław Świniary,POLREGIO Spółka Akcyjna,624,585,621,601,615,597,622,621,601,626,597,594,7304
Wrocław Świniary ,,1158,1093,1151,1121,1139,1107,1166,1152,1114,1174,1100,1157,13632
Korzeńsko,Koleje Dolnośląskie S.A.,534,508,530,520,524,510,540,531,513,548,503,563,6324
Korzeńsko,POLREGIO Spółka Akcyjna,624,585,621,600,615,597,623,621,602,626,597,596,7307
Korzeńsko ,,1158,1093,1151,1120,1139,1107,1163,1152,1115,1174,1100,1159,13631
Garbce,Koleje Dolnośląskie S.A.,534,508,530,520,524,510,540,531,513,548,503,563,6324
Garbce,POLREGIO Spółka Akcyjna,624,585,621,600,615,597,623,621,602,626,597,596,7307
Garbce ,,1158,1093,1151,1120,1139,1107,1163,1152,1115,1174,1100,1159,13631
Zielone Wzgórza,Koleje Wielkopolskie Sp. z o.o.,1137,1077,1115,1146,1109,1120,1201,1149,1146,1205,1114,1111,13630
Zielone Wzgórza ,,1137,1077,1115,1146,1109,1120,1201,1149,1146,1205,1114,1111,13630
Skokowa,Koleje Dolnośląskie S.A.,534,508,529,520,524,510,540,531,513,548,503,563,6323
Skokowa,POLREGIO Spółka Akcyjna,624,585,621,601,615,596,623,621,602,626,597,595,7306
Skokowa ,,1158,1093,1150,1121,1139,1106,1163,1152,1115,1174,1100,1158,13629
Osola,Koleje Dolnośląskie S.A.,534,508,529,520,524,510,540,531,513,548,503,563,6323
Osola,POLREGIO Spółka Akcyjna,624,585,621,601,615,596,623,621,602,626,597,595,7306
Osola ,,1158,1093,1150,1121,1139,1106,1163,1152,1115,1174,1100,1158,13629
Wągrowiec,CARGO Master Spółka z o.o.,,,,,3,,,,,,,,3
Wągrowiec,Koleje Wielkopolskie Sp. z o.o.,1168,1106,1146,1134,1100,1108,1189,1138,1134,1190,1106,1102,13621
Wągrowiec,PKP INTERCITY Spółka Akcyjna ,,,,,,,,,,,3,,3
Wągrowiec ,,1168,1106,1146,1134,1103,1108,1189,1138,1134,1190,1109,1102,13627
Sława Wielkopolska,CARGO Master Spółka z o.o.,,,,,2,,,,,,,,2
Sława Wielkopolska,Koleje Wielkopolskie Sp. z o.o.,1168,1106,1146,1134,1100,1108,1189,1138,1134,1190,1108,1102,13623
Sława Wielkopolska ,,1168,1106,1146,1134,1102,1108,1189,1138,1134,1190,1108,1102,13625
Tychy Żwaków,Koleje Śląskie Spółka z o.o.,1134,1061,1160,1137,1168,1121,1150,1154,1119,1157,1117,1145,13623
Tychy Żwaków ,,1134,1061,1160,1137,1168,1121,1150,1154,1119,1157,1117,1145,13623
Przebędowo,Koleje Wielkopolskie Sp. z o.o.,1168,1106,1146,1134,1100,1108,1189,1138,1134,1190,1106,1102,13621
Przebędowo ,,1168,1106,1146,1134,1100,1108,1189,1138,1134,1190,1106,1102,13621
Skoki,Koleje Wielkopolskie Sp. z o.o.,1168,1106,1146,1134,1100,1107,1189,1138,1134,1190,1106,1102,13620
Skoki ,,1168,1106,1146,1134,1100,1107,1189,1138,1134,1190,1106,1102,13620
Pietrzykowice Żywieckie,Koleje Śląskie Spółka z o.o.,1262,1188,1257,1223,1240,1232,1281,1264,1245,1297,436,671,13596
Pietrzykowice Żywieckie ,,1262,1188,1257,1223,1240,1232,1281,1264,1245,1297,436,671,13596
Strzałkowo,Koleje Wielkopolskie Sp. z o.o.,1156,1088,1142,1119,1117,1104,1168,1136,1120,1168,1102,1175,13595
Strzałkowo ,,1156,1088,1142,1119,1117,1104,1168,1136,1120,1168,1102,1175,13595
Luzino,PKP Szybka Kolej Miejska w Trójmieście sp. z o.o.,445,429,447,436,419,429,463,441,436,463,424,422,5254
Luzino,POLREGIO Spółka Akcyjna,683,648,690,676,692,683,766,754,678,704,666,696,8336
Luzino ,,1128,1077,1137,1112,1111,1112,1229,1195,1114,1167,1090,1118,13590
Gościcino Wejherowskie,PKP Szybka Kolej Miejska w Trójmieście sp. z o.o.,445,429,447,436,418,429,462,441,436,463,424,422,5252
Gościcino Wejherowskie,POLREGIO Spółka Akcyjna,683,648,690,676,692,681,766,754,678,704,666,696,8334
Gościcino Wejherowskie ,,1128,1077,1137,1112,1110,1110,1228,1195,1114,1167,1090,1118,13586
Oleśnica Rataje,Koleje Dolnośląskie S.A.,440,415,432,428,450,438,462,456,438,448,409,473,5289
Oleśnica Rataje,PKP INTERCITY Spółka Akcyjna ,363,335,363,353,365,350,364,365,345,365,345,438,4351
Oleśnica Rataje,POLREGIO Spółka Akcyjna,334,312,326,324,327,320,340,331,321,339,315,328,3917
Oleśnica Rataje ,,1137,1062,1121,1105,1142,1108,1166,1152,1104,1152,1069,1239,13557
Szczedrzykowice,Koleje Dolnośląskie S.A.,1149,1078,1148,1112,1144,1109,1152,1147,1113,1153,1107,1135,13547
Szczedrzykowice ,,1149,1078,1148,1112,1144,1109,1152,1147,1113,1153,1107,1135,13547
Jaśkowice Legnickie,Koleje Dolnośląskie S.A.,1149,1078,1148,1112,1144,1109,1152,1147,1113,1153,1107,1135,13547
Jaśkowice Legnickie ,,1149,1078,1148,1112,1144,1109,1152,1147,1113,1153,1107,1135,13547
Konin Zachód,Koleje Wielkopolskie Sp. z o.o.,1156,1088,1142,1120,1118,1104,1168,1136,1120,1168,1102,1124,13546
Konin Zachód ,,1156,1088,1142,1120,1118,1104,1168,1136,1120,1168,1102,1124,13546
Przedmoście Święte,Koleje Dolnośląskie S.A.,1149,1078,1148,1112,1144,1109,1150,1147,1113,1153,1107,1135,13545
Przedmoście Święte ,,1149,1078,1148,1112,1144,1109,1150,1147,1113,1153,1107,1135,13545
Mrozów,Koleje Dolnośląskie S.A.,1148,1078,1148,1112,1144,1109,1150,1147,1113,1153,1107,1135,13544
Mrozów ,,1148,1078,1148,1112,1144,1109,1150,1147,1113,1153,1107,1135,13544
Zgierz Jaracza,Łódzka Kolej Aglomeracyjna Sp. z o.o.,1052,993,934,1023,1046,931,958,934,1037,1088,1030,1062,12088
Zgierz Jaracza,POLREGIO Spółka Akcyjna,124,114,124,120,122,117,124,124,119,124,119,124,1455
Zgierz Jaracza ,,1176,1107,1058,1143,1168,1048,1082,1058,1156,1212,1149,1186,13543
Wrocław Żerniki,Koleje Dolnośląskie S.A.,1148,1078,1148,1112,1144,1109,1151,1147,1112,1153,1106,1135,13543
Wrocław Żerniki ,,1148,1078,1148,1112,1144,1109,1151,1147,1112,1153,1106,1135,13543
Kalety,Koleje Śląskie Spółka z o.o.,755,726,766,746,738,731,778,757,834,870,794,864,9359
Kalety,POLREGIO Spółka Akcyjna,359,322,327,348,336,343,370,334,351,368,342,348,4148
Kalety ,,1114,1048,1093,1094,1074,1074,1148,1091,1185,1238,1136,1212,13507
Miasteczko Śląskie,Koleje Śląskie Spółka z o.o.,755,726,766,746,738,732,778,756,834,870,794,864,9359
Miasteczko Śląskie,POLREGIO Spółka Akcyjna,359,322,326,348,336,343,370,334,351,368,342,348,4147
Miasteczko Śląskie ,,1114,1048,1092,1094,1074,1075,1148,1090,1185,1238,1136,1212,13506
Bolesławiec,Koleje Dolnośląskie S.A.,1076,1007,1076,1049,1090,1054,1084,1084,1043,1096,1056,1124,12839
Bolesławiec,PKP INTERCITY Spółka Akcyjna ,53,50,51,51,54,50,53,53,51,54,51,57,628
Bolesławiec,POLREGIO Spółka Akcyjna,,,,,,,,2,,,,,2
Bolesławiec ,,1129,1057,1127,1100,1144,1104,1137,1139,1094,1150,1107,1181,13469
Czersk,Arriva RP Sp. z o.o.,354,332,382,382,388,394,417,414,272,334,398,412,4479
Czersk,CARGO Master Spółka z o.o.,,,,1,,,,,,,,,1
Czersk,PKP INTERCITY Spółka Akcyjna ,62,58,62,59,62,60,62,62,60,62,60,62,731
Czersk,POLREGIO Spółka Akcyjna,667,637,683,659,682,657,682,683,658,691,758,784,8241
Czersk ,,1083,1027,1127,1101,1132,1111,1161,1159,990,1087,1216,1258,13452
Głowno,Łódzka Kolej Aglomeracyjna Sp. z o.o.,1095,1032,1108,1090,1108,1079,1144,1120,1152,1206,1107,1172,13413
Głowno ,,1095,1032,1108,1090,1108,1079,1144,1120,1152,1206,1107,1172,13413
Stryków,Łódzka Kolej Aglomeracyjna Sp. z o.o.,1095,1032,1108,1090,1107,1079,1144,1120,1152,1206,1107,1172,13412
Stryków ,,1095,1032,1108,1090,1107,1079,1144,1120,1152,1206,1107,1172,13412
Małowice Wołowskie,Koleje Dolnośląskie S.A.,1085,1032,953,873,889,863,914,897,872,912,857,1023,11170
Małowice Wołowskie,POLREGIO Spółka Akcyjna,,,176,240,248,239,246,248,235,247,240,112,2231
Małowice Wołowskie ,,1085,1032,1129,1113,1137,1102,1160,1145,1107,1159,1097,1135,13401
Orzeszków,Koleje Dolnośląskie S.A.,1085,1032,953,873,889,863,914,897,872,910,857,1023,11168
Orzeszków,POLREGIO Spółka Akcyjna,,,176,240,248,239,246,248,235,246,240,112,2230
Orzeszków ,,1085,1032,1129,1113,1137,1102,1160,1145,1107,1156,1097,1135,13398
Bardo Śląskie,Koleje Dolnośląskie S.A.,1118,1046,1124,1086,1127,1080,1105,1085,102,231,836,1100,11040
Bardo Śląskie,PKP INTERCITY Spółka Akcyjna ,197,188,206,198,208,198,200,201,26,56,158,92,1928
Bardo Śląskie,POLREGIO Spółka Akcyjna,34,32,40,36,40,40,32,40,20,32,42,38,426
Bardo Śląskie ,,1349,1266,1370,1320,1375,1318,1337,1326,148,319,1036,1230,13394
Świdnica Zawiszów,Koleje Dolnośląskie S.A.,1136,1077,1144,1108,1135,1098,1144,1127,1003,1151,1098,1161,13382
Świdnica Zawiszów ,,1136,1077,1144,1108,1135,1098,1144,1127,1003,1151,1098,1161,13382
Stalowa Wola Rozwadów,PKP INTERCITY Spółka Akcyjna ,307,285,308,298,307,298,310,323,304,310,299,307,3656
Stalowa Wola Rozwadów,POLREGIO Spółka Akcyjna,863,792,834,831,845,766,708,715,837,872,821,840,9724
Stalowa Wola Rozwadów ,,1170,1077,1142,1129,1152,1064,1018,1038,1141,1182,1120,1147,13380
Gorzkowice,Łódzka Kolej Aglomeracyjna Sp. z o.o.,530,500,520,510,508,500,540,520,510,540,490,556,6224
Gorzkowice,PKP INTERCITY Spółka Akcyjna ,62,58,62,60,62,60,62,62,60,62,60,28,698
Gorzkowice,POLREGIO Spółka Akcyjna,544,514,542,527,550,530,547,547,526,545,529,549,6450
Gorzkowice ,,1136,1072,1124,1097,1120,1090,1149,1129,1096,1147,1079,1133,13372
Szepietowo,PKP INTERCITY Spółka Akcyjna ,567,532,565,554,569,549,567,570,539,558,541,592,6703
Szepietowo,POLREGIO Spółka Akcyjna,562,529,557,549,568,540,572,559,545,572,543,557,6653
Szepietowo ,,1129,1061,1122,1103,1137,1089,1139,1129,1084,1130,1084,1149,13356
Boreczek,Koleje Dolnośląskie S.A.,1085,1025,1079,1052,1066,1040,1101,1078,1055,1113,1028,1083,12805
Boreczek,POLREGIO Spółka Akcyjna,44,42,42,42,40,40,46,42,40,46,38,20,482
Boreczek ,,1129,1067,1121,1094,1106,1080,1147,1120,1095,1159,1066,1103,13287
Żórawina,Koleje Dolnośląskie S.A.,1085,1025,1079,1053,1066,1040,1101,1078,1055,1113,1028,1081,12804
Żórawina,POLREGIO Spółka Akcyjna,44,42,42,42,40,40,46,42,40,46,38,20,482
Żórawina ,,1129,1067,1121,1095,1106,1080,1147,1120,1095,1159,1066,1101,13286
Libiąż,Koleje Małopolskie Sp. z o.o.,804,753,806,780,806,781,806,805,780,806,780,824,9531
Libiąż,POLREGIO Spółka Akcyjna,309,290,303,295,310,301,310,310,300,310,300,411,3749
Libiąż ,,1113,1043,1109,1075,1116,1082,1116,1115,1080,1116,1080,1235,13280
Chełmek,Koleje Małopolskie Sp. z o.o.,804,753,806,780,806,781,806,805,780,806,780,824,9531
Chełmek,POLREGIO Spółka Akcyjna,309,290,303,295,310,299,310,310,300,310,300,412,3748
Chełmek ,,1113,1043,1109,1075,1116,1080,1116,1115,1080,1116,1080,1236,13279
Gorzów Chrzanowski,Koleje Małopolskie Sp. z o.o.,804,753,806,780,806,780,806,805,780,806,780,824,9530
Gorzów Chrzanowski,POLREGIO Spółka Akcyjna,309,290,303,295,310,299,310,310,300,310,300,412,3748
Gorzów Chrzanowski ,,1113,1043,1109,1075,1116,1079,1116,1115,1080,1116,1080,1236,13278
Chrzanów,Koleje Małopolskie Sp. z o.o.,804,753,806,780,806,780,806,805,780,806,780,824,9530
Chrzanów,POLREGIO Spółka Akcyjna,309,290,303,295,310,299,310,310,300,310,299,411,3746
Chrzanów ,,1113,1043,1109,1075,1116,1079,1116,1115,1080,1116,1079,1235,13276
Mietków,Koleje Dolnośląskie S.A.,1046,996,1056,1040,1076,1014,1066,1045,1014,1074,1006,1088,12521
Mietków,POLREGIO Spółka Akcyjna,62,58,62,60,62,59,62,62,60,62,60,52,721
Mietków ,,1108,1054,1118,1100,1138,1073,1128,1107,1074,1136,1066,1140,13242
Glinnik,Łódzka Kolej Aglomeracyjna Sp. z o.o.,1033,974,1068,1060,1076,1071,1144,1120,1152,1206,1106,1172,13182
Glinnik ,,1033,974,1068,1060,1076,1071,1144,1120,1152,1206,1106,1172,13182
Spławie,Koleje Wielkopolskie Sp. z o.o.,1125,1059,1111,1089,1087,1074,1137,1105,1090,1137,1072,1093,13179
Spławie ,,1125,1059,1111,1089,1087,1074,1137,1105,1090,1137,1072,1093,13179
Kawnice,Koleje Wielkopolskie Sp. z o.o.,1125,1059,1111,1089,1087,1074,1137,1105,1090,1137,1072,1093,13179
Kawnice ,,1125,1059,1111,1089,1087,1074,1137,1105,1090,1137,1072,1093,13179
Cienin Kościelny,Koleje Wielkopolskie Sp. z o.o.,1125,1059,1111,1089,1087,1074,1137,1105,1090,1137,1072,1093,13179
Cienin Kościelny ,,1125,1059,1111,1089,1087,1074,1137,1105,1090,1137,1072,1093,13179
Wólka,Koleje Wielkopolskie Sp. z o.o.,1125,1059,1111,1089,1086,1074,1137,1105,1090,1137,1072,1093,13178
Wólka ,,1125,1059,1111,1089,1086,1074,1137,1105,1090,1137,1072,1093,13178
Otoczna,Koleje Wielkopolskie Sp. z o.o.,1125,1059,1111,1089,1086,1074,1137,1105,1090,1137,1072,1093,13178
Otoczna ,,1125,1059,1111,1089,1086,1074,1137,1105,1090,1137,1072,1093,13178
Gutowo Wielkopolskie,Koleje Wielkopolskie Sp. z o.o.,1125,1059,1111,1089,1086,1074,1137,1105,1090,1137,1072,1093,13178
Gutowo Wielkopolskie ,,1125,1059,1111,1089,1086,1074,1137,1105,1090,1137,1072,1093,13178
Cienin,Koleje Wielkopolskie Sp. z o.o.,1125,1059,1111,1089,1086,1074,1137,1105,1090,1137,1072,1093,13178
Cienin ,,1125,1059,1111,1089,1086,1074,1137,1105,1090,1137,1072,1093,13178
Drawski Młyn,Koleje Wielkopolskie Sp. z o.o.,558,522,558,540,558,539,558,557,540,558,539,592,6619
Drawski Młyn,POLREGIO Spółka Akcyjna,547,512,545,536,561,541,566,570,531,550,528,565,6552
Drawski Młyn ,,1105,1034,1103,1076,1119,1080,1124,1127,1071,1108,1067,1157,13171
Gliwice Łabędy,POLREGIO Spółka Akcyjna,1139,1074,1109,1089,1099,1070,1101,1079,1098,1154,1060,1098,13170
Gliwice Łabędy ,,1139,1074,1109,1089,1099,1070,1101,1079,1098,1154,1060,1098,13170
Jaworzno Ciężkowice,Koleje Śląskie Spółka z o.o.,246,232,246,240,248,240,248,248,240,248,240,247,2923
Jaworzno Ciężkowice,POLREGIO Spółka Akcyjna,866,812,854,826,868,840,868,867,840,868,840,868,10217
Jaworzno Ciężkowice ,,1112,1044,1100,1066,1116,1080,1116,1115,1080,1116,1080,1115,13140
Sieradz Męka,Łódzka Kolej Aglomeracyjna Sp. z o.o.,826,779,757,795,796,783,847,642,435,454,460,423,7997
Sieradz Męka,PKP INTERCITY Spółka Akcyjna ,,,,,,,1,,,,,,1
Sieradz Męka,POLREGIO Spółka Akcyjna,431,406,434,420,433,419,431,430,419,433,420,434,5110
Sieradz Męka ,,1257,1185,1191,1215,1229,1202,1279,1072,854,887,880,857,13108
Sieradz Warta,Łódzka Kolej Aglomeracyjna Sp. z o.o.,826,779,757,795,796,783,847,642,435,454,460,423,7997
Sieradz Warta,POLREGIO Spółka Akcyjna,431,406,434,420,433,419,431,430,419,433,420,434,5110
Sieradz Warta ,,1257,1185,1191,1215,1229,1202,1278,1072,854,887,880,857,13107
Męcka Wola,Łódzka Kolej Aglomeracyjna Sp. z o.o.,826,779,757,795,796,783,847,642,435,454,460,423,7997
Męcka Wola,POLREGIO Spółka Akcyjna,431,406,434,420,433,419,431,430,419,433,420,434,5110
Męcka Wola ,,1257,1185,1191,1215,1229,1202,1278,1072,854,887,880,857,13107
Nowy Sącz,Koleje Małopolskie Sp. z o.o.,71,66,71,70,70,76,94,95,61,71,68,68,881
Nowy Sącz,PKP CARGO S.A. w restrukturyzacji,,,,,,,,,4,,2,,6
Nowy Sącz,PKP INTERCITY Spółka Akcyjna ,141,131,144,138,146,140,137,143,137,140,142,156,1695
Nowy Sącz,POLREGIO Spółka Akcyjna,879,855,882,875,849,860,926,879,872,923,837,875,10512
Nowy Sącz ,,1091,1052,1097,1083,1065,1076,1157,1117,1074,1134,1049,1099,13094
Strzebielino Morskie,PKP Szybka Kolej Miejska w Trójmieście sp. z o.o.,445,429,447,435,419,429,463,441,436,463,424,421,5252
Strzebielino Morskie,POLREGIO Spółka Akcyjna,641,606,648,634,652,643,720,712,636,658,628,656,7834
Strzebielino Morskie ,,1086,1035,1095,1069,1071,1072,1183,1153,1072,1121,1052,1077,13086
Bożepole Wielkie,PKP Szybka Kolej Miejska w Trójmieście sp. z o.o.,445,429,447,435,419,429,463,441,436,463,424,421,5252
Bożepole Wielkie,POLREGIO Spółka Akcyjna,641,606,648,634,652,643,720,712,636,658,628,656,7834
Bożepole Wielkie ,,1086,1035,1095,1069,1071,1072,1183,1153,1072,1121,1052,1077,13086
Sierpc,Arriva RP Sp. z o.o.,329,307,322,315,320,308,331,320,316,332,310,318,3828
Sierpc,CARGO Master Spółka z o.o.,1,,,,2,,,,,,,,3
Sierpc,Koleje Mazowieckie - KM Spółka z o.o.,788,454,512,936,959,905,906,921,947,623,,584,8535
Sierpc,PKP INTERCITY Spółka Akcyjna ,62,56,60,55,61,60,62,58,59,62,58,62,715
Sierpc ,,1180,817,894,1306,1342,1273,1299,1299,1322,1017,368,964,13081
Godętowo,PKP Szybka Kolej Miejska w Trójmieście sp. z o.o.,445,429,446,435,419,429,463,441,436,463,424,421,5251
Godętowo,POLREGIO Spółka Akcyjna,641,606,646,631,652,643,720,712,636,658,628,656,7829
Godętowo ,,1086,1035,1092,1066,1071,1072,1183,1153,1072,1121,1052,1077,13080
Lębork Mosty,PKP Szybka Kolej Miejska w Trójmieście sp. z o.o.,445,429,446,435,418,429,462,441,436,463,424,421,5249
Lębork Mosty,POLREGIO Spółka Akcyjna,641,606,644,631,652,643,718,712,636,658,628,656,7825
Lębork Mosty ,,1086,1035,1090,1066,1070,1072,1180,1153,1072,1121,1052,1077,13074
Chełmża,Arriva RP Sp. z o.o.,1046,998,1075,1079,1077,1040,1170,1141,1016,1177,1110,1129,13058
Chełmża,CARGO Master Spółka z o.o.,,2,2,4,,,,,,,,,8
Chełmża ,,1046,1000,1077,1083,1077,1040,1170,1141,1016,1177,1110,1129,13066
Zwardoń,Koleje Śląskie Spółka z o.o.,1382,1300,1379,1332,1371,1324,1376,719,598,620,582,1074,13057
Zwardoń,PKP INTERCITY Spółka Akcyjna ,,2,,,,,,,,4,,,6
Zwardoń ,,1382,1302,1379,1332,1371,1324,1376,719,598,624,582,1074,13063
Strzelce Opolskie,PKP INTERCITY Spółka Akcyjna ,495,461,496,479,496,510,586,587,421,434,420,466,5851
Strzelce Opolskie,POLREGIO Spółka Akcyjna,615,600,611,605,604,580,556,539,611,648,587,618,7174
Strzelce Opolskie ,,1110,1061,1107,1084,1100,1090,1142,1126,1032,1082,1007,1084,13025
Gryfów Śląski,Koleje Dolnośląskie S.A.,1075,1013,1080,1043,1080,1046,1075,1072,960,1067,1030,1043,12584
Gryfów Śląski,POLREGIO Spółka Akcyjna,26,24,34,34,38,30,24,38,32,18,32,32,362
Gryfów Śląski ,,1101,1037,1114,1077,1118,1076,1099,1110,992,1085,1062,1075,12946
Żakowice Południowe,Łódzka Kolej Aglomeracyjna Sp. z o.o.,668,627,788,829,854,801,804,816,741,814,775,830,9347
Żakowice Południowe,POLREGIO Spółka Akcyjna,219,208,254,244,275,324,363,361,347,370,309,293,3567
Żakowice Południowe ,,887,835,1042,1073,1129,1125,1167,1177,1088,1184,1084,1123,12914
Żagań,CARGO Master Spółka z o.o.,,,4,,,,,,,,,,4
Żagań,Koleje Dolnośląskie S.A.,370,348,372,360,372,360,372,372,310,372,355,372,4335
Żagań,PKP INTERCITY Spółka Akcyjna ,62,58,62,60,62,60,61,60,51,61,59,60,716
Żagań,POLREGIO Spółka Akcyjna,574,585,604,595,499,594,684,654,660,737,861,798,7845
Żagań ,,1006,991,1042,1015,933,1014,1117,1086,1021,1170,1275,1230,12900
Bratoszewice,Łódzka Kolej Aglomeracyjna Sp. z o.o.,1064,1003,1077,1060,1076,1027,1082,1058,1092,1144,1047,1144,12874
Bratoszewice ,,1064,1003,1077,1060,1076,1027,1082,1058,1092,1144,1047,1144,12874
Łopuchowo,Koleje Wielkopolskie Sp. z o.o.,1075,1019,1075,1074,1038,1048,1127,1076,1074,1128,1046,1040,12820
Łopuchowo ,,1075,1019,1075,1074,1038,1048,1127,1076,1074,1128,1046,1040,12820
Zgierz Rudunki,Łódzka Kolej Aglomeracyjna Sp. z o.o.,1033,974,1046,1030,1045,1019,1082,1058,1092,1144,1046,1144,12713
Zgierz Rudunki ,,1033,974,1046,1030,1045,1019,1082,1058,1092,1144,1046,1144,12713
Smardzew,Łódzka Kolej Aglomeracyjna Sp. z o.o.,1033,974,1046,1030,1045,1019,1082,1058,1092,1144,1046,1144,12713
Smardzew ,,1033,974,1046,1030,1045,1019,1082,1058,1092,1144,1046,1144,12713
Glinnik Wieś,Łódzka Kolej Aglomeracyjna Sp. z o.o.,1033,974,1046,1030,1045,1019,1082,1058,1092,1144,1046,1144,12713
Glinnik Wieś ,,1033,974,1046,1030,1045,1019,1082,1058,1092,1144,1046,1144,12713
Swędów,Łódzka Kolej Aglomeracyjna Sp. z o.o.,1033,974,1046,1030,1045,1019,1082,1058,1092,1144,1044,1144,12711
Swędów ,,1033,974,1046,1030,1045,1019,1082,1058,1092,1144,1044,1144,12711
Gomunice,Łódzka Kolej Aglomeracyjna Sp. z o.o.,530,500,520,510,508,500,540,520,510,540,490,556,6224
Gomunice,POLREGIO Spółka Akcyjna,546,513,542,527,550,530,547,547,527,545,529,551,6454
Gomunice ,,1076,1013,1062,1037,1058,1030,1087,1067,1037,1085,1019,1107,12678
Dobryszyce koło Radomska,Łódzka Kolej Aglomeracyjna Sp. z o.o.,530,500,520,510,508,500,540,520,510,540,490,556,6224
Dobryszyce koło Radomska,POLREGIO Spółka Akcyjna,546,513,542,527,550,530,547,547,527,545,529,551,6454
Dobryszyce koło Radomska ,,1076,1013,1062,1037,1058,1030,1087,1067,1037,1085,1019,1107,12678
Rozprza,Łódzka Kolej Aglomeracyjna Sp. z o.o.,530,500,520,510,508,500,540,520,510,540,490,556,6224
Rozprza,POLREGIO Spółka Akcyjna,544,514,542,527,550,530,547,547,526,545,529,551,6452
Rozprza ,,1074,1014,1062,1037,1058,1030,1087,1067,1036,1085,1019,1107,12676
Milejów,Łódzka Kolej Aglomeracyjna Sp. z o.o.,530,500,520,510,508,500,540,520,510,540,490,556,6224
Milejów,POLREGIO Spółka Akcyjna,544,514,542,527,550,530,547,547,526,545,529,551,6452
Milejów ,,1074,1014,1062,1037,1058,1030,1087,1067,1036,1085,1019,1107,12676
Wilkoszewice,Łódzka Kolej Aglomeracyjna Sp. z o.o.,530,500,520,510,508,500,540,520,510,540,490,556,6224
Wilkoszewice,POLREGIO Spółka Akcyjna,544,514,542,527,550,530,547,547,526,545,529,549,6450
Wilkoszewice ,,1074,1014,1062,1037,1058,1030,1087,1067,1036,1085,1019,1105,12674
Luciążanka,Łódzka Kolej Aglomeracyjna Sp. z o.o.,530,500,520,510,508,500,540,520,510,540,490,556,6224
Luciążanka,POLREGIO Spółka Akcyjna,544,514,542,527,550,530,547,547,526,545,529,549,6450
Luciążanka ,,1074,1014,1062,1037,1058,1030,1087,1067,1036,1085,1019,1105,12674
Gorzędów,Łódzka Kolej Aglomeracyjna Sp. z o.o.,530,500,520,510,508,500,540,520,510,540,490,556,6224
Gorzędów,POLREGIO Spółka Akcyjna,544,514,542,527,550,530,547,547,526,545,529,549,6450
Gorzędów ,,1074,1014,1062,1037,1058,1030,1087,1067,1036,1085,1019,1105,12674
Kamieńsk,Łódzka Kolej Aglomeracyjna Sp. z o.o.,530,500,520,510,508,500,540,520,510,540,490,556,6224
Kamieńsk,POLREGIO Spółka Akcyjna,544,513,542,527,550,530,547,547,526,545,529,549,6449
Kamieńsk ,,1074,1013,1062,1037,1058,1030,1087,1067,1036,1085,1019,1105,12673
Szklarska Poręba Górna,Koleje Dolnośląskie S.A.,1030,990,962,814,904,1036,1054,1070,954,832,636,882,11164
Szklarska Poręba Górna,PKP INTERCITY Spółka Akcyjna ,136,132,59,14,,53,140,144,17,16,20,89,820
Szklarska Poręba Górna,POLREGIO Spółka Akcyjna,54,58,62,42,,52,60,62,52,62,52,62,618
Szklarska Poręba Górna ,,1220,1180,1083,870,904,1141,1254,1276,1023,910,708,1033,12602
Zielona Góra Stary Kisielin,Koleje Dolnośląskie S.A.,,,246,339,347,336,344,351,327,351,338,565,3544
Zielona Góra Stary Kisielin,POLREGIO Spółka Akcyjna,954,894,810,734,741,715,756,754,721,748,709,516,9052
Zielona Góra Stary Kisielin ,,954,894,1056,1073,1088,1051,1100,1105,1048,1099,1047,1081,12596
Zielona Góra Nowy Kisielin,Koleje Dolnośląskie S.A.,,,246,339,347,336,344,351,327,351,338,565,3544
Zielona Góra Nowy Kisielin,POLREGIO Spółka Akcyjna,954,894,810,734,741,715,756,754,721,748,709,516,9052
Zielona Góra Nowy Kisielin ,,954,894,1056,1073,1088,1051,1100,1105,1048,1099,1047,1081,12596
Niedoradz,Koleje Dolnośląskie S.A.,,,246,339,347,336,344,351,327,351,338,565,3544
Niedoradz,POLREGIO Spółka Akcyjna,954,894,810,734,741,715,756,754,721,748,709,516,9052
Niedoradz ,,954,894,1056,1073,1088,1051,1100,1105,1048,1099,1047,1081,12596
Świdnik Wschód,POLREGIO Spółka Akcyjna,1049,1013,1054,1035,1030,1028,1088,1055,1038,1090,1017,1085,12582
Świdnik Wschód ,,1049,1013,1054,1035,1030,1028,1088,1055,1038,1090,1017,1085,12582
Kanie,POLREGIO Spółka Akcyjna,1049,1013,1055,1035,1030,1028,1082,1055,1038,1090,1017,1085,12577
Kanie ,,1049,1013,1055,1035,1030,1028,1082,1055,1038,1090,1017,1085,12577
Roszkowo Wągrowieckie,Koleje Wielkopolskie Sp. z o.o.,1075,1019,1053,1044,1007,1017,1096,1045,1044,1097,1016,1026,12539
Roszkowo Wągrowieckie ,,1075,1019,1053,1044,1007,1017,1096,1045,1044,1097,1016,1026,12539
Przysieczyn,Koleje Wielkopolskie Sp. z o.o.,1075,1019,1053,1044,1007,1017,1096,1045,1044,1097,1016,1026,12539
Przysieczyn ,,1075,1019,1053,1044,1007,1017,1096,1045,1044,1097,1016,1026,12539
Wałbrzych Centrum,Koleje Dolnośląskie S.A.,1001,940,1013,987,1054,982,1000,1010,923,968,916,1011,11805
Wałbrzych Centrum,POLREGIO Spółka Akcyjna,60,58,62,60,62,60,62,62,60,62,60,62,730
Wałbrzych Centrum ,,1061,998,1075,1047,1116,1042,1062,1072,983,1030,976,1073,12535
Łopuchowo Osiedle,Koleje Wielkopolskie Sp. z o.o.,1075,1019,1053,1044,1007,1018,1096,1045,1044,1097,1016,1009,12523
Łopuchowo Osiedle ,,1075,1019,1053,1044,1007,1018,1096,1045,1044,1097,1016,1009,12523
Płyćwia,Łódzka Kolej Aglomeracyjna Sp. z o.o.,1003,944,1031,1034,1055,1028,1097,1069,1044,1097,1016,1099,12517
Płyćwia ,,1003,944,1031,1034,1055,1028,1097,1069,1044,1097,1016,1099,12517
Sitkówka Nowiny,POLREGIO Spółka Akcyjna,1042,988,1053,1026,1049,1020,1067,1057,1023,1066,1013,1082,12486
Sitkówka Nowiny ,,1042,988,1053,1026,1049,1020,1067,1057,1023,1066,1013,1082,12486
Kielce Białogon,POLREGIO Spółka Akcyjna,1042,988,1053,1026,1049,1020,1064,1057,1023,1066,1013,1082,12483
Kielce Białogon ,,1042,988,1053,1026,1049,1020,1064,1057,1023,1066,1013,1082,12483
Kielce Słowik,POLREGIO Spółka Akcyjna,1042,988,1053,1026,1049,1020,1064,1057,1023,1066,1013,1082,12483
Kielce Słowik ,,1042,988,1053,1026,1049,1020,1064,1057,1023,1066,1013,1082,12483
Chociwel,PKP INTERCITY Spółka Akcyjna ,368,347,370,358,372,358,372,372,360,372,360,366,4375
Chociwel,POLREGIO Spółka Akcyjna,692,652,679,669,665,659,684,684,672,701,655,696,8108
Chociwel ,,1060,999,1049,1027,1037,1017,1056,1056,1032,1073,1015,1062,12483
Gdańsk Lipce,POLREGIO Spółka Akcyjna,1008,958,1017,987,1012,985,1024,1017,988,1026,1025,1353,12400
Gdańsk Lipce ,,1008,958,1017,987,1012,985,1024,1017,988,1026,1025,1353,12400
Raszowa,POLREGIO Spółka Akcyjna,1059,999,1039,1019,1020,999,1079,1040,1018,1080,979,1061,12392
Raszowa ,,1059,999,1039,1019,1020,999,1079,1040,1018,1080,979,1061,12392
Miały,Koleje Wielkopolskie Sp. z o.o.,496,464,496,480,496,479,496,495,480,496,479,564,5921
Miały,POLREGIO Spółka Akcyjna,547,512,545,532,547,529,550,548,531,550,528,549,6468
Miały ,,1043,976,1041,1012,1043,1008,1046,1043,1011,1046,1007,1113,12389
Przywory Opolskie,POLREGIO Spółka Akcyjna,1058,997,1038,1019,1020,999,1079,1040,1018,1080,979,1061,12388
Przywory Opolskie ,,1058,997,1038,1019,1020,999,1079,1040,1018,1080,979,1061,12388
Górażdże,POLREGIO Spółka Akcyjna,1058,997,1038,1019,1020,999,1079,1040,1018,1080,979,1061,12388
Górażdże ,,1058,997,1038,1019,1020,999,1079,1040,1018,1080,979,1061,12388
Mokrz,Koleje Wielkopolskie Sp. z o.o.,496,464,496,478,496,479,496,495,480,496,479,564,5919
Mokrz,POLREGIO Spółka Akcyjna,547,512,545,532,547,529,550,548,531,550,528,549,6468
Mokrz ,,1043,976,1041,1010,1043,1008,1046,1043,1011,1046,1007,1113,12387
Jasiona,POLREGIO Spółka Akcyjna,1058,995,1038,1019,1020,999,1080,1040,1018,1080,979,1061,12387
Jasiona ,,1058,995,1038,1019,1020,999,1080,1040,1018,1080,979,1061,12387
Opole Grotowice,POLREGIO Spółka Akcyjna,1057,997,1038,1019,1020,999,1078,1040,1018,1080,979,1061,12386
Opole Grotowice ,,1057,997,1038,1019,1020,999,1078,1040,1018,1080,979,1061,12386
Sulechów,PKP INTERCITY Spółka Akcyjna ,372,348,370,360,372,355,371,337,362,372,360,372,4351
Sulechów,POLREGIO Spółka Akcyjna,628,637,647,666,674,655,723,676,650,696,634,715,8001
Sulechów ,,1000,985,1017,1026,1046,1010,1094,1013,1012,1068,994,1087,12352
Babimost,PKP INTERCITY Spółka Akcyjna ,372,348,370,360,372,355,371,337,360,372,360,372,4349
Babimost,POLREGIO Spółka Akcyjna,628,637,647,666,674,655,723,675,652,695,634,715,8001
Babimost ,,1000,985,1017,1026,1046,1010,1094,1012,1012,1067,994,1087,12350
Stęszew,Koleje Wielkopolskie Sp. z o.o.,1052,998,1031,1022,986,997,1074,1024,1022,1074,1024,1018,12322
Stęszew,Parowozownia Wolsztyn,,,,,3,,,,,,2,2,7
Stęszew ,,1052,998,1031,1022,989,997,1074,1024,1022,1074,1026,1020,12329
Szreniawa,Koleje Wielkopolskie Sp. z o.o.,1052,998,1031,1022,986,996,1074,1024,1022,1078,1024,1018,12325
Szreniawa,Parowozownia Wolsztyn,,,,,2,,,,,,,,2
Szreniawa ,,1052,998,1031,1022,988,996,1074,1024,1022,1078,1024,1018,12327
Wiry,Koleje Wielkopolskie Sp. z o.o.,1052,998,1031,1022,986,996,1074,1024,1022,1078,1024,1018,12325
Wiry ,,1052,998,1031,1022,986,996,1074,1024,1022,1078,1024,1018,12325
Trzebaw Rosnówko,Koleje Wielkopolskie Sp. z o.o.,1052,998,1031,1022,986,995,1074,1024,1022,1074,1024,1018,12320
Trzebaw Rosnówko ,,1052,998,1031,1022,986,995,1074,1024,1022,1074,1024,1018,12320
Zawadówka,POLREGIO Spółka Akcyjna,1031,997,1031,1011,996,1008,1072,1024,1021,1074,992,1032,12289
Zawadówka ,,1031,997,1031,1011,996,1008,1072,1024,1021,1074,992,1032,12289
Grodzisk Wielkopolski,CARGO Master Spółka z o.o.,,,,,2,,,,,,,,2
Grodzisk Wielkopolski,Koleje Wielkopolskie Sp. z o.o.,1051,998,1031,1022,986,997,1074,1024,1022,1074,996,968,12243
Grodzisk Wielkopolski,Parowozownia Wolsztyn,,,,,3,,,,,,2,2,7
Grodzisk Wielkopolski,POLREGIO Spółka Akcyjna,,,,,2,,,,,,,,2
Grodzisk Wielkopolski ,,1051,998,1031,1022,993,997,1074,1024,1022,1074,998,970,12254
Granowo,Koleje Wielkopolskie Sp. z o.o.,1051,998,1031,1022,986,994,1074,1024,1022,1074,996,968,12240
Granowo,Parowozownia Wolsztyn,,,,,2,,,,,,,,2
Granowo ,,1051,998,1031,1022,988,994,1074,1024,1022,1074,996,968,12242
Ptaszkowo,Koleje Wielkopolskie Sp. z o.o.,1051,998,1031,1022,986,994,1074,1024,1022,1074,996,968,12240
Ptaszkowo ,,1051,998,1031,1022,986,994,1074,1024,1022,1074,996,968,12240
Zebrzydowa,Koleje Dolnośląskie S.A.,1036,970,1034,999,1030,999,1037,1033,999,1038,998,1066,12239
Zebrzydowa ,,1036,970,1034,999,1030,999,1037,1033,999,1038,998,1066,12239
Kotowo,Koleje Wielkopolskie Sp. z o.o.,1051,998,1031,1022,985,994,1074,1024,1022,1074,996,968,12239
Kotowo ,,1051,998,1031,1022,985,994,1074,1024,1022,1074,996,968,12239
Grąblewo,Koleje Wielkopolskie Sp. z o.o.,1051,998,1031,1022,985,994,1074,1024,1022,1074,996,968,12239
Grąblewo ,,1051,998,1031,1022,985,994,1074,1024,1022,1074,996,968,12239
Strykowo Poznańskie,Koleje Wielkopolskie Sp. z o.o.,1049,998,1031,1022,986,993,1074,1024,1022,1074,996,968,12237
Strykowo Poznańskie ,,1049,998,1031,1022,986,993,1074,1024,1022,1074,996,968,12237
Parkowo,Koleje Wielkopolskie Sp. z o.o.,736,700,718,714,700,696,753,720,709,756,686,644,8532
Parkowo,POLREGIO Spółka Akcyjna,306,290,303,299,310,297,309,310,298,310,300,306,3638
Parkowo ,,1042,990,1021,1013,1010,993,1062,1030,1007,1066,986,950,12170
Rożnowo,Koleje Wielkopolskie Sp. z o.o.,736,700,718,714,698,696,753,720,709,756,686,644,8530
Rożnowo,POLREGIO Spółka Akcyjna,306,290,303,299,310,297,309,310,298,310,300,306,3638
Rożnowo ,,1042,990,1021,1013,1008,993,1062,1030,1007,1066,986,950,12168
Pstroszyce,Koleje Małopolskie Sp. z o.o.,543,516,538,528,512,518,554,530,476,556,508,522,6301
Pstroszyce,POLREGIO Spółka Akcyjna,488,463,492,479,495,479,496,496,479,496,480,524,5867
Pstroszyce ,,1031,979,1030,1007,1007,997,1050,1026,955,1052,988,1046,12168
Czerwieńsk,PKP INTERCITY Spółka Akcyjna ,,,,,,,,,2,,,,2
Czerwieńsk,POLREGIO Spółka Akcyjna,922,971,1021,1010,1048,1014,1076,1060,1006,1043,957,1005,12133
Czerwieńsk ,,922,971,1021,1010,1048,1014,1076,1060,1008,1043,957,1005,12135
Miłobądz,POLREGIO Spółka Akcyjna,984,933,992,962,987,960,997,992,962,999,1002,1341,12111
Miłobądz ,,984,933,992,962,987,960,997,992,962,999,1002,1341,12111
Zgorzelec Miasto,Koleje Dolnośląskie S.A.,599,564,599,580,597,580,604,600,580,604,578,632,7117
Zgorzelec Miasto,PKP INTERCITY Spółka Akcyjna ,53,50,51,51,53,50,53,53,51,54,51,57,627
Zgorzelec Miasto,POLREGIO Spółka Akcyjna,366,348,370,358,372,357,370,372,360,372,348,368,4361
Zgorzelec Miasto ,,1018,962,1020,989,1022,987,1027,1025,991,1030,977,1057,12105
Pieńsk,Koleje Dolnośląskie S.A.,599,564,599,580,597,580,604,600,580,604,578,632,7117
Pieńsk,PKP INTERCITY Spółka Akcyjna ,53,50,51,51,53,50,53,53,51,54,51,57,627
Pieńsk,POLREGIO Spółka Akcyjna,366,348,370,358,372,357,369,372,360,372,348,368,4360
Pieńsk ,,1018,962,1020,989,1022,987,1026,1025,991,1030,977,1057,12104
Sobolew,Koleje Mazowieckie - KM Spółka z o.o.,963,901,961,933,959,930,962,962,932,967,925,959,11354
Sobolew,PKP INTERCITY Spółka Akcyjna ,62,58,62,60,62,60,62,62,60,62,60,62,732
Sobolew ,,1025,959,1023,993,1021,990,1024,1024,992,1029,985,1021,12086
Kielce Piaski,Łódzka Kolej Aglomeracyjna Sp. z o.o.,,,,,,,,,,,,28,28
Kielce Piaski,POLREGIO Spółka Akcyjna,981,922,1012,998,1010,990,1042,1025,999,1041,978,1038,12036
Kielce Piaski ,,981,922,1012,998,1010,990,1042,1025,999,1041,978,1066,12064
Zagnańsk,Łódzka Kolej Aglomeracyjna Sp. z o.o.,,,,,,,,,,,,28,28
Zagnańsk,POLREGIO Spółka Akcyjna,980,921,1012,998,1010,990,1042,1025,999,1042,978,1038,12035
Zagnańsk ,,980,921,1012,998,1010,990,1042,1025,999,1042,978,1066,12063
Tumlin,Łódzka Kolej Aglomeracyjna Sp. z o.o.,,,,,,,,,,,,28,28
Tumlin,POLREGIO Spółka Akcyjna,980,921,1012,998,1010,990,1042,1025,999,1041,978,1038,12034
Tumlin ,,980,921,1012,998,1010,990,1042,1025,999,1041,978,1066,12062
Łączna,Łódzka Kolej Aglomeracyjna Sp. z o.o.,,,,,,,,,,,,28,28
Łączna,POLREGIO Spółka Akcyjna,980,920,1012,998,1009,989,1042,1025,999,1042,978,1038,12032
Łączna ,,980,920,1012,998,1009,989,1042,1025,999,1042,978,1066,12060
Suchedniów Północny,Łódzka Kolej Aglomeracyjna Sp. z o.o.,,,,,,,,,,,,28,28
Suchedniów Północny,POLREGIO Spółka Akcyjna,980,920,1012,998,1009,989,1042,1025,998,1042,978,1038,12031
Suchedniów Północny ,,980,920,1012,998,1009,989,1042,1025,998,1042,978,1066,12059
Skarżysko Zachodnie,Łódzka Kolej Aglomeracyjna Sp. z o.o.,,,,,,,,,,,,28,28
Skarżysko Zachodnie,POLREGIO Spółka Akcyjna,980,920,1012,998,1009,989,1042,1025,998,1042,978,1038,12031
Skarżysko Zachodnie ,,980,920,1012,998,1009,989,1042,1025,998,1042,978,1066,12059
Berezów,Łódzka Kolej Aglomeracyjna Sp. z o.o.,,,,,,,,,,,,28,28
Berezów,POLREGIO Spółka Akcyjna,980,920,1012,998,1009,989,1042,1025,998,1042,978,1038,12031
Berezów ,,980,920,1012,998,1009,989,1042,1025,998,1042,978,1066,12059
Przyłęk Duży,Łódzka Kolej Aglomeracyjna Sp. z o.o.,959,902,989,992,1015,989,1051,1027,1002,1051,978,1052,12007
Przyłęk Duży ,,959,902,989,992,1015,989,1051,1027,1002,1051,978,1052,12007
Maków,Łódzka Kolej Aglomeracyjna Sp. z o.o.,959,902,989,992,1015,988,1051,1027,1002,1051,978,1052,12006
Maków ,,959,902,989,992,1015,988,1051,1027,1002,1051,978,1052,12006
Krosnowa,Łódzka Kolej Aglomeracyjna Sp. z o.o.,959,902,989,992,1015,988,1051,1027,1002,1051,978,1052,12006
Krosnowa ,,959,902,989,992,1015,988,1051,1027,1002,1051,978,1052,12006
Dąbrowice Skierniewickie,Łódzka Kolej Aglomeracyjna Sp. z o.o.,959,902,989,992,1015,988,1051,1027,1002,1051,978,1052,12006
Dąbrowice Skierniewickie ,,959,902,989,992,1015,988,1051,1027,1002,1051,978,1052,12006
Wągry,Łódzka Kolej Aglomeracyjna Sp. z o.o.,959,901,989,992,1015,988,1051,1027,1002,1051,978,1052,12005
Wągry ,,959,901,989,992,1015,988,1051,1027,1002,1051,978,1052,12005
Jaszczów,POLREGIO Spółka Akcyjna,989,955,995,975,978,986,1088,1056,980,1028,957,994,11981
Jaszczów ,,989,955,995,975,978,986,1088,1056,980,1028,957,994,11981
Minkowice,POLREGIO Spółka Akcyjna,989,955,994,975,978,986,1088,1055,980,1028,957,993,11978
Minkowice ,,989,955,994,975,978,986,1088,1055,980,1028,957,993,11978
Witaszyce,Koleje Wielkopolskie Sp. z o.o.,683,645,670,656,613,608,647,619,618,649,602,585,7595
Witaszyce,POLREGIO Spółka Akcyjna,371,348,372,359,372,358,371,367,360,372,359,372,4381
Witaszyce ,,1054,993,1042,1015,985,966,1018,986,978,1021,961,957,11976
Kotlin,Koleje Wielkopolskie Sp. z o.o.,683,645,670,656,613,608,647,619,618,649,602,585,7595
Kotlin,POLREGIO Spółka Akcyjna,371,348,372,359,372,358,371,367,360,372,359,372,4381
Kotlin ,,1054,993,1042,1015,985,966,1018,986,978,1021,961,957,11976
Bronów,Koleje Wielkopolskie Sp. z o.o.,683,645,671,656,613,608,647,616,618,649,602,585,7593
Bronów,POLREGIO Spółka Akcyjna,371,348,372,359,372,357,371,365,360,372,359,372,4378
Bronów ,,1054,993,1043,1015,985,965,1018,981,978,1021,961,957,11971
Biniew,Koleje Wielkopolskie Sp. z o.o.,683,645,671,656,613,608,647,616,618,649,602,585,7593
Biniew,POLREGIO Spółka Akcyjna,371,348,372,359,372,357,371,365,360,372,359,372,4378
Biniew ,,1054,993,1043,1015,985,965,1018,981,978,1021,961,957,11971
Taczanów,Koleje Wielkopolskie Sp. z o.o.,683,645,670,656,613,608,647,616,618,649,602,585,7592
Taczanów,POLREGIO Spółka Akcyjna,371,348,372,359,372,357,371,365,360,372,359,372,4378
Taczanów ,,1054,993,1042,1015,985,965,1018,981,978,1021,961,957,11970
Jarosty,Łódzka Kolej Aglomeracyjna Sp. z o.o.,530,500,520,510,509,500,540,520,510,540,490,558,6227
Jarosty,POLREGIO Spółka Akcyjna,482,456,480,467,488,470,485,485,467,483,469,491,5723
Jarosty ,,1012,956,1000,977,997,970,1025,1005,977,1023,959,1049,11950
Moszczenica,Łódzka Kolej Aglomeracyjna Sp. z o.o.,530,500,520,510,509,500,540,520,509,540,490,558,6226
Moszczenica,POLREGIO Spółka Akcyjna,482,456,480,467,488,470,485,485,467,483,469,491,5723
Moszczenica ,,1012,956,1000,977,997,970,1025,1005,976,1023,959,1049,11949
Baby,Łódzka Kolej Aglomeracyjna Sp. z o.o.,530,500,520,510,509,500,540,520,509,540,490,558,6226
Baby,POLREGIO Spółka Akcyjna,482,456,480,467,488,470,485,485,467,483,469,491,5723
Baby ,,1012,956,1000,977,997,970,1025,1005,976,1023,959,1049,11949
Wolbórka,Łódzka Kolej Aglomeracyjna Sp. z o.o.,530,500,520,510,509,500,540,520,509,540,488,558,6224
Wolbórka,POLREGIO Spółka Akcyjna,482,456,480,467,488,470,485,485,467,483,467,492,5722
Wolbórka ,,1012,956,1000,977,997,970,1025,1005,976,1023,955,1050,11946
Rokiciny,Łódzka Kolej Aglomeracyjna Sp. z o.o.,530,500,520,510,509,500,540,520,509,540,488,558,6224
Rokiciny,POLREGIO Spółka Akcyjna,482,456,480,467,488,470,485,485,467,483,467,491,5721
Rokiciny ,,1012,956,1000,977,997,970,1025,1005,976,1023,955,1049,11945
Łaznów,Łódzka Kolej Aglomeracyjna Sp. z o.o.,530,500,520,510,509,500,540,520,509,540,488,558,6224
Łaznów,POLREGIO Spółka Akcyjna,482,456,480,467,488,470,485,485,467,483,467,491,5721
Łaznów ,,1012,956,1000,977,997,970,1025,1005,976,1023,955,1049,11945
Chrusty Nowe,Łódzka Kolej Aglomeracyjna Sp. z o.o.,530,500,520,510,509,500,540,520,509,540,488,558,6224
Chrusty Nowe,POLREGIO Spółka Akcyjna,482,456,480,467,488,470,485,484,467,483,467,491,5720
Chrusty Nowe ,,1012,956,1000,977,997,970,1025,1004,976,1023,955,1049,11944
Smardzów Wrocławski,CARGO Master Spółka z o.o.,,,2,,,,,,,,,,2
Smardzów Wrocławski,Koleje Dolnośląskie S.A.,971,917,965,942,953,930,986,966,936,989,916,980,11451
Smardzów Wrocławski,LEO Express Global a.s.,,,2,,,,,,,,,,2
Smardzów Wrocławski,POLREGIO Spółka Akcyjna,44,42,42,42,40,40,46,42,40,46,38,20,482
Smardzów Wrocławski ,,1015,959,1011,984,993,970,1032,1008,976,1035,954,1000,11937
Iwiny,Koleje Dolnośląskie S.A.,972,917,965,942,953,930,986,964,935,989,916,980,11449
Iwiny,POLREGIO Spółka Akcyjna,44,42,42,42,40,40,46,42,40,46,38,20,482
Iwiny ,,1016,959,1007,984,993,970,1032,1006,975,1035,954,1000,11931
Węgry,Koleje Dolnośląskie S.A.,971,917,965,941,953,930,986,964,936,989,916,978,11446
Węgry,POLREGIO Spółka Akcyjna,44,42,42,42,40,40,46,42,40,46,38,20,482
Węgry ,,1015,959,1007,983,993,970,1032,1006,976,1035,954,998,11928
Warkocz,Koleje Dolnośląskie S.A.,971,917,965,941,953,930,985,964,936,989,916,980,11447
Warkocz,POLREGIO Spółka Akcyjna,44,42,42,42,40,40,46,42,40,46,36,20,480
Warkocz ,,1015,959,1007,983,993,970,1031,1006,976,1035,952,1000,11927
Podzamcze,POLREGIO Spółka Akcyjna,989,955,994,975,973,977,1057,1025,979,1028,957,993,11902
Podzamcze ,,989,955,994,975,973,977,1057,1025,979,1028,957,993,11902
Dominów,POLREGIO Spółka Akcyjna,989,955,994,975,973,977,1057,1025,979,1028,957,993,11902
Dominów ,,989,955,994,975,973,977,1057,1025,979,1028,957,993,11902
Biskupice,POLREGIO Spółka Akcyjna,989,955,995,975,973,977,1057,1024,979,1028,957,993,11902
Biskupice ,,989,955,995,975,973,977,1057,1024,979,1028,957,993,11902
Wólka Kańska,POLREGIO Spółka Akcyjna,989,955,995,975,973,977,1051,1024,979,1028,957,993,11896
Wólka Kańska ,,989,955,995,975,973,977,1051,1024,979,1028,957,993,11896
Bojanowo,Koleje Wielkopolskie Sp. z o.o.,386,366,381,374,369,366,394,380,375,394,367,374,4526
Bojanowo,POLREGIO Spółka Akcyjna,620,580,620,599,619,599,618,620,599,619,600,618,7311
Bojanowo ,,1006,946,1001,973,988,965,1012,1000,974,1013,967,992,11837
Czeremcha,Koleje Mazowieckie - KM Spółka z o.o.,228,232,248,237,242,234,250,248,238,243,240,248,2888
Czeremcha,PKP INTERCITY Spółka Akcyjna ,123,115,124,120,124,120,123,123,120,124,119,124,1459
Czeremcha,POLREGIO Spółka Akcyjna,650,612,643,627,652,629,611,580,626,655,567,634,7486
Czeremcha ,,1001,959,1015,984,1018,983,984,951,984,1022,926,1006,11833
Zalesie Krasieńskie,POLREGIO Spółka Akcyjna,989,955,995,975,968,968,1020,993,978,1028,957,993,11819
Zalesie Krasieńskie ,,989,955,995,975,968,968,1020,993,978,1028,957,993,11819
Domaniewice,Łódzka Kolej Aglomeracyjna Sp. z o.o.,971,916,984,972,984,959,942,870,1032,1082,987,1096,11795
Domaniewice ,,971,916,984,972,984,959,942,870,1032,1082,987,1096,11795
Munina,PKP INTERCITY Spółka Akcyjna ,,,,,,,,,,,2,,2
Munina,POLREGIO Spółka Akcyjna,1009,861,941,914,936,913,1067,1058,1007,1048,976,1010,11740
Munina ,,1009,861,941,914,936,913,1067,1058,1007,1048,978,1010,11742
Włoszczowa,PKP INTERCITY Spółka Akcyjna ,310,290,309,299,310,299,309,310,299,310,300,356,3701
Włoszczowa,POLREGIO Spółka Akcyjna,670,630,672,652,673,650,672,673,646,673,651,722,7984
Włoszczowa ,,980,920,981,951,983,949,981,983,945,983,951,1078,11685
Prabuty,Koleje Mazowieckie - KM Spółka z o.o.,,,,,,18,66,66,2,,,,152
Prabuty,PKP INTERCITY Spółka Akcyjna ,505,471,505,489,502,514,582,588,484,496,477,529,6142
Prabuty,POLREGIO Spółka Akcyjna,457,432,454,442,450,440,464,457,443,464,435,446,5384
Prabuty ,,962,903,959,931,952,972,1112,1111,929,960,912,975,11678
Choszczno,PKP INTERCITY Spółka Akcyjna ,549,512,487,471,493,489,550,549,488,496,486,574,6144
Choszczno,POLREGIO Spółka Akcyjna,462,436,454,452,464,455,484,480,448,468,438,457,5498
Choszczno ,,1011,948,941,923,957,944,1034,1029,936,964,924,1031,11642
Mława Miasto,Koleje Mazowieckie - KM Spółka z o.o.,907,862,919,890,918,908,988,987,893,922,886,919,10999
Mława Miasto,PKP INTERCITY Spółka Akcyjna ,,,,,,,,,,,,611,611
Mława Miasto ,,907,862,919,890,918,908,988,987,893,922,886,1530,11610
Nysa,CARGO Master Spółka z o.o.,,,,2,,,,,,,,,2
Nysa,PKP INTERCITY Spółka Akcyjna ,112,114,124,119,124,120,122,128,80,122,118,121,1404
Nysa,POLREGIO Spółka Akcyjna,822,802,842,870,823,845,910,903,784,902,843,794,10140
Nysa ,,934,916,966,991,947,965,1032,1031,864,1024,961,915,11546
Pełkinie,POLREGIO Spółka Akcyjna,984,895,954,932,952,929,1007,998,963,1002,939,972,11527
Pełkinie ,,984,895,954,932,952,929,1007,998,963,1002,939,972,11527
Opoczno Południe,PKP INTERCITY Spółka Akcyjna ,998,936,934,904,944,952,984,981,895,999,966,978,11471
Opoczno Południe,POLREGIO Spółka Akcyjna,,,,,,,,,,,,34,34
Opoczno Południe ,,998,936,934,904,944,952,984,981,895,999,966,1012,11505
Ostróda,PKP INTERCITY Spółka Akcyjna ,430,406,430,419,434,376,373,372,358,371,360,372,4701
Ostróda,POLREGIO Spółka Akcyjna,577,544,573,558,572,555,584,575,559,584,551,564,6796
Ostróda ,,1007,950,1003,977,1006,931,957,947,917,955,911,936,11497
Łódź Andrzejów Szosa,Łódzka Kolej Aglomeracyjna Sp. z o.o.,900,567,1269,483,1057,333,308,290,551,638,423,611,7430
Łódź Andrzejów Szosa,POLREGIO Spółka Akcyjna,367,356,349,331,340,320,342,328,324,374,307,314,4052
Łódź Andrzejów Szosa ,,1267,923,1618,814,1397,653,650,618,875,1012,730,925,11482
Władysławowo,CARGO Master Spółka z o.o.,,,,2,,,,,,,,,2
Władysławowo,PKP INTERCITY Spółka Akcyjna ,,,,4,26,122,372,372,26,,,,922
Władysławowo,POLREGIO Spółka Akcyjna,733,688,733,727,973,982,1297,1299,882,735,708,730,10487
Władysławowo ,,733,688,733,733,999,1104,1669,1671,908,735,708,730,11411
Łódź Olechów Wschód,Łódzka Kolej Aglomeracyjna Sp. z o.o.,898,566,1269,483,1056,335,308,290,551,578,423,611,7368
Łódź Olechów Wschód,POLREGIO Spółka Akcyjna,367,356,349,334,339,320,342,328,324,352,307,314,4032
Łódź Olechów Wschód ,,1265,922,1618,817,1395,655,650,618,875,930,730,925,11400
Łódź Olechów Wiadukt,Łódzka Kolej Aglomeracyjna Sp. z o.o.,898,566,1269,483,1056,333,308,290,551,578,423,611,7366
Łódź Olechów Wiadukt,POLREGIO Spółka Akcyjna,367,356,349,334,339,320,342,328,324,352,307,314,4032
Łódź Olechów Wiadukt ,,1265,922,1618,817,1395,653,650,618,875,930,730,925,11398
Łódź Olechów Zachód,Łódzka Kolej Aglomeracyjna Sp. z o.o.,898,566,1269,483,1056,333,308,290,551,578,423,611,7366
Łódź Olechów Zachód,POLREGIO Spółka Akcyjna,367,356,349,334,339,320,342,328,324,352,307,314,4032
Łódź Olechów Zachód ,,1265,922,1618,817,1395,653,650,618,875,930,730,925,11398
Dziewule,Koleje Mazowieckie - KM Spółka z o.o.,784,739,774,756,767,748,796,779,756,794,738,762,9193
Dziewule,PKP INTERCITY Spółka Akcyjna ,,,,,,,,,,,2,,2
Dziewule,POLREGIO Spółka Akcyjna,186,174,186,180,186,180,185,186,180,186,180,186,2195
Dziewule ,,970,913,960,936,953,928,981,965,936,980,920,948,11390
Siedlce Wschodnie,Koleje Mazowieckie - KM Spółka z o.o.,784,739,774,756,767,748,796,779,756,794,738,762,9193
Siedlce Wschodnie,POLREGIO Spółka Akcyjna,186,174,186,180,186,180,185,186,180,186,180,186,2195
Siedlce Wschodnie ,,970,913,960,936,953,928,981,965,936,980,918,948,11388
Radomyśl,Koleje Mazowieckie - KM Spółka z o.o.,784,739,774,756,767,748,796,779,756,794,738,762,9193
Radomyśl,POLREGIO Spółka Akcyjna,186,174,186,180,186,180,185,186,180,186,180,186,2195
Radomyśl ,,970,913,960,936,953,928,981,965,936,980,918,948,11388
Kosiorki,Koleje Mazowieckie - KM Spółka z o.o.,784,739,774,756,767,748,796,779,756,794,738,762,9193
Kosiorki,POLREGIO Spółka Akcyjna,186,174,186,180,186,180,185,186,180,186,180,186,2195
Kosiorki ,,970,913,960,936,953,928,981,965,936,980,918,948,11388
Białki Siedleckie,Koleje Mazowieckie - KM Spółka z o.o.,784,739,774,756,767,748,796,779,756,794,738,762,9193
Białki Siedleckie,POLREGIO Spółka Akcyjna,186,174,186,180,186,180,185,186,180,186,180,186,2195
Białki Siedleckie ,,970,913,960,936,953,928,981,965,936,980,918,948,11388
Borki-Kosy,Koleje Mazowieckie - KM Spółka z o.o.,784,739,774,756,767,748,796,779,756,794,738,762,9193
Borki-Kosy,POLREGIO Spółka Akcyjna,186,174,186,180,186,180,185,186,180,186,180,186,2195
Borki-Kosy ,,970,913,960,936,953,928,981,965,936,980,918,948,11388
Krynka Łukowska,Koleje Mazowieckie - KM Spółka z o.o.,784,739,774,756,767,748,796,779,755,794,738,762,9192
Krynka Łukowska,POLREGIO Spółka Akcyjna,186,174,186,180,186,180,185,186,180,186,180,186,2195
Krynka Łukowska ,,970,913,960,936,953,928,981,965,935,980,918,948,11387
Stary Sącz,Koleje Małopolskie Sp. z o.o.,,,,,,4,16,16,,,,,36
Stary Sącz,PKP CARGO S.A. w restrukturyzacji,,,,,,,,,2,,2,,4
Stary Sącz,PKP INTERCITY Spółka Akcyjna ,140,131,144,138,146,140,137,143,136,140,142,156,1693
Stary Sącz,POLREGIO Spółka Akcyjna,803,788,809,806,774,790,852,806,801,852,766,784,9631
Stary Sącz ,,943,919,953,944,920,934,1005,965,939,992,910,940,11364
Wyrzysk Osiek,Koleje Wielkopolskie Sp. z o.o.,110,108,114,112,116,108,114,115,111,116,111,81,1316
Wyrzysk Osiek,PKP INTERCITY Spółka Akcyjna ,186,174,186,180,186,199,248,248,181,186,180,186,2340
Wyrzysk Osiek,POLREGIO Spółka Akcyjna,662,626,652,640,608,627,648,620,640,679,623,679,7704
Wyrzysk Osiek ,,958,908,952,932,910,934,1010,983,932,981,914,946,11360
Rytro,Koleje Małopolskie Sp. z o.o.,,,,,,4,16,16,,,,,36
Rytro,PKP CARGO S.A. w restrukturyzacji,,,,,,,,,2,,2,,4
Rytro,PKP INTERCITY Spółka Akcyjna ,138,131,144,138,146,140,137,143,136,140,142,156,1691
Rytro,POLREGIO Spółka Akcyjna,804,788,809,802,774,790,853,806,801,852,766,784,9629
Rytro ,,942,919,953,940,920,934,1006,965,939,992,910,940,11360
Rydzyna,Koleje Wielkopolskie Sp. z o.o.,386,364,381,374,369,366,394,380,375,394,367,374,4524
Rydzyna,POLREGIO Spółka Akcyjna,580,543,579,560,577,559,579,579,560,580,559,576,6831
Rydzyna ,,966,907,960,934,946,925,973,959,935,974,926,950,11355
Kaczkowo,Koleje Wielkopolskie Sp. z o.o.,386,364,381,374,369,366,394,378,375,394,367,374,4522
Kaczkowo,POLREGIO Spółka Akcyjna,580,543,579,560,577,559,579,579,560,580,559,576,6831
Kaczkowo ,,966,907,960,934,946,925,973,957,935,974,926,950,11353
Garwolin,Koleje Mazowieckie - KM Spółka z o.o.,963,902,960,931,959,930,962,962,932,967,925,959,11352
Garwolin ,,963,902,960,931,959,930,962,962,932,967,925,959,11352
Wola Rowska,Koleje Mazowieckie - KM Spółka z o.o.,963,901,960,931,959,930,962,962,932,967,925,959,11351
Wola Rowska ,,963,901,960,931,959,930,962,962,932,967,925,959,11351
Ruda Talubska,Koleje Mazowieckie - KM Spółka z o.o.,963,901,960,931,959,930,962,962,932,967,925,959,11351
Ruda Talubska ,,963,901,960,931,959,930,962,962,932,967,925,959,11351
Łaskarzew,Koleje Mazowieckie - KM Spółka z o.o.,963,901,960,931,959,930,962,962,932,967,925,959,11351
Łaskarzew ,,963,901,960,931,959,930,962,962,932,967,925,959,11351
Leokadia,Koleje Mazowieckie - KM Spółka z o.o.,963,900,959,931,959,930,962,962,932,967,925,959,11349
Leokadia ,,963,900,959,931,959,930,962,962,932,967,925,959,11349
Piwniczna-Zdrój,Koleje Małopolskie Sp. z o.o.,,,,,,4,16,16,,,,,36
Piwniczna-Zdrój,PKP CARGO S.A. w restrukturyzacji,,,,,,,,,1,,1,,2
Piwniczna-Zdrój,PKP INTERCITY Spółka Akcyjna ,138,131,144,138,146,140,137,143,134,140,142,156,1689
Piwniczna-Zdrój,POLREGIO Spółka Akcyjna,793,788,810,802,774,790,854,806,801,852,766,784,9620
Piwniczna-Zdrój ,,931,919,954,940,920,934,1007,965,936,992,909,940,11347
Smętowo,PKP INTERCITY Spółka Akcyjna ,305,290,309,300,310,300,310,310,300,310,302,344,3690
Smętowo,POLREGIO Spółka Akcyjna,622,605,640,622,633,620,650,641,623,650,617,671,7594
Smętowo ,,927,895,949,922,943,920,960,951,923,960,919,1015,11284
Chociszew,Łódzka Kolej Aglomeracyjna Sp. z o.o.,822,772,809,785,802,824,889,872,785,820,788,850,9818
Chociszew,POLREGIO Spółka Akcyjna,124,116,124,120,122,117,124,124,119,124,119,124,1457
Chociszew ,,946,888,933,905,924,941,1013,996,904,944,907,974,11275
Zgierz Kontrewers,Łódzka Kolej Aglomeracyjna Sp. z o.o.,822,772,809,785,802,824,889,871,785,820,788,850,9817
Zgierz Kontrewers,POLREGIO Spółka Akcyjna,124,116,124,120,122,117,124,124,119,124,119,124,1457
Zgierz Kontrewers ,,946,888,933,905,924,941,1013,995,904,944,907,974,11274
Jedlicze koło Zgierza,Łódzka Kolej Aglomeracyjna Sp. z o.o.,822,772,809,785,802,824,889,871,785,820,788,850,9817
Jedlicze koło Zgierza,POLREGIO Spółka Akcyjna,124,116,124,120,122,117,124,124,119,124,119,124,1457
Jedlicze koło Zgierza ,,946,888,933,905,924,941,1013,995,904,944,907,974,11274
Grotniki,Łódzka Kolej Aglomeracyjna Sp. z o.o.,822,772,809,785,802,824,889,871,785,820,788,850,9817
Grotniki,POLREGIO Spółka Akcyjna,124,116,124,120,122,117,124,124,119,124,119,124,1457
Grotniki ,,946,888,933,905,924,941,1013,995,904,944,907,974,11274
Chełmek Wołowski,Koleje Dolnośląskie S.A.,896,858,775,695,715,694,722,718,692,720,692,852,9029
Chełmek Wołowski,POLREGIO Spółka Akcyjna,,,176,240,247,239,246,248,234,247,240,112,2229
Chełmek Wołowski ,,896,858,951,935,962,933,968,966,926,967,932,964,11258
Ozorków Nowe Miasto,Łódzka Kolej Aglomeracyjna Sp. z o.o.,822,772,809,785,802,822,883,861,785,820,788,850,9799
Ozorków Nowe Miasto,POLREGIO Spółka Akcyjna,124,116,124,120,122,117,122,124,119,124,119,124,1455
Ozorków Nowe Miasto ,,946,888,933,905,924,939,1005,985,904,944,907,974,11254
Imbramowice,Koleje Dolnośląskie S.A.,913,872,922,914,952,894,943,922,898,943,876,960,11009
Imbramowice,POLREGIO Spółka Akcyjna,23,21,21,21,20,19,23,21,21,23,19,10,242
Imbramowice ,,936,893,943,935,972,913,966,943,919,966,895,970,11251
Głogów Huta,Koleje Dolnośląskie S.A.,273,261,327,339,349,337,347,351,327,351,338,565,4165
Głogów Huta,POLREGIO Spółka Akcyjna,785,735,644,572,577,555,586,590,528,577,553,379,7081
Głogów Huta ,,1058,996,971,911,926,892,933,941,855,928,891,944,11246
Głogów Wróblin,Koleje Dolnośląskie S.A.,273,261,327,339,349,337,347,351,327,351,338,565,4165
Głogów Wróblin,POLREGIO Spółka Akcyjna,785,734,644,572,577,555,586,590,528,578,553,379,7081
Głogów Wróblin ,,1058,995,971,911,926,892,933,941,855,929,891,944,11246
Brzeg Głogowski,Koleje Dolnośląskie S.A.,273,261,327,339,349,337,347,351,327,351,338,565,4165
Brzeg Głogowski,POLREGIO Spółka Akcyjna,785,734,644,572,577,555,586,590,528,578,553,379,7081
Brzeg Głogowski ,,1058,995,971,911,926,892,933,941,855,929,891,944,11246
Czerna,Koleje Dolnośląskie S.A.,273,261,327,339,349,336,347,351,327,351,338,565,4164
Czerna,POLREGIO Spółka Akcyjna,785,734,644,572,577,555,586,590,528,578,553,379,7081
Czerna ,,1058,995,971,911,926,891,933,941,855,929,891,944,11245
Kamień Łowicki,Łódzka Kolej Aglomeracyjna Sp. z o.o.,940,887,953,942,953,907,880,808,942,989,904,1058,11163
Kamień Łowicki ,,940,887,953,942,953,907,880,808,942,989,904,1058,11163
Szczecin Podjuchy,PKP INTERCITY Spółka Akcyjna ,,2,,,2,,,,,,,,4
Szczecin Podjuchy,POLREGIO Spółka Akcyjna,685,676,910,976,961,955,1043,994,979,1044,924,993,11140
Szczecin Podjuchy ,,685,678,910,976,963,955,1043,994,979,1044,924,993,11144
Daleszewo,POLREGIO Spółka Akcyjna,685,676,910,976,961,955,1043,993,979,1044,924,993,11139
Daleszewo ,,685,676,910,976,961,955,1043,993,979,1044,924,993,11139
Czepino,POLREGIO Spółka Akcyjna,685,676,910,976,961,955,1043,993,979,1044,924,993,11139
Czepino ,,685,676,910,976,961,955,1043,993,979,1044,924,993,11139
Leńcze,POLREGIO Spółka Akcyjna,929,883,934,910,930,909,943,937,912,942,904,1003,11136
Leńcze ,,929,883,934,910,930,909,943,937,912,942,904,1003,11136
Radziszów,POLREGIO Spółka Akcyjna,929,883,935,910,930,909,941,937,912,942,904,1003,11135
Radziszów ,,929,883,935,910,930,909,941,937,912,942,904,1003,11135
Wola Radziszowska Lipki,POLREGIO Spółka Akcyjna,929,883,934,910,930,909,938,937,912,942,904,1003,11131
Wola Radziszowska Lipki ,,929,883,934,910,930,909,938,937,912,942,904,1003,11131
Wola Radziszowska,POLREGIO Spółka Akcyjna,929,883,934,910,930,909,938,937,912,942,904,1003,11131
Wola Radziszowska ,,929,883,934,910,930,909,938,937,912,942,904,1003,11131
Rzozów Centrum,POLREGIO Spółka Akcyjna,928,883,935,910,930,909,940,936,912,942,904,1002,11131
Rzozów Centrum ,,928,883,935,910,930,909,940,936,912,942,904,1002,11131
Rzozów,POLREGIO Spółka Akcyjna,928,883,935,910,930,909,940,936,912,942,904,1002,11131
Rzozów ,,928,883,935,910,930,909,940,936,912,942,904,1002,11131
Radziszów Centrum,POLREGIO Spółka Akcyjna,928,883,935,910,930,909,940,936,912,942,904,1002,11131
Radziszów Centrum ,,928,883,935,910,930,909,940,936,912,942,904,1002,11131
Podolany,POLREGIO Spółka Akcyjna,929,883,934,910,930,909,938,937,912,942,904,1003,11131
Podolany ,,929,883,934,910,930,909,938,937,912,942,904,1003,11131
Krzepów,Koleje Dolnośląskie S.A.,894,858,775,693,715,693,721,718,565,721,692,852,8897
Krzepów,POLREGIO Spółka Akcyjna,,,176,240,247,239,246,248,235,247,240,112,2230
Krzepów ,,894,858,951,933,962,932,967,966,800,968,932,964,11127
Biały Dunajec,Koleje Śląskie Spółka z o.o.,10,8,,,14,12,16,22,2,,,14,98
Biały Dunajec,POLREGIO Spółka Akcyjna,960,911,969,906,962,938,973,964,938,975,465,987,10948
Biały Dunajec ,,970,919,969,906,976,950,989,986,940,975,465,1001,11046
Puck,CARGO Master Spółka z o.o.,,,,2,,,,,,,,,2
Puck,PKP INTERCITY Spółka Akcyjna ,,,,4,26,122,372,372,26,,,,922
Puck,POLREGIO Spółka Akcyjna,733,688,733,727,922,924,1177,1176,845,735,708,727,10095
Puck ,,733,688,733,733,948,1046,1549,1548,871,735,708,727,11019
Domaniewice Centrum,Łódzka Kolej Aglomeracyjna Sp. z o.o.,909,858,922,912,922,899,880,808,942,989,904,1058,11003
Domaniewice Centrum ,,909,858,922,912,922,899,880,808,942,989,904,1058,11003
Przytkowice,POLREGIO Spółka Akcyjna,921,883,934,910,923,907,942,937,912,942,762,1003,10976
Przytkowice ,,921,883,934,910,923,907,942,937,912,942,762,1003,10976
Szaflary,POLREGIO Spółka Akcyjna,959,911,969,906,962,938,969,964,938,975,465,986,10942
Szaflary ,,959,911,969,906,962,938,969,964,938,975,465,986,10942
Szaflary Centrum,POLREGIO Spółka Akcyjna,959,911,969,906,962,938,969,964,938,975,465,986,10942
Szaflary Centrum ,,959,911,969,906,962,938,969,964,938,975,465,986,10942
Bańska Niżna,POLREGIO Spółka Akcyjna,959,911,969,906,962,938,969,964,938,975,465,986,10942
Bańska Niżna ,,959,911,969,906,962,938,969,964,938,975,465,986,10942
Ulikowo,POLREGIO Spółka Akcyjna,967,918,928,908,900,889,907,885,914,953,876,884,10929
Ulikowo ,,967,918,928,908,900,889,907,885,914,953,876,884,10929
Ziębice,Koleje Dolnośląskie S.A.,1002,944,1004,974,997,970,1009,1006,,,677,1032,9615
Ziębice,PKP INTERCITY Spółka Akcyjna ,141,132,144,138,146,139,138,144,,,98,77,1297
Ziębice ,,1143,1076,1148,1112,1143,1109,1147,1150,,,775,1109,10912
Poronin Misiagi,POLREGIO Spółka Akcyjna,960,910,969,888,961,902,972,964,938,971,464,986,10885
Poronin Misiagi ,,960,910,969,888,961,902,972,964,938,971,464,986,10885
Wyszyny,Koleje Mazowieckie - KM Spółka z o.o.,907,862,919,890,918,890,922,921,891,921,886,918,10845
Wyszyny ,,907,862,919,890,918,890,922,921,891,921,886,918,10845
Stupsk Mazowiecki,Koleje Mazowieckie - KM Spółka z o.o.,907,862,919,890,918,890,922,921,891,921,886,918,10845
Stupsk Mazowiecki ,,907,862,919,890,918,890,922,921,891,921,886,918,10845
Konopki,Koleje Mazowieckie - KM Spółka z o.o.,907,862,919,890,918,890,922,921,891,921,886,918,10845
Konopki ,,907,862,919,890,918,890,922,921,891,921,886,918,10845
Krośnice Mazowieckie,Koleje Mazowieckie - KM Spółka z o.o.,907,862,919,890,918,890,922,921,891,921,885,918,10844
Krośnice Mazowieckie ,,907,862,919,890,918,890,922,921,891,921,885,918,10844
Czeruchy,Koleje Mazowieckie - KM Spółka z o.o.,907,862,919,890,918,890,922,921,891,921,885,918,10844
Czeruchy ,,907,862,919,890,918,890,922,921,891,921,885,918,10844
Międzyzdroje,Koleje Dolnośląskie S.A.,,,,,,4,8,11,1,,,,24
Międzyzdroje,PKP INTERCITY Spółka Akcyjna ,372,345,372,360,374,397,496,500,243,248,238,256,4201
Międzyzdroje,POLREGIO Spółka Akcyjna,475,448,499,523,564,588,714,725,522,526,496,522,6602
Międzyzdroje ,,847,793,871,883,938,989,1218,1236,766,774,734,778,10827
Świnoujście,Koleje Dolnośląskie S.A.,,,,,,4,8,11,1,,,,24
Świnoujście,PKP INTERCITY Spółka Akcyjna ,372,344,372,360,374,397,496,500,243,248,238,256,4200
Świnoujście,POLREGIO Spółka Akcyjna,475,448,499,523,564,588,714,725,522,526,496,513,6593
Świnoujście ,,847,792,871,883,938,989,1218,1236,766,774,734,769,10817
Tuchów,Koleje Małopolskie Sp. z o.o.,70,66,71,70,69,70,70,71,61,71,68,68,825
Tuchów,PKP CARGO S.A. w restrukturyzacji,,,,,,,,,4,,,,4
Tuchów,PKP INTERCITY Spółka Akcyjna ,265,247,268,257,270,260,261,267,226,140,230,279,2970
Tuchów,POLREGIO Spółka Akcyjna,591,555,585,571,584,570,596,587,573,595,566,582,6955
Tuchów ,,926,868,924,898,923,900,927,925,864,806,864,929,10754
Bogoniowice Ciężkowice,Koleje Małopolskie Sp. z o.o.,71,66,71,70,69,70,70,71,61,71,68,68,826
Bogoniowice Ciężkowice,PKP INTERCITY Spółka Akcyjna ,265,247,268,257,270,260,261,267,226,140,230,279,2970
Bogoniowice Ciężkowice,POLREGIO Spółka Akcyjna,593,556,586,571,584,570,596,587,573,594,566,582,6958
Bogoniowice Ciężkowice ,,929,869,925,898,923,900,927,925,860,805,864,929,10754
Sierpów,Łódzka Kolej Aglomeracyjna Sp. z o.o.,779,730,767,743,762,737,772,762,782,820,788,830,9272
Sierpów,POLREGIO Spółka Akcyjna,124,116,124,120,122,117,124,124,119,124,119,124,1457
Sierpów ,,903,846,891,863,884,854,896,886,901,944,907,954,10729
Drzewica,Koleje Mazowieckie - KM Spółka z o.o.,398,374,394,384,390,380,402,394,384,402,376,436,4714
Drzewica,Łódzka Kolej Aglomeracyjna Sp. z o.o.,460,432,456,444,452,440,464,456,308,464,436,466,5278
Drzewica,PKP INTERCITY Spółka Akcyjna ,62,58,62,60,62,60,62,62,60,62,60,62,732
Drzewica ,,920,864,912,888,904,880,928,912,752,928,872,964,10724
Łódź Zarzew,Łódzka Kolej Aglomeracyjna Sp. z o.o.,,,,,,,,,2624,2721,1923,2143,9411
Łódź Zarzew,PKP INTERCITY Spółka Akcyjna ,,,,,,,,,,,273,182,455
Łódź Zarzew,POLREGIO Spółka Akcyjna,,,,,,,,,217,228,218,192,855
Łódź Zarzew ,,,,,,,,,,2841,2949,2414,2517,10721
Bielany Wrocławskie,Koleje Dolnośląskie S.A.,901,847,891,870,916,888,934,921,861,912,851,908,10700
Bielany Wrocławskie ,,901,847,891,870,916,888,934,921,861,912,851,908,10700
Wrocław Partynice,Koleje Dolnośląskie S.A.,901,847,891,869,916,888,934,921,861,912,851,908,10699
Wrocław Partynice ,,901,847,891,869,916,888,934,921,861,912,851,908,10699
Kobierzyce,Koleje Dolnośląskie S.A.,900,847,891,870,916,888,934,921,861,912,851,908,10699
Kobierzyce ,,900,847,891,870,916,888,934,921,861,912,851,908,10699
Wodzisław Śląski Radlin,Koleje Śląskie Spółka z o.o.,895,848,890,870,861,852,907,878,882,928,868,1011,10690
Wodzisław Śląski Radlin ,,895,848,890,870,861,852,907,878,882,928,868,1011,10690
Rybnik Rymer,Koleje Śląskie Spółka z o.o.,895,848,890,870,861,852,907,878,882,928,868,1011,10690
Rybnik Rymer ,,895,848,890,870,861,852,907,878,882,928,868,1011,10690
Radlin Obszary,Koleje Śląskie Spółka z o.o.,895,848,890,870,861,852,907,878,882,928,868,1011,10690
Radlin Obszary ,,895,848,890,870,861,852,907,878,882,928,868,1011,10690
Międzyrzec Podlaski,PKP INTERCITY Spółka Akcyjna ,309,290,311,300,310,306,318,318,309,315,310,328,3724
Międzyrzec Podlaski,POLREGIO Spółka Akcyjna,594,561,584,574,574,569,603,585,577,603,559,577,6960
Międzyrzec Podlaski ,,903,851,895,874,884,875,921,903,886,918,869,905,10684
Biała Podlaska,PKP INTERCITY Spółka Akcyjna ,309,290,311,300,310,306,318,318,310,313,310,328,3723
Biała Podlaska,POLREGIO Spółka Akcyjna,593,561,584,574,574,569,603,585,577,601,559,577,6957
Biała Podlaska ,,902,851,895,874,884,875,921,903,887,914,869,905,10680
Rokitki,Koleje Dolnośląskie S.A.,848,796,846,822,843,820,851,848,769,850,813,842,9948
Rokitki,PKP INTERCITY Spółka Akcyjna ,62,58,62,60,62,60,61,60,51,61,60,60,717
Rokitki ,,910,854,908,882,905,880,912,908,820,911,873,902,10665
Zegrze Południowe,Szybka Kolej Miejska Sp. z o.o.,900,856,866,868,848,887,1002,956,878,938,810,844,10653
Zegrze Południowe ,,900,856,866,868,848,887,1002,956,878,938,810,844,10653
Wieliszew Centrum,Szybka Kolej Miejska Sp. z o.o.,900,856,866,868,848,887,1002,956,878,938,810,844,10653
Wieliszew Centrum ,,900,856,866,868,848,887,1002,956,878,938,810,844,10653
Jastrząb,Koleje Mazowieckie - KM Spółka z o.o.,826,776,822,800,819,793,832,823,800,832,789,819,9731
Jastrząb,PKP INTERCITY Spółka Akcyjna ,,,2,,,,,,,,,,2
Jastrząb,POLREGIO Spółka Akcyjna,,,68,92,88,90,100,92,94,100,84,90,898
Jastrząb ,,826,776,892,892,907,883,932,915,894,932,873,909,10631
Rożki,Koleje Mazowieckie - KM Spółka z o.o.,826,776,822,800,819,794,832,823,800,832,789,819,9732
Rożki,POLREGIO Spółka Akcyjna,,,68,92,88,90,100,92,94,100,84,90,898
Rożki ,,826,776,890,892,907,884,932,915,894,932,873,909,10630
Radom Południowy,Koleje Mazowieckie - KM Spółka z o.o.,826,776,822,800,819,794,832,823,800,832,789,819,9732
Radom Południowy,POLREGIO Spółka Akcyjna,,,68,92,88,90,100,92,94,100,84,90,898
Radom Południowy ,,826,776,890,892,907,884,932,915,894,932,873,909,10630
Szydłowiec,Koleje Mazowieckie - KM Spółka z o.o.,826,776,822,800,819,793,832,823,800,832,789,819,9731
Szydłowiec,POLREGIO Spółka Akcyjna,,,68,92,88,90,100,92,94,100,84,90,898
Szydłowiec ,,826,776,890,892,907,883,932,915,894,932,873,909,10629
Lipowe Pole,Koleje Mazowieckie - KM Spółka z o.o.,826,776,822,800,819,793,832,823,800,832,789,819,9731
Lipowe Pole,POLREGIO Spółka Akcyjna,,,68,92,88,90,100,92,94,100,84,90,898
Lipowe Pole ,,826,776,890,892,907,883,932,915,894,932,873,909,10629
Gąsawy Plebańskie,Koleje Mazowieckie - KM Spółka z o.o.,826,776,822,800,819,793,832,823,800,832,789,819,9731
Gąsawy Plebańskie,POLREGIO Spółka Akcyjna,,,68,92,88,90,100,92,94,100,84,90,898
Gąsawy Plebańskie ,,826,776,890,892,907,883,932,915,894,932,873,909,10629
Wola Lipieniecka,Koleje Mazowieckie - KM Spółka z o.o.,826,776,822,800,819,793,832,823,800,832,789,819,9731
Wola Lipieniecka,POLREGIO Spółka Akcyjna,,,68,92,88,90,100,92,94,100,84,89,897
Wola Lipieniecka ,,826,776,890,892,907,883,932,915,894,932,873,908,10628
Ruda Wielka,Koleje Mazowieckie - KM Spółka z o.o.,826,776,822,800,819,793,832,823,800,832,789,819,9731
Ruda Wielka,POLREGIO Spółka Akcyjna,,,68,92,88,90,100,92,94,100,84,89,897
Ruda Wielka ,,826,776,890,892,907,883,932,915,894,932,873,908,10628
Życzyn,Koleje Mazowieckie - KM Spółka z o.o.,901,843,899,873,897,870,900,900,872,906,865,897,10623
Życzyn ,,901,843,899,873,897,870,900,900,872,906,865,897,10623
Wygoda,Koleje Mazowieckie - KM Spółka z o.o.,901,843,899,873,897,870,900,900,872,905,865,897,10622
Wygoda ,,901,843,899,873,897,870,900,900,872,905,865,897,10622
Mika,Koleje Mazowieckie - KM Spółka z o.o.,901,843,899,873,897,870,900,900,872,905,865,897,10622
Mika ,,901,843,899,873,897,870,900,900,872,905,865,897,10622
Grabniak,Koleje Mazowieckie - KM Spółka z o.o.,901,843,899,873,897,870,900,900,872,905,865,897,10622
Grabniak ,,901,843,899,873,897,870,900,900,872,905,865,897,10622
Rokitnia Stara,Koleje Mazowieckie - KM Spółka z o.o.,901,839,899,873,897,870,900,900,872,906,865,897,10619
Rokitnia Stara ,,901,839,899,873,897,870,900,900,872,906,865,897,10619
Pionki,Koleje Mazowieckie - KM Spółka z o.o.,926,871,914,892,900,850,803,784,892,942,880,962,10616
Pionki ,,926,871,914,892,900,850,803,784,892,942,880,962,10616
Jedlnia-Letnisko,Koleje Mazowieckie - KM Spółka z o.o.,926,870,914,892,900,850,803,784,892,942,880,962,10615
Jedlnia-Letnisko ,,926,870,914,892,900,850,803,784,892,942,880,962,10615
Jedlnia Kościelna,Koleje Mazowieckie - KM Spółka z o.o.,926,870,914,892,900,850,803,784,892,942,880,962,10615
Jedlnia Kościelna ,,926,870,914,892,900,850,803,784,892,942,880,962,10615
Dąbrówka Zabłotnia,Koleje Mazowieckie - KM Spółka z o.o.,823,776,822,800,819,790,829,823,795,832,789,819,9717
Dąbrówka Zabłotnia,POLREGIO Spółka Akcyjna,,,68,92,88,90,100,92,94,100,84,90,898
Dąbrówka Zabłotnia ,,823,776,890,892,907,880,929,915,889,932,873,909,10615
Rajec Poduchowny,Koleje Mazowieckie - KM Spółka z o.o.,926,870,914,887,900,850,803,784,892,942,880,962,10610
Rajec Poduchowny ,,926,870,914,887,900,850,803,784,892,942,880,962,10610
Groszowice Wrzosów,Koleje Mazowieckie - KM Spółka z o.o.,926,870,914,887,900,850,803,784,892,942,880,962,10610
Groszowice Wrzosów ,,926,870,914,887,900,850,803,784,892,942,880,962,10610
Antoniówka,Koleje Mazowieckie - KM Spółka z o.o.,926,870,914,887,900,850,803,784,892,942,880,962,10610
Antoniówka ,,926,870,914,887,900,850,803,784,892,942,880,962,10610
Witonia,Łódzka Kolej Aglomeracyjna Sp. z o.o.,779,730,767,743,762,736,772,764,741,774,751,810,9129
Witonia,POLREGIO Spółka Akcyjna,124,116,124,120,121,118,124,124,119,124,119,124,1457
Witonia ,,903,846,891,863,883,854,896,888,860,898,870,934,10586
Rakoniewice,Koleje Wielkopolskie Sp. z o.o.,903,857,889,878,856,857,920,884,878,920,863,870,10575
Rakoniewice,Parowozownia Wolsztyn,,,,,4,,,,,,,,4
Rakoniewice ,,903,857,889,878,860,857,920,884,878,920,863,870,10579
Gawrony,Łódzka Kolej Aglomeracyjna Sp. z o.o.,779,730,767,743,762,735,772,762,740,774,750,810,9124
Gawrony,POLREGIO Spółka Akcyjna,124,116,124,120,121,117,124,122,119,124,119,124,1454
Gawrony ,,903,846,891,863,883,852,896,884,859,898,869,934,10578
Ruchocice,Koleje Wielkopolskie Sp. z o.o.,903,856,889,878,856,855,920,884,878,920,860,870,10569
Ruchocice ,,903,856,889,878,856,855,920,884,878,920,860,870,10569
Drzymałowo,Koleje Wielkopolskie Sp. z o.o.,903,856,889,878,855,855,920,884,878,920,860,870,10568
Drzymałowo ,,903,856,889,878,855,855,920,884,878,920,860,870,10568
Kępno,CARGO Master Spółka z o.o.,,,2,,,,,,,,,,2
Kępno,Koleje Dolnośląskie S.A.,,,,,,,2,,,,,,2
Kępno,Koleje Śląskie Spółka z o.o.,,,,,,6,,,,,,,6
Kępno,Koleje Wielkopolskie Sp. z o.o.,265,250,259,255,258,250,270,260,254,270,247,207,3045
Kępno,Łódzka Kolej Aglomeracyjna Sp. z o.o.,,,,,,4,,,,,,,4
Kępno,PKP INTERCITY Spółka Akcyjna ,372,347,312,300,310,338,434,431,291,310,301,312,4058
Kępno,POLREGIO Spółka Akcyjna,294,279,291,284,286,280,301,290,282,300,275,286,3448
Kępno ,,931,876,864,839,854,878,1007,981,827,880,823,805,10565
Hel,CARGO Master Spółka z o.o.,,,,2,,,,,,,,,2
Hel,PKP INTERCITY Spółka Akcyjna ,,,,4,26,122,372,372,26,,,,922
Hel,POLREGIO Spółka Akcyjna,682,637,682,676,883,894,1174,1177,803,682,660,682,9632
Hel ,,682,637,682,682,909,1016,1546,1549,829,682,660,682,10556
Chabówka Stadion,Koleje Małopolskie Sp. z o.o.,18,16,,,14,12,16,22,2,,,16,116
Chabówka Stadion,Koleje Śląskie Spółka z o.o.,10,8,,,14,12,16,22,2,,,14,98
Chabówka Stadion,PKP INTERCITY Spółka Akcyjna ,370,347,248,235,248,276,370,372,243,246,120,368,3443
Chabówka Stadion,POLREGIO Spółka Akcyjna,591,564,598,581,589,580,602,597,577,604,285,731,6899
Chabówka Stadion ,,989,935,846,816,865,880,1004,1013,824,850,405,1129,10556
Jurata,PKP INTERCITY Spółka Akcyjna ,,,,4,26,122,372,372,26,,,,922
Jurata,POLREGIO Spółka Akcyjna,682,637,682,676,883,894,1174,1177,803,682,660,682,9632
Jurata ,,682,637,682,680,909,1016,1546,1549,829,682,660,682,10554
Jastarnia,PKP INTERCITY Spółka Akcyjna ,,,,4,26,122,372,372,26,,,,922
Jastarnia,POLREGIO Spółka Akcyjna,682,637,682,676,883,894,1174,1177,803,682,660,682,9632
Jastarnia ,,682,637,682,680,909,1016,1546,1549,829,682,660,682,10554
Kuźnica (Hel),PKP INTERCITY Spółka Akcyjna ,,,,4,26,122,372,372,26,,,,922
Kuźnica (Hel),POLREGIO Spółka Akcyjna,682,637,682,676,883,894,1173,1176,803,682,660,682,9630
Kuźnica (Hel) ,,682,637,682,680,909,1016,1545,1548,829,682,660,682,10552
Chałupy,PKP INTERCITY Spółka Akcyjna ,,,,4,26,122,372,372,26,,,,922
Chałupy,POLREGIO Spółka Akcyjna,682,637,682,676,883,894,1173,1176,803,682,660,682,9630
Chałupy ,,682,637,682,680,909,1016,1545,1548,829,682,660,682,10552
Rostarzewo,Koleje Wielkopolskie Sp. z o.o.,903,837,885,878,856,855,920,884,878,920,854,870,10540
Rostarzewo ,,903,837,885,878,856,855,920,884,878,920,854,870,10540
Adamowo,Koleje Wielkopolskie Sp. z o.o.,903,837,886,878,855,855,920,884,878,920,854,870,10540
Adamowo ,,903,837,886,878,855,855,920,884,878,920,854,870,10540
Tłoki,Koleje Wielkopolskie Sp. z o.o.,903,837,885,878,855,855,920,884,878,920,854,870,10539
Tłoki ,,903,837,885,878,855,855,920,884,878,920,854,870,10539
Zaosie,Łódzka Kolej Aglomeracyjna Sp. z o.o.,832,780,828,803,823,800,836,829,803,836,796,872,9838
Zaosie,POLREGIO Spółka Akcyjna,40,38,54,43,62,60,60,62,55,62,60,96,692
Zaosie ,,872,818,882,846,885,860,896,891,858,898,856,968,10530
Wykno,Łódzka Kolej Aglomeracyjna Sp. z o.o.,832,780,828,803,823,800,836,829,803,836,796,872,9838
Wykno,POLREGIO Spółka Akcyjna,40,38,54,43,62,60,60,62,55,62,60,96,692
Wykno ,,872,818,882,846,885,860,896,891,858,898,856,968,10530
Skrzynki,Łódzka Kolej Aglomeracyjna Sp. z o.o.,832,780,828,803,823,800,836,829,803,836,796,872,9838
Skrzynki,POLREGIO Spółka Akcyjna,40,38,54,43,62,60,60,62,55,62,60,96,692
Skrzynki ,,872,818,882,846,885,860,896,891,858,898,856,968,10530
Nowa Sucha,Koleje Mazowieckie - KM Spółka z o.o.,896,843,891,867,884,859,900,889,865,903,832,884,10513
Nowa Sucha ,,896,843,891,867,884,859,900,889,865,903,832,884,10513
Kęszyce,Koleje Mazowieckie - KM Spółka z o.o.,896,843,891,867,884,859,900,889,865,903,832,884,10513
Kęszyce ,,896,843,891,867,884,859,900,889,865,903,832,884,10513
Kornelin,Koleje Mazowieckie - KM Spółka z o.o.,896,843,891,867,884,859,900,889,865,903,832,884,10513
Kornelin ,,896,843,891,867,884,859,900,889,865,903,832,884,10513
Jasionna Łowicka,Koleje Mazowieckie - KM Spółka z o.o.,896,843,891,867,884,859,900,889,865,903,832,884,10513
Jasionna Łowicka ,,896,843,891,867,884,859,900,889,865,903,832,884,10513
Bednary,Koleje Mazowieckie - KM Spółka z o.o.,896,843,891,867,884,859,900,889,865,903,832,884,10513
Bednary ,,896,843,891,867,884,859,900,889,865,903,832,884,10513
Mysłaków,Koleje Mazowieckie - KM Spółka z o.o.,894,843,891,867,884,859,900,889,865,903,832,884,10511
Mysłaków ,,894,843,891,867,884,859,900,889,865,903,832,884,10511
Żurawica Rozrządowa,PKP INTERCITY Spółka Akcyjna ,,,,,,,,,,,2,,2
Żurawica Rozrządowa,POLREGIO Spółka Akcyjna,888,838,888,862,881,860,896,888,864,898,852,885,10500
Żurawica Rozrządowa ,,888,838,888,862,881,860,896,888,864,898,854,885,10502
Żurawica Osobowa,POLREGIO Spółka Akcyjna,888,838,888,862,881,860,896,888,864,898,852,885,10500
Żurawica Osobowa ,,888,838,888,862,881,860,896,888,864,898,852,885,10500
Walawa,POLREGIO Spółka Akcyjna,888,838,888,862,881,860,896,888,864,898,852,885,10500
Walawa ,,888,838,888,862,881,860,896,888,864,898,852,885,10500
Sośnica Jarosławska,POLREGIO Spółka Akcyjna,888,838,888,862,881,860,896,888,864,898,852,885,10500
Sośnica Jarosławska ,,888,838,888,862,881,860,896,888,864,898,852,885,10500
Niziny,POLREGIO Spółka Akcyjna,888,838,888,862,881,860,896,888,864,898,852,885,10500
Niziny ,,888,838,888,862,881,860,896,888,864,898,852,885,10500
Ostrów koło Radymna,POLREGIO Spółka Akcyjna,888,838,888,862,880,860,896,888,864,898,852,884,10498
Ostrów koło Radymna ,,888,838,888,862,880,860,896,888,864,898,852,884,10498
Słotwiny,Łódzka Kolej Aglomeracyjna Sp. z o.o.,832,780,828,803,823,800,836,829,803,836,796,872,9838
Słotwiny,POLREGIO Spółka Akcyjna,40,38,54,43,62,60,60,62,55,62,60,62,658
Słotwiny ,,872,818,882,846,885,860,896,891,858,898,856,934,10496
Marciszów,Koleje Dolnośląskie S.A.,817,766,827,798,828,799,822,825,767,823,801,875,9748
Marciszów,POLREGIO Spółka Akcyjna,59,58,62,60,62,60,62,62,60,62,60,62,729
Marciszów ,,876,824,889,858,890,859,884,887,827,885,861,937,10477
Boguszów-Gorce,Koleje Dolnośląskie S.A.,816,767,825,798,828,799,822,825,767,821,799,876,9743
Boguszów-Gorce,LEO Express Global a.s.,,,1,,,,,,,,,,1
Boguszów-Gorce,POLREGIO Spółka Akcyjna,60,58,62,60,62,60,62,62,60,62,60,62,730
Boguszów-Gorce ,,876,825,888,858,890,859,884,887,827,883,859,938,10474
Łowicz Przedmieście,Łódzka Kolej Aglomeracyjna Sp. z o.o.,971,916,984,972,984,960,456,,1032,1082,987,1096,10440
Łowicz Przedmieście,PKP INTERCITY Spółka Akcyjna ,,,1,,,,,,,,,,1
Łowicz Przedmieście ,,971,916,985,972,984,960,456,,1032,1082,987,1096,10441
Wierzchucin,Arriva RP Sp. z o.o.,911,852,882,853,866,845,892,876,853,894,844,865,10433
Wierzchucin,CARGO Master Spółka z o.o.,,,,2,,,,,,,,,2
Wierzchucin ,,911,852,882,855,866,845,892,876,853,894,844,865,10435
Nędza Wieś,Koleje Śląskie Spółka z o.o.,878,831,872,852,835,835,890,857,849,894,825,925,10343
Nędza Wieś ,,878,831,872,852,835,835,890,857,849,894,825,925,10343
Górki Śląskie,Koleje Śląskie Spółka z o.o.,878,831,872,852,835,835,890,857,849,894,825,925,10343
Górki Śląskie ,,878,831,872,852,835,835,890,857,849,894,825,925,10343
Sumina,Koleje Śląskie Spółka z o.o.,878,831,872,852,835,835,890,859,849,894,825,909,10329
Sumina ,,878,831,872,852,835,835,890,859,849,894,825,909,10329
Szymocice,Koleje Śląskie Spółka z o.o.,878,831,872,852,835,835,890,857,849,894,825,909,10327
Szymocice ,,878,831,872,852,835,835,890,857,849,894,825,909,10327
Starachowice Wschodnie,PKP INTERCITY Spółka Akcyjna ,124,116,124,120,124,120,124,124,120,124,120,124,1464
Starachowice Wschodnie,POLREGIO Spółka Akcyjna,750,705,745,726,740,720,756,746,726,756,714,773,8857
Starachowice Wschodnie ,,874,821,869,846,864,840,880,870,846,880,834,897,10321
Ostrowiec Świętokrzyski,PKP INTERCITY Spółka Akcyjna ,122,116,124,120,124,120,124,124,120,124,120,124,1462
Ostrowiec Świętokrzyski,POLREGIO Spółka Akcyjna,750,705,745,726,740,720,756,746,726,757,714,773,8858
Ostrowiec Świętokrzyski ,,872,821,869,846,864,840,880,870,846,881,834,897,10320
Góra Kalwaria,Koleje Mazowieckie - KM Spółka z o.o.,880,832,872,850,861,822,889,872,852,896,828,858,10312
Góra Kalwaria,PKP INTERCITY Spółka Akcyjna ,,,1,,,,,,,,,,1
Góra Kalwaria ,,880,832,873,850,861,822,889,872,852,896,828,858,10313
Czachówek Wschodni,Koleje Mazowieckie - KM Spółka z o.o.,880,832,872,850,861,823,889,872,852,896,828,858,10313
Czachówek Wschodni ,,880,832,872,850,861,823,889,872,852,896,828,858,10313
Bytom,Koleje Śląskie Spółka z o.o.,798,718,850,828,800,818,852,826,812,866,806,1298,10272
Bytom ,,798,718,850,828,800,818,852,826,812,866,806,1298,10272
Skarżysko Kościelne,PKP INTERCITY Spółka Akcyjna ,124,116,124,120,124,120,124,124,120,124,120,56,1396
Skarżysko Kościelne,POLREGIO Spółka Akcyjna,750,706,745,726,740,720,757,746,726,756,722,774,8868
Skarżysko Kościelne ,,874,822,869,846,864,840,881,870,846,880,842,830,10264
Ostaszewo Toruńskie,Arriva RP Sp. z o.o.,833,788,827,818,820,824,907,882,866,912,860,872,10209
Ostaszewo Toruńskie ,,833,788,827,818,820,824,907,882,866,912,860,872,10209
Łysomice,Arriva RP Sp. z o.o.,833,788,827,818,820,824,907,882,866,912,860,872,10209
Łysomice ,,833,788,827,818,820,824,907,882,866,912,860,872,10209
Nakło nad Notecią,CARGO Master Spółka z o.o.,,,,4,,,,,,,,,4
Nakło nad Notecią,PKP INTERCITY Spółka Akcyjna ,186,174,186,180,186,199,248,248,181,186,180,186,2340
Nakło nad Notecią,POLREGIO Spółka Akcyjna,684,648,673,661,626,636,625,600,661,702,643,698,7857
Nakło nad Notecią ,,870,822,859,845,812,835,873,848,842,888,823,884,10201
Budzyń,Koleje Wielkopolskie Sp. z o.o.,551,532,554,546,540,538,569,552,548,572,534,524,6560
Budzyń,POLREGIO Spółka Akcyjna,307,290,305,299,310,297,309,310,298,310,300,306,3641
Budzyń ,,858,822,859,845,850,835,878,862,846,882,834,830,10201
Ostrówki koło Chodzieży,Koleje Wielkopolskie Sp. z o.o.,551,532,554,546,538,538,569,552,546,572,534,524,6556
Ostrówki koło Chodzieży,POLREGIO Spółka Akcyjna,306,290,305,299,310,297,309,310,298,310,300,306,3640
Ostrówki koło Chodzieży ,,857,822,859,845,848,835,878,862,844,882,834,830,10196
Dziembówko,Koleje Wielkopolskie Sp. z o.o.,551,532,554,546,542,533,569,552,546,572,534,524,6555
Dziembówko,POLREGIO Spółka Akcyjna,306,290,305,299,310,295,309,310,298,310,300,306,3638
Dziembówko ,,857,822,859,845,852,828,878,862,844,882,834,830,10193
Grzywna,Arriva RP Sp. z o.o.,833,788,827,818,820,824,907,882,848,912,860,872,10191
Grzywna ,,833,788,827,818,820,824,907,882,848,912,860,872,10191
Piła Kalina,Koleje Wielkopolskie Sp. z o.o.,551,532,554,546,538,533,569,552,546,572,534,524,6551
Piła Kalina,POLREGIO Spółka Akcyjna,306,290,305,299,310,295,309,310,298,310,300,306,3638
Piła Kalina ,,857,822,859,845,848,828,878,862,844,882,834,830,10189
Milcz,Koleje Wielkopolskie Sp. z o.o.,551,532,554,546,538,533,569,552,546,572,534,524,6551
Milcz,POLREGIO Spółka Akcyjna,306,290,305,299,310,295,309,310,298,310,300,306,3638
Milcz ,,857,822,859,845,848,828,878,862,844,882,834,830,10189
Tarnowo Rogozińskie,Koleje Wielkopolskie Sp. z o.o.,538,532,554,546,538,538,569,552,546,572,534,524,6543
Tarnowo Rogozińskie,POLREGIO Spółka Akcyjna,292,290,305,299,310,297,309,310,298,310,300,306,3626
Tarnowo Rogozińskie ,,830,822,859,845,848,835,878,862,844,882,834,830,10169
Sokołowo Budzyńskie,Koleje Wielkopolskie Sp. z o.o.,538,532,554,546,538,538,569,552,546,572,534,524,6543
Sokołowo Budzyńskie,POLREGIO Spółka Akcyjna,292,290,305,299,310,297,309,310,298,310,300,306,3626
Sokołowo Budzyńskie ,,830,822,859,845,848,835,878,862,844,882,834,830,10169
Krotoszyn,Koleje Dolnośląskie S.A.,185,172,184,179,186,178,182,184,178,186,180,320,2314
Krotoszyn,Koleje Wielkopolskie Sp. z o.o.,608,574,601,599,696,648,604,434,426,447,412,412,6461
Krotoszyn,PKP INTERCITY Spółka Akcyjna ,115,108,111,111,116,108,112,117,106,117,111,151,1383
Krotoszyn ,,908,854,896,889,998,934,898,735,710,750,703,883,10158
Hagenwerder,Die Länderbahn Gmbh DLB,,,,,,,,,2,,,,2
Hagenwerder,ODEG Ostdeutsche Eisenbahn GmbH,,,943,1034,1052,930,1040,1066,989,971,1032,1064,10121
Hagenwerder ,,,,943,1034,1052,930,1040,1066,991,971,1032,1064,10123
Krzewina Zgorzelecka,ODEG Ostdeutsche Eisenbahn GmbH,,,943,1034,1052,930,1040,1066,989,971,1032,1064,10121
Krzewina Zgorzelecka ,,,,943,1034,1052,930,1040,1066,989,971,1032,1064,10121
Zittau,Die Länderbahn Gmbh DLB,,,,,,,,,2,,,,2
Zittau,ODEG Ostdeutsche Eisenbahn GmbH,,,943,1034,1052,930,1040,1066,989,969,1030,1064,10117
Zittau ,,,,943,1034,1052,930,1040,1066,991,969,1030,1064,10119
Hirschfelde,ODEG Ostdeutsche Eisenbahn GmbH,,,943,1034,1052,930,1040,1066,989,971,1030,1064,10119
Hirschfelde ,,,,943,1034,1052,930,1040,1066,989,971,1030,1064,10119
Balin,Koleje Śląskie Spółka z o.o.,,,,,,,,,,,,51,51
Balin,POLREGIO Spółka Akcyjna,866,812,854,826,868,840,868,867,840,867,840,715,10063
Balin ,,866,812,854,826,868,840,868,867,840,867,840,766,10114
Ostrzeszów,Koleje Wielkopolskie Sp. z o.o.,265,252,259,255,258,250,270,261,254,270,247,207,3048
Ostrzeszów,Łódzka Kolej Aglomeracyjna Sp. z o.o.,,,,,,2,,,,,,,2
Ostrzeszów,PKP INTERCITY Spółka Akcyjna ,310,290,310,300,310,319,373,432,295,310,300,310,3859
Ostrzeszów,POLREGIO Spółka Akcyjna,272,258,270,263,266,260,278,269,261,277,256,266,3196
Ostrzeszów ,,847,800,839,818,834,831,921,962,810,857,803,783,10105
Wrocław Pawłowice,Koleje Dolnośląskie S.A.,863,814,852,835,841,820,878,854,826,881,807,830,10101
Wrocław Pawłowice ,,863,814,852,835,841,820,878,854,826,881,807,830,10101
Wrocław Zakrzów,Koleje Dolnośląskie S.A.,863,814,852,835,841,820,878,854,826,881,807,830,10101
Wrocław Zakrzów ,,863,814,852,835,841,820,878,854,826,881,807,830,10101
Mrzezino,POLREGIO Spółka Akcyjna,733,688,733,727,922,924,1179,1175,845,735,708,727,10096
Mrzezino ,,733,688,733,727,922,924,1179,1175,845,735,708,727,10096
Pasikurowice,Koleje Dolnośląskie S.A.,863,814,852,835,841,826,886,811,826,881,807,830,10072
Pasikurowice ,,863,814,852,835,841,826,886,811,826,881,807,830,10072
Grybów,Koleje Małopolskie Sp. z o.o.,71,66,71,70,70,76,94,95,61,71,68,68,881
Grybów,PKP CARGO S.A. w restrukturyzacji,,,,,,,,,2,,,,2
Grybów,PKP INTERCITY Spółka Akcyjna ,141,131,144,138,146,140,137,143,137,140,142,156,1695
Grybów,POLREGIO Spółka Akcyjna,629,598,623,614,620,610,642,626,613,640,600,672,7487
Grybów ,,841,795,838,822,836,826,873,864,813,851,810,896,10065
Stróże,Koleje Małopolskie Sp. z o.o.,71,66,71,70,69,76,94,95,61,71,68,68,880
Stróże,PKP CARGO S.A. w restrukturyzacji,,,,,,,,,2,,,,2
Stróże,PKP INTERCITY Spółka Akcyjna ,141,131,144,137,146,140,137,143,137,140,142,156,1694
Stróże,POLREGIO Spółka Akcyjna,629,598,623,614,620,610,642,626,613,640,600,672,7487
Stróże ,,841,795,838,821,835,826,873,864,813,851,810,896,10063
Ramiszów,Koleje Dolnośląskie S.A.,863,814,852,835,841,820,878,803,826,881,807,830,10050
Ramiszów ,,863,814,852,835,841,820,878,803,826,881,807,830,10050
Zagajnik,Koleje Dolnośląskie S.A.,850,796,848,820,844,820,852,841,819,852,818,863,10023
Zagajnik ,,850,796,848,820,844,820,852,841,819,852,818,863,10023
Wąbrzeźno,CARGO Master Spółka z o.o.,1,,,,,,,,,,,,1
Wąbrzeźno,PKP INTERCITY Spółka Akcyjna ,307,290,309,300,310,300,310,310,300,309,299,344,3688
Wąbrzeźno,POLREGIO Spółka Akcyjna,538,508,529,519,502,513,552,528,522,552,515,522,6300
Wąbrzeźno ,,846,798,838,819,812,813,862,838,822,861,814,866,9989
Kowalewo Pomorskie,CARGO Master Spółka z o.o.,1,,,,,,,,,,,,1
Kowalewo Pomorskie,PKP INTERCITY Spółka Akcyjna ,307,290,309,300,310,300,310,310,300,309,299,344,3688
Kowalewo Pomorskie,POLREGIO Spółka Akcyjna,538,508,529,519,502,513,552,528,522,552,515,522,6300
Kowalewo Pomorskie ,,846,798,838,819,812,813,862,838,822,861,814,866,9989
Jędrzychowice,Koleje Dolnośląskie S.A.,476,448,475,460,473,460,480,476,460,480,458,474,5620
Jędrzychowice,POLREGIO Spółka Akcyjna,366,348,370,358,372,357,370,372,360,372,348,368,4361
Jędrzychowice ,,842,796,845,818,845,817,850,848,820,852,806,842,9981
Jezierzany,Koleje Dolnośląskie S.A.,847,796,847,822,845,820,849,848,781,850,813,843,9961
Jezierzany ,,847,796,847,822,845,820,849,848,781,850,813,843,9961
Wyszków,Koleje Mazowieckie - KM Spółka z o.o.,820,790,828,808,816,799,848,830,827,863,806,914,9949
Wyszków,PKP INTERCITY Spółka Akcyjna ,,,3,,,,1,,,,,,4
Wyszków ,,820,790,831,808,816,799,849,830,827,863,806,914,9953
Bobowa-Miasto,Koleje Małopolskie Sp. z o.o.,71,66,71,70,69,70,70,71,61,71,68,68,826
Bobowa-Miasto,PKP INTERCITY Spółka Akcyjna ,141,131,144,137,146,140,137,143,137,140,142,156,1694
Bobowa-Miasto,POLREGIO Spółka Akcyjna,629,598,623,613,620,610,642,622,613,640,600,618,7428
Bobowa-Miasto ,,841,795,838,820,835,820,849,836,811,851,810,842,9948
Mostówka,Koleje Mazowieckie - KM Spółka z o.o.,820,790,828,809,817,796,848,830,827,863,805,914,9947
Mostówka ,,820,790,828,809,817,796,848,830,827,863,805,914,9947
Chotyłów,PKP INTERCITY Spółka Akcyjna ,309,290,311,300,310,306,318,318,310,313,308,328,3721
Chotyłów,POLREGIO Spółka Akcyjna,527,498,521,511,514,509,534,522,514,533,502,520,6205
Chotyłów ,,836,788,832,811,824,815,852,840,824,846,810,848,9926
Terespol,PKP INTERCITY Spółka Akcyjna ,309,290,311,300,310,306,318,318,310,313,308,328,3721
Terespol,POLREGIO Spółka Akcyjna,528,498,520,512,514,509,534,522,514,533,500,520,6204
Terespol ,,837,788,831,812,824,815,852,840,824,846,808,848,9925
Małaszewicze,PKP INTERCITY Spółka Akcyjna ,309,290,311,300,310,306,318,318,310,313,308,328,3721
Małaszewicze,POLREGIO Spółka Akcyjna,528,498,520,511,514,509,534,522,514,533,500,520,6203
Małaszewicze ,,837,788,831,811,824,815,852,840,824,846,808,848,9924
Włocławek Zazamcze,POLREGIO Spółka Akcyjna,844,794,835,814,802,805,854,823,813,853,804,813,9854
Włocławek Zazamcze ,,844,794,835,814,802,805,854,823,813,853,804,813,9854
Turzno Kujawskie,POLREGIO Spółka Akcyjna,844,794,835,814,802,805,854,823,813,853,804,813,9854
Turzno Kujawskie ,,844,794,835,814,802,805,854,823,813,853,804,813,9854
Otłoczyn,POLREGIO Spółka Akcyjna,844,794,835,814,802,805,854,823,813,853,804,813,9854
Otłoczyn ,,844,794,835,814,802,805,854,823,813,853,804,813,9854
Nieszawa Waganiec,POLREGIO Spółka Akcyjna,844,794,835,814,802,805,854,823,813,853,804,813,9854
Nieszawa Waganiec ,,844,794,835,814,802,805,854,823,813,853,804,813,9854
Lubanie,POLREGIO Spółka Akcyjna,844,794,835,814,802,805,854,823,813,853,804,813,9854
Lubanie ,,844,794,835,814,802,805,854,823,813,853,804,813,9854
Brzezie,POLREGIO Spółka Akcyjna,844,794,835,814,802,805,854,823,813,853,804,813,9854
Brzezie ,,844,794,835,814,802,805,854,823,813,853,804,813,9854
Toruń Czerniewice,POLREGIO Spółka Akcyjna,844,794,835,814,802,805,854,823,813,853,803,813,9853
Toruń Czerniewice ,,844,794,835,814,802,805,854,823,813,853,803,813,9853
Dobiegniew,PKP INTERCITY Spółka Akcyjna ,496,462,432,420,435,439,496,496,427,434,420,547,5504
Dobiegniew,POLREGIO Spółka Akcyjna,361,340,359,356,369,359,380,383,350,364,345,367,4333
Dobiegniew ,,857,802,791,776,804,798,876,879,777,798,765,914,9837
Płock,CARGO Master Spółka z o.o.,,,,,1,,,,,,,,1
Płock,Koleje Mazowieckie - KM Spółka z o.o.,663,594,612,683,699,681,710,707,685,690,606,1026,8356
Płock,PKP INTERCITY Spółka Akcyjna ,124,118,119,120,124,120,124,124,122,125,121,123,1464
Płock ,,787,712,731,803,824,801,834,831,807,815,727,1149,9821
Rurka,POLREGIO Spółka Akcyjna,838,800,834,825,821,812,742,728,867,905,859,780,9811
Rurka ,,838,800,834,825,821,812,742,728,867,905,859,780,9811
Tomaszów Bolesławiecki,Koleje Dolnośląskie S.A.,828,775,827,800,824,799,829,826,799,829,799,858,9793
Tomaszów Bolesławiecki ,,828,775,827,800,824,799,829,826,799,829,799,858,9793
Osetnica,Koleje Dolnośląskie S.A.,828,775,827,800,824,799,829,826,799,829,799,858,9793
Osetnica ,,828,775,827,800,824,799,829,826,799,829,799,858,9793
Okmiany,Koleje Dolnośląskie S.A.,828,775,827,800,824,799,829,826,799,829,799,858,9793
Okmiany ,,828,775,827,800,824,799,829,826,799,829,799,858,9793
Witnica,PKP INTERCITY Spółka Akcyjna ,62,58,62,58,62,58,62,62,60,56,60,62,722
Witnica,POLREGIO Spółka Akcyjna,687,725,752,734,748,743,787,776,777,807,687,822,9045
Witnica ,,749,783,814,792,810,801,849,838,837,863,747,884,9767
Bąkowiec,Koleje Mazowieckie - KM Spółka z o.o.,840,788,830,808,820,790,803,783,807,850,804,842,9765
Bąkowiec,PKP INTERCITY Spółka Akcyjna ,,,2,,,,,,,,,,2
Bąkowiec ,,840,788,832,808,820,790,803,783,807,850,804,842,9767
Żytkowice,Koleje Mazowieckie - KM Spółka z o.o.,840,788,830,808,820,790,803,784,807,850,804,842,9766
Żytkowice ,,840,788,830,808,820,790,803,784,807,850,804,842,9766
Zajezierze koło Dęblina,Koleje Mazowieckie - KM Spółka z o.o.,840,788,830,808,820,790,801,783,807,850,804,842,9763
Zajezierze koło Dęblina,PKP INTERCITY Spółka Akcyjna ,,,,,,,,,,,2,,2
Zajezierze koło Dęblina ,,840,788,830,808,820,790,801,783,807,850,806,842,9765
Garbatka-Letnisko,Koleje Mazowieckie - KM Spółka z o.o.,840,788,830,808,820,790,803,782,807,850,804,842,9764
Garbatka-Letnisko ,,840,788,830,808,820,790,803,782,807,850,804,842,9764
Potok,POLREGIO Spółka Akcyjna,815,772,825,804,824,800,835,829,803,835,795,822,9759
Potok ,,815,772,825,804,824,800,835,829,803,835,795,822,9759
Miąsowa,POLREGIO Spółka Akcyjna,816,772,825,804,824,800,835,829,803,834,795,822,9759
Miąsowa ,,816,772,825,804,824,800,835,829,803,834,795,822,9759
Krzcięcice,POLREGIO Spółka Akcyjna,815,772,825,804,824,800,835,829,803,835,795,822,9759
Krzcięcice ,,815,772,825,804,824,800,835,829,803,835,795,822,9759
Wolica,POLREGIO Spółka Akcyjna,816,772,825,804,823,800,835,829,803,834,795,822,9758
Wolica ,,816,772,825,804,823,800,835,829,803,834,795,822,9758
Sobków,POLREGIO Spółka Akcyjna,816,772,825,804,823,800,835,829,803,834,795,822,9758
Sobków ,,816,772,825,804,823,800,835,829,803,834,795,822,9758
Radkowice,POLREGIO Spółka Akcyjna,816,772,825,804,823,800,835,829,803,834,795,822,9758
Radkowice ,,816,772,825,804,823,800,835,829,803,834,795,822,9758
Częstochowa Aniołów,Łódzka Kolej Aglomeracyjna Sp. z o.o.,,,,,,,,,,,,70,70
Częstochowa Aniołów,POLREGIO Spółka Akcyjna,803,753,780,771,793,769,808,796,774,806,762,1059,9674
Częstochowa Aniołów ,,803,753,780,771,793,769,808,796,774,806,762,1129,9744
Rybienko,Koleje Mazowieckie - KM Spółka z o.o.,802,774,810,790,796,775,832,806,808,847,787,894,9721
Rybienko ,,802,774,810,790,796,775,832,806,808,847,787,894,9721
Lucynów,Koleje Mazowieckie - KM Spółka z o.o.,802,774,810,790,796,775,832,806,808,847,787,894,9721
Lucynów ,,802,774,810,790,796,775,832,806,808,847,787,894,9721
Świebodzin,PKP INTERCITY Spółka Akcyjna ,477,447,470,462,482,471,488,475,461,479,460,465,5637
Świebodzin,POLREGIO Spółka Akcyjna,318,323,318,336,346,334,368,362,325,340,309,401,4080
Świebodzin ,,795,770,788,798,828,805,856,837,786,819,769,866,9717
Sumina Wieś,Koleje Śląskie Spółka z o.o.,878,831,872,852,835,828,888,859,245,894,825,909,9716
Sumina Wieś ,,878,831,872,852,835,828,888,859,245,894,825,909,9716
Rydułtowy,Koleje Śląskie Spółka z o.o.,878,831,872,852,835,829,888,858,245,894,825,909,9716
Rydułtowy ,,878,831,872,852,835,829,888,858,245,894,825,909,9716
Łuków Śląski,Koleje Śląskie Spółka z o.o.,878,831,872,852,835,829,888,858,245,894,825,909,9716
Łuków Śląski ,,878,831,872,852,835,829,888,858,245,894,825,909,9716
Rybnik Niedobczyce,Koleje Śląskie Spółka z o.o.,878,831,872,852,835,829,888,858,245,894,825,908,9715
Rybnik Niedobczyce ,,878,831,872,852,835,829,888,858,245,894,825,908,9715
Rybnik Niewiadom,Koleje Śląskie Spółka z o.o.,878,831,872,852,835,829,888,858,245,894,825,908,9715
Rybnik Niewiadom ,,878,831,872,852,835,829,888,858,245,894,825,908,9715
Jarzębia Łąka,Koleje Mazowieckie - KM Spółka z o.o.,802,774,810,791,797,776,832,808,809,847,787,874,9707
Jarzębia Łąka ,,802,774,810,791,797,776,832,808,809,847,787,874,9707
Grzegorzewo,Koleje Mazowieckie - KM Spółka z o.o.,802,774,810,791,797,776,832,808,809,847,787,874,9707
Grzegorzewo ,,802,774,810,791,797,776,832,808,809,847,787,874,9707
Żelistrzewo,POLREGIO Spółka Akcyjna,733,688,733,727,869,865,1054,1053,809,735,708,727,9701
Żelistrzewo ,,733,688,733,727,869,865,1054,1053,809,735,708,727,9701
Starogard Gdański,CARGO Master Spółka z o.o.,,,,1,,,,,,,,,1
Starogard Gdański,PKP INTERCITY Spółka Akcyjna ,61,58,62,59,62,60,62,62,60,62,60,62,730
Starogard Gdański,POLREGIO Spółka Akcyjna,714,695,745,719,744,718,744,745,719,750,818,846,8957
Starogard Gdański ,,775,753,807,779,806,778,806,807,779,812,878,908,9688
Sobótka,Koleje Dolnośląskie S.A.,812,763,807,788,836,808,846,839,759,820,775,828,9681
Sobótka,PKP INTERCITY Spółka Akcyjna ,,,,,,,,1,,,,,1
Sobótka ,,812,763,807,788,836,808,846,840,759,820,775,828,9682
Kościerzyna,CARGO Master Spółka z o.o.,,,,2,,,,,,,,,2
Kościerzyna,POLREGIO Spółka Akcyjna,817,772,804,781,809,792,843,814,794,828,783,812,9649
Kościerzyna ,,817,772,804,783,809,792,843,814,794,828,783,812,9651
Łobez,PKP INTERCITY Spółka Akcyjna ,368,347,370,358,372,356,372,372,360,372,360,366,4373
Łobez,POLREGIO Spółka Akcyjna,453,428,447,437,434,429,437,425,440,460,428,453,5271
Łobez ,,821,775,817,795,806,785,809,797,800,832,788,819,9644
Nowy Sącz Dąbrówka,POLREGIO Spółka Akcyjna,800,788,809,806,774,790,853,806,801,852,766,784,9629
Nowy Sącz Dąbrówka ,,800,788,809,806,774,790,853,806,801,852,766,784,9629
Nowy Sącz Biegonice,POLREGIO Spółka Akcyjna,799,788,809,806,774,790,852,806,801,852,766,784,9627
Nowy Sącz Biegonice ,,799,788,809,806,774,790,852,806,801,852,766,784,9627
Barcice,POLREGIO Spółka Akcyjna,803,788,809,802,774,790,852,806,801,852,766,784,9627
Barcice ,,803,788,809,802,774,790,852,806,801,852,766,784,9627
Piwniczna,PKP CARGO S.A. w restrukturyzacji,,,,,,,,,1,,1,,2
Piwniczna,POLREGIO Spółka Akcyjna,795,788,810,802,774,790,852,806,801,852,766,784,9620
Piwniczna ,,795,788,810,802,774,790,852,806,802,852,767,784,9622
Zabrzeg,Koleje Śląskie Spółka z o.o.,842,786,845,818,896,835,856,875,695,714,704,754,9620
Zabrzeg ,,842,786,845,818,896,835,856,875,695,714,704,754,9620
Kuźnia Raciborska,PKP INTERCITY Spółka Akcyjna ,247,232,246,240,248,258,310,310,230,248,212,248,3029
Kuźnia Raciborska,POLREGIO Spółka Akcyjna,566,531,560,546,554,540,572,559,546,572,470,574,6590
Kuźnia Raciborska ,,813,763,806,786,802,798,882,869,776,820,682,822,9619
Młodów,POLREGIO Spółka Akcyjna,793,788,809,802,774,790,852,806,801,852,766,784,9617
Młodów ,,793,788,809,802,774,790,852,806,801,852,766,784,9617
Pyskowice,PKP INTERCITY Spółka Akcyjna ,247,229,248,240,248,240,248,246,239,248,239,111,2783
Pyskowice,POLREGIO Spółka Akcyjna,591,558,573,565,567,550,556,539,570,602,549,568,6788
Pyskowice ,,838,787,821,805,815,790,804,785,809,850,788,679,9571
Widzów Teklinów,POLREGIO Spółka Akcyjna,803,753,781,771,793,769,808,796,774,806,762,903,9519
Widzów Teklinów ,,803,753,781,771,793,769,808,796,774,806,762,903,9519
Jacków,POLREGIO Spółka Akcyjna,803,753,781,771,793,769,808,796,774,806,762,903,9519
Jacków ,,803,753,781,771,793,769,808,796,774,806,762,903,9519
Rudniki koło Częstochowy,POLREGIO Spółka Akcyjna,803,753,780,771,793,769,808,796,774,806,762,903,9518
Rudniki koło Częstochowy ,,803,753,780,771,793,769,808,796,774,806,762,903,9518
Rzerzęczyce,POLREGIO Spółka Akcyjna,803,753,780,771,793,769,808,796,774,806,762,903,9518
Rzerzęczyce ,,803,753,780,771,793,769,808,796,774,806,762,903,9518
Kłomnice,POLREGIO Spółka Akcyjna,803,753,780,771,793,769,808,796,774,806,762,903,9518
Kłomnice ,,803,753,780,771,793,769,808,796,774,806,762,903,9518
Bobry,POLREGIO Spółka Akcyjna,803,753,781,770,793,769,808,796,774,806,762,903,9518
Bobry ,,803,753,781,770,793,769,808,796,774,806,762,903,9518
Stare Pole,POLREGIO Spółka Akcyjna,806,754,804,780,806,780,804,806,780,806,780,805,9511
Stare Pole ,,806,754,804,780,806,780,804,806,780,806,780,805,9511
Królewo Malborskie,POLREGIO Spółka Akcyjna,806,754,804,780,806,780,804,806,780,806,780,805,9511
Królewo Malborskie ,,806,754,804,780,806,780,804,806,780,806,780,805,9511
Gronowo Elbląskie,POLREGIO Spółka Akcyjna,806,754,804,780,806,780,804,806,780,806,780,805,9511
Gronowo Elbląskie ,,806,754,804,780,806,780,804,806,780,806,780,805,9511
Fiszewo,POLREGIO Spółka Akcyjna,806,754,804,780,806,780,804,806,780,806,780,805,9511
Fiszewo ,,806,754,804,780,806,780,804,806,780,806,780,805,9511
Swarzewo,POLREGIO Spółka Akcyjna,733,688,733,727,845,834,991,992,791,735,708,727,9504
Swarzewo ,,733,688,733,727,845,834,991,992,791,735,708,727,9504
Jasionka Lotnisko,POLREGIO Spółka Akcyjna,804,750,790,780,806,760,800,802,780,804,780,806,9462
Jasionka Lotnisko ,,804,750,790,780,806,760,800,802,780,804,780,806,9462
Głogów Małopolski Południowy,POLREGIO Spółka Akcyjna,804,750,790,780,806,760,800,802,780,804,780,806,9462
Głogów Małopolski Południowy ,,804,750,790,780,806,760,800,802,780,804,780,806,9462
Bukowno,POLREGIO Spółka Akcyjna,794,773,801,785,766,777,823,786,780,834,762,780,9461
Bukowno ,,794,773,801,785,766,777,823,786,780,834,762,780,9461
Bielsk Podlaski,PKP INTERCITY Spółka Akcyjna ,123,115,124,120,124,120,123,123,120,124,119,124,1459
Bielsk Podlaski,POLREGIO Spółka Akcyjna,689,656,689,667,689,669,657,637,668,699,611,670,8001
Bielsk Podlaski ,,812,771,813,787,813,789,780,760,788,823,730,794,9460
Olkusz,POLREGIO Spółka Akcyjna,793,772,801,784,767,777,823,786,779,833,759,780,9454
Olkusz ,,793,772,801,784,767,777,823,786,779,833,759,780,9454
Wola Rzędzińska,POLREGIO Spółka Akcyjna,794,756,796,774,787,770,812,798,775,812,762,788,9424
Wola Rzędzińska ,,794,756,796,774,787,770,812,798,775,812,762,788,9424
Wałki,POLREGIO Spółka Akcyjna,794,756,796,774,787,770,812,798,775,812,762,788,9424
Wałki ,,794,756,796,774,787,770,812,798,775,812,762,788,9424
Czarna Tarnowska,POLREGIO Spółka Akcyjna,794,756,796,774,787,770,812,798,775,812,762,788,9424
Czarna Tarnowska ,,794,756,796,774,787,770,812,798,775,812,762,788,9424
Grabiny,POLREGIO Spółka Akcyjna,793,756,796,774,787,770,812,798,775,812,761,788,9422
Grabiny ,,793,756,796,774,787,770,812,798,775,812,761,788,9422
Wrocławki,Arriva RP Sp. z o.o.,783,739,781,785,780,756,814,796,782,820,780,792,9408
Wrocławki ,,783,739,781,785,780,756,814,796,782,820,780,792,9408
Kornatowo,Arriva RP Sp. z o.o.,783,739,781,785,780,756,814,796,782,820,780,792,9408
Kornatowo ,,783,739,781,785,780,756,814,796,782,820,780,792,9408
Firlus,Arriva RP Sp. z o.o.,783,739,781,785,780,756,814,796,782,820,780,792,9408
Firlus ,,783,739,781,785,780,756,814,796,782,820,780,792,9408
Nowe Drezdenko,PKP INTERCITY Spółka Akcyjna ,123,116,124,120,124,119,123,124,120,120,120,124,1457
Nowe Drezdenko,POLREGIO Spółka Akcyjna,624,642,667,651,660,651,688,672,659,678,603,712,7907
Nowe Drezdenko ,,747,758,791,771,784,770,811,796,779,798,723,836,9364
Rusinowice,Koleje Śląskie Spółka z o.o.,755,726,766,746,738,731,778,757,834,870,794,865,9360
Rusinowice ,,755,726,766,746,738,731,778,757,834,870,794,865,9360
Koszęcin,Koleje Śląskie Spółka z o.o.,755,726,766,746,738,731,778,757,834,870,794,865,9360
Koszęcin ,,755,726,766,746,738,731,778,757,834,870,794,865,9360
Wrocław Swojczyce,Koleje Dolnośląskie S.A.,799,758,788,773,773,760,818,788,763,818,744,770,9352
Wrocław Swojczyce ,,799,758,788,773,773,760,818,788,763,818,744,770,9352
Wrocław Popiele,Koleje Dolnośląskie S.A.,799,758,788,773,771,760,818,788,763,818,744,770,9350
Wrocław Popiele ,,799,758,788,773,771,760,818,788,763,818,744,770,9350
Wrocław Kowale,Koleje Dolnośląskie S.A.,799,758,788,773,771,760,818,788,763,818,744,770,9350
Wrocław Kowale ,,799,758,788,773,771,760,818,788,763,818,744,770,9350
Świdwin,PKP INTERCITY Spółka Akcyjna ,369,347,370,358,372,359,372,372,360,372,360,366,4377
Świdwin,POLREGIO Spółka Akcyjna,426,403,422,411,414,404,410,402,414,433,405,429,4973
Świdwin ,,795,750,792,769,786,763,782,774,774,805,765,795,9350
Gorzów Wielkopolski Wschodni,PKP INTERCITY Spółka Akcyjna ,123,116,124,117,124,119,123,124,120,120,120,124,1454
Gorzów Wielkopolski Wschodni,POLREGIO Spółka Akcyjna,622,642,667,640,660,651,688,672,659,678,603,712,7894
Gorzów Wielkopolski Wschodni ,,745,758,791,757,784,770,811,796,779,798,723,836,9348
Tuchola,Arriva RP Sp. z o.o.,812,757,794,775,774,733,757,794,775,817,765,781,9334
Tuchola,POLREGIO Spółka Akcyjna,,,,,,,,,,,,2,2
Tuchola ,,812,757,794,775,774,733,757,794,775,817,765,783,9336
Wrocław Strachocin,Koleje Dolnośląskie S.A.,799,758,788,773,761,760,818,788,763,816,744,762,9330
Wrocław Strachocin ,,799,758,788,773,761,760,818,788,763,816,744,762,9330
Wrocław Wojnów,Koleje Dolnośląskie S.A.,799,758,788,773,761,760,818,788,763,816,744,762,9330
Wrocław Wojnów ,,799,758,788,773,761,760,818,788,763,816,744,762,9330
Wrocław Wojnów Wschodni,Koleje Dolnośląskie S.A.,799,758,788,773,761,760,818,788,763,816,744,762,9330
Wrocław Wojnów Wschodni ,,799,758,788,773,761,760,818,788,763,816,744,762,9330
Dobrzykowice Wrocławskie,Koleje Dolnośląskie S.A.,799,758,788,773,761,760,818,788,763,816,744,762,9330
Dobrzykowice Wrocławskie ,,799,758,788,773,761,760,818,788,763,816,744,762,9330
Nadolice Wielkie,Koleje Dolnośląskie S.A.,791,758,788,773,761,760,818,788,763,816,744,761,9321
Nadolice Wielkie ,,791,758,788,773,761,760,818,788,763,816,744,761,9321
Chrząstawa Mała,Koleje Dolnośląskie S.A.,791,758,788,773,761,760,818,788,763,816,744,761,9321
Chrząstawa Mała ,,791,758,788,773,761,760,818,788,763,816,744,761,9321
Nadolice Małe,Koleje Dolnośląskie S.A.,791,758,788,773,761,760,818,788,763,816,744,760,9320
Nadolice Małe ,,791,758,788,773,761,760,818,788,763,816,744,760,9320
Kalwaria Zebrzydowska Lanckorona,Koleje Małopolskie Sp. z o.o.,18,16,,,14,12,16,22,2,,,16,116
Kalwaria Zebrzydowska Lanckorona,Koleje Śląskie Spółka z o.o.,,,,,,,,,,,,14,14
Kalwaria Zebrzydowska Lanckorona,PKP INTERCITY Spółka Akcyjna ,309,290,248,235,248,259,309,269,242,246,192,300,3147
Kalwaria Zebrzydowska Lanckorona,POLREGIO Spółka Akcyjna,510,481,511,497,505,495,511,505,497,513,491,505,6021
Kalwaria Zebrzydowska Lanckorona ,,837,787,759,732,767,766,836,796,741,759,683,835,9298
Chojna,PKP INTERCITY Spółka Akcyjna ,248,234,248,240,250,240,248,247,240,248,239,291,2973
Chojna,POLREGIO Spółka Akcyjna,535,512,525,520,514,515,551,530,523,552,502,527,6306
Chojna ,,783,746,773,760,764,755,799,777,763,800,741,818,9279
Dobroszyce,Koleje Dolnośląskie S.A.,440,417,434,428,450,438,462,456,438,450,414,478,5305
Dobroszyce,POLREGIO Spółka Akcyjna,334,312,330,324,327,320,340,331,321,339,316,328,3922
Dobroszyce ,,774,729,764,752,777,758,802,787,759,789,730,806,9227
Kraśnik,PKP INTERCITY Spółka Akcyjna ,248,232,248,240,248,238,244,224,240,248,240,245,2895
Kraśnik,POLREGIO Spółka Akcyjna,551,521,537,530,508,520,561,472,531,563,507,520,6321
Kraśnik ,,799,753,785,770,756,758,805,696,771,811,747,765,9216
Grabowno Wielkie,Koleje Dolnośląskie S.A.,440,404,434,428,450,438,462,456,441,450,414,478,5295
Grabowno Wielkie,POLREGIO Spółka Akcyjna,334,302,329,324,327,320,340,330,322,339,316,328,3911
Grabowno Wielkie ,,774,706,763,752,777,758,802,786,763,789,730,806,9206
Bohumin,Koleje Śląskie Spółka z o.o.,304,286,302,296,308,284,306,294,136,118,284,236,3154
Bohumin,PKP INTERCITY Spółka Akcyjna ,556,524,558,540,557,567,620,597,252,313,529,433,6046
Bohumin ,,860,810,860,836,865,851,926,891,388,431,813,669,9200
Kramsk,Koleje Wielkopolskie Sp. z o.o.,778,730,772,754,762,746,782,771,752,782,748,769,9146
Kramsk ,,778,730,772,754,762,746,782,771,752,782,748,769,9146
Budki Nowe,Koleje Wielkopolskie Sp. z o.o.,778,730,772,754,762,746,782,770,752,782,748,769,9145
Budki Nowe ,,778,730,772,754,762,746,782,770,752,782,748,769,9145
Rzeszotary,Koleje Dolnośląskie S.A.,762,722,773,746,770,741,781,774,751,778,742,763,9103
Rzeszotary ,,762,722,773,746,770,741,781,774,751,778,742,763,9103
Raszówka,Koleje Dolnośląskie S.A.,762,722,773,746,770,741,781,774,751,778,742,763,9103
Raszówka ,,762,722,773,746,770,741,781,774,751,778,742,763,9103
Gorzelin,Koleje Dolnośląskie S.A.,758,722,773,746,770,735,781,774,751,778,737,763,9088
Gorzelin ,,758,722,773,746,770,735,781,774,751,778,737,763,9088
Chróstnik,Koleje Dolnośląskie S.A.,758,722,773,746,770,735,781,774,751,778,737,763,9088
Chróstnik ,,758,722,773,746,770,735,781,774,751,778,737,763,9088
Grupa,Arriva RP Sp. z o.o.,742,713,760,739,755,735,782,779,748,775,750,773,9051
Grupa,CARGO Master Spółka z o.o.,,,,3,,,,,,,,,3
Grupa ,,742,713,760,742,755,735,782,779,748,775,750,773,9054
Jeżewo,Arriva RP Sp. z o.o.,741,713,760,739,755,735,782,779,748,775,750,773,9050
Jeżewo ,,741,713,760,739,755,735,782,779,748,775,750,773,9050
Dubielno,Arriva RP Sp. z o.o.,741,713,760,739,755,735,782,779,748,775,750,773,9050
Dubielno ,,741,713,760,739,755,735,782,779,748,775,750,773,9050
Nowiny Wielkie,POLREGIO Spółka Akcyjna,687,725,752,734,748,743,787,776,777,807,687,822,9045
Nowiny Wielkie ,,687,725,752,734,748,743,787,776,777,807,687,822,9045
Bogdaniec,POLREGIO Spółka Akcyjna,687,725,752,734,748,743,787,776,777,807,687,822,9045
Bogdaniec ,,687,725,752,734,748,743,787,776,777,807,687,822,9045
Kamień Mały,POLREGIO Spółka Akcyjna,687,725,752,734,748,743,787,776,775,807,687,822,9043
Kamień Mały ,,687,725,752,734,748,743,787,776,775,807,687,822,9043
Dąbroszyn,POLREGIO Spółka Akcyjna,687,725,752,734,748,743,787,776,775,807,687,822,9043
Dąbroszyn ,,687,725,752,734,748,743,787,776,775,807,687,822,9043
Łupowo,POLREGIO Spółka Akcyjna,687,725,752,734,748,743,787,776,777,803,687,822,9041
Łupowo ,,687,725,752,734,748,743,787,776,777,803,687,822,9041
Gorzów Wielkopolski Wieprzyce,POLREGIO Spółka Akcyjna,687,725,752,734,748,743,787,776,777,802,687,822,9040
Gorzów Wielkopolski Wieprzyce ,,687,725,752,734,748,743,787,776,777,802,687,822,9040
Stalowa Wola Centrum,PKP INTERCITY Spółka Akcyjna ,248,232,246,240,247,239,246,248,242,248,239,279,2954
Stalowa Wola Centrum,POLREGIO Spółka Akcyjna,553,502,525,531,535,466,403,405,537,562,521,534,6074
Stalowa Wola Centrum ,,801,734,771,771,782,705,649,653,779,810,760,813,9028
Pelplin,CARGO Master Spółka z o.o.,,,,1,,,,,,,,,1
Pelplin,PKP INTERCITY Spółka Akcyjna ,121,116,123,122,124,120,124,126,120,124,124,90,1434
Pelplin,POLREGIO Spółka Akcyjna,632,606,640,622,633,620,650,641,623,650,617,642,7576
Pelplin ,,753,722,763,745,757,740,774,767,743,774,741,732,9011
Maków Podhalański,Koleje Małopolskie Sp. z o.o.,18,16,,,14,12,16,22,2,,,16,116
Maków Podhalański,Koleje Śląskie Spółka z o.o.,10,8,,,14,12,16,22,2,,,14,98
Maków Podhalański,PKP CARGO S.A.,,,,,,2,,,,,,,2
Maków Podhalański,PKP INTERCITY Spółka Akcyjna ,370,347,248,235,248,276,370,372,243,246,192,112,3259
Maków Podhalański,POLREGIO Spółka Akcyjna,474,448,475,461,469,459,479,473,462,480,365,472,5517
Maków Podhalański ,,872,819,723,696,745,761,881,889,709,726,557,614,8992
Kaliska,PKP INTERCITY Spółka Akcyjna ,61,58,62,59,62,60,62,62,60,62,60,62,730
Kaliska,POLREGIO Spółka Akcyjna,666,637,683,659,682,658,682,683,659,691,758,784,8242
Kaliska ,,727,695,745,718,744,718,744,745,719,753,818,846,8972
Czarna Woda,CARGO Master Spółka z o.o.,,,,1,,,,,,,,,1
Czarna Woda,PKP INTERCITY Spółka Akcyjna ,62,58,62,59,62,60,62,62,60,62,60,62,731
Czarna Woda,POLREGIO Spółka Akcyjna,666,637,683,659,682,657,682,683,658,691,758,784,8240
Czarna Woda ,,728,695,745,719,744,717,744,745,718,753,818,846,8972
Łąg,PKP INTERCITY Spółka Akcyjna ,62,58,62,59,62,60,62,62,60,62,60,62,731
Łąg,POLREGIO Spółka Akcyjna,666,637,683,659,682,657,682,683,658,691,758,784,8240
Łąg ,,728,695,745,718,744,717,744,745,718,753,818,846,8971
Górna Grupa,Arriva RP Sp. z o.o.,662,713,760,739,755,735,782,779,748,775,750,773,8971
Górna Grupa ,,662,713,760,739,755,735,782,779,748,775,750,773,8971
Dragacz,Arriva RP Sp. z o.o.,662,713,760,739,755,735,782,779,748,775,750,773,8971
Dragacz ,,662,713,760,739,755,735,782,779,748,775,750,773,8971
Zarzecze,POLREGIO Spółka Akcyjna,749,732,759,742,731,738,776,746,739,787,724,742,8965
Zarzecze ,,749,732,759,742,731,738,776,746,739,787,724,742,8965
Wolbrom,POLREGIO Spółka Akcyjna,749,732,759,742,731,738,776,746,739,787,724,742,8965
Wolbrom ,,749,732,759,742,731,738,776,746,739,787,724,742,8965
Wolbrom Zachodni,POLREGIO Spółka Akcyjna,749,732,759,742,731,738,776,746,739,787,724,742,8965
Wolbrom Zachodni ,,749,732,759,742,731,738,776,746,739,787,724,742,8965
Jaroszowiec Olkuski,POLREGIO Spółka Akcyjna,749,732,759,742,731,738,776,746,739,787,724,742,8965
Jaroszowiec Olkuski ,,749,732,759,742,731,738,776,746,739,787,724,742,8965
Chrząstowice Olkuskie,POLREGIO Spółka Akcyjna,749,732,759,742,731,738,776,746,739,787,724,742,8965
Chrząstowice Olkuskie ,,749,732,759,742,731,738,776,746,739,787,724,742,8965
Gostynin,CARGO Master Spółka z o.o.,,,,,1,,,,,,,,1
Gostynin,Koleje Mazowieckie - KM Spółka z o.o.,602,581,599,623,638,619,647,644,621,650,606,668,7498
Gostynin,PKP INTERCITY Spółka Akcyjna ,124,115,122,120,124,120,124,123,120,124,120,123,1459
Gostynin ,,726,696,721,743,763,739,771,767,741,774,726,791,8958
Swarożyn,POLREGIO Spółka Akcyjna,714,695,745,719,744,716,744,744,719,750,818,846,8954
Swarożyn ,,714,695,745,719,744,716,744,744,719,750,818,846,8954
Reda Rekowo,POLREGIO Spółka Akcyjna,733,688,733,727,768,745,808,806,737,735,708,727,8915
Reda Rekowo ,,733,688,733,727,768,745,808,806,737,735,708,727,8915
Kotomierz,Arriva RP Sp. z o.o.,344,324,365,373,372,360,397,394,386,379,360,373,4427
Kotomierz,POLREGIO Spółka Akcyjna,374,361,378,370,366,365,390,377,370,388,365,382,4486
Kotomierz ,,718,685,743,743,738,725,787,771,756,767,725,755,8913
Pruszcz Pomorski,Arriva RP Sp. z o.o.,344,324,365,368,372,360,397,394,364,379,360,373,4400
Pruszcz Pomorski,PKP INTERCITY Spółka Akcyjna ,,,,,,,,,,,1,,1
Pruszcz Pomorski,POLREGIO Spółka Akcyjna,374,361,378,370,366,365,390,377,370,388,365,382,4486
Pruszcz Pomorski ,,718,685,743,738,738,725,787,771,734,767,726,755,8887
Parlin,Arriva RP Sp. z o.o.,344,324,365,368,372,360,397,394,364,379,360,373,4400
Parlin,POLREGIO Spółka Akcyjna,374,361,378,370,366,365,390,377,370,388,365,382,4486
Parlin ,,718,685,743,738,738,725,787,771,734,767,725,755,8886
Terespol Pomorski,Arriva RP Sp. z o.o.,344,324,365,368,372,360,397,394,364,379,360,373,4400
Terespol Pomorski,POLREGIO Spółka Akcyjna,374,361,377,370,366,365,390,377,370,388,365,382,4485
Terespol Pomorski ,,718,685,742,738,738,725,787,771,734,767,725,755,8885
Kwidzyn,CARGO Master Spółka z o.o.,,2,,,,,,,,,,,2
Kwidzyn,PKP INTERCITY Spółka Akcyjna ,62,56,62,58,9,44,59,62,2,2,60,62,538
Kwidzyn,POLREGIO Spółka Akcyjna,708,662,702,684,700,680,710,704,683,712,675,714,8334
Kwidzyn ,,770,720,764,742,709,724,769,766,685,714,735,776,8874
Sztum,PKP INTERCITY Spółka Akcyjna ,62,56,62,58,9,44,59,62,2,2,60,62,538
Sztum,POLREGIO Spółka Akcyjna,708,662,701,684,700,680,710,704,683,712,675,714,8333
Sztum ,,770,718,763,742,709,724,769,766,685,714,735,776,8871
Wąchock,POLREGIO Spółka Akcyjna,750,706,745,726,740,720,757,746,726,756,722,774,8868
Wąchock ,,750,706,745,726,740,720,757,746,726,756,722,774,8868
Marcinków,POLREGIO Spółka Akcyjna,750,706,745,726,740,720,757,746,726,756,722,774,8868
Marcinków ,,750,706,745,726,740,720,757,746,726,756,722,774,8868
Starachowice,POLREGIO Spółka Akcyjna,750,706,745,726,740,720,757,746,726,756,714,773,8859
Starachowice ,,750,706,745,726,740,720,757,746,726,756,714,773,8859
Kunów,POLREGIO Spółka Akcyjna,750,705,745,726,740,720,756,746,726,757,714,773,8858
Kunów ,,750,705,745,726,740,720,756,746,726,757,714,773,8858
Boksycka,POLREGIO Spółka Akcyjna,750,705,745,726,740,720,756,746,726,757,714,773,8858
Boksycka ,,750,705,745,726,740,720,756,746,726,757,714,773,8858
Staw Kunowski,POLREGIO Spółka Akcyjna,750,705,745,726,740,720,756,746,726,756,714,773,8857
Staw Kunowski ,,750,705,745,726,740,720,756,746,726,756,714,773,8857
Styków Iłżecki,POLREGIO Spółka Akcyjna,750,705,745,726,740,720,756,746,726,756,714,773,8857
Styków Iłżecki ,,750,705,745,726,740,720,756,746,726,756,714,773,8857
Starachowice Michałów,POLREGIO Spółka Akcyjna,750,705,745,726,740,720,756,746,726,756,714,773,8857
Starachowice Michałów ,,750,705,745,726,740,720,756,746,726,756,714,773,8857
Brody Iłżeckie,POLREGIO Spółka Akcyjna,750,705,745,726,740,720,756,746,726,756,714,773,8857
Brody Iłżeckie ,,750,705,745,726,740,720,756,746,726,756,714,773,8857
Trzemeszno,Koleje Wielkopolskie Sp. z o.o.,292,274,290,282,288,280,292,290,282,294,292,286,3442
Trzemeszno,POLREGIO Spółka Akcyjna,460,432,456,444,448,438,464,452,444,464,440,464,5406
Trzemeszno,RAILPOLONIA Sp. z o.o. (przewozy pasażerskie),,,,,,,,,,,,3,3
Trzemeszno ,,752,706,746,726,736,718,756,742,726,758,732,753,8851
Wydartowo,Koleje Wielkopolskie Sp. z o.o.,292,274,290,282,288,280,292,290,282,294,292,286,3442
Wydartowo,POLREGIO Spółka Akcyjna,460,432,456,444,448,438,464,452,444,464,440,464,5406
Wydartowo ,,752,706,746,726,736,718,756,742,726,758,732,750,8848
Jankowo Dolne,Koleje Wielkopolskie Sp. z o.o.,292,274,290,282,288,280,292,290,282,294,292,286,3442
Jankowo Dolne,POLREGIO Spółka Akcyjna,460,432,456,444,448,438,464,452,444,464,440,464,5406
Jankowo Dolne ,,752,706,746,726,736,718,756,742,726,758,732,750,8848
Przetycz,Koleje Mazowieckie - KM Spółka z o.o.,731,706,744,725,735,719,684,746,743,771,730,780,8814
Przetycz ,,731,706,744,725,735,719,684,746,743,771,730,780,8814
Zabrzeg Czarnolesie,Koleje Śląskie Spółka z o.o.,788,738,785,760,780,754,786,783,642,666,638,682,8802
Zabrzeg Czarnolesie ,,788,738,785,760,780,754,786,783,642,666,638,682,8802
Sosnowiec Południowy,Koleje Śląskie Spółka z o.o.,,,,,,1,,,9,8,7,16,41
Sosnowiec Południowy,PKP INTERCITY Spółka Akcyjna ,26,46,48,62,247,306,392,376,388,403,329,259,2882
Sosnowiec Południowy,POLREGIO Spółka Akcyjna,479,474,496,485,478,476,509,492,485,510,470,486,5840
Sosnowiec Południowy ,,505,520,544,547,725,783,901,868,882,921,806,761,8763
Cekcyn,Arriva RP Sp. z o.o.,756,703,737,720,719,704,754,737,720,757,710,726,8743
Cekcyn ,,756,703,737,720,719,704,754,737,720,757,710,726,8743
Wałbrzych Fabryczny,Koleje Dolnośląskie S.A.,730,689,735,714,730,709,743,734,712,744,703,774,8717
Wałbrzych Fabryczny ,,730,689,735,714,730,709,743,734,712,744,703,774,8717
Jastrowie,PKP INTERCITY Spółka Akcyjna ,358,335,361,390,403,448,563,570,133,124,118,361,4164
Jastrowie,POLREGIO Spółka Akcyjna,363,348,365,365,387,388,420,429,360,371,350,389,4535
Jastrowie ,,721,683,726,755,790,836,983,999,493,495,468,750,8699
Świdnica Przedmieście,Koleje Dolnośląskie S.A.,724,679,724,704,756,728,752,753,700,728,699,748,8695
Świdnica Przedmieście ,,724,679,724,704,756,728,752,753,700,728,699,748,8695
Marcinowice Świdnickie,Koleje Dolnośląskie S.A.,724,679,724,704,756,728,752,753,699,728,699,748,8694
Marcinowice Świdnickie ,,724,679,724,704,756,728,752,753,699,728,699,748,8694
Jedlina-Zdrój,CARGO Master Spółka z o.o.,,,,8,,,,,,,,,8
Jedlina-Zdrój,Koleje Dolnośląskie S.A.,676,636,680,654,680,660,686,676,554,679,648,678,7907
Jedlina-Zdrój,PKP INTERCITY Spółka Akcyjna ,56,56,62,60,62,60,62,59,26,56,60,78,697
Jedlina-Zdrój ,,732,692,742,722,742,720,748,735,580,735,708,756,8612
Zygmuntowo Mazowieckie,Koleje Mazowieckie - KM Spółka z o.o.,708,690,726,707,715,699,670,726,725,754,712,760,8592
Zygmuntowo Mazowieckie ,,708,690,726,707,715,699,670,726,725,754,712,760,8592
Leszczydół,Koleje Mazowieckie - KM Spółka z o.o.,708,690,726,706,715,699,670,726,725,754,712,760,8591
Leszczydół ,,708,690,726,706,715,699,670,726,725,754,712,760,8591
Dalekie,Koleje Mazowieckie - KM Spółka z o.o.,708,690,726,706,715,699,670,726,725,754,712,760,8591
Dalekie ,,708,690,726,706,715,699,670,726,725,754,712,760,8591
Jawor,Koleje Dolnośląskie S.A.,767,728,772,746,774,746,725,588,559,659,743,772,8579
Jawor ,,767,728,772,746,774,746,725,588,559,659,743,772,8579
Tuchola Rudzki Most,Arriva RP Sp. z o.o.,712,661,695,695,699,699,754,737,720,757,710,726,8565
Tuchola Rudzki Most ,,712,661,695,695,699,699,754,737,720,757,710,726,8565
Mysłowice Brzęczkowice,Koleje Śląskie Spółka z o.o.,731,690,724,706,702,700,740,717,697,740,691,710,8548
Mysłowice Brzęczkowice ,,731,690,724,706,702,700,740,717,697,740,691,710,8548
Mysłowice Brzezinka,Koleje Śląskie Spółka z o.o.,731,690,724,706,702,700,740,717,697,740,691,710,8548
Mysłowice Brzezinka ,,731,690,724,706,702,700,740,717,697,740,691,710,8548
Mysłowice Kosztowy,Koleje Śląskie Spółka z o.o.,729,690,724,706,702,700,740,717,697,740,691,710,8546
Mysłowice Kosztowy ,,729,690,724,706,702,700,740,717,697,740,691,710,8546
Nowy Bieruń,Koleje Śląskie Spółka z o.o.,730,690,724,706,702,700,740,717,696,740,691,710,8546
Nowy Bieruń ,,730,690,724,706,702,700,740,717,696,740,691,710,8546
Imielin,Koleje Śląskie Spółka z o.o.,730,690,724,706,702,700,740,717,696,740,691,710,8546
Imielin ,,730,690,724,706,702,700,740,717,696,740,691,710,8546
Chełm Śląski,Koleje Śląskie Spółka z o.o.,730,690,724,706,702,700,740,717,696,740,691,710,8546
Chełm Śląski ,,730,690,724,706,702,700,740,717,696,740,691,710,8546
Henryków,Koleje Dolnośląskie S.A.,893,841,891,866,878,860,903,892,,,603,903,8530
Henryków ,,893,841,891,866,878,860,903,892,,,603,903,8530
Biały Kościół,Koleje Dolnośląskie S.A.,893,841,891,866,878,860,903,891,,,603,903,8529
Biały Kościół ,,893,841,891,866,878,860,903,891,,,603,903,8529
Serock,Arriva RP Sp. z o.o.,743,698,721,692,709,690,726,715,674,727,690,708,8493
Serock,CARGO Master Spółka z o.o.,,,,2,,,,,,,,,2
Serock ,,743,698,721,694,709,690,726,715,674,727,690,708,8495
Koniecpol,PKP INTERCITY Spółka Akcyjna ,310,290,310,298,292,227,232,211,257,304,304,287,3322
Koniecpol,POLREGIO Spółka Akcyjna,433,406,433,420,434,420,434,434,420,434,420,433,5121
Koniecpol ,,743,696,743,718,726,647,666,645,677,738,724,720,8443
Olsztyn Dajtki,POLREGIO Spółka Akcyjna,702,662,690,678,684,684,738,721,704,738,687,709,8397
Olsztyn Dajtki ,,702,662,690,678,684,684,738,721,704,738,687,709,8397
Piekoszów,POLREGIO Spółka Akcyjna,669,630,672,652,673,650,674,673,650,673,651,1106,8373
Piekoszów ,,669,630,672,652,673,650,674,673,650,673,651,1106,8373
Wrocław Wojszyce,Koleje Dolnośląskie S.A.,715,673,705,686,698,679,724,705,661,726,672,701,8345
Wrocław Wojszyce ,,715,673,705,686,698,679,724,705,661,726,672,701,8345
Domasław,Koleje Dolnośląskie S.A.,714,673,705,686,698,679,724,705,661,726,672,701,8344
Domasław ,,714,673,705,686,698,679,724,705,661,726,672,701,8344
Sztumska Wieś,POLREGIO Spółka Akcyjna,708,662,701,684,700,680,710,704,683,712,675,714,8333
Sztumska Wieś ,,708,662,701,684,700,680,710,704,683,712,675,714,8333
Ryjewo,POLREGIO Spółka Akcyjna,708,662,701,684,700,680,710,704,683,712,675,714,8333
Ryjewo ,,708,662,701,684,700,680,710,704,683,712,675,714,8333
Gościszewo,POLREGIO Spółka Akcyjna,708,662,701,684,700,680,710,704,683,712,675,714,8333
Gościszewo ,,708,662,701,684,700,680,710,704,683,712,675,714,8333
Goleniów Park Przemysłowy,POLREGIO Spółka Akcyjna,,,621,870,861,818,753,731,854,892,842,1091,8333
Goleniów Park Przemysłowy ,,,,621,870,861,818,753,731,854,892,842,1091,8333
Brachlewo,POLREGIO Spółka Akcyjna,708,662,701,684,700,680,710,704,683,712,675,714,8333
Brachlewo ,,708,662,701,684,700,680,710,704,683,712,675,714,8333
Grudziądz Mniszek,Arriva RP Sp. z o.o.,783,739,781,613,780,742,342,370,783,820,780,792,8325
Grudziądz Mniszek ,,783,739,781,613,780,742,342,370,783,820,780,792,8325
Grudziądz Śródmieście,Arriva RP Sp. z o.o.,,713,760,739,755,735,782,779,748,775,750,773,8309
Grudziądz Śródmieście ,,,713,760,739,755,735,782,779,748,775,750,773,8309
Hajnówka,PKP INTERCITY Spółka Akcyjna ,123,115,124,120,124,120,112,123,120,124,119,124,1448
Hajnówka,POLREGIO Spółka Akcyjna,583,553,582,568,588,568,592,573,566,592,521,571,6857
Hajnówka ,,706,668,706,688,712,688,704,696,686,716,640,695,8305
Rębiszów,Koleje Dolnośląskie S.A.,672,636,678,657,678,659,676,666,603,671,647,680,7923
Rębiszów,POLREGIO Spółka Akcyjna,26,24,34,34,38,30,24,38,30,18,34,32,362
Rębiszów ,,698,660,712,691,716,689,700,704,633,689,681,712,8285
Władysławowo Port,POLREGIO Spółka Akcyjna,682,638,682,676,706,686,744,744,677,682,660,682,8259
Władysławowo Port ,,682,638,682,676,706,686,744,744,677,682,660,682,8259
Węgierska Górka,Koleje Śląskie Spółka z o.o.,767,722,761,744,753,740,774,756,743,771,262,464,8257
Węgierska Górka,PKP INTERCITY Spółka Akcyjna ,,2,,,,,,,,,,,2
Węgierska Górka ,,767,724,761,744,753,740,774,756,743,771,262,464,8259
Jastarnia Wczasy,POLREGIO Spółka Akcyjna,682,637,682,676,706,686,744,744,677,682,660,682,8258
Jastarnia Wczasy ,,682,637,682,676,706,686,744,744,677,682,660,682,8258
Radziechowy Wieprz,Koleje Śląskie Spółka z o.o.,767,722,761,744,753,740,774,756,743,771,262,464,8257
Radziechowy Wieprz ,,767,722,761,744,753,740,774,756,743,771,262,464,8257
Cięcina Dolna,Koleje Śląskie Spółka z o.o.,767,722,761,744,753,740,774,756,743,771,262,464,8257
Cięcina Dolna ,,767,722,761,744,753,740,774,756,743,771,262,464,8257
Cięcina,Koleje Śląskie Spółka z o.o.,767,722,761,744,753,740,774,756,743,771,262,464,8257
Cięcina ,,767,722,761,744,753,740,774,756,743,771,262,464,8257
Stara Kamienica,Koleje Dolnośląskie S.A.,672,634,678,658,676,658,672,665,603,671,629,680,7896
Stara Kamienica,POLREGIO Spółka Akcyjna,26,24,34,34,38,30,24,38,30,18,30,32,358
Stara Kamienica ,,698,658,712,692,714,688,696,703,633,689,659,712,8254
Zblewo,POLREGIO Spółka Akcyjna,666,637,683,659,682,658,682,683,659,690,758,784,8241
Zblewo ,,666,637,683,659,682,658,682,683,659,690,758,784,8241
Rytel Wieś,POLREGIO Spółka Akcyjna,667,637,683,659,682,657,682,683,658,691,758,784,8241
Rytel Wieś ,,667,637,683,659,682,657,682,683,658,691,758,784,8241
Piesienice,POLREGIO Spółka Akcyjna,666,637,683,659,682,658,682,683,659,690,758,784,8241
Piesienice ,,666,637,683,659,682,658,682,683,659,690,758,784,8241
Pinczyn,POLREGIO Spółka Akcyjna,666,637,683,659,682,658,682,683,659,690,758,784,8241
Pinczyn ,,666,637,683,659,682,658,682,683,659,690,758,784,8241
Przyłubie,POLREGIO Spółka Akcyjna,703,666,696,675,662,669,718,687,679,734,689,662,8240
Przyłubie ,,703,666,696,675,662,669,718,687,679,734,689,662,8240
Morąg,PKP INTERCITY Spółka Akcyjna ,309,290,309,299,310,300,311,310,300,310,300,339,3687
Morąg,POLREGIO Spółka Akcyjna,390,366,381,375,381,370,394,385,374,394,367,376,4553
Morąg ,,699,656,690,674,691,670,705,695,674,704,667,715,8240
Wudzyn,Arriva RP Sp. z o.o.,721,677,700,670,689,670,702,694,653,704,670,688,8238
Wudzyn ,,721,677,700,670,689,670,702,694,653,704,670,688,8238
Stronno,Arriva RP Sp. z o.o.,721,677,700,670,689,670,702,694,653,704,670,688,8238
Stronno ,,721,677,700,670,689,670,702,694,653,704,670,688,8238
Rokitki Tczewskie,POLREGIO Spółka Akcyjna,652,637,683,660,682,656,682,682,659,688,758,784,8223
Rokitki Tczewskie ,,652,637,683,660,682,656,682,682,659,688,758,784,8223
Szpęgawsk,POLREGIO Spółka Akcyjna,652,637,683,659,682,656,682,682,659,688,758,784,8222
Szpęgawsk ,,652,637,683,659,682,656,682,682,659,688,758,784,8222
Zawada,PKP INTERCITY Spółka Akcyjna ,121,109,123,114,119,119,121,119,114,124,120,124,1427
Zawada,POLREGIO Spółka Akcyjna,534,514,536,531,567,565,666,673,535,550,528,553,6752
Zawada ,,655,623,659,645,686,684,787,792,649,674,648,677,8179
Świekatowo,Arriva RP Sp. z o.o.,721,677,700,670,689,670,703,694,564,704,670,688,8150
Świekatowo ,,721,677,700,670,689,670,703,694,564,704,670,688,8150
Błądzim,Arriva RP Sp. z o.o.,721,677,700,670,689,670,703,694,564,704,670,688,8150
Błądzim ,,721,677,700,670,689,670,703,694,564,704,670,688,8150
Wierzchucin Stary,Arriva RP Sp. z o.o.,681,636,684,674,675,660,704,690,674,707,665,694,8144
Wierzchucin Stary ,,681,636,684,674,675,660,704,690,674,707,665,694,8144
Boguszów-Gorce Wschód,Koleje Dolnośląskie S.A.,648,611,650,641,693,670,688,691,620,656,619,683,7870
Boguszów-Gorce Wschód,POLREGIO Spółka Akcyjna,21,21,21,21,20,20,23,21,21,23,19,20,251
Boguszów-Gorce Wschód ,,669,632,671,662,713,690,711,712,641,679,638,703,8121
Grudziądz Przedmieście,Arriva RP Sp. z o.o.,783,739,781,408,780,742,342,370,783,820,780,792,8120
Grudziądz Przedmieście ,,783,739,781,408,780,742,342,370,783,820,780,792,8120
Nowe Skalmierzyce,Koleje Wielkopolskie Sp. z o.o.,226,216,220,222,202,216,232,214,222,232,218,216,2636
Nowe Skalmierzyce,Łódzka Kolej Aglomeracyjna Sp. z o.o.,26,24,30,30,38,30,24,30,26,24,30,38,350
Nowe Skalmierzyce,PKP INTERCITY Spółka Akcyjna ,,,3,,,2,,,,,,,5
Nowe Skalmierzyce,POLREGIO Spółka Akcyjna,431,406,434,420,434,420,430,432,418,432,420,434,5111
Nowe Skalmierzyce ,,683,646,687,672,674,668,686,676,666,688,668,688,8102
Lipienica,Arriva RP Sp. z o.o.,699,656,694,670,689,670,703,694,564,704,670,688,8101
Lipienica ,,699,656,694,670,689,670,703,694,564,704,670,688,8101
Lubania-Lipiny,Arriva RP Sp. z o.o.,699,656,694,670,689,670,703,694,564,704,670,688,8101
Lubania-Lipiny ,,699,656,694,670,689,670,703,694,564,704,670,688,8101
Pasieki,Koleje Mazowieckie - KM Spółka z o.o.,732,706,744,725,735,189,435,746,741,771,730,780,8034
Pasieki ,,732,706,744,725,735,189,435,746,741,771,730,780,8034
Chorzele,Koleje Mazowieckie - KM Spółka z o.o.,365,415,479,468,476,454,472,480,470,488,468,474,5509
Chorzele,PKP INTERCITY Spółka Akcyjna ,,,,,,,1,,,,,,1
Chorzele,POLREGIO Spółka Akcyjna,203,192,195,195,202,210,232,231,221,231,223,172,2507
Chorzele ,,568,607,674,663,678,664,705,711,691,719,691,646,8017
Lewki,POLREGIO Spółka Akcyjna,689,655,689,667,689,669,653,628,668,699,611,670,7987
Lewki ,,689,655,689,667,689,669,653,628,668,699,611,670,7987
Czarnca,POLREGIO Spółka Akcyjna,670,630,672,651,673,649,672,673,646,673,651,722,7982
Czarnca ,,670,630,672,651,673,649,672,673,646,673,651,722,7982
Kielce Herbskie,PKP INTERCITY Spółka Akcyjna ,,,,,,,,,,,2,,2
Kielce Herbskie,POLREGIO Spółka Akcyjna,669,630,672,652,673,650,674,673,650,673,651,705,7972
Kielce Herbskie ,,669,630,672,652,673,650,674,673,650,673,653,705,7974
Kielce Ślichowice,POLREGIO Spółka Akcyjna,669,630,672,652,673,650,674,673,650,673,651,705,7972
Kielce Ślichowice ,,669,630,672,652,673,650,674,673,650,673,651,705,7972
Górki Szczukowskie,POLREGIO Spółka Akcyjna,669,630,672,652,673,650,674,673,650,673,651,705,7972
Górki Szczukowskie ,,669,630,672,652,673,650,674,673,650,673,651,705,7972
Rykoszyn,POLREGIO Spółka Akcyjna,669,630,672,652,673,650,674,673,650,673,650,705,7971
Rykoszyn ,,669,630,672,652,673,650,674,673,650,673,650,705,7971
Ludynia,POLREGIO Spółka Akcyjna,670,630,672,652,673,650,672,673,646,673,651,705,7967
Ludynia ,,670,630,672,652,673,650,672,673,646,673,651,705,7967
Ludynia Dwór,POLREGIO Spółka Akcyjna,670,630,672,652,673,650,672,673,646,673,651,705,7967
Ludynia Dwór ,,670,630,672,652,673,650,672,673,646,673,651,705,7967
Małogoszcz,POLREGIO Spółka Akcyjna,670,630,672,652,673,650,668,673,650,673,649,705,7965
Małogoszcz ,,670,630,672,652,673,650,668,673,650,673,649,705,7965
Wierna Rzeka,POLREGIO Spółka Akcyjna,669,630,672,652,673,650,668,673,650,673,649,705,7964
Wierna Rzeka ,,669,630,672,652,673,650,668,673,650,673,649,705,7964
Boguszów-Gorce Zachód,Koleje Dolnośląskie S.A.,648,611,651,633,649,630,658,651,616,658,624,683,7712
Boguszów-Gorce Zachód,POLREGIO Spółka Akcyjna,21,21,21,21,20,20,23,21,21,23,19,20,251
Boguszów-Gorce Zachód ,,669,632,672,654,669,650,681,672,637,681,643,703,7963
Skoczów,Koleje Śląskie Spółka z o.o.,620,580,619,606,684,641,655,667,596,619,600,634,7521
Skoczów,PKP INTERCITY Spółka Akcyjna ,34,33,40,36,44,40,32,40,36,32,44,30,441
Skoczów ,,654,613,659,642,728,681,687,707,632,651,644,664,7962
Witków Śląski,Koleje Dolnośląskie S.A.,646,611,651,633,649,630,658,651,616,658,624,683,7710
Witków Śląski,POLREGIO Spółka Akcyjna,21,21,21,21,20,20,23,21,21,23,19,20,251
Witków Śląski ,,667,632,672,654,669,650,681,672,637,681,643,703,7961
Bukowa,POLREGIO Spółka Akcyjna,670,630,672,652,673,650,668,673,646,673,649,705,7961
Bukowa ,,670,630,672,652,673,650,668,673,646,673,649,705,7961
Legnica Piekary,Koleje Dolnośląskie S.A.,706,670,705,681,711,687,682,588,561,567,681,711,7950
Legnica Piekary ,,706,670,705,681,711,687,682,588,561,567,681,711,7950
Łęgowo Sulechowskie,POLREGIO Spółka Akcyjna,628,637,647,658,658,643,707,651,648,695,634,715,7921
Łęgowo Sulechowskie ,,628,637,647,658,658,643,707,651,648,695,634,715,7921
Stare Bielice,POLREGIO Spółka Akcyjna,624,642,667,651,660,651,688,672,659,678,603,712,7907
Stare Bielice ,,624,642,667,651,660,651,688,672,659,678,603,712,7907
Stare Kurowo,POLREGIO Spółka Akcyjna,624,642,667,651,660,651,688,672,659,678,603,712,7907
Stare Kurowo ,,624,642,667,651,660,651,688,672,659,678,603,712,7907
Sarbiewo,POLREGIO Spółka Akcyjna,622,642,667,651,660,651,688,672,659,678,603,712,7905
Sarbiewo ,,622,642,667,651,660,651,688,672,659,678,603,712,7905
Górki Noteckie,POLREGIO Spółka Akcyjna,622,642,667,651,660,651,688,672,659,678,603,712,7905
Górki Noteckie ,,622,642,667,651,660,651,688,672,659,678,603,712,7905
Olsztynek,PKP INTERCITY Spółka Akcyjna ,367,348,368,361,375,415,442,448,428,442,425,427,4846
Olsztynek,POLREGIO Spółka Akcyjna,248,234,240,238,236,250,278,270,264,278,256,266,3058
Olsztynek ,,615,582,608,599,611,665,720,718,692,720,681,693,7904
Santok,POLREGIO Spółka Akcyjna,622,642,667,640,660,651,688,672,659,678,603,712,7894
Santok ,,622,642,667,640,660,651,688,672,659,678,603,712,7894
Bydgoszcz Łęgnowo,POLREGIO Spółka Akcyjna,672,637,665,644,631,639,687,655,649,703,658,648,7888
Bydgoszcz Łęgnowo ,,672,637,665,644,631,639,687,655,649,703,658,648,7888
Nidzica,PKP INTERCITY Spółka Akcyjna ,367,348,368,362,376,408,434,438,424,438,424,429,4816
Nidzica,POLREGIO Spółka Akcyjna,248,234,240,238,236,250,278,270,264,278,256,263,3055
Nidzica ,,615,582,608,600,612,658,712,708,688,716,680,692,7871
Brodnica,Arriva RP Sp. z o.o.,632,598,628,614,620,574,588,580,564,588,560,606,7152
Brodnica,CARGO Master Spółka z o.o.,1,,,,,,,,,,,,1
Brodnica,PKP INTERCITY Spółka Akcyjna ,62,56,60,55,61,60,62,60,59,62,58,62,717
Brodnica ,,695,654,688,669,681,634,650,640,623,650,618,668,7870
Prabuty Góry,Koleje Mazowieckie - KM Spółka z o.o.,713,690,726,707,714,183,423,726,723,755,712,760,7832
Prabuty Góry ,,713,690,726,707,714,183,423,726,723,755,712,760,7832
Strzegom,Koleje Dolnośląskie S.A.,662,629,667,645,672,647,673,652,590,668,644,671,7820
Strzegom ,,662,629,667,645,672,647,673,652,590,668,644,671,7820
Zamość,PKP INTERCITY Spółka Akcyjna ,121,109,123,114,119,119,121,119,116,124,120,124,1429
Zamość,POLREGIO Spółka Akcyjna,534,514,536,531,547,529,541,549,531,550,528,498,6388
Zamość ,,655,623,659,645,666,648,662,668,647,674,648,622,7817
Bydgoszcz Zachód,CARGO Master Spółka z o.o.,,,,2,,,,,,,,,2
Bydgoszcz Zachód,POLREGIO Spółka Akcyjna,684,648,673,661,626,628,609,582,661,702,643,698,7815
Bydgoszcz Zachód ,,684,648,673,663,626,628,609,582,661,702,643,698,7817
Bydgoszcz Osowa Góra,CARGO Master Spółka z o.o.,,,,2,,,,,,,,,2
Bydgoszcz Osowa Góra,POLREGIO Spółka Akcyjna,684,648,673,661,626,628,609,582,661,702,643,698,7815
Bydgoszcz Osowa Góra ,,684,648,673,663,626,628,609,582,661,702,643,698,7817
Zielonczyn,POLREGIO Spółka Akcyjna,684,648,673,661,626,628,609,582,661,702,643,698,7815
Zielonczyn ,,684,648,673,661,626,628,609,582,661,702,643,698,7815
Zamość Starówka,PKP INTERCITY Spółka Akcyjna ,121,109,123,114,119,119,121,119,114,124,120,124,1427
Zamość Starówka,POLREGIO Spółka Akcyjna,534,514,536,531,547,529,541,549,531,550,528,498,6388
Zamość Starówka ,,655,623,659,645,666,648,662,668,645,674,648,622,7815
Zamość Wschód,PKP INTERCITY Spółka Akcyjna ,121,109,123,114,119,119,121,119,114,124,120,124,1427
Zamość Wschód,POLREGIO Spółka Akcyjna,534,514,536,531,547,529,541,549,531,550,528,498,6388
Zamość Wschód ,,655,623,659,645,666,648,662,668,645,674,648,622,7815
Ślesin,POLREGIO Spółka Akcyjna,684,648,673,661,626,628,609,582,661,702,643,698,7815
Ślesin ,,684,648,673,661,626,628,609,582,661,702,643,698,7815
Pawłówek,POLREGIO Spółka Akcyjna,684,648,673,661,626,628,609,582,661,702,643,698,7815
Pawłówek ,,684,648,673,661,626,628,609,582,661,702,643,698,7815
Trzebnica,Koleje Dolnośląskie S.A.,872,822,862,844,852,219,,1,791,889,820,841,7813
Trzebnica ,,872,822,862,844,852,219,,1,791,889,820,841,7813
Trzcianka,Koleje Wielkopolskie Sp. z o.o.,,,,,,,,,,,,34,34
Trzcianka,PKP INTERCITY Spółka Akcyjna ,123,116,124,120,124,119,124,124,120,120,120,124,1458
Trzcianka,POLREGIO Spółka Akcyjna,560,514,473,427,486,544,566,571,535,572,545,510,6303
Trzcianka ,,683,630,597,547,610,663,690,695,655,692,665,668,7795
Wieleń,Koleje Wielkopolskie Sp. z o.o.,,,,,,,,,,,,34,34
Wieleń,PKP INTERCITY Spółka Akcyjna ,123,116,124,120,124,119,124,124,120,120,120,124,1458
Wieleń,POLREGIO Spółka Akcyjna,559,513,473,427,486,544,566,571,535,572,545,510,6301
Wieleń ,,682,629,597,547,610,663,690,695,655,692,665,668,7793
Łowczówek Pleśna,Koleje Małopolskie Sp. z o.o.,70,66,71,70,69,70,70,71,61,71,68,68,825
Łowczówek Pleśna,PKP CARGO S.A. w restrukturyzacji,,,,,,,,,4,,,,4
Łowczówek Pleśna,POLREGIO Spółka Akcyjna,591,555,585,571,584,570,596,587,573,595,566,582,6955
Łowczówek Pleśna ,,661,621,656,641,653,640,666,658,638,666,634,650,7784
Gromnik,Koleje Małopolskie Sp. z o.o.,71,66,71,70,69,70,70,71,61,71,68,68,826
Gromnik,POLREGIO Spółka Akcyjna,591,555,586,571,584,570,596,587,573,594,566,582,6955
Gromnik ,,662,621,657,641,653,640,666,658,634,665,634,650,7781
Łowczów,Koleje Małopolskie Sp. z o.o.,70,66,71,70,69,70,70,71,61,71,68,68,825
Łowczów,POLREGIO Spółka Akcyjna,591,555,585,571,584,570,596,587,573,595,566,582,6955
Łowczów ,,661,621,656,641,653,640,666,658,634,666,634,650,7780
Nowa Wieś Wielka,CARGO Master Spółka z o.o.,,,1,1,,,,,,,,,2
Nowa Wieś Wielka,POLREGIO Spółka Akcyjna,663,629,654,642,622,630,679,645,640,679,629,663,7775
Nowa Wieś Wielka ,,663,629,655,643,622,630,679,645,640,679,629,663,7777
Jaksice,CARGO Master Spółka z o.o.,,,2,,,,,,,,,,2
Jaksice,POLREGIO Spółka Akcyjna,663,629,654,642,622,630,679,645,640,679,629,663,7775
Jaksice ,,663,629,656,642,622,630,679,645,640,679,629,663,7777
Trzciniec,CARGO Master Spółka z o.o.,,,,1,,,,,,,,,1
Trzciniec,POLREGIO Spółka Akcyjna,663,629,654,642,622,630,679,645,640,679,629,663,7775
Trzciniec ,,663,629,654,643,622,630,679,645,640,679,629,663,7776
Brzoza Bydgoska,CARGO Master Spółka z o.o.,,,,1,,,,,,,,,1
Brzoza Bydgoska,POLREGIO Spółka Akcyjna,663,629,654,642,622,630,679,645,640,679,629,663,7775
Brzoza Bydgoska ,,663,629,654,643,622,630,679,645,640,679,629,663,7776
Bydgoszcz Błonie,CARGO Master Spółka z o.o.,,,,1,,,,,,,,,1
Bydgoszcz Błonie,POLREGIO Spółka Akcyjna,663,629,654,642,622,630,679,645,640,679,629,663,7775
Bydgoszcz Błonie ,,663,629,654,643,622,630,679,645,640,679,629,663,7776
Złotniki Kujawskie,POLREGIO Spółka Akcyjna,663,629,654,642,622,630,679,645,640,679,629,663,7775
Złotniki Kujawskie ,,663,629,654,642,622,630,679,645,640,679,629,663,7775
Chmielniki Bydgoskie,POLREGIO Spółka Akcyjna,663,629,654,642,622,630,679,645,640,679,629,663,7775
Chmielniki Bydgoskie ,,663,629,654,642,622,630,679,645,640,679,629,663,7775
Siedlec Trzebnicki,Koleje Dolnośląskie S.A.,863,814,852,835,841,215,,1,826,881,807,830,7765
Siedlec Trzebnicki ,,863,814,852,835,841,215,,1,826,881,807,830,7765
Pierwoszów Miłocin,Koleje Dolnośląskie S.A.,863,814,852,835,841,215,,1,826,881,807,830,7765
Pierwoszów Miłocin ,,863,814,852,835,841,215,,1,826,881,807,830,7765
Brochocin Trzebnicki,Koleje Dolnośląskie S.A.,863,814,852,835,841,215,,1,826,881,807,830,7765
Brochocin Trzebnicki ,,863,814,852,835,841,215,,1,826,881,807,830,7765
Lubin Stadion,Koleje Dolnośląskie S.A.,637,626,667,643,665,577,670,665,647,667,639,655,7758
Lubin Stadion,PKP INTERCITY Spółka Akcyjna ,,,,,,,,2,,,,,2
Lubin Stadion ,,637,626,667,643,665,577,670,667,647,667,639,655,7760
Sokółka,PKP INTERCITY Spółka Akcyjna ,121,116,124,120,122,120,124,124,120,124,120,124,1459
Sokółka,POLREGIO Spółka Akcyjna,527,498,526,514,528,510,553,555,514,534,508,524,6291
Sokółka ,,648,614,650,634,650,630,677,679,634,658,628,648,7750
Jasło,Koleje Małopolskie Sp. z o.o.,16,16,18,20,16,26,32,34,,,12,12,202
Jasło,PKP INTERCITY Spółka Akcyjna ,124,116,124,120,124,120,124,123,124,124,120,123,1466
Jasło,POLREGIO Spółka Akcyjna,467,448,458,463,456,458,586,557,562,580,527,509,6071
Jasło ,,607,580,600,603,596,604,742,714,686,704,659,644,7739
Niewodnica,POLREGIO Spółka Akcyjna,561,530,613,669,633,628,696,683,663,696,663,680,7715
Niewodnica ,,561,530,613,669,633,628,696,683,663,696,663,680,7715
Klepacze,POLREGIO Spółka Akcyjna,561,530,613,669,633,628,696,683,663,696,663,680,7715
Klepacze ,,561,530,613,669,633,628,696,683,663,696,663,680,7715
Trypucie,POLREGIO Spółka Akcyjna,561,529,613,669,633,628,696,683,663,696,663,680,7714
Trypucie ,,561,529,613,669,633,628,696,683,663,696,663,680,7714
Uhowo,POLREGIO Spółka Akcyjna,561,529,613,669,633,628,696,683,663,696,663,680,7714
Uhowo ,,561,529,613,669,633,628,696,683,663,696,663,680,7714
Bojary,POLREGIO Spółka Akcyjna,561,529,613,669,633,628,696,683,663,696,663,680,7714
Bojary ,,561,529,613,669,633,628,696,683,663,696,663,680,7714
Baciuty,POLREGIO Spółka Akcyjna,561,529,613,669,633,628,696,683,663,696,663,680,7714
Baciuty ,,561,529,613,669,633,628,696,683,663,696,663,680,7714
Głuszyca,CARGO Master Spółka z o.o.,,,,8,,,,,,,,,8
Głuszyca,Koleje Dolnośląskie S.A.,676,636,680,654,680,660,666,614,504,615,629,658,7672
Głuszyca,PKP INTERCITY Spółka Akcyjna ,,,,,,,,1,,,,,1
Głuszyca ,,676,636,680,662,680,660,666,615,504,615,629,658,7681
Ustka,CARGO Master Spółka z o.o.,,,,,3,,,,,,,,3
Ustka,Freightliner PL Spółka z o.o.,,,,,2,,,,,,,,2
Ustka,Koleje Mazowieckie - KM Spółka z o.o.,,,,,,18,60,62,2,,,,142
Ustka,PKP INTERCITY Spółka Akcyjna ,110,114,121,124,137,172,278,281,11,,,,1348
Ustka,POLREGIO Spółka Akcyjna,752,711,780,762,784,760,788,786,24,,,,6147
Ustka ,,862,825,901,886,926,950,1126,1129,37,,,,7642
Bielawa Zachodnia,Koleje Dolnośląskie S.A.,660,622,653,626,647,628,649,641,579,651,625,649,7630
Bielawa Zachodnia ,,660,622,653,626,647,628,649,641,579,651,625,649,7630
Bielawa Centralna,Koleje Dolnośląskie S.A.,660,622,653,626,647,628,649,641,579,651,625,649,7630
Bielawa Centralna ,,660,622,653,626,647,628,649,641,579,651,625,649,7630
Rogoźnica,Koleje Dolnośląskie S.A.,644,613,647,617,649,629,661,652,590,654,625,648,7629
Rogoźnica ,,644,613,647,617,649,629,661,652,590,654,625,648,7629
Pasłęk,PKP INTERCITY Spółka Akcyjna ,309,290,309,299,310,300,311,310,300,310,300,339,3687
Pasłęk,POLREGIO Spółka Akcyjna,336,316,330,324,328,320,340,332,323,338,316,327,3930
Pasłęk ,,645,606,639,623,638,620,651,642,623,648,616,666,7617
Rytel,POLREGIO Spółka Akcyjna,605,579,621,599,633,612,651,652,599,629,698,722,7600
Rytel ,,605,579,621,599,633,612,651,652,599,629,698,722,7600
Wałdowo Szlacheckie,Arriva RP Sp. z o.o.,783,739,781,613,780,713,,,783,820,780,792,7584
Wałdowo Szlacheckie ,,783,739,781,613,780,713,,,783,820,780,792,7584
Kołodziejewo,POLREGIO Spółka Akcyjna,641,603,632,618,612,608,649,627,617,649,609,719,7584
Kołodziejewo ,,641,603,632,618,612,608,649,627,617,649,609,719,7584
Janikowo,POLREGIO Spółka Akcyjna,641,603,632,618,612,608,649,627,617,649,609,719,7584
Janikowo ,,641,603,632,618,612,608,649,627,617,649,609,719,7584
Gorzuchowo Chełmińskie,Arriva RP Sp. z o.o.,783,739,781,613,780,713,,,782,820,780,792,7583
Gorzuchowo Chełmińskie ,,783,739,781,613,780,713,,,782,820,780,792,7583
Subkowy Centrum,POLREGIO Spółka Akcyjna,632,606,640,622,633,620,650,641,623,650,617,642,7576
Subkowy Centrum ,,632,606,640,622,633,620,650,641,623,650,617,642,7576
Subkowy,POLREGIO Spółka Akcyjna,632,606,640,622,633,620,650,641,623,650,617,642,7576
Subkowy ,,632,606,640,622,633,620,650,641,623,650,617,642,7576
Morzeszczyn,POLREGIO Spółka Akcyjna,632,606,640,622,633,620,650,641,623,650,617,642,7576
Morzeszczyn ,,632,606,640,622,633,620,650,641,623,650,617,642,7576
Kulice Tczewskie,POLREGIO Spółka Akcyjna,632,606,640,622,633,620,650,641,623,650,617,642,7576
Kulice Tczewskie ,,632,606,640,622,633,620,650,641,623,650,617,642,7576
Czarlin,POLREGIO Spółka Akcyjna,632,606,640,622,633,620,650,641,623,650,617,642,7576
Czarlin ,,632,606,640,622,633,620,650,641,623,650,617,642,7576
Olszyna Lubańska,Koleje Dolnośląskie S.A.,614,578,618,598,620,599,618,619,555,618,587,584,7208
Olszyna Lubańska,POLREGIO Spółka Akcyjna,26,24,34,34,38,30,24,38,32,18,32,32,362
Olszyna Lubańska ,,640,602,652,632,658,629,642,657,587,636,619,616,7570
Majewo,POLREGIO Spółka Akcyjna,622,605,640,622,633,620,650,641,623,650,617,642,7565
Majewo ,,622,605,640,622,633,620,650,641,623,650,617,642,7565
Bolesławice Świdnickie,Koleje Dolnośląskie S.A.,634,605,638,624,640,619,650,636,591,648,617,663,7565
Bolesławice Świdnickie ,,634,605,638,624,640,619,650,636,591,648,617,663,7565
Goczałków,Koleje Dolnośląskie S.A.,644,613,647,615,649,629,658,642,582,599,625,648,7551
Goczałków ,,644,613,647,615,649,629,658,642,582,599,625,648,7551
Olsztyn Gutkowo,POLREGIO Spółka Akcyjna,636,600,618,612,624,614,664,648,628,664,618,622,7548
Olsztyn Gutkowo ,,636,600,618,612,624,614,664,648,628,664,618,622,7548
Olsztyn Likusy,POLREGIO Spółka Akcyjna,636,600,618,612,624,614,664,648,628,664,618,617,7543
Olsztyn Likusy ,,636,600,618,612,624,614,664,648,628,664,618,617,7543
Olsztyn Jezioro Ukiel,POLREGIO Spółka Akcyjna,636,600,618,612,624,614,664,648,628,664,618,617,7543
Olsztyn Jezioro Ukiel ,,636,600,618,612,624,614,664,648,628,664,618,617,7543
Gierwaty,Koleje Mazowieckie - KM Spółka z o.o.,665,648,684,665,676,173,398,684,723,755,712,760,7543
Gierwaty ,,665,648,684,665,676,173,398,684,723,755,712,760,7543
Olsztyn Redykajny,POLREGIO Spółka Akcyjna,636,600,618,612,624,614,664,648,628,664,618,616,7542
Olsztyn Redykajny ,,636,600,618,612,624,614,664,648,628,664,618,616,7542
Goworowo,Koleje Mazowieckie - KM Spółka z o.o.,665,648,684,665,675,173,398,684,723,755,712,760,7542
Goworowo ,,665,648,684,665,675,173,398,684,723,755,712,760,7542
Gołubie Kaszubskie,POLREGIO Spółka Akcyjna,637,598,632,614,627,618,659,652,617,642,605,627,7528
Gołubie Kaszubskie ,,637,598,632,614,627,618,659,652,617,642,605,627,7528
Wieżyca,POLREGIO Spółka Akcyjna,637,598,631,614,627,618,659,652,617,642,605,627,7527
Wieżyca ,,637,598,631,614,627,618,659,652,617,642,605,627,7527
Somonino,POLREGIO Spółka Akcyjna,637,598,631,614,627,618,659,652,617,642,605,627,7527
Somonino ,,637,598,631,614,627,618,659,652,617,642,605,627,7527
Sławki,POLREGIO Spółka Akcyjna,637,598,631,614,627,618,659,652,617,642,605,627,7527
Sławki ,,637,598,631,614,627,618,659,652,617,642,605,627,7527
Skorzewo,POLREGIO Spółka Akcyjna,637,598,632,614,627,618,657,652,617,642,605,627,7526
Skorzewo ,,637,598,632,614,627,618,657,652,617,642,605,627,7526
Krzeszna,POLREGIO Spółka Akcyjna,637,598,631,614,627,618,657,652,617,642,605,627,7525
Krzeszna ,,637,598,631,614,627,618,657,652,617,642,605,627,7525
Kiełpino Kartuskie,POLREGIO Spółka Akcyjna,637,598,631,614,626,618,657,652,617,642,605,627,7524
Kiełpino Kartuskie ,,637,598,631,614,626,618,657,652,617,642,605,627,7524
Babi Dół,POLREGIO Spółka Akcyjna,637,598,631,614,626,618,657,652,617,642,605,627,7524
Babi Dół ,,637,598,631,614,626,618,657,652,617,642,605,627,7524
Stanowice,Koleje Dolnośląskie S.A.,644,613,648,622,649,534,658,641,582,656,625,648,7520
Stanowice ,,644,613,648,622,649,534,658,641,582,656,625,648,7520
Krojanty,POLREGIO Spółka Akcyjna,605,579,621,599,620,597,620,621,598,629,698,722,7509
Krojanty ,,605,579,621,599,620,597,620,621,598,629,698,722,7509
Gutowiec,POLREGIO Spółka Akcyjna,605,579,621,599,620,597,620,621,598,629,698,722,7509
Gutowiec ,,605,579,621,599,620,597,620,621,598,629,698,722,7509
Bytonia,POLREGIO Spółka Akcyjna,604,579,621,599,620,598,620,621,599,628,698,722,7509
Bytonia ,,604,579,621,599,620,598,620,621,599,628,698,722,7509
Kamienna Karczma,POLREGIO Spółka Akcyjna,604,579,621,599,620,597,620,621,598,629,698,722,7508
Kamienna Karczma ,,604,579,621,599,620,597,620,621,598,629,698,722,7508
Mościsko Dzierżoniowskie,Koleje Dolnośląskie S.A.,636,604,638,623,638,620,645,636,565,648,614,638,7505
Mościsko Dzierżoniowskie ,,636,604,638,623,638,620,645,636,565,648,614,638,7505
Krzyżowa,Koleje Dolnośląskie S.A.,636,604,638,623,638,620,645,636,565,648,614,638,7505
Krzyżowa ,,636,604,638,623,638,620,645,636,565,648,614,638,7505
Strzelce Kujawskie,Koleje Mazowieckie - KM Spółka z o.o.,602,581,599,623,638,620,648,644,621,650,606,668,7500
Strzelce Kujawskie ,,602,581,599,623,638,620,648,644,621,650,606,668,7500
Łąck,Koleje Mazowieckie - KM Spółka z o.o.,602,581,599,623,638,619,647,644,619,650,606,668,7496
Łąck ,,602,581,599,623,638,619,647,644,619,650,606,668,7496
Tworków,Koleje Śląskie Spółka z o.o.,629,598,624,612,588,592,647,610,623,678,630,663,7494
Tworków ,,629,598,624,612,588,592,647,610,623,678,630,663,7494
Sucha Beskidzka,Koleje Śląskie Spółka z o.o.,10,8,,,14,12,16,22,2,,,,84
Sucha Beskidzka,PKP CARGO S.A.,,,2,,,2,,,,,,,4
Sucha Beskidzka,PKP INTERCITY Spółka Akcyjna ,61,59,,,,18,61,103,3,,,,305
Sucha Beskidzka,POLREGIO Spółka Akcyjna,608,572,608,592,602,589,598,597,592,611,567,565,7101
Sucha Beskidzka ,,679,639,610,592,616,621,675,722,597,611,567,565,7494
Roszków Raciborski,Koleje Śląskie Spółka z o.o.,629,598,624,612,588,592,647,610,623,678,630,663,7494
Roszków Raciborski ,,629,598,624,612,588,592,647,610,623,678,630,663,7494
Krzyżanowice,Koleje Śląskie Spółka z o.o.,629,598,624,612,588,592,647,610,623,678,630,663,7494
Krzyżanowice ,,629,598,624,612,588,592,647,610,623,678,630,663,7494
Zielonka Bankowa,Koleje Mazowieckie - KM Spółka z o.o.,583,550,571,589,575,608,681,655,643,724,645,669,7493
Zielonka Bankowa ,,583,550,571,589,575,608,681,655,643,724,645,669,7493
Warszawa Mokry Ług,Koleje Mazowieckie - KM Spółka z o.o.,583,550,571,589,575,608,681,655,643,724,645,669,7493
Warszawa Mokry Ług ,,583,550,571,589,575,608,681,655,643,724,645,669,7493
Milicz,Koleje Dolnośląskie S.A.,440,402,434,426,450,435,449,454,441,450,414,478,5273
Milicz,Koleje Wielkopolskie Sp. z o.o.,106,100,104,107,156,148,107,,,,,,828
Milicz,PKP INTERCITY Spółka Akcyjna ,115,108,111,111,116,108,112,117,106,117,111,151,1383
Milicz ,,661,610,649,644,722,691,668,571,547,567,525,629,7484
Biała Górna,Koleje Dolnośląskie S.A.,635,598,630,615,624,610,639,632,587,639,601,623,7433
Biała Górna ,,635,598,630,615,624,610,639,632,587,639,601,623,7433
Chabówka,PKP CARGO S.A.,,,2,,,2,,,,,,,4
Chabówka,PKP INTERCITY Spółka Akcyjna ,,,,,,,,,2,,108,,110
Chabówka,POLREGIO Spółka Akcyjna,623,593,630,611,621,610,633,628,607,635,440,686,7317
Chabówka ,,623,593,632,611,621,612,633,628,609,635,548,686,7431
Jadwiżyn,POLREGIO Spółka Akcyjna,640,605,631,619,590,599,609,582,618,656,603,660,7412
Jadwiżyn ,,640,605,631,619,590,599,609,582,618,656,603,660,7412
Samostrzel,POLREGIO Spółka Akcyjna,640,605,631,619,590,598,609,582,618,656,603,660,7411
Samostrzel ,,640,605,631,619,590,598,609,582,618,656,603,660,7411
Anieliny,POLREGIO Spółka Akcyjna,640,605,631,619,590,598,609,582,618,656,603,660,7411
Anieliny ,,640,605,631,619,590,598,609,582,618,656,603,660,7411
Patrzyków,Koleje Wielkopolskie Sp. z o.o.,,,548,754,762,746,782,766,752,782,748,769,7409
Patrzyków ,,,,548,754,762,746,782,766,752,782,748,769,7409
Trąbki,POLREGIO Spółka Akcyjna,630,594,619,608,608,600,615,603,612,638,598,622,7347
Trąbki ,,630,594,619,608,608,600,615,603,612,638,598,622,7347
Sobótka Zachodnia,Koleje Dolnośląskie S.A.,626,589,622,604,618,599,632,623,580,634,596,621,7344
Sobótka Zachodnia,PKP INTERCITY Spółka Akcyjna ,,,,,,,,1,,,,,1
Sobótka Zachodnia ,,626,589,622,604,618,599,632,624,580,634,596,621,7345
Cieszyno Łobeskie,POLREGIO Spółka Akcyjna,612,578,621,620,615,605,607,592,624,653,606,598,7331
Cieszyno Łobeskie ,,612,578,621,620,615,605,607,592,624,653,606,598,7331
Pyrzowice Lotnisko,Koleje Śląskie Spółka z o.o.,620,580,621,600,619,600,620,617,600,620,592,619,7308
Pyrzowice Lotnisko,PKP INTERCITY Spółka Akcyjna ,,1,,,,,,,,,,,1
Pyrzowice Lotnisko ,,620,581,621,600,619,600,620,617,600,620,592,619,7309
Miasteczko Śląskie Centrum,Koleje Śląskie Spółka z o.o.,620,580,621,600,619,600,620,617,600,620,592,619,7308
Miasteczko Śląskie Centrum ,,620,580,621,600,619,600,620,617,600,620,592,619,7308
Siewierz,Koleje Śląskie Spółka z o.o.,620,580,621,600,619,600,620,617,600,620,589,618,7304
Siewierz ,,620,580,621,600,619,600,620,617,600,620,589,618,7304
Mierzęcice,Koleje Śląskie Spółka z o.o.,620,580,621,600,619,600,620,617,600,620,589,618,7304
Mierzęcice ,,620,580,621,600,619,600,620,617,600,620,589,618,7304
Przybyłowice,Koleje Dolnośląskie S.A.,634,604,635,614,638,619,630,578,552,537,613,638,7292
Przybyłowice ,,634,604,635,614,638,619,630,578,552,537,613,638,7292
Legnica Strefa,Koleje Dolnośląskie S.A.,634,604,634,612,637,619,630,578,552,537,613,638,7288
Legnica Strefa ,,634,604,634,612,637,619,630,578,552,537,613,638,7288
Stary Jawor,Koleje Dolnośląskie S.A.,634,604,635,614,635,619,630,578,550,535,613,638,7285
Stary Jawor ,,634,604,635,614,635,619,630,578,550,535,613,638,7285
Poręba,Koleje Śląskie Spółka z o.o.,612,565,621,600,619,600,620,617,600,620,589,618,7281
Poręba ,,612,565,621,600,619,600,620,617,600,620,589,618,7281
Pustków Żurawski,Koleje Dolnośląskie S.A.,604,568,615,604,618,599,632,623,566,634,596,621,7280
Pustków Żurawski,PKP INTERCITY Spółka Akcyjna ,,,,,,,,1,,,,,1
Pustków Żurawski ,,604,568,615,604,618,599,632,624,566,634,596,621,7281
Rogów Sobócki,Koleje Dolnośląskie S.A.,604,568,615,604,618,599,632,623,566,634,596,621,7280
Rogów Sobócki,PKP INTERCITY Spółka Akcyjna ,,,,,,,,1,,,,,1
Rogów Sobócki ,,604,568,615,604,618,599,632,624,566,634,596,621,7281
Wierzbice,Koleje Dolnośląskie S.A.,604,568,615,604,618,599,632,623,566,634,596,621,7280
Wierzbice ,,604,568,615,604,618,599,632,623,566,634,596,621,7280
Gierałtów Wykroty,Koleje Dolnośląskie S.A.,621,580,611,599,620,599,617,619,586,604,599,617,7272
Gierałtów Wykroty ,,621,580,611,599,620,599,617,619,586,604,599,617,7272
Ciechanowice,Koleje Dolnośląskie S.A.,587,552,590,573,587,570,596,589,558,596,564,655,7017
Ciechanowice,POLREGIO Spółka Akcyjna,20,21,21,21,20,20,23,21,21,23,19,20,250
Ciechanowice ,,607,573,611,594,607,590,619,610,579,619,583,675,7267
Gierałtów,Koleje Dolnośląskie S.A.,617,580,611,599,620,599,617,619,581,603,598,617,7261
Gierałtów ,,617,580,611,599,620,599,617,619,581,603,598,617,7261
Skalite Serafinov,Koleje Śląskie Spółka z o.o.,618,578,618,588,618,588,620,618,598,620,582,610,7256
Skalite Serafinov,PKP INTERCITY Spółka Akcyjna ,,,,,,,,,,4,,,4
Skalite Serafinov ,,618,578,618,588,618,588,620,618,598,624,582,610,7260
Skalite,Koleje Śląskie Spółka z o.o.,618,578,618,588,618,588,620,618,598,620,582,610,7256
Skalite,PKP INTERCITY Spółka Akcyjna ,,,,,,,,,,4,,,4
Skalite ,,618,578,618,588,618,588,620,618,598,624,582,610,7260
Skalite pod Polanou,Koleje Śląskie Spółka z o.o.,618,578,618,588,618,588,620,618,598,620,582,610,7256
Skalite pod Polanou ,,618,578,618,588,618,588,620,618,598,620,582,610,7256
Skalite Kudlov,Koleje Śląskie Spółka z o.o.,618,578,618,588,618,588,620,618,598,620,582,610,7256
Skalite Kudlov ,,618,578,618,588,618,588,620,618,598,620,582,610,7256
Olesno Śląskie,PKP INTERCITY Spółka Akcyjna ,248,232,258,240,248,259,310,307,235,248,239,248,3072
Olesno Śląskie,POLREGIO Spółka Akcyjna,354,332,352,342,352,340,356,352,342,356,338,362,4178
Olesno Śląskie ,,602,564,610,582,600,599,666,659,577,604,577,610,7250
Frankfurt/Oder,PKP INTERCITY Spółka Akcyjna ,379,503,472,519,542,535,540,508,523,519,517,559,6116
Frankfurt/Oder,POLREGIO Spółka Akcyjna,160,68,180,40,120,156,40,136,118,74,,2,1094
Frankfurt/Oder ,,539,571,652,559,662,691,580,644,641,593,517,561,7210
Ubocze,Koleje Dolnośląskie S.A.,614,578,618,598,620,599,618,619,555,618,587,584,7208
Ubocze ,,614,578,618,598,620,599,618,619,555,618,587,584,7208
Tarnów Opolski,POLREGIO Spółka Akcyjna,614,600,611,605,603,580,556,539,611,648,587,618,7172
Tarnów Opolski ,,614,600,611,605,603,580,556,539,611,648,587,618,7172
Szymiszów,POLREGIO Spółka Akcyjna,614,600,611,605,603,580,556,539,611,648,587,618,7172
Szymiszów ,,614,600,611,605,603,580,556,539,611,648,587,618,7172
Otmice,POLREGIO Spółka Akcyjna,614,600,611,605,603,580,556,539,611,648,587,618,7172
Otmice ,,614,600,611,605,603,580,556,539,611,648,587,618,7172
Najmowo,Arriva RP Sp. z o.o.,632,598,628,614,620,574,588,580,564,588,560,606,7152
Najmowo ,,632,598,628,614,620,574,588,580,564,588,560,606,7152
Konojady,Arriva RP Sp. z o.o.,632,598,628,614,620,574,588,580,564,588,560,606,7152
Konojady ,,632,598,628,614,620,574,588,580,564,588,560,606,7152
Stare Grudze,Łódzka Kolej Aglomeracyjna Sp. z o.o.,,,,912,922,899,428,,972,1020,927,1068,7148
Stare Grudze ,,,,,912,922,899,428,,972,1020,927,1068,7148
Radzymin,CARGO Master Spółka z o.o.,,,,,1,,,,,,,,1
Radzymin,Koleje Mazowieckie - KM Spółka z o.o.,120,116,124,120,124,120,,,,44,120,124,1012
Radzymin,Szybka Kolej Miejska Sp. z o.o.,504,483,483,480,460,579,625,609,495,529,435,451,6133
Radzymin ,,624,599,607,600,585,699,625,609,495,573,555,575,7146
Nieporęt,Koleje Mazowieckie - KM Spółka z o.o.,120,116,124,120,124,120,,,,44,120,124,1012
Nieporęt,Szybka Kolej Miejska Sp. z o.o.,504,483,483,480,460,579,625,609,495,529,435,451,6133
Nieporęt ,,624,599,607,600,584,699,625,609,495,573,555,575,7145
Dąbkowizna,Koleje Mazowieckie - KM Spółka z o.o.,120,116,124,120,124,120,,,,44,120,124,1012
Dąbkowizna,Szybka Kolej Miejska Sp. z o.o.,504,483,483,480,460,579,625,609,495,529,435,451,6133
Dąbkowizna ,,624,599,607,600,584,699,625,609,495,573,555,575,7145
Namysłów,POLREGIO Spółka Akcyjna,607,574,601,587,594,578,618,600,588,618,571,607,7143
Namysłów ,,607,574,601,587,594,578,618,600,588,618,571,607,7143
Sierakowice Skierniewickie,Łódzka Kolej Aglomeracyjna Sp. z o.o.,407,382,522,554,565,548,580,570,735,765,767,738,7133
Sierakowice Skierniewickie ,,407,382,522,554,565,548,580,570,735,765,767,738,7133
Mokra,Łódzka Kolej Aglomeracyjna Sp. z o.o.,407,382,522,554,565,548,580,570,735,765,767,738,7133
Mokra ,,407,382,522,554,565,548,580,570,735,765,767,738,7133
Bełchów,Łódzka Kolej Aglomeracyjna Sp. z o.o.,407,382,522,554,565,548,580,570,735,765,767,738,7133
Bełchów ,,407,382,522,554,565,548,580,570,735,765,767,738,7133
Bobrowniki,Łódzka Kolej Aglomeracyjna Sp. z o.o.,407,382,522,554,565,548,580,570,735,765,767,738,7133
Bobrowniki ,,407,382,522,554,565,548,580,570,735,765,767,738,7133
Olza,Koleje Śląskie Spółka z o.o.,600,568,604,585,597,577,606,602,559,608,580,613,7099
Olza ,,600,568,604,585,597,577,606,602,559,608,580,613,7099
Wodzisław Śląski Centrum,Koleje Śląskie Spółka z o.o.,600,568,604,585,597,576,606,602,559,608,580,613,7098
Wodzisław Śląski Centrum ,,600,568,604,585,597,576,606,602,559,608,580,613,7098
Czyżowice,Koleje Śląskie Spółka z o.o.,600,568,604,585,597,576,606,602,559,608,580,613,7098
Czyżowice ,,600,568,604,585,597,576,606,602,559,608,580,613,7098
Bełsznica,Koleje Śląskie Spółka z o.o.,600,568,604,585,597,576,606,602,559,608,580,613,7098
Bełsznica ,,600,568,604,585,597,576,606,602,559,608,580,613,7098
Lisowo,POLREGIO Spółka Akcyjna,590,557,600,599,597,585,584,572,603,630,587,585,7089
Lisowo ,,590,557,600,599,597,585,584,572,603,630,587,585,7089
Młyńsko,Koleje Dolnośląskie S.A.,601,570,607,588,606,586,606,597,542,604,573,608,7088
Młyńsko ,,601,570,607,588,606,586,606,597,542,604,573,608,7088
Kwieciszowice,Koleje Dolnośląskie S.A.,601,568,605,588,604,589,603,596,539,601,563,608,7065
Kwieciszowice ,,601,568,605,588,604,589,603,596,539,601,563,608,7065
Żychlin,Łódzka Kolej Aglomeracyjna Sp. z o.o.,407,382,522,554,565,548,580,570,495,517,569,620,6329
Żychlin,PKP INTERCITY Spółka Akcyjna ,61,58,62,60,62,60,62,61,60,62,60,61,729
Żychlin ,,468,440,584,614,627,608,642,631,555,579,629,681,7058
Rybnica,Koleje Dolnośląskie S.A.,594,568,607,587,584,589,600,581,540,605,561,618,7034
Rybnica ,,594,568,607,587,584,589,600,581,540,605,561,618,7034
Mieszkowice,PKP INTERCITY Spółka Akcyjna ,186,174,186,180,186,180,186,185,180,186,179,186,2194
Mieszkowice,POLREGIO Spółka Akcyjna,403,386,399,394,402,395,414,408,397,414,388,427,4827
Mieszkowice ,,589,560,585,574,588,575,600,593,577,600,567,613,7021
Klementowice,POLREGIO Spółka Akcyjna,599,566,587,577,565,570,609,585,578,610,557,595,6998
Klementowice ,,599,566,587,577,565,570,609,585,578,610,557,595,6998
Sadurki,POLREGIO Spółka Akcyjna,599,566,587,577,565,570,609,585,578,610,557,593,6996
Sadurki ,,599,566,587,577,565,570,609,585,578,610,557,593,6996
Miłocin Lubelski,POLREGIO Spółka Akcyjna,599,566,587,577,565,570,609,585,578,610,557,593,6996
Miłocin Lubelski ,,599,566,587,577,565,570,609,585,578,610,557,593,6996
Pyzówka,Koleje Śląskie Spółka z o.o.,10,8,,,14,12,16,22,2,,,14,98
Pyzówka,POLREGIO Spółka Akcyjna,590,564,597,581,589,580,600,597,577,604,285,730,6894
Pyzówka ,,600,572,597,581,603,592,616,619,579,604,285,744,6992
Ełk,PKP INTERCITY Spółka Akcyjna ,184,174,185,180,186,180,188,186,180,184,179,186,2192
Ełk,POLREGIO Spółka Akcyjna,408,382,398,396,407,388,410,406,384,408,392,408,4787
Ełk ,,592,556,583,576,593,568,598,592,564,592,571,594,6979
Łopatki,POLREGIO Spółka Akcyjna,599,566,587,577,565,570,609,585,578,610,557,574,6977
Łopatki ,,599,566,587,577,565,570,609,585,578,610,557,574,6977
Gołąb,POLREGIO Spółka Akcyjna,599,566,587,577,565,570,609,585,578,610,557,574,6977
Gołąb ,,599,566,587,577,565,570,609,585,578,610,557,574,6977
Szczytno,Koleje Mazowieckie - KM Spółka z o.o.,,,,,,,,,,,,68,68
Szczytno,PKP INTERCITY Spółka Akcyjna ,120,112,124,120,124,120,126,124,120,124,120,124,1458
Szczytno,POLREGIO Spółka Akcyjna,469,442,454,423,436,438,480,477,453,469,451,454,5446
Szczytno ,,589,554,578,543,560,558,606,601,573,593,571,646,6972
Matysy,POLREGIO Spółka Akcyjna,594,561,584,575,574,569,603,585,577,603,559,577,6961
Matysy ,,594,561,584,575,574,569,603,585,577,603,559,577,6961
Szachy,POLREGIO Spółka Akcyjna,594,561,584,574,574,569,603,585,577,602,559,577,6959
Szachy ,,594,561,584,574,574,569,603,585,577,602,559,577,6959
Porosiuki,POLREGIO Spółka Akcyjna,593,561,584,574,574,569,603,585,577,601,559,577,6957
Porosiuki ,,593,561,584,574,574,569,603,585,577,601,559,577,6957
Budachów,POLREGIO Spółka Akcyjna,577,545,569,573,589,570,609,612,560,587,548,610,6949
Budachów ,,577,545,569,573,589,570,609,612,560,587,548,610,6949
Radnica,POLREGIO Spółka Akcyjna,577,545,569,573,589,570,609,612,560,586,548,610,6948
Radnica ,,577,545,569,573,589,570,609,612,560,586,548,610,6948
Skoki - Borowa,POLREGIO Spółka Akcyjna,594,562,583,572,561,565,605,581,573,606,553,572,6927
Skoki - Borowa ,,594,562,583,572,561,565,605,581,573,606,553,572,6927
Puławy,POLREGIO Spółka Akcyjna,594,562,583,572,561,565,605,581,573,606,553,572,6927
Puławy ,,594,562,583,572,561,565,605,581,573,606,553,572,6927
Puławy Chemia,POLREGIO Spółka Akcyjna,594,562,583,572,561,565,605,581,573,606,553,572,6927
Puławy Chemia ,,594,562,583,572,561,565,605,581,573,606,553,572,6927
Końskowola,POLREGIO Spółka Akcyjna,594,562,583,572,561,565,605,581,573,606,553,572,6927
Końskowola ,,594,562,583,572,561,565,605,581,573,606,553,572,6927
Motycz Leśny,POLREGIO Spółka Akcyjna,594,562,583,572,561,565,605,581,573,606,553,570,6925
Motycz Leśny ,,594,562,583,572,561,565,605,581,573,606,553,570,6925
Czesławice,POLREGIO Spółka Akcyjna,594,562,583,572,561,565,605,581,573,606,553,570,6925
Czesławice ,,594,562,583,572,561,565,605,581,573,606,553,570,6925
Motycz,POLREGIO Spółka Akcyjna,594,561,583,572,561,565,605,581,573,606,553,570,6924
Motycz ,,594,561,583,572,561,565,605,581,573,606,553,570,6924
Stasin Polny,POLREGIO Spółka Akcyjna,594,561,583,572,561,565,605,581,573,606,553,567,6921
Stasin Polny ,,594,561,583,572,561,565,605,581,573,606,553,567,6921
Jerzmanice Lubuskie,PKP INTERCITY Spółka Akcyjna ,,,,,2,,,,27,,,,29
Jerzmanice Lubuskie,POLREGIO Spółka Akcyjna,577,545,569,564,574,554,584,579,600,587,548,610,6891
Jerzmanice Lubuskie ,,577,545,569,564,576,554,584,579,627,587,548,610,6920
Szaniawy,PKP INTERCITY Spółka Akcyjna ,,,,,,,,,,,2,,2
Szaniawy,POLREGIO Spółka Akcyjna,589,557,580,570,570,564,599,581,572,599,555,572,6908
Szaniawy ,,589,557,580,570,570,564,599,581,572,599,557,572,6910
Brzozowica,PKP INTERCITY Spółka Akcyjna ,,,,,,,,,,,2,,2
Brzozowica,POLREGIO Spółka Akcyjna,589,557,580,569,570,564,599,581,572,599,555,572,6907
Brzozowica ,,589,557,580,569,570,564,599,581,572,599,557,572,6909
Sitno,PKP INTERCITY Spółka Akcyjna ,,,,,,,,,,,2,,2
Sitno,POLREGIO Spółka Akcyjna,589,557,580,569,570,564,599,581,572,598,555,572,6906
Sitno ,,589,557,580,569,570,564,599,581,572,598,557,572,6908
Łuków Zapowiednik,POLREGIO Spółka Akcyjna,589,557,580,570,570,564,599,581,572,599,555,572,6908
Łuków Zapowiednik ,,589,557,580,570,570,564,599,581,572,599,555,572,6908
Misie,POLREGIO Spółka Akcyjna,589,557,580,569,570,564,599,581,572,599,555,572,6907
Misie ,,589,557,580,569,570,564,599,581,572,599,555,572,6907
Sokule,POLREGIO Spółka Akcyjna,588,557,580,569,570,564,599,581,572,598,555,572,6905
Sokule ,,588,557,580,569,570,564,599,581,572,598,555,572,6905
Rokiciny Podhalańskie,POLREGIO Spółka Akcyjna,591,564,598,581,589,580,602,597,577,604,285,731,6899
Rokiciny Podhalańskie ,,591,564,598,581,589,580,602,597,577,604,285,731,6899
Raba Wyżna,POLREGIO Spółka Akcyjna,591,564,598,581,589,580,602,597,577,604,285,731,6899
Raba Wyżna ,,591,564,598,581,589,580,602,597,577,604,285,731,6899
Lasek,POLREGIO Spółka Akcyjna,591,564,597,581,590,580,600,597,577,604,285,732,6898
Lasek ,,591,564,597,581,590,580,600,597,577,604,285,732,6898
Blachownia,Koleje Śląskie Spółka z o.o.,463,448,476,462,470,460,470,474,452,475,456,520,5626
Blachownia,POLREGIO Spółka Akcyjna,104,92,93,100,108,104,113,111,105,110,108,124,1272
Blachownia ,,567,540,569,562,578,564,583,585,557,585,564,644,6898
Sieniawa,POLREGIO Spółka Akcyjna,591,564,597,581,589,580,601,597,577,604,285,730,6896
Sieniawa ,,591,564,597,581,589,580,601,597,577,604,285,730,6896
Twardogóra,Koleje Dolnośląskie S.A.,,,,,,,,,,2,,,2
Twardogóra,PKP INTERCITY Spółka Akcyjna ,248,234,249,240,247,240,248,248,236,248,240,290,2968
Twardogóra,POLREGIO Spółka Akcyjna,334,310,329,324,327,320,340,330,322,339,316,328,3919
Twardogóra ,,582,544,578,564,574,560,588,578,558,589,556,618,6889
Ustroń Zdrój,Koleje Śląskie Spółka z o.o.,532,496,535,522,610,564,564,585,481,497,494,560,6440
Ustroń Zdrój,PKP INTERCITY Spółka Akcyjna ,34,32,40,36,44,40,32,40,36,32,44,30,440
Ustroń Zdrój ,,566,528,575,558,654,604,596,625,517,529,538,590,6880
Przysucha,Koleje Mazowieckie - KM Spółka z o.o.,486,458,478,468,470,460,494,478,468,494,451,496,5701
Przysucha,Łódzka Kolej Aglomeracyjna Sp. z o.o.,36,32,40,36,44,40,32,40,28,32,44,44,448
Przysucha,PKP INTERCITY Spółka Akcyjna ,62,58,62,60,62,60,62,62,60,62,59,62,731
Przysucha ,,584,548,580,564,576,560,588,580,556,588,554,602,6880
Herby Stare,Koleje Śląskie Spółka z o.o.,463,448,476,462,470,462,470,474,452,475,454,520,5626
Herby Stare,POLREGIO Spółka Akcyjna,102,89,84,101,100,103,118,110,105,115,105,122,1254
Herby Stare ,,565,537,560,563,570,565,588,584,557,590,559,642,6880
Ustroń Polana,Koleje Śląskie Spółka z o.o.,532,496,535,522,610,562,564,584,482,497,494,560,6438
Ustroń Polana,PKP INTERCITY Spółka Akcyjna ,34,33,40,36,44,40,32,40,36,32,44,30,441
Ustroń Polana ,,566,529,575,558,654,602,596,624,518,529,538,590,6879
Piechowice,Koleje Dolnośląskie S.A.,447,436,468,448,433,452,466,474,408,462,462,474,5430
Piechowice,PKP INTERCITY Spółka Akcyjna ,139,132,59,14,,53,140,144,17,16,20,89,823
Piechowice,POLREGIO Spółka Akcyjna,58,58,62,42,,52,60,62,52,62,56,62,626
Piechowice ,,644,626,589,504,433,557,666,680,477,540,538,625,6879
Wisła Uzdrowisko,Koleje Śląskie Spółka z o.o.,532,496,535,522,610,562,565,584,476,497,494,560,6433
Wisła Uzdrowisko,PKP INTERCITY Spółka Akcyjna ,34,34,40,36,44,40,32,40,36,32,44,30,442
Wisła Uzdrowisko ,,566,530,575,558,654,602,597,624,512,529,538,590,6875
Jelenia Góra Cieplice,Koleje Dolnośląskie S.A.,447,436,468,448,431,452,466,474,408,462,461,473,5426
Jelenia Góra Cieplice,PKP INTERCITY Spółka Akcyjna ,138,132,59,14,,53,140,144,17,16,20,89,822
Jelenia Góra Cieplice,POLREGIO Spółka Akcyjna,58,58,62,42,,52,60,62,52,62,56,62,626
Jelenia Góra Cieplice ,,643,626,589,504,431,557,666,680,477,540,537,624,6874
Solniki Wielkie,POLREGIO Spółka Akcyjna,581,548,579,564,576,559,587,579,564,588,555,575,6855
Solniki Wielkie ,,581,548,579,564,576,559,587,579,564,588,555,575,6855
Bierutów,POLREGIO Spółka Akcyjna,581,548,579,564,576,559,587,579,564,588,555,575,6855
Bierutów ,,581,548,579,564,576,559,587,579,564,588,555,575,6855
Pliszka,POLREGIO Spółka Akcyjna,577,545,569,564,573,554,584,579,560,587,548,610,6850
Pliszka ,,577,545,569,564,573,554,584,579,560,587,548,610,6850
Gądków Wielki,POLREGIO Spółka Akcyjna,577,545,569,564,573,554,584,579,560,587,548,610,6850
Gądków Wielki ,,577,545,569,564,573,554,584,579,560,587,548,610,6850
Bytnica,POLREGIO Spółka Akcyjna,577,545,569,564,573,554,584,581,559,586,548,610,6850
Bytnica ,,577,545,569,564,573,554,584,581,559,586,548,610,6850
Nietkowice,POLREGIO Spółka Akcyjna,577,545,569,564,573,554,584,579,559,586,548,610,6848
Nietkowice ,,577,545,569,564,573,554,584,579,559,586,548,610,6848
Goleszów Górny,Koleje Śląskie Spółka z o.o.,584,548,579,564,568,552,580,576,562,579,556,600,6848
Goleszów Górny ,,584,548,579,564,568,552,580,576,562,579,556,600,6848
Cieszyn Uniwersytet,Koleje Śląskie Spółka z o.o.,584,548,579,564,568,552,580,576,562,579,556,600,6848
Cieszyn Uniwersytet ,,584,548,579,564,568,552,580,576,562,579,556,600,6848
Będów,POLREGIO Spółka Akcyjna,577,545,569,564,573,554,584,579,559,586,548,610,6848
Będów ,,577,545,569,564,573,554,584,579,559,586,548,610,6848
Bażanowice,Koleje Śląskie Spółka z o.o.,584,548,579,564,568,552,580,576,562,579,556,600,6848
Bażanowice ,,584,548,579,564,568,552,580,576,562,579,556,600,6848
Samborowo,POLREGIO Spółka Akcyjna,577,544,573,558,572,555,584,575,560,584,551,564,6797
Samborowo ,,577,544,573,558,572,555,584,575,560,584,551,564,6797
Biesal,POLREGIO Spółka Akcyjna,576,545,573,559,572,554,584,575,560,584,551,564,6797
Biesal ,,576,545,573,559,572,554,584,575,560,584,551,564,6797
Unieszewo,POLREGIO Spółka Akcyjna,576,544,573,559,572,554,584,575,560,584,551,564,6796
Unieszewo ,,576,544,573,559,572,554,584,575,560,584,551,564,6796
Stare Jabłonki,POLREGIO Spółka Akcyjna,576,544,573,559,572,554,584,575,560,584,551,564,6796
Stare Jabłonki ,,576,544,573,559,572,554,584,575,560,584,551,564,6796
Toszek,POLREGIO Spółka Akcyjna,591,558,573,565,567,550,556,539,569,602,549,568,6787
Toszek ,,591,558,573,565,567,550,556,539,569,602,549,568,6787
Paczyna,POLREGIO Spółka Akcyjna,591,558,573,565,567,550,556,539,569,602,549,568,6787
Paczyna ,,591,558,573,565,567,550,556,539,569,602,549,568,6787
Ligota Toszecka,POLREGIO Spółka Akcyjna,591,558,573,565,567,550,556,539,569,602,549,568,6787
Ligota Toszecka ,,591,558,573,565,567,550,556,539,569,602,549,568,6787
Kotulin,POLREGIO Spółka Akcyjna,591,558,573,565,567,550,556,539,569,602,549,568,6787
Kotulin ,,591,558,573,565,567,550,556,539,569,602,549,568,6787
Błotnica Strzelecka,POLREGIO Spółka Akcyjna,591,558,573,565,567,550,556,539,569,602,549,568,6787
Błotnica Strzelecka ,,591,558,573,565,567,550,556,539,569,602,549,568,6787
Szklarska Poręba Średnia,Koleje Dolnośląskie S.A.,440,436,468,448,430,452,460,468,396,458,416,472,5344
Szklarska Poręba Średnia,PKP INTERCITY Spółka Akcyjna ,136,132,59,14,,53,140,144,17,16,20,89,820
Szklarska Poręba Średnia,POLREGIO Spółka Akcyjna,54,58,62,42,,52,60,62,52,62,52,62,618
Szklarska Poręba Średnia ,,630,626,589,504,430,557,660,674,465,536,488,623,6782
Szklarska Poręba Dolna,Koleje Dolnośląskie S.A.,440,436,468,448,430,452,460,468,396,458,416,472,5344
Szklarska Poręba Dolna,PKP INTERCITY Spółka Akcyjna ,136,132,59,14,,53,140,144,17,16,20,89,820
Szklarska Poręba Dolna,POLREGIO Spółka Akcyjna,54,58,62,42,,52,60,62,52,62,52,62,618
Szklarska Poręba Dolna ,,630,626,589,504,430,557,660,674,465,536,488,623,6782
Rokita,POLREGIO Spółka Akcyjna,551,518,566,574,572,563,550,547,577,603,560,597,6778
Rokita ,,551,518,566,574,572,563,550,547,577,603,560,597,6778
Łoźnica,POLREGIO Spółka Akcyjna,551,518,566,574,572,563,550,547,577,603,560,597,6778
Łoźnica ,,551,518,566,574,572,563,550,547,577,603,560,597,6778
Białuń,POLREGIO Spółka Akcyjna,551,518,566,574,572,563,550,547,577,603,560,597,6778
Białuń ,,551,518,566,574,572,563,550,547,577,603,560,597,6778
Gliwice Kuźnica,POLREGIO Spółka Akcyjna,591,556,573,565,567,550,545,539,570,602,550,568,6776
Gliwice Kuźnica ,,591,556,573,565,567,550,545,539,570,602,550,568,6776
Włoszakowice,Koleje Wielkopolskie Sp. z o.o.,581,530,564,560,549,552,564,545,579,610,562,569,6765
Włoszakowice,Parowozownia Wolsztyn,,,,,4,,,2,,,,,6
Włoszakowice ,,581,530,564,560,553,552,564,547,579,610,562,569,6771
Wilkowice,Koleje Wielkopolskie Sp. z o.o.,581,530,564,560,549,552,564,545,579,610,562,569,6765
Wilkowice ,,581,530,564,560,549,552,564,545,579,610,562,569,6765
Krzycko Wielkie,Koleje Wielkopolskie Sp. z o.o.,581,530,564,560,549,552,564,545,579,610,562,569,6765
Krzycko Wielkie ,,581,530,564,560,549,552,564,545,579,610,562,569,6765
Nowogard,PKP INTERCITY Spółka Akcyjna ,,,,,,18,62,62,2,,,,144
Nowogard,POLREGIO Spółka Akcyjna,515,486,546,550,546,555,585,580,542,572,529,583,6589
Nowogard ,,515,486,546,550,546,573,647,642,544,572,529,583,6733
Nosówko,POLREGIO Spółka Akcyjna,585,553,577,564,563,550,549,537,546,572,534,589,6719
Nosówko ,,585,553,577,564,563,550,549,537,546,572,534,589,6719
Białośliwie,CARGO Master Spółka z o.o.,,,,2,,,,,,,,,2
Białośliwie,Koleje Wielkopolskie Sp. z o.o.,110,108,114,112,116,108,114,115,111,116,111,81,1316
Białośliwie,POLREGIO Spółka Akcyjna,457,432,454,444,435,440,463,452,442,464,438,480,5401
Białośliwie ,,567,540,568,558,551,548,577,567,553,580,549,561,6719
Miasteczko Krajeńskie,Koleje Wielkopolskie Sp. z o.o.,110,108,114,112,116,108,114,115,111,116,111,81,1316
Miasteczko Krajeńskie,POLREGIO Spółka Akcyjna,458,432,454,444,435,440,463,452,442,464,438,480,5402
Miasteczko Krajeńskie ,,568,540,568,556,551,548,577,567,553,580,549,561,6718
Kaczory,Koleje Wielkopolskie Sp. z o.o.,110,108,114,112,116,108,114,115,111,116,111,81,1316
Kaczory,POLREGIO Spółka Akcyjna,458,432,454,444,435,440,463,452,442,464,438,480,5402
Kaczory ,,568,540,568,556,551,548,577,567,553,580,549,561,6718
Krostkowo,Koleje Wielkopolskie Sp. z o.o.,110,108,114,112,116,108,114,115,111,116,111,81,1316
Krostkowo,POLREGIO Spółka Akcyjna,457,432,454,444,435,440,463,452,442,464,438,480,5401
Krostkowo ,,567,540,568,556,551,548,577,567,553,580,549,561,6717
Opoczno,Łódzka Kolej Aglomeracyjna Sp. z o.o.,458,432,456,420,452,454,480,476,463,480,458,474,5503
Opoczno,POLREGIO Spółka Akcyjna,79,76,108,39,124,120,54,110,113,124,120,124,1191
Opoczno ,,537,508,564,459,576,574,534,586,576,604,578,598,6694
Rajsk,POLREGIO Spółka Akcyjna,573,548,577,559,573,559,541,529,558,585,519,557,6678
Rajsk ,,573,548,577,559,573,559,541,529,558,585,519,557,6678
Orzechowicze,POLREGIO Spółka Akcyjna,573,548,577,559,573,559,541,529,558,585,519,557,6678
Orzechowicze ,,573,548,577,559,573,559,541,529,558,585,519,557,6678
Strabla,POLREGIO Spółka Akcyjna,573,548,576,559,573,559,541,529,558,585,519,557,6677
Strabla ,,573,548,576,559,573,559,541,529,558,585,519,557,6677
Lewickie,POLREGIO Spółka Akcyjna,574,548,576,559,573,559,541,529,558,585,519,556,6677
Lewickie ,,574,548,576,559,573,559,541,529,558,585,519,556,6677
Białystok Nowe Miasto,POLREGIO Spółka Akcyjna,574,548,576,559,573,559,541,529,558,585,519,556,6677
Białystok Nowe Miasto ,,574,548,576,559,573,559,541,529,558,585,519,556,6677
Białystok Stadion,POLREGIO Spółka Akcyjna,574,548,576,559,573,559,541,529,558,585,519,556,6677
Białystok Stadion ,,574,548,576,559,573,559,541,529,558,585,519,556,6677
Zimnochy,POLREGIO Spółka Akcyjna,573,548,576,559,573,559,541,529,558,585,519,556,6676
Zimnochy ,,573,548,576,559,573,559,541,529,558,585,519,556,6676
Hryniewicze,POLREGIO Spółka Akcyjna,574,548,576,558,573,559,541,529,558,585,519,556,6676
Hryniewicze ,,574,548,576,558,573,559,541,529,558,585,519,556,6676
Hołówki Duże,POLREGIO Spółka Akcyjna,573,548,576,559,573,559,541,529,558,585,519,556,6676
Hołówki Duże ,,573,548,576,559,573,559,541,529,558,585,519,556,6676
Częstochowa Gnaszyn,Koleje Śląskie Spółka z o.o.,463,448,476,462,470,460,470,474,452,475,456,520,5626
Częstochowa Gnaszyn,POLREGIO Spółka Akcyjna,86,76,73,84,84,86,97,91,87,94,86,102,1046
Częstochowa Gnaszyn ,,549,524,549,546,554,546,567,565,539,569,542,622,6672
Muszyna,Koleje Małopolskie Sp. z o.o.,32,32,,,,44,48,52,4,,,8,220
Muszyna,PKP CARGO S.A. w restrukturyzacji,,,,,,,,,3,,2,,5
Muszyna,PKP INTERCITY Spółka Akcyjna ,138,131,144,138,146,140,136,140,134,140,142,156,1685
Muszyna,POLREGIO Spółka Akcyjna,403,382,401,393,398,390,408,403,391,408,387,396,4760
Muszyna ,,573,545,545,531,544,574,592,595,532,548,531,560,6670
Bierawa,POLREGIO Spółka Akcyjna,566,531,560,546,554,540,572,559,546,572,534,574,6654
Bierawa ,,566,531,560,546,554,540,572,559,546,572,534,574,6654
Racibory,POLREGIO Spółka Akcyjna,562,529,557,549,566,540,572,559,545,572,543,556,6650
Racibory ,,562,529,557,549,566,540,572,559,545,572,543,556,6650
Szymbory,POLREGIO Spółka Akcyjna,562,529,557,549,566,540,572,559,544,572,543,556,6649
Szymbory ,,562,529,557,549,566,540,572,559,544,572,543,556,6649
Jabłoń Kościelna,POLREGIO Spółka Akcyjna,562,529,557,549,566,540,572,559,544,572,543,556,6649
Jabłoń Kościelna ,,562,529,557,549,566,540,572,559,544,572,543,556,6649
Zdrody Nowe,POLREGIO Spółka Akcyjna,562,529,557,549,565,540,572,559,544,572,543,556,6648
Zdrody Nowe ,,562,529,557,549,565,540,572,559,544,572,543,556,6648
Łapy Osse,POLREGIO Spółka Akcyjna,562,529,557,549,565,540,572,559,544,572,543,556,6648
Łapy Osse ,,562,529,557,549,565,540,572,559,544,572,543,556,6648
Kędzierzyn-Koźle Azoty,POLREGIO Spółka Akcyjna,566,530,560,544,554,540,571,559,542,572,534,573,6645
Kędzierzyn-Koźle Azoty ,,566,530,560,544,554,540,571,559,542,572,534,573,6645
Wilków Namysłowski,POLREGIO Spółka Akcyjna,563,532,559,546,554,539,571,558,546,572,533,567,6640
Wilków Namysłowski ,,563,532,559,546,554,539,571,558,546,572,533,567,6640
Koźlice,Koleje Dolnośląskie S.A.,543,535,569,550,566,492,573,567,552,571,546,560,6624
Koźlice ,,543,535,569,550,566,492,573,567,552,571,546,560,6624
Końskie,Łódzka Kolej Aglomeracyjna Sp. z o.o.,352,332,352,202,350,354,368,372,359,372,360,372,4145
Końskie,POLREGIO Spółka Akcyjna,151,156,216,173,248,238,110,222,229,248,240,248,2479
Końskie ,,503,488,568,375,598,592,478,594,588,620,600,620,6624
Rynarcice,Koleje Dolnośląskie S.A.,541,535,569,548,562,492,573,567,552,571,546,560,6616
Rynarcice ,,541,535,569,548,562,492,573,567,552,571,546,560,6616
Szczecin Żydowce,POLREGIO Spółka Akcyjna,,,,,,708,1043,993,958,1021,905,983,6611
Szczecin Żydowce ,,,,,,,708,1043,993,958,1021,905,983,6611
Skoczów Bładnice,Koleje Śląskie Spółka z o.o.,566,532,559,544,542,539,569,553,542,571,534,546,6597
Skoczów Bładnice ,,566,532,559,544,542,539,569,553,542,571,534,546,6597
Kochanowice,Koleje Śląskie Spółka z o.o.,464,448,476,462,470,460,470,474,452,475,454,520,5625
Kochanowice,PKP INTERCITY Spółka Akcyjna ,,,,,,33,,,,,,,33
Kochanowice,POLREGIO Spółka Akcyjna,76,68,64,76,72,74,88,80,78,88,76,94,934
Kochanowice ,,540,516,540,538,542,567,558,554,530,563,530,614,6592
Dziergowice,POLREGIO Spółka Akcyjna,566,531,560,546,554,540,572,559,546,572,470,574,6590
Dziergowice ,,566,531,560,546,554,540,572,559,546,572,470,574,6590
Lisów,Koleje Śląskie Spółka z o.o.,463,448,476,462,470,460,470,474,452,475,454,520,5624
Lisów,POLREGIO Spółka Akcyjna,76,68,64,76,72,74,88,80,78,88,76,94,934
Lisów ,,539,516,540,538,542,534,558,554,530,563,530,614,6558
Siemiatycze,Koleje Mazowieckie - KM Spółka z o.o.,228,232,248,237,242,234,248,248,238,243,240,248,2886
Siemiatycze,PKP INTERCITY Spółka Akcyjna ,123,115,124,120,124,120,123,123,120,124,119,123,1458
Siemiatycze,POLREGIO Spółka Akcyjna,186,174,184,180,186,180,186,185,178,186,180,186,2191
Siemiatycze ,,537,521,556,537,552,534,557,556,536,553,539,557,6535
Nurzec,Koleje Mazowieckie - KM Spółka z o.o.,228,232,248,237,242,234,248,248,238,243,240,248,2886
Nurzec,PKP INTERCITY Spółka Akcyjna ,123,115,124,120,124,120,123,123,120,124,119,123,1458
Nurzec,POLREGIO Spółka Akcyjna,186,174,184,180,186,180,186,185,178,186,180,186,2191
Nurzec ,,537,521,556,537,552,534,557,556,536,553,539,557,6535
Zaklików,PKP INTERCITY Spółka Akcyjna ,247,232,248,240,248,238,244,224,240,248,240,245,2894
Zaklików,POLREGIO Spółka Akcyjna,309,290,306,299,310,300,305,310,300,310,300,301,3640
Zaklików ,,556,522,554,539,558,538,549,534,540,558,540,546,6534
Sarnaki,Koleje Mazowieckie - KM Spółka z o.o.,228,232,248,237,242,234,248,248,238,243,240,248,2886
Sarnaki,PKP INTERCITY Spółka Akcyjna ,122,115,124,120,124,120,123,123,120,124,119,123,1457
Sarnaki,POLREGIO Spółka Akcyjna,186,174,184,180,186,180,186,185,177,186,180,186,2190
Sarnaki ,,536,521,556,537,552,534,557,556,535,553,539,557,6533
Niemojki,Koleje Mazowieckie - KM Spółka z o.o.,228,232,248,237,242,234,248,248,237,243,240,248,2885
Niemojki,PKP INTERCITY Spółka Akcyjna ,122,115,124,120,124,120,123,123,120,124,119,123,1457
Niemojki,POLREGIO Spółka Akcyjna,186,174,184,180,186,180,186,185,177,186,180,186,2190
Niemojki ,,536,521,556,537,552,534,557,556,534,553,539,557,6532
Osina,POLREGIO Spółka Akcyjna,511,486,538,540,540,549,577,570,537,568,521,583,6520
Osina ,,511,486,538,540,540,549,577,570,537,568,521,583,6520
Zebrzydowice,Koleje Śląskie Spółka z o.o.,310,290,310,300,310,294,307,310,295,309,258,260,3553
Zebrzydowice,PKP INTERCITY Spółka Akcyjna ,218,233,248,240,248,259,310,310,126,248,240,264,2944
Zebrzydowice ,,528,523,558,540,558,553,617,620,421,557,498,524,6497
Ptaszkowa,Koleje Małopolskie Sp. z o.o.,71,66,71,70,70,72,74,74,61,71,68,68,836
Ptaszkowa,PKP CARGO S.A. w restrukturyzacji,,,,,,,,,2,,,,2
Ptaszkowa,POLREGIO Spółka Akcyjna,474,453,468,464,465,460,487,471,463,485,450,517,5657
Ptaszkowa ,,545,519,539,534,535,532,561,545,526,556,518,585,6495
Mszalnica,Koleje Małopolskie Sp. z o.o.,71,66,71,70,70,72,74,74,61,71,68,68,836
Mszalnica,POLREGIO Spółka Akcyjna,474,453,468,464,465,460,487,471,463,485,450,517,5657
Mszalnica ,,545,519,539,534,535,532,561,545,524,556,518,585,6493
Nowy Sącz Jamnica,Koleje Małopolskie Sp. z o.o.,71,66,71,70,70,72,74,74,61,71,68,68,836
Nowy Sącz Jamnica,POLREGIO Spółka Akcyjna,474,453,468,464,465,460,487,471,463,485,450,517,5657
Nowy Sącz Jamnica ,,545,519,539,534,535,532,561,545,524,556,518,585,6493
Nowy Sącz Gorzków,Koleje Małopolskie Sp. z o.o.,71,66,71,70,70,72,74,74,61,71,68,68,836
Nowy Sącz Gorzków,POLREGIO Spółka Akcyjna,474,453,468,464,465,460,487,471,463,485,450,517,5657
Nowy Sącz Gorzków ,,545,519,539,534,535,532,561,545,524,556,518,585,6493
Kamionka Wielka,Koleje Małopolskie Sp. z o.o.,71,66,71,70,70,72,74,74,61,71,68,68,836
Kamionka Wielka,POLREGIO Spółka Akcyjna,474,453,468,464,465,460,487,471,463,485,450,517,5657
Kamionka Wielka ,,545,519,539,534,535,532,561,545,524,556,518,585,6493
Żegiestów-Zdrój,Koleje Małopolskie Sp. z o.o.,,,,,,4,16,16,,,,,36
Żegiestów-Zdrój,PKP INTERCITY Spółka Akcyjna ,138,131,144,138,146,140,136,140,134,140,142,156,1685
Żegiestów-Zdrój,POLREGIO Spółka Akcyjna,403,382,401,393,398,390,405,402,390,408,387,396,4755
Żegiestów-Zdrój ,,541,513,545,531,544,534,557,558,524,548,529,552,6476
Łomnica-Zdrój,Koleje Małopolskie Sp. z o.o.,,,,,,4,16,16,,,,,36
Łomnica-Zdrój,PKP INTERCITY Spółka Akcyjna ,138,131,144,138,146,140,137,140,134,140,142,156,1686
Łomnica-Zdrój,POLREGIO Spółka Akcyjna,399,382,401,393,398,390,408,402,389,408,387,396,4753
Łomnica-Zdrój ,,537,513,545,531,544,534,561,558,523,548,529,552,6475
Gryfice,PKP INTERCITY Spółka Akcyjna ,,,,,,18,62,62,2,,,,144
Gryfice,POLREGIO Spółka Akcyjna,490,465,522,525,526,535,562,561,520,548,508,569,6331
Gryfice ,,490,465,522,525,526,553,624,623,522,548,508,569,6475
Narzym,Koleje Mazowieckie - KM Spółka z o.o.,545,514,547,531,548,530,550,549,531,550,527,547,6469
Narzym ,,545,514,547,531,548,530,550,549,531,550,527,547,6469
Iłowo,Koleje Mazowieckie - KM Spółka z o.o.,545,514,547,531,548,530,550,549,531,550,527,547,6469
Iłowo ,,545,514,547,531,548,530,550,549,531,550,527,547,6469
Ustronie Morskie,PKP INTERCITY Spółka Akcyjna ,148,140,152,147,153,157,202,206,122,124,120,139,1810
Ustronie Morskie,POLREGIO Spółka Akcyjna,389,370,388,379,377,379,406,400,377,398,372,419,4654
Ustronie Morskie ,,537,510,540,526,530,536,608,606,499,522,492,558,6464
Trzebiatów,PKP INTERCITY Spółka Akcyjna ,,,,,,18,62,62,2,,,,144
Trzebiatów,POLREGIO Spółka Akcyjna,488,465,518,519,522,531,562,561,520,546,502,565,6299
Trzebiatów ,,488,465,518,519,522,549,624,623,522,546,502,565,6443
Ustroń,Koleje Śląskie Spółka z o.o.,532,496,535,522,610,562,564,587,481,497,494,560,6440
Ustroń,PKP INTERCITY Spółka Akcyjna ,,2,,,,,,,,,,,2
Ustroń ,,532,498,535,522,610,562,564,587,481,497,494,560,6442
Wierchomla Wielka,PKP INTERCITY Spółka Akcyjna ,138,131,144,138,146,140,137,140,134,140,142,156,1686
Wierchomla Wielka,POLREGIO Spółka Akcyjna,399,382,401,393,398,390,408,402,391,408,387,396,4755
Wierchomla Wielka ,,537,513,545,531,544,530,545,542,525,548,529,552,6441
Ustroń Brzegi,Koleje Śląskie Spółka z o.o.,532,496,535,522,610,562,564,585,481,497,494,560,6438
Ustroń Brzegi ,,532,496,535,522,610,562,564,585,481,497,494,560,6438
Wisła Jawornik,Koleje Śląskie Spółka z o.o.,532,496,535,522,610,562,564,584,476,497,494,560,6432
Wisła Jawornik ,,532,496,535,522,610,562,564,584,476,497,494,560,6432
Wilczyska,Koleje Małopolskie Sp. z o.o.,71,66,71,70,69,70,70,71,61,71,68,68,826
Wilczyska,POLREGIO Spółka Akcyjna,474,453,468,464,465,460,487,470,463,485,450,463,5602
Wilczyska ,,545,519,539,534,534,530,557,541,524,556,518,531,6428
Nowawieś Mochy,CARGO Master Spółka z o.o.,,,,,2,,,,,,,,2
Nowawieś Mochy,Koleje Wielkopolskie Sp. z o.o.,537,508,526,520,513,522,564,545,537,564,525,539,6400
Nowawieś Mochy,Parowozownia Wolsztyn,,,,2,10,,,4,,,4,,20
Nowawieś Mochy ,,537,508,526,522,525,522,564,549,537,564,529,539,6422
Wisła Głębce,Koleje Śląskie Spółka z o.o.,532,496,535,522,600,556,563,584,476,497,494,560,6415
Wisła Głębce,PKP INTERCITY Spółka Akcyjna ,,2,,,,,,,,,,,2
Wisła Głębce ,,532,498,535,522,600,556,563,584,476,497,494,560,6417
Wisła Dziechcinka,Koleje Śląskie Spółka z o.o.,532,496,535,522,600,556,563,584,476,497,494,560,6415
Wisła Dziechcinka ,,532,496,535,522,600,556,563,584,476,497,494,560,6415
Wisła Kopydło,Koleje Śląskie Spółka z o.o.,532,496,535,522,600,556,563,584,476,497,494,560,6415
Wisła Kopydło ,,532,496,535,522,600,556,563,584,476,497,494,560,6415
Wołczyn,POLREGIO Spółka Akcyjna,548,516,538,527,532,518,556,539,528,556,511,545,6414
Wołczyn ,,548,516,538,527,532,518,556,539,528,556,511,545,6414
Smardy,POLREGIO Spółka Akcyjna,548,516,538,527,532,518,556,539,528,556,511,545,6414
Smardy ,,548,516,538,527,532,518,556,539,528,556,511,545,6414
Gręboszów,POLREGIO Spółka Akcyjna,546,516,539,527,532,518,556,539,528,556,511,545,6413
Gręboszów ,,546,516,539,527,532,518,556,539,528,556,511,545,6413
Domaszowice,POLREGIO Spółka Akcyjna,546,516,539,527,532,518,556,539,528,556,511,545,6413
Domaszowice ,,546,516,539,527,532,518,556,539,528,556,511,545,6413
Wierzbica Górna,POLREGIO Spółka Akcyjna,546,516,538,527,532,518,556,539,528,556,511,545,6412
Wierzbica Górna ,,546,516,538,527,532,518,556,539,528,556,511,545,6412
Gogolewo,POLREGIO Spółka Akcyjna,532,503,544,543,539,530,526,515,547,572,532,529,6412
Gogolewo ,,532,503,544,543,539,530,526,515,547,572,532,529,6412
Wojanów,Koleje Dolnośląskie S.A.,586,552,590,402,,500,595,589,558,596,564,655,6187
Wojanów,POLREGIO Spółka Akcyjna,20,21,21,14,,18,23,21,21,23,19,20,221
Wojanów ,,606,573,611,416,,518,618,610,579,619,583,675,6408
Trzcińsko,Koleje Dolnośląskie S.A.,586,552,590,402,,500,595,589,558,596,564,655,6187
Trzcińsko,POLREGIO Spółka Akcyjna,20,21,21,14,,18,23,21,21,23,19,20,221
Trzcińsko ,,606,573,611,416,,518,618,610,579,619,583,675,6408
Boszkowo,Koleje Wielkopolskie Sp. z o.o.,537,508,526,520,513,522,564,545,537,564,524,539,6399
Boszkowo,Parowozownia Wolsztyn,,,,,4,,,2,,,,,6
Boszkowo ,,537,508,526,520,517,522,564,547,537,564,524,539,6405
Wroniawy,CARGO Master Spółka z o.o.,,,,,2,,,,,,,,2
Wroniawy,Koleje Wielkopolskie Sp. z o.o.,537,508,526,520,513,522,564,545,537,564,525,539,6400
Wroniawy ,,537,508,526,520,515,522,564,545,537,564,525,539,6402
Nowy Solec,CARGO Master Spółka z o.o.,,,,,2,,,,,,,,2
Nowy Solec,Koleje Wielkopolskie Sp. z o.o.,537,508,526,520,513,522,564,545,537,564,525,539,6400
Nowy Solec ,,537,508,526,520,515,522,564,545,537,564,525,539,6402
Nowy Widzim,CARGO Master Spółka z o.o.,,,,,2,,,,,,,,2
Nowy Widzim,Koleje Wielkopolskie Sp. z o.o.,537,508,526,520,513,522,564,545,537,564,525,538,6399
Nowy Widzim ,,537,508,526,520,515,522,564,545,537,564,525,538,6401
Wolin,POLREGIO Spółka Akcyjna,475,448,499,515,538,558,652,663,504,526,496,525,6399
Wolin ,,475,448,499,515,538,558,652,663,504,526,496,525,6399
Starkowo,Koleje Wielkopolskie Sp. z o.o.,537,508,526,520,513,522,564,545,537,564,524,539,6399
Starkowo ,,537,508,526,520,513,522,564,545,537,564,524,539,6399
Perkowo,Koleje Wielkopolskie Sp. z o.o.,537,508,526,520,513,522,564,545,537,564,524,539,6399
Perkowo ,,537,508,526,520,513,522,564,545,537,564,524,539,6399
Mirsk,Koleje Dolnośląskie S.A.,552,522,554,530,551,534,537,544,476,533,518,548,6399
Mirsk ,,552,522,554,530,551,534,537,544,476,533,518,548,6399
Błotnica,Koleje Wielkopolskie Sp. z o.o.,537,508,526,520,513,522,564,545,537,564,524,539,6399
Błotnica ,,537,508,526,520,513,522,564,545,537,564,524,539,6399
Taciszów,POLREGIO Spółka Akcyjna,548,516,536,524,532,520,556,540,528,552,511,530,6393
Taciszów ,,548,516,536,524,532,520,556,540,528,552,511,530,6393
Sławięcice,POLREGIO Spółka Akcyjna,548,516,536,524,532,520,555,540,528,552,511,530,6392
Sławięcice ,,548,516,536,524,532,520,555,540,528,552,511,530,6392
Rudziniec Gliwicki,POLREGIO Spółka Akcyjna,548,516,536,524,532,520,555,540,528,552,511,530,6392
Rudziniec Gliwicki ,,548,516,536,524,532,520,555,540,528,552,511,530,6392
Rzeczyce Śląskie,POLREGIO Spółka Akcyjna,548,516,536,524,532,520,556,540,528,552,510,529,6391
Rzeczyce Śląskie ,,548,516,536,524,532,520,556,540,528,552,510,529,6391
Mokre,POLREGIO Spółka Akcyjna,534,514,536,531,547,529,541,549,531,550,528,498,6388
Mokre ,,534,514,536,531,547,529,541,549,531,550,528,498,6388
Niedrzwica,POLREGIO Spółka Akcyjna,551,521,537,530,508,520,561,530,531,563,508,519,6379
Niedrzwica ,,551,521,537,530,508,520,561,530,531,563,508,519,6379
Lublin Zemborzyce,POLREGIO Spółka Akcyjna,551,521,537,530,508,520,561,530,531,563,508,519,6379
Lublin Zemborzyce ,,551,521,537,530,508,520,561,530,531,563,508,519,6379
Majdan,POLREGIO Spółka Akcyjna,551,521,537,530,508,520,561,530,531,563,508,519,6379
Majdan ,,551,521,537,530,508,520,561,530,531,563,508,519,6379
Krężnica Jara,POLREGIO Spółka Akcyjna,551,521,537,530,508,520,561,530,531,563,508,519,6379
Krężnica Jara ,,551,521,537,530,508,520,561,530,531,563,508,519,6379
Wilkołaz,POLREGIO Spółka Akcyjna,551,521,537,530,508,520,561,530,531,563,507,519,6378
Wilkołaz ,,551,521,537,530,508,520,561,530,531,563,507,519,6378
Wilkołaz Wieś,POLREGIO Spółka Akcyjna,551,521,537,530,508,520,561,530,531,563,507,519,6378
Wilkołaz Wieś ,,551,521,537,530,508,520,561,530,531,563,507,519,6378
Niedrzwica Kościelna,POLREGIO Spółka Akcyjna,551,521,537,530,508,520,561,530,531,563,507,519,6378
Niedrzwica Kościelna ,,551,521,537,530,508,520,561,530,531,563,507,519,6378
Leśniczówka,POLREGIO Spółka Akcyjna,551,521,537,530,508,520,561,530,531,563,507,519,6378
Leśniczówka ,,551,521,537,530,508,520,561,530,531,563,507,519,6378
Świnoujście Warszów,POLREGIO Spółka Akcyjna,475,448,499,515,538,554,644,653,504,526,496,513,6365
Świnoujście Warszów ,,475,448,499,515,538,554,644,653,504,526,496,513,6365
Szczepanów,Koleje Dolnośląskie S.A.,538,505,538,520,538,519,542,538,500,542,520,541,6341
Szczepanów ,,538,505,538,520,538,519,542,538,500,542,520,541,6341
Pszenno,Koleje Dolnośląskie S.A.,538,505,538,520,538,519,542,538,500,542,520,541,6341
Pszenno ,,538,505,538,520,538,519,542,538,500,542,520,541,6341
Zaręby Kościelne,Koleje Mazowieckie - KM Spółka z o.o.,492,464,496,480,494,524,558,558,540,558,540,632,6336
Zaręby Kościelne ,,492,464,496,480,494,524,558,558,540,558,540,632,6336
Szulborze Wielkie,Koleje Mazowieckie - KM Spółka z o.o.,492,464,496,480,494,524,558,558,540,558,540,632,6336
Szulborze Wielkie ,,492,464,496,480,494,524,558,558,540,558,540,632,6336
Starczów,Koleje Dolnośląskie S.A.,662,620,662,641,660,640,664,663,,,447,677,6336
Starczów ,,662,620,662,641,660,640,664,663,,,447,677,6336
Kietlanka,Koleje Mazowieckie - KM Spółka z o.o.,492,464,496,480,494,524,558,558,540,558,540,632,6336
Kietlanka ,,492,464,496,480,494,524,558,558,540,558,540,632,6336
Stobno,Koleje Wielkopolskie Sp. z o.o.,,,,,,,,,,,,34,34
Stobno,POLREGIO Spółka Akcyjna,559,514,473,427,486,544,566,571,535,572,544,510,6301
Stobno ,,559,514,473,427,486,544,566,571,535,572,544,544,6335
Siedlisko Czarnkowskie,Koleje Wielkopolskie Sp. z o.o.,,,,,,,,,,,,34,34
Siedlisko Czarnkowskie,POLREGIO Spółka Akcyjna,559,513,473,427,486,544,566,571,535,572,545,510,6301
Siedlisko Czarnkowskie ,,559,513,473,427,486,544,566,571,535,572,545,544,6335
Biernatowo,Koleje Wielkopolskie Sp. z o.o.,,,,,,,,,,,,34,34
Biernatowo,POLREGIO Spółka Akcyjna,559,513,473,427,486,544,566,571,535,572,545,510,6301
Biernatowo ,,559,513,473,427,486,544,566,571,535,572,545,544,6335
Bobowa,Koleje Małopolskie Sp. z o.o.,62,58,62,60,61,60,62,62,60,62,60,62,731
Bobowa,POLREGIO Spółka Akcyjna,474,453,469,463,465,460,487,472,463,485,450,463,5604
Bobowa ,,536,511,531,523,526,520,549,534,523,547,510,525,6335
Biała Pilska,Koleje Wielkopolskie Sp. z o.o.,,,,,,,,,,,,34,34
Biała Pilska,POLREGIO Spółka Akcyjna,558,514,473,427,486,544,566,571,535,572,544,510,6300
Biała Pilska ,,558,514,473,427,486,544,566,571,535,572,544,544,6334
Ławica,Koleje Dolnośląskie S.A.,663,620,662,641,660,636,663,663,,,447,677,6332
Ławica ,,663,620,662,641,660,636,663,663,,,447,677,6332
Bardo Przyłęk,Koleje Dolnośląskie S.A.,663,620,662,641,660,636,663,663,,,447,677,6332
Bardo Przyłęk ,,663,620,662,641,660,636,663,663,,,447,677,6332
Rudnik nad Sanem,PKP INTERCITY Spółka Akcyjna ,248,232,246,240,247,239,246,248,240,248,239,245,2918
Rudnik nad Sanem,POLREGIO Spółka Akcyjna,322,286,303,308,312,250,184,186,314,330,304,314,3413
Rudnik nad Sanem ,,570,518,549,548,559,489,430,434,554,578,543,559,6331
Nisko,PKP INTERCITY Spółka Akcyjna ,248,232,246,240,247,239,246,248,240,248,239,245,2918
Nisko,POLREGIO Spółka Akcyjna,322,286,303,308,312,250,184,186,314,330,304,314,3413
Nisko ,,570,518,549,548,559,489,430,434,554,578,543,559,6331
Jankowa,Koleje Małopolskie Sp. z o.o.,62,58,62,60,61,60,62,62,60,62,60,62,731
Jankowa,POLREGIO Spółka Akcyjna,474,453,468,463,465,460,487,469,463,485,450,463,5600
Jankowa ,,536,511,530,523,526,520,549,531,523,547,510,525,6331
Linowo,Arriva RP Sp. z o.o.,526,498,526,512,520,518,542,538,522,542,520,566,6330
Linowo ,,526,498,526,512,520,518,542,538,522,542,520,566,6330
Mełno,Arriva RP Sp. z o.o.,526,498,526,512,520,518,542,538,522,542,520,566,6330
Mełno ,,526,498,526,512,520,518,542,538,522,542,520,566,6330
Boguszewo,Arriva RP Sp. z o.o.,526,498,526,512,520,518,542,538,522,542,520,566,6330
Boguszewo ,,526,498,526,512,520,518,542,538,522,542,520,566,6330
Bursztynowo,Arriva RP Sp. z o.o.,526,498,526,512,520,518,542,538,522,542,520,566,6330
Bursztynowo ,,526,498,526,512,520,518,542,538,522,542,520,566,6330
Zosinów,Łódzka Kolej Aglomeracyjna Sp. z o.o.,407,382,522,554,565,548,580,570,495,517,569,620,6329
Zosinów ,,407,382,522,554,565,548,580,570,495,517,569,620,6329
Złotniki Kutnowskie,Łódzka Kolej Aglomeracyjna Sp. z o.o.,407,382,522,554,565,548,580,570,495,517,569,620,6329
Złotniki Kutnowskie ,,407,382,522,554,565,548,580,570,495,517,569,620,6329
Sklęczki,Łódzka Kolej Aglomeracyjna Sp. z o.o.,407,382,522,554,565,548,580,570,495,517,569,620,6329
Sklęczki ,,407,382,522,554,565,548,580,570,495,517,569,620,6329
Niedźwiada Łowicka,Łódzka Kolej Aglomeracyjna Sp. z o.o.,407,382,522,554,565,548,580,570,495,517,569,620,6329
Niedźwiada Łowicka ,,407,382,522,554,565,548,580,570,495,517,569,620,6329
Jackowice,Łódzka Kolej Aglomeracyjna Sp. z o.o.,407,382,522,554,565,548,580,570,495,517,569,620,6329
Jackowice ,,407,382,522,554,565,548,580,570,495,517,569,620,6329
Nicwałd,Arriva RP Sp. z o.o.,526,498,526,512,518,518,542,538,522,542,520,566,6328
Nicwałd ,,526,498,526,512,518,518,542,538,522,542,520,566,6328
Pułankowice,POLREGIO Spółka Akcyjna,551,521,537,530,508,520,561,472,531,563,507,517,6318
Pułankowice ,,551,521,537,530,508,520,561,472,531,563,507,517,6318
Widuchowa,POLREGIO Spółka Akcyjna,535,512,524,520,514,515,551,530,523,552,502,527,6305
Widuchowa ,,535,512,524,520,514,515,551,530,523,552,502,527,6305
Krzywin Gryfiński,POLREGIO Spółka Akcyjna,535,512,524,520,514,515,551,530,523,552,502,527,6305
Krzywin Gryfiński ,,535,512,524,520,514,515,551,530,523,552,502,527,6305
Lisie Pole,POLREGIO Spółka Akcyjna,535,512,524,520,514,515,551,530,523,552,502,527,6305
Lisie Pole ,,535,512,524,520,514,515,551,530,523,552,502,527,6305
Dolna Odra,POLREGIO Spółka Akcyjna,535,512,524,520,514,515,551,530,523,552,502,527,6305
Dolna Odra ,,535,512,524,520,514,515,551,530,523,552,502,527,6305
Zieleń,POLREGIO Spółka Akcyjna,538,508,529,519,502,513,552,528,522,552,515,522,6300
Zieleń ,,538,508,529,519,502,513,552,528,522,552,515,522,6300
Turzno,POLREGIO Spółka Akcyjna,538,508,529,519,502,513,552,528,522,552,515,522,6300
Turzno ,,538,508,529,519,502,513,552,528,522,552,515,522,6300
Rychnowo Wielkie,POLREGIO Spółka Akcyjna,538,508,529,519,502,513,552,528,522,552,515,522,6300
Rychnowo Wielkie ,,538,508,529,519,502,513,552,528,522,552,515,522,6300
Papowo Toruńskie,POLREGIO Spółka Akcyjna,538,508,529,519,502,513,552,528,522,552,515,522,6300
Papowo Toruńskie ,,538,508,529,519,502,513,552,528,522,552,515,522,6300
Książki,POLREGIO Spółka Akcyjna,538,508,529,519,502,513,552,528,522,552,515,522,6300
Książki ,,538,508,529,519,502,513,552,528,522,552,515,522,6300
Kamionki Jezioro,POLREGIO Spółka Akcyjna,538,508,529,519,502,513,552,528,522,552,515,522,6300
Kamionki Jezioro ,,538,508,529,519,502,513,552,528,522,552,515,522,6300
Kołobrzeg Stadion,POLREGIO Spółka Akcyjna,488,465,518,519,522,531,562,561,520,546,502,565,6299
Kołobrzeg Stadion ,,488,465,518,519,522,531,562,561,520,546,502,565,6299
Czarna Białostocka,POLREGIO Spółka Akcyjna,527,498,527,514,528,510,553,555,514,534,508,524,6292
Czarna Białostocka ,,527,498,527,514,528,510,553,555,514,534,508,524,6292
Świnoujście Przytór,POLREGIO Spółka Akcyjna,475,448,499,515,538,537,597,602,504,526,496,513,6250
Świnoujście Przytór ,,475,448,499,515,538,537,597,602,504,526,496,513,6250
Wasilków,PKP INTERCITY Spółka Akcyjna ,,,,,,,,4,,,,,4
Wasilków,POLREGIO Spółka Akcyjna,526,498,526,514,528,510,528,525,512,534,508,524,6233
Wasilków ,,526,498,526,514,528,510,528,529,512,534,508,524,6237
Rozedranka,POLREGIO Spółka Akcyjna,527,498,526,514,528,510,528,527,512,534,508,524,6236
Rozedranka ,,527,498,526,514,528,510,528,527,512,534,508,524,6236
Machnacz,POLREGIO Spółka Akcyjna,527,498,526,514,528,510,528,527,512,534,508,524,6236
Machnacz ,,527,498,526,514,528,510,528,527,512,534,508,524,6236
Geniusze,POLREGIO Spółka Akcyjna,527,498,526,514,528,510,528,527,512,534,508,524,6236
Geniusze ,,527,498,526,514,528,510,528,527,512,534,508,524,6236
Wólka Ratowiecka,POLREGIO Spółka Akcyjna,526,498,527,514,528,510,528,525,512,534,508,524,6234
Wólka Ratowiecka ,,526,498,527,514,528,510,528,525,512,534,508,524,6234
Czarny Blok,POLREGIO Spółka Akcyjna,526,498,527,514,528,510,528,525,512,534,508,524,6234
Czarny Blok ,,526,498,527,514,528,510,528,525,512,534,508,524,6234
Płoty,PKP INTERCITY Spółka Akcyjna ,,,,,,18,62,62,2,,,,144
Płoty,POLREGIO Spółka Akcyjna,468,444,501,504,508,514,539,541,499,525,489,549,6081
Płoty ,,468,444,501,504,508,532,601,603,501,525,489,549,6225
Ozimek,PKP INTERCITY Spółka Akcyjna ,52,50,51,51,53,44,54,53,51,54,51,59,623
Ozimek,POLREGIO Spółka Akcyjna,476,450,468,455,458,448,485,468,454,486,440,459,5547
Ozimek ,,528,500,519,506,511,492,539,521,505,540,491,518,6170
Opatówek,Koleje Wielkopolskie Sp. z o.o.,60,58,58,60,50,58,62,56,60,62,60,62,706
Opatówek,Łódzka Kolej Aglomeracyjna Sp. z o.o.,26,24,30,30,38,28,24,30,26,24,30,38,348
Opatówek,POLREGIO Spółka Akcyjna,431,406,434,420,434,420,430,432,418,432,420,434,5111
Opatówek ,,517,488,522,510,522,506,516,518,504,518,510,534,6165
Kobylany,POLREGIO Spółka Akcyjna,523,494,516,507,510,504,530,518,509,529,496,515,6151
Kobylany ,,523,494,516,507,510,504,530,518,509,529,496,515,6151
Dobrynka,POLREGIO Spółka Akcyjna,522,494,516,506,510,504,530,518,509,529,496,515,6149
Dobrynka ,,522,494,516,506,510,504,530,518,509,529,496,515,6149
Charnowo Słupskie,POLREGIO Spółka Akcyjna,752,712,781,762,784,760,788,786,24,,,,6149
Charnowo Słupskie ,,752,712,781,762,784,760,788,786,24,,,,6149
Wolanów,Koleje Mazowieckie - KM Spółka z o.o.,486,458,478,468,470,460,494,478,468,494,449,496,5699
Wolanów,Łódzka Kolej Aglomeracyjna Sp. z o.o.,36,32,40,36,44,40,32,40,28,32,44,44,448
Wolanów,PKP INTERCITY Spółka Akcyjna ,,,1,,,,,,,,,,1
Wolanów ,,522,490,519,504,514,500,526,518,496,526,493,540,6148
Strzelinko,POLREGIO Spółka Akcyjna,752,712,780,762,784,760,788,786,24,,,,6148
Strzelinko ,,752,712,780,762,784,760,788,786,24,,,,6148
Słupsk Północny,POLREGIO Spółka Akcyjna,752,712,780,762,784,760,788,786,24,,,,6148
Słupsk Północny ,,752,712,780,762,784,760,788,786,24,,,,6148
Gałęzinowo,POLREGIO Spółka Akcyjna,752,712,780,762,784,760,788,786,24,,,,6148
Gałęzinowo ,,752,712,780,762,784,760,788,786,24,,,,6148
Wieniawa,Koleje Mazowieckie - KM Spółka z o.o.,486,458,478,468,470,460,494,478,468,494,449,496,5699
Wieniawa,Łódzka Kolej Aglomeracyjna Sp. z o.o.,36,32,40,36,44,40,32,40,28,32,44,44,448
Wieniawa ,,522,490,518,504,514,500,526,518,496,526,493,540,6147
Skrzynno,Koleje Mazowieckie - KM Spółka z o.o.,486,458,478,468,470,460,494,478,468,494,449,496,5699
Skrzynno,Łódzka Kolej Aglomeracyjna Sp. z o.o.,36,32,40,36,44,40,32,40,28,32,44,44,448
Skrzynno ,,522,490,518,504,514,500,526,518,496,526,493,540,6147
Podbór,Koleje Mazowieckie - KM Spółka z o.o.,486,458,478,468,470,460,494,478,468,494,449,496,5699
Podbór,Łódzka Kolej Aglomeracyjna Sp. z o.o.,36,32,40,36,44,40,32,40,28,32,44,44,448
Podbór ,,522,490,518,504,514,500,526,518,496,526,493,540,6147
Chronów,Koleje Mazowieckie - KM Spółka z o.o.,486,458,478,468,470,460,494,478,468,494,449,496,5699
Chronów,Łódzka Kolej Aglomeracyjna Sp. z o.o.,36,32,40,36,44,40,32,40,28,32,44,44,448
Chronów ,,522,490,518,504,514,500,526,518,496,526,493,540,6147
Radom Potkanów,Koleje Mazowieckie - KM Spółka z o.o.,486,458,478,468,470,458,494,478,468,494,449,496,5697
Radom Potkanów,Łódzka Kolej Aglomeracyjna Sp. z o.o.,36,32,40,36,44,40,32,40,28,32,44,44,448
Radom Potkanów ,,522,490,518,504,514,498,526,518,496,526,493,540,6145
Perkowice,POLREGIO Spółka Akcyjna,522,494,517,506,506,504,530,518,509,527,497,515,6145
Perkowice ,,522,494,517,506,506,504,530,518,509,527,497,515,6145
Ogrodniki,POLREGIO Spółka Akcyjna,522,494,517,506,506,504,530,518,509,527,497,515,6145
Ogrodniki ,,522,494,517,506,506,504,530,518,509,527,497,515,6145
Kończyce Radomskie,Koleje Mazowieckie - KM Spółka z o.o.,486,458,478,468,470,458,494,478,468,494,449,496,5697
Kończyce Radomskie,Łódzka Kolej Aglomeracyjna Sp. z o.o.,36,32,40,36,44,40,32,40,28,32,44,44,448
Kończyce Radomskie ,,522,490,518,504,514,498,526,518,496,526,493,540,6145
Kosów,Koleje Mazowieckie - KM Spółka z o.o.,486,458,478,468,470,458,494,478,468,494,449,496,5697
Kosów,Łódzka Kolej Aglomeracyjna Sp. z o.o.,36,32,40,36,44,40,32,40,28,32,44,44,448
Kosów ,,522,490,518,504,514,498,526,518,496,526,493,540,6145
Ustka Uroczysko,POLREGIO Spółka Akcyjna,752,710,780,762,784,760,786,786,24,,,,6144
Ustka Uroczysko ,,752,710,780,762,784,760,786,786,24,,,,6144
Wyszomierz,POLREGIO Spółka Akcyjna,479,457,509,508,514,516,538,531,506,537,494,550,6139
Wyszomierz ,,479,457,509,508,514,516,538,531,506,537,494,550,6139
Wrześnica,POLREGIO Spółka Akcyjna,520,498,517,512,529,501,503,499,513,532,511,463,6098
Wrześnica ,,520,498,517,512,529,501,503,499,513,532,511,463,6098
Sycewice,POLREGIO Spółka Akcyjna,520,498,517,512,529,501,503,499,513,532,511,463,6098
Sycewice ,,520,498,517,512,529,501,503,499,513,532,511,463,6098
Reblino,POLREGIO Spółka Akcyjna,520,498,517,512,529,501,503,499,513,532,511,463,6098
Reblino ,,520,498,517,512,529,501,503,499,513,532,511,463,6098
Cierpice,POLREGIO Spółka Akcyjna,488,462,483,467,460,464,498,476,471,514,484,829,6096
Cierpice ,,488,462,483,467,460,464,498,476,471,514,484,829,6096
Szadkowice,Łódzka Kolej Aglomeracyjna Sp. z o.o.,458,432,456,420,452,454,480,476,461,480,458,474,5501
Szadkowice,POLREGIO Spółka Akcyjna,39,38,54,19,62,60,26,56,55,62,60,62,593
Szadkowice ,,497,470,510,439,514,514,506,532,516,542,518,536,6094
Tomaszówek,Łódzka Kolej Aglomeracyjna Sp. z o.o.,458,432,456,420,452,454,480,476,461,480,458,474,5501
Tomaszówek,POLREGIO Spółka Akcyjna,39,38,54,19,62,60,26,56,55,62,60,62,593
Tomaszówek ,,497,470,510,439,514,514,506,532,516,542,518,536,6094
Słomianka,Łódzka Kolej Aglomeracyjna Sp. z o.o.,458,432,456,420,452,454,480,476,461,480,458,474,5501
Słomianka,POLREGIO Spółka Akcyjna,39,38,54,19,62,60,26,56,55,62,60,62,593
Słomianka ,,497,470,510,439,514,514,506,532,516,542,518,536,6094
Bratków,Łódzka Kolej Aglomeracyjna Sp. z o.o.,458,432,456,420,452,454,480,476,461,480,458,474,5501
Bratków,POLREGIO Spółka Akcyjna,39,38,54,19,62,60,26,56,55,62,60,62,593
Bratków ,,497,470,510,439,514,514,506,532,516,542,518,536,6094
Jeleń,Łódzka Kolej Aglomeracyjna Sp. z o.o.,458,432,456,420,452,454,480,476,461,480,458,474,5501
Jeleń,POLREGIO Spółka Akcyjna,38,38,54,19,62,60,26,56,55,62,60,62,592
Jeleń ,,496,470,510,439,514,514,506,532,516,542,518,536,6093
Stalowa Wola Południe,PKP INTERCITY Spółka Akcyjna ,,,,,,,,,2,,,,2
Stalowa Wola Południe,POLREGIO Spółka Akcyjna,553,502,525,531,535,466,403,405,537,562,521,534,6074
Stalowa Wola Południe ,,553,502,525,531,535,466,403,405,539,562,521,534,6076
Stalowa Wola,PKP INTERCITY Spółka Akcyjna ,,,,,,,,,1,,,,1
Stalowa Wola,POLREGIO Spółka Akcyjna,553,502,525,531,535,466,403,405,537,562,521,534,6074
Stalowa Wola ,,553,502,525,531,535,466,403,405,538,562,521,534,6075
Naterki,POLREGIO Spółka Akcyjna,515,486,512,499,510,494,522,513,500,522,491,505,6069
Naterki ,,515,486,512,499,510,494,522,513,500,522,491,505,6069
Płock Radziwie,Koleje Mazowieckie - KM Spółka z o.o.,479,467,489,503,514,499,523,518,499,526,496,544,6057
Płock Radziwie,PKP INTERCITY Spółka Akcyjna ,,,5,,,,,,,,,,5
Płock Radziwie ,,479,467,494,503,514,499,523,518,499,526,496,544,6062
Sierakówek,Koleje Mazowieckie - KM Spółka z o.o.,478,465,488,503,514,499,524,518,501,526,496,546,6058
Sierakówek ,,478,465,488,503,514,499,524,518,501,526,496,546,6058
Ząbkowice Śląskie,Koleje Dolnośląskie S.A.,461,443,450,456,472,460,480,475,416,475,456,338,5382
Ząbkowice Śląskie,PKP INTERCITY Spółka Akcyjna ,55,58,60,59,62,60,60,60,40,60,58,43,675
Ząbkowice Śląskie ,,516,501,510,515,534,520,540,535,456,535,514,381,6057
Rogożew,Koleje Mazowieckie - KM Spółka z o.o.,478,465,488,503,514,499,523,518,499,526,496,546,6055
Rogożew ,,478,465,488,503,514,499,523,518,499,526,496,546,6055
Jelenia Góra Sobieszów,Koleje Dolnośląskie S.A.,447,436,468,448,433,452,466,474,408,462,461,474,5429
Jelenia Góra Sobieszów,POLREGIO Spółka Akcyjna,58,58,62,42,,52,60,62,52,62,56,62,626
Jelenia Góra Sobieszów ,,505,494,530,490,433,504,526,536,460,524,517,536,6055
Raciborów Kutnowski,Koleje Mazowieckie - KM Spółka z o.o.,478,465,488,503,514,500,524,514,501,524,496,546,6053
Raciborów Kutnowski ,,478,465,488,503,514,500,524,514,501,524,496,546,6053
Kutno Azory,Koleje Mazowieckie - KM Spółka z o.o.,478,465,488,503,514,500,524,514,501,524,496,546,6053
Kutno Azory ,,478,465,488,503,514,500,524,514,501,524,496,546,6053
Warnowo,POLREGIO Spółka Akcyjna,475,448,499,503,510,507,527,527,504,526,496,525,6047
Warnowo ,,475,448,499,503,510,507,527,527,504,526,496,525,6047
Ładzin,POLREGIO Spółka Akcyjna,475,448,499,503,510,507,527,527,504,526,496,525,6047
Ładzin ,,475,448,499,503,510,507,527,527,504,526,496,525,6047
Parłówko,POLREGIO Spółka Akcyjna,475,448,499,503,510,503,519,517,504,526,496,525,6025
Parłówko ,,475,448,499,503,510,503,519,517,504,526,496,525,6025
Warząchewka,POLREGIO Spółka Akcyjna,512,482,507,495,489,490,518,503,494,517,488,506,6001
Warząchewka ,,512,482,507,495,489,490,518,503,494,517,488,506,6001
Wiktorowo,POLREGIO Spółka Akcyjna,512,482,507,495,489,490,518,503,494,517,488,506,6001
Wiktorowo ,,512,482,507,495,489,490,518,503,494,517,488,506,6001
Kaliska Kujawskie,POLREGIO Spółka Akcyjna,512,482,507,495,489,490,518,503,494,517,488,506,6001
Kaliska Kujawskie ,,512,482,507,495,489,490,518,503,494,517,488,506,6001
Gołaszewo Kujawskie,POLREGIO Spółka Akcyjna,512,482,507,495,489,490,518,503,494,517,488,506,6001
Gołaszewo Kujawskie ,,512,482,507,495,489,490,518,503,494,517,488,506,6001
Czerniewice,POLREGIO Spółka Akcyjna,512,482,507,495,489,490,518,503,494,517,488,506,6001
Czerniewice ,,512,482,507,495,489,490,518,503,494,517,488,506,6001
Kęty,PKP INTERCITY Spółka Akcyjna ,62,57,,,,19,61,21,,,,,220
Kęty,POLREGIO Spółka Akcyjna,519,493,521,507,523,504,526,506,480,453,192,555,5779
Kęty ,,581,550,521,507,523,523,587,527,480,453,192,555,5999
Chybie Mnich,Koleje Śląskie Spółka z o.o.,514,480,515,500,558,522,533,543,433,450,442,504,5994
Chybie Mnich ,,514,480,515,500,558,522,533,543,433,450,442,504,5994
Stryszów,Koleje Śląskie Spółka z o.o.,,,,,,,,,,,,14,14
Stryszów,PKP INTERCITY Spółka Akcyjna ,,,,,,,,,2,,,,2
Stryszów,POLREGIO Spółka Akcyjna,504,475,507,492,501,490,509,505,492,510,487,503,5975
Stryszów ,,504,475,507,492,501,490,509,505,494,510,487,517,5991
Stronie,POLREGIO Spółka Akcyjna,504,475,507,492,501,490,511,505,492,510,487,503,5977
Stronie ,,504,475,507,492,501,490,511,505,492,510,487,503,5977
Nowogród Osiedle,PKP INTERCITY Spółka Akcyjna ,62,58,62,60,62,47,,,,,,26,377
Nowogród Osiedle,POLREGIO Spółka Akcyjna,443,439,490,470,481,465,523,448,312,488,492,546,5597
Nowogród Osiedle ,,505,497,552,530,543,512,523,448,312,488,492,572,5974
Czekanów,Koleje Wielkopolskie Sp. z o.o.,75,71,73,72,71,70,77,72,72,77,68,61,859
Czekanów,PKP INTERCITY Spółka Akcyjna ,,,,,,,2,,,,,,2
Czekanów,POLREGIO Spółka Akcyjna,431,406,434,420,434,420,430,432,418,432,420,434,5111
Czekanów ,,506,477,507,492,505,490,509,504,490,509,488,495,5972
Zembrzyce,POLREGIO Spółka Akcyjna,504,475,507,492,501,490,505,505,492,510,487,503,5971
Zembrzyce ,,504,475,507,492,501,490,505,505,492,510,487,503,5971
Dąbrówka Jezioro Mucharskie,POLREGIO Spółka Akcyjna,504,475,507,492,501,490,505,505,492,510,487,503,5971
Dąbrówka Jezioro Mucharskie ,,504,475,507,492,501,490,505,505,492,510,487,503,5971
Ociąż,Koleje Wielkopolskie Sp. z o.o.,75,71,73,72,71,70,77,72,72,77,68,61,859
Ociąż,POLREGIO Spółka Akcyjna,431,406,434,420,434,420,430,432,418,432,420,434,5111
Ociąż ,,506,477,507,492,505,490,507,504,490,509,488,495,5970
Kalisz Szczypiorno,Koleje Wielkopolskie Sp. z o.o.,75,71,73,72,71,70,77,72,72,77,68,61,859
Kalisz Szczypiorno,POLREGIO Spółka Akcyjna,431,406,434,420,434,420,430,432,418,432,420,434,5111
Kalisz Szczypiorno ,,506,477,507,492,505,490,507,504,490,509,488,495,5970
Troszyn,POLREGIO Spółka Akcyjna,475,448,499,503,510,494,488,486,504,526,496,525,5954
Troszyn ,,475,448,499,503,510,494,488,486,504,526,496,525,5954
Cesky Tesin,Koleje Śląskie Spółka z o.o.,556,522,546,532,558,518,558,558,348,288,401,548,5933
Cesky Tesin,PKP INTERCITY Spółka Akcyjna ,,4,,,,,,,,,,,4
Cesky Tesin ,,556,526,546,532,558,518,558,558,348,288,401,548,5937
Świnoujście Port,PKP INTERCITY Spółka Akcyjna ,,,,,2,,,,,,,,2
Świnoujście Port,POLREGIO Spółka Akcyjna,475,448,499,503,510,499,511,507,504,526,496,456,5934
Świnoujście Port ,,475,448,499,503,512,499,511,507,504,526,496,456,5936
Marzenin,Koleje Wielkopolskie Sp. z o.o.,509,484,497,491,475,477,522,492,492,523,468,506,5936
Marzenin ,,509,484,497,491,475,477,522,492,492,523,468,506,5936
Czerniejewo,Koleje Wielkopolskie Sp. z o.o.,509,484,497,491,475,477,522,492,492,523,468,506,5936
Czerniejewo ,,509,484,497,491,475,477,522,492,492,523,468,506,5936
Żerków,Koleje Wielkopolskie Sp. z o.o.,509,484,497,491,475,477,522,492,491,523,468,506,5935
Żerków ,,509,484,497,491,475,477,522,492,491,523,468,506,5935
Żydowo,Koleje Wielkopolskie Sp. z o.o.,509,484,497,491,475,477,522,492,492,522,468,506,5935
Żydowo ,,509,484,497,491,475,477,522,492,492,522,468,506,5935
Orzechowo,Koleje Wielkopolskie Sp. z o.o.,509,484,497,491,475,477,522,492,491,523,468,506,5935
Orzechowo ,,509,484,497,491,475,477,522,492,491,523,468,506,5935
Miłosław,Koleje Wielkopolskie Sp. z o.o.,509,484,497,491,475,477,522,492,491,523,468,506,5935
Miłosław ,,509,484,497,491,475,477,522,492,491,523,468,506,5935
Obłaczkowo,Koleje Wielkopolskie Sp. z o.o.,509,484,497,491,475,477,522,492,491,523,468,506,5935
Obłaczkowo ,,509,484,497,491,475,477,522,492,491,523,468,506,5935
Książno,Koleje Wielkopolskie Sp. z o.o.,509,484,497,491,475,477,522,492,491,523,468,506,5935
Książno ,,509,484,497,491,475,477,522,492,491,523,468,506,5935
Gębarzewo,Koleje Wielkopolskie Sp. z o.o.,509,484,497,491,475,477,522,492,492,522,468,506,5935
Gębarzewo ,,509,484,497,491,475,477,522,492,492,522,468,506,5935
Chwalibogowo,Koleje Wielkopolskie Sp. z o.o.,509,484,497,491,475,477,522,492,491,523,468,506,5935
Chwalibogowo ,,509,484,497,491,475,477,522,492,491,523,468,506,5935
Radlin Wielkopolski,Koleje Wielkopolskie Sp. z o.o.,509,484,497,491,474,477,522,492,491,523,468,506,5934
Radlin Wielkopolski ,,509,484,497,491,474,477,522,492,491,523,468,506,5934
Żabowo,POLREGIO Spółka Akcyjna,457,436,488,487,496,496,515,511,490,514,475,512,5877
Żabowo ,,457,436,488,487,496,496,515,511,490,514,475,512,5877
Baszewice,POLREGIO Spółka Akcyjna,457,436,488,487,496,496,515,511,490,514,475,512,5877
Baszewice ,,457,436,488,487,496,496,515,511,490,514,475,512,5877
Mścice,POLREGIO Spółka Akcyjna,389,370,388,379,377,539,912,924,399,398,372,417,5864
Mścice ,,389,370,388,379,377,539,912,924,399,398,372,417,5864
Mosty,POLREGIO Spółka Akcyjna,448,428,496,504,505,492,507,500,476,506,464,536,5862
Mosty ,,448,428,496,504,505,492,507,500,476,506,464,536,5862
Szczecin Gumieńce,POLREGIO Spółka Akcyjna,367,483,465,501,511,496,513,516,493,512,499,505,5861
Szczecin Gumieńce ,,367,483,465,501,511,496,513,516,493,512,499,505,5861
Loecknitz,POLREGIO Spółka Akcyjna,367,483,465,501,511,496,513,516,493,512,499,505,5861
Loecknitz ,,367,483,465,501,511,496,513,516,493,512,499,505,5861
Grambow,POLREGIO Spółka Akcyjna,367,483,465,501,511,496,513,516,493,512,499,505,5861
Grambow ,,367,483,465,501,511,496,513,516,493,512,499,505,5861
Pławna,Koleje Małopolskie Sp. z o.o.,62,58,62,60,61,60,62,62,60,62,60,62,731
Pławna,POLREGIO Spółka Akcyjna,438,411,431,421,429,420,441,432,421,439,416,427,5126
Pławna ,,500,469,493,481,490,480,503,494,481,501,476,489,5857
Kłokowa,Koleje Małopolskie Sp. z o.o.,61,58,62,60,61,60,62,62,60,62,60,62,730
Kłokowa,POLREGIO Spółka Akcyjna,436,411,430,421,429,420,441,432,423,440,416,427,5126
Kłokowa ,,497,469,492,481,490,480,503,494,483,502,476,489,5856
Siedliska koło Tuchowa,Koleje Małopolskie Sp. z o.o.,61,58,62,60,61,60,62,62,60,62,60,62,730
Siedliska koło Tuchowa,POLREGIO Spółka Akcyjna,435,411,431,421,429,420,441,432,423,439,416,427,5125
Siedliska koło Tuchowa ,,496,469,493,481,490,480,503,494,483,501,476,489,5855
Chojnik,Koleje Małopolskie Sp. z o.o.,61,58,62,60,61,60,62,62,60,62,60,62,730
Chojnik,POLREGIO Spółka Akcyjna,435,411,431,421,429,420,441,432,423,439,416,427,5125
Chojnik ,,496,469,493,481,490,480,503,494,483,501,476,489,5855
Lubaszowa,Koleje Małopolskie Sp. z o.o.,61,58,62,60,61,60,62,62,60,62,60,62,730
Lubaszowa,POLREGIO Spółka Akcyjna,435,411,430,421,429,420,441,432,423,439,416,427,5124
Lubaszowa ,,496,469,492,481,490,480,503,494,483,501,476,489,5854
Żory,Koleje Śląskie Spółka z o.o.,266,248,268,262,300,279,280,284,256,264,262,410,3379
Żory,PKP INTERCITY Spółka Akcyjna ,185,174,186,180,186,215,310,311,157,170,180,220,2474
Żory ,,451,422,454,442,486,494,590,595,413,434,442,630,5853
Charsznica,POLREGIO Spółka Akcyjna,480,474,497,484,479,479,508,492,485,510,470,485,5843
Charsznica ,,480,474,497,484,479,479,508,492,485,510,470,485,5843
Sosnowiec Dańdówka,Koleje Śląskie Spółka z o.o.,,,,,,1,,,,,,,1
Sosnowiec Dańdówka,PKP INTERCITY Spółka Akcyjna ,,,,,,,,,1,,,,1
Sosnowiec Dańdówka,POLREGIO Spółka Akcyjna,479,474,496,485,478,477,509,492,485,510,470,485,5840
Sosnowiec Dańdówka ,,479,474,496,485,478,478,509,492,486,510,470,485,5842
Jeżówka,POLREGIO Spółka Akcyjna,479,474,497,484,479,478,508,492,485,510,470,485,5841
Jeżówka ,,479,474,497,484,479,478,508,492,485,510,470,485,5841
Gajówka,POLREGIO Spółka Akcyjna,479,474,497,484,479,478,508,492,485,510,470,485,5841
Gajówka ,,479,474,497,484,479,478,508,492,485,510,470,485,5841
Sławków,POLREGIO Spółka Akcyjna,479,474,496,485,478,477,509,492,485,510,470,485,5840
Sławków ,,479,474,496,485,478,477,509,492,485,510,470,485,5840
Bukowno Przymiarki,POLREGIO Spółka Akcyjna,479,474,496,485,478,477,509,492,485,510,470,485,5840
Bukowno Przymiarki ,,479,474,496,485,478,477,509,492,485,510,470,485,5840
Małomice,Koleje Dolnośląskie S.A.,372,348,372,360,372,360,372,372,310,372,359,372,4341
Małomice,PKP INTERCITY Spółka Akcyjna ,62,58,62,60,62,60,61,60,51,61,60,60,717
Małomice,POLREGIO Spółka Akcyjna,40,60,74,66,60,62,76,80,82,78,46,56,780
Małomice ,,474,466,508,486,494,482,509,512,443,511,465,488,5838
Sosnowiec Porąbka,POLREGIO Spółka Akcyjna,479,474,496,485,478,477,505,492,485,510,470,485,5836
Sosnowiec Porąbka ,,479,474,496,485,478,477,505,492,485,510,470,485,5836
Sosnowiec Kazimierz,POLREGIO Spółka Akcyjna,479,474,496,485,478,477,505,492,485,510,470,485,5836
Sosnowiec Kazimierz ,,479,474,496,485,478,477,505,492,485,510,470,485,5836
Dąbrowa Górnicza Wschodnia,POLREGIO Spółka Akcyjna,479,474,496,485,478,477,505,492,485,510,470,485,5836
Dąbrowa Górnicza Wschodnia ,,479,474,496,485,478,477,505,492,485,510,470,485,5836
Dąbrowa Górnicza Strzemieszyce,POLREGIO Spółka Akcyjna,478,474,496,485,478,477,505,492,485,510,470,485,5835
Dąbrowa Górnicza Strzemieszyce ,,478,474,496,485,478,477,505,492,485,510,470,485,5835
Milówka,Koleje Śląskie Spółka z o.o.,767,722,761,745,753,736,774,101,,,,464,5823
Milówka ,,767,722,761,745,753,736,774,101,,,,464,5823
Rajcza,Koleje Śląskie Spółka z o.o.,767,722,761,746,753,736,772,101,,,,464,5822
Rajcza ,,767,722,761,746,753,736,772,101,,,,464,5822
Polana Jakuszycka,Koleje Dolnośląskie S.A.,590,554,494,366,474,584,594,602,558,374,220,410,5820
Polana Jakuszycka ,,590,554,494,366,474,584,594,602,558,374,220,410,5820
Milówka Zabawa,Koleje Śląskie Spółka z o.o.,767,722,761,744,753,736,772,101,,,,464,5820
Milówka Zabawa ,,767,722,761,744,753,736,772,101,,,,464,5820
Harrachov,Koleje Dolnośląskie S.A.,590,554,494,366,474,584,594,602,558,374,220,410,5820
Harrachov ,,590,554,494,366,474,584,594,602,558,374,220,410,5820
Szastarka,POLREGIO Spółka Akcyjna,507,479,495,488,472,480,504,438,489,517,471,478,5818
Szastarka ,,507,479,495,488,472,480,504,438,489,517,471,478,5818
Sulów,POLREGIO Spółka Akcyjna,507,479,495,488,472,480,504,438,489,517,471,478,5818
Sulów ,,507,479,495,488,472,480,504,438,489,517,471,478,5818
Cisiec,Koleje Śląskie Spółka z o.o.,767,722,761,744,753,732,774,101,,,,464,5818
Cisiec ,,767,722,761,744,753,732,774,101,,,,464,5818
Jerzmanki,Koleje Dolnośląskie S.A.,495,462,493,477,496,480,496,496,446,496,480,494,5811
Jerzmanki ,,495,462,493,477,496,480,496,496,446,496,480,494,5811
Sól,Koleje Śląskie Spółka z o.o.,767,722,761,746,753,736,760,101,,,,464,5810
Sól ,,767,722,761,746,753,736,760,101,,,,464,5810
Mikułowa,Koleje Dolnośląskie S.A.,495,462,492,477,496,480,496,496,446,496,480,494,5810
Mikułowa ,,495,462,492,477,496,480,496,496,446,496,480,494,5810
Zaręba,Koleje Dolnośląskie S.A.,495,462,492,476,496,480,496,496,446,496,480,494,5809
Zaręba ,,495,462,492,476,496,480,496,496,446,496,480,494,5809
Batowice Lubańskie,Koleje Dolnośląskie S.A.,495,462,492,476,496,480,496,496,446,496,480,494,5809
Batowice Lubańskie ,,495,462,492,476,496,480,496,496,446,496,480,494,5809
Szklarska Poręba Huta,Koleje Dolnośląskie S.A.,590,554,494,366,474,572,594,602,558,374,220,410,5808
Szklarska Poręba Huta ,,590,554,494,366,474,572,594,602,558,374,220,410,5808
Rycerka,Koleje Śląskie Spółka z o.o.,767,722,761,744,753,736,760,101,,,,464,5808
Rycerka ,,767,722,761,744,753,736,760,101,,,,464,5808
Rajcza Centrum,Koleje Śląskie Spółka z o.o.,767,722,761,744,753,736,760,101,,,,464,5808
Rajcza Centrum ,,767,722,761,744,753,736,760,101,,,,464,5808
Sól Kiczora,Koleje Śląskie Spółka z o.o.,764,722,761,744,753,736,756,101,,,,464,5801
Sól Kiczora ,,764,722,761,744,753,736,756,101,,,,464,5801
Laliki,Koleje Śląskie Spółka z o.o.,764,722,761,744,753,736,756,101,,,,464,5801
Laliki ,,764,722,761,744,753,736,756,101,,,,464,5801
Wadowice,PKP INTERCITY Spółka Akcyjna ,62,61,,,,19,61,21,5,,,,229
Wadowice,POLREGIO Spółka Akcyjna,488,464,491,478,492,478,493,495,480,454,192,562,5567
Wadowice ,,550,525,491,478,492,497,554,516,485,454,192,562,5796
Andrychów,PKP INTERCITY Spółka Akcyjna ,62,60,,,,19,61,21,,,,,223
Andrychów,POLREGIO Spółka Akcyjna,488,464,492,478,491,479,493,495,480,453,192,559,5564
Andrychów ,,550,524,492,478,491,498,554,516,480,453,192,559,5787
Górzyca Reska,POLREGIO Spółka Akcyjna,448,428,478,478,483,485,507,500,481,506,464,498,5756
Górzyca Reska ,,448,428,478,478,483,485,507,500,481,506,464,498,5756
Gąbin,POLREGIO Spółka Akcyjna,448,428,478,478,483,485,507,500,481,506,464,498,5756
Gąbin ,,448,428,478,478,483,485,507,500,481,506,464,498,5756
Port Lotniczy Szczecin Goleniów,POLREGIO Spółka Akcyjna,507,484,507,494,494,461,392,379,500,520,486,511,5735
Port Lotniczy Szczecin Goleniów ,,507,484,507,494,494,461,392,379,500,520,486,511,5735
Rudzienice Suskie,POLREGIO Spółka Akcyjna,485,457,481,469,479,465,491,482,470,491,461,476,5707
Rudzienice Suskie ,,485,457,481,469,479,465,491,482,470,491,461,476,5707
Pikus,POLREGIO Spółka Akcyjna,485,457,481,469,479,465,491,482,470,491,461,476,5707
Pikus ,,485,457,481,469,479,465,491,482,470,491,461,476,5707
Łambinowice,POLREGIO Spółka Akcyjna,472,441,478,481,450,464,500,492,484,509,468,457,5696
Łambinowice ,,472,441,478,481,450,464,500,492,484,509,468,457,5696
Szydłów,POLREGIO Spółka Akcyjna,472,441,478,481,450,464,500,490,483,509,468,457,5693
Szydłów ,,472,441,478,481,450,464,500,490,483,509,468,457,5693
Tułowice,POLREGIO Spółka Akcyjna,472,441,478,481,450,464,500,490,483,509,468,457,5693
Tułowice ,,472,441,478,481,450,464,500,490,483,509,468,457,5693
Sowin,POLREGIO Spółka Akcyjna,472,441,478,481,450,464,500,490,483,509,468,457,5693
Sowin ,,472,441,478,481,450,464,500,490,483,509,468,457,5693
Goszczowice,POLREGIO Spółka Akcyjna,472,441,478,481,450,464,500,490,483,509,468,457,5693
Goszczowice ,,472,441,478,481,450,464,500,490,483,509,468,457,5693
Szydłów Centrum,POLREGIO Spółka Akcyjna,472,441,478,481,450,464,500,489,483,509,468,457,5692
Szydłów Centrum ,,472,441,478,481,450,464,500,489,483,509,468,457,5692
Opole Chmielowice,POLREGIO Spółka Akcyjna,472,441,478,481,450,464,500,489,483,509,468,457,5692
Opole Chmielowice ,,472,441,478,481,450,464,500,489,483,509,468,457,5692
Komprachcice,POLREGIO Spółka Akcyjna,472,441,478,481,450,464,500,489,483,509,468,457,5692
Komprachcice ,,472,441,478,481,450,464,500,489,483,509,468,457,5692
Wyszków Śląski,POLREGIO Spółka Akcyjna,472,441,478,481,450,464,500,492,458,509,468,457,5670
Wyszków Śląski ,,472,441,478,481,450,464,500,492,458,509,468,457,5670
Nysa Wschodnia,POLREGIO Spółka Akcyjna,472,441,478,481,450,464,500,492,458,509,468,457,5670
Nysa Wschodnia ,,472,441,478,481,450,464,500,492,458,509,468,457,5670
Mańkowice,POLREGIO Spółka Akcyjna,472,441,478,481,450,464,500,492,458,509,468,457,5670
Mańkowice ,,472,441,478,481,450,464,500,492,458,509,468,457,5670
Kubice,POLREGIO Spółka Akcyjna,472,441,478,481,450,464,500,492,458,509,468,457,5670
Kubice ,,472,441,478,481,450,464,500,492,458,509,468,457,5670
Jasienica Dolna,POLREGIO Spółka Akcyjna,472,441,478,481,450,464,500,492,458,509,468,457,5670
Jasienica Dolna ,,472,441,478,481,450,464,500,492,458,509,468,457,5670
Budziszowice,POLREGIO Spółka Akcyjna,472,441,478,481,450,464,500,492,458,509,468,457,5670
Budziszowice ,,472,441,478,481,450,464,500,492,458,509,468,457,5670
Tarnobrzeg,PKP INTERCITY Spółka Akcyjna ,122,116,123,120,124,120,120,124,117,124,120,158,1488
Tarnobrzeg,POLREGIO Spółka Akcyjna,352,332,348,344,357,344,360,359,336,356,337,349,4174
Tarnobrzeg ,,474,448,471,464,481,464,480,483,453,480,457,507,5662
Domanin,Koleje Wielkopolskie Sp. z o.o.,212,200,208,204,204,200,216,207,204,216,196,183,2450
Domanin,POLREGIO Spółka Akcyjna,272,258,270,263,266,260,278,269,261,277,256,266,3196
Domanin ,,484,458,478,467,470,460,494,476,465,493,452,449,5646
Przygodzice,Koleje Wielkopolskie Sp. z o.o.,212,200,208,204,204,200,216,208,204,216,196,183,2451
Przygodzice,POLREGIO Spółka Akcyjna,272,258,270,263,266,260,278,269,259,277,256,266,3194
Przygodzice ,,484,458,478,467,470,460,494,477,463,493,452,449,5645
Niedźwiedź Wielkopolski,Koleje Wielkopolskie Sp. z o.o.,212,200,208,204,204,200,216,208,204,216,196,183,2451
Niedźwiedź Wielkopolski,POLREGIO Spółka Akcyjna,272,258,270,263,266,260,278,269,259,277,256,266,3194
Niedźwiedź Wielkopolski ,,484,458,478,467,470,460,494,477,463,493,452,449,5645
Antonin,Koleje Wielkopolskie Sp. z o.o.,212,200,208,204,204,200,216,208,204,216,196,183,2451
Antonin,POLREGIO Spółka Akcyjna,272,258,270,263,266,260,278,269,259,277,256,266,3194
Antonin ,,484,458,478,467,470,460,494,477,463,493,452,449,5645
Janków Przygodzki,Koleje Wielkopolskie Sp. z o.o.,212,200,208,204,204,200,216,208,204,216,196,183,2451
Janków Przygodzki,POLREGIO Spółka Akcyjna,272,258,270,263,266,260,278,269,259,276,256,266,3193
Janków Przygodzki ,,484,458,478,467,470,460,494,477,463,492,452,449,5644
Szczecin Trzebusz,POLREGIO Spółka Akcyjna,,,,,,569,722,700,854,892,828,1071,5636
Szczecin Trzebusz ,,,,,,,569,722,700,854,892,828,1071,5636
Nowa Dęba,PKP INTERCITY Spółka Akcyjna ,122,116,123,120,124,120,120,123,117,124,120,124,1453
Nowa Dęba,POLREGIO Spółka Akcyjna,354,332,344,344,357,344,361,358,341,356,337,349,4177
Nowa Dęba ,,476,448,467,464,481,464,481,481,458,480,457,473,5630
Jordanów,Koleje Śląskie Spółka z o.o.,10,8,,,14,12,16,22,2,,,14,98
Jordanów,POLREGIO Spółka Akcyjna,476,448,475,461,469,459,479,473,461,480,365,472,5518
Jordanów ,,486,456,475,461,483,471,495,495,463,480,365,486,5616
Osielec,Koleje Śląskie Spółka z o.o.,10,8,,,14,12,16,22,2,,,14,98
Osielec,POLREGIO Spółka Akcyjna,475,448,475,461,469,457,479,473,461,480,365,472,5515
Osielec ,,485,456,475,461,483,469,495,495,463,480,365,486,5613
Kojszówka,Koleje Śląskie Spółka z o.o.,10,8,,,14,12,16,22,2,,,14,98
Kojszówka,POLREGIO Spółka Akcyjna,474,448,475,459,469,457,479,473,461,480,365,472,5512
Kojszówka ,,484,456,475,459,483,469,495,495,463,480,365,486,5610
Odolanów,Koleje Wielkopolskie Sp. z o.o.,148,142,142,144,130,138,154,138,144,154,136,112,1682
Odolanów,POLREGIO Spółka Akcyjna,334,310,329,324,327,320,340,330,321,338,316,328,3917
Odolanów ,,482,452,471,468,457,458,494,468,465,492,452,440,5599
Topola-Osiedle,Koleje Wielkopolskie Sp. z o.o.,148,142,142,144,130,138,154,138,144,154,136,112,1682
Topola-Osiedle,POLREGIO Spółka Akcyjna,334,310,330,324,328,320,340,330,317,338,316,328,3915
Topola-Osiedle ,,482,452,472,468,458,458,494,468,461,492,452,440,5597
Tarchały Wielkie,Koleje Wielkopolskie Sp. z o.o.,148,142,142,144,130,138,154,138,144,154,136,112,1682
Tarchały Wielkie,POLREGIO Spółka Akcyjna,334,310,329,324,327,320,340,330,317,338,316,328,3913
Tarchały Wielkie ,,482,452,471,468,457,458,494,468,461,492,452,440,5595
Chocianów,Koleje Dolnośląskie S.A.,476,448,474,462,471,460,473,476,450,476,454,470,5590
Chocianów ,,476,448,474,462,471,460,473,476,450,476,454,470,5590
Pacholęta,POLREGIO Spółka Akcyjna,469,449,461,457,458,455,482,469,460,483,445,497,5585
Pacholęta ,,469,449,461,457,458,455,482,469,460,483,445,497,5585
Proszówka,Koleje Dolnośląskie S.A.,481,456,483,461,479,464,470,476,418,467,451,476,5582
Proszówka ,,481,456,483,461,479,464,470,476,418,467,451,476,5582
Orłowice,Koleje Dolnośląskie S.A.,481,456,483,461,479,464,470,476,418,467,449,476,5580
Orłowice ,,481,456,483,461,479,464,470,476,418,467,449,476,5580
Mroczkowice,Koleje Dolnośląskie S.A.,481,456,483,461,479,464,470,476,418,467,449,476,5580
Mroczkowice ,,481,456,483,461,479,464,470,476,418,467,449,476,5580
Wadowice Osiedle Podhalanin,POLREGIO Spółka Akcyjna,488,464,491,478,490,478,493,495,480,453,192,558,5560
Wadowice Osiedle Podhalanin ,,488,464,491,478,490,478,493,495,480,453,192,558,5560
Inwałd,POLREGIO Spółka Akcyjna,488,464,491,478,490,478,493,495,480,453,192,558,5560
Inwałd ,,488,464,491,478,490,478,493,495,480,453,192,558,5560
Chocznia,POLREGIO Spółka Akcyjna,488,464,491,478,490,478,493,495,480,453,192,558,5560
Chocznia ,,488,464,491,478,490,478,493,495,480,453,192,558,5560
Chocznia Górna,POLREGIO Spółka Akcyjna,488,464,491,478,490,478,493,495,480,453,192,558,5560
Chocznia Górna ,,488,464,491,478,490,478,493,495,480,453,192,558,5560
Chrząstowice,POLREGIO Spółka Akcyjna,476,450,468,455,456,448,485,468,456,486,440,459,5547
Chrząstowice ,,476,450,468,455,456,448,485,468,456,486,440,459,5547
Zabiele Wielkie,Koleje Mazowieckie - KM Spółka z o.o.,365,414,479,468,476,452,476,480,470,488,468,474,5510
Zabiele Wielkie,PKP INTERCITY Spółka Akcyjna ,,,,,,,1,,,,,,1
Zabiele Wielkie,POLREGIO Spółka Akcyjna,,,,,,,,,,,,34,34
Zabiele Wielkie ,,365,414,479,468,476,452,477,480,470,488,468,508,5545
Krasiejów,POLREGIO Spółka Akcyjna,476,450,468,455,456,448,485,468,454,486,440,459,5545
Krasiejów ,,476,450,468,455,456,448,485,468,454,486,440,459,5545
Jastrząbka,Koleje Mazowieckie - KM Spółka z o.o.,365,414,479,468,476,453,476,480,470,488,468,474,5511
Jastrząbka,POLREGIO Spółka Akcyjna,,,,,,,,,,,,34,34
Jastrząbka ,,365,414,479,468,476,453,476,480,470,488,468,508,5545
Fosowskie,POLREGIO Spółka Akcyjna,476,450,468,455,456,448,485,468,454,486,440,459,5545
Fosowskie ,,476,450,468,455,456,448,485,468,454,486,440,459,5545
Nowa Wieś Kościelna,Koleje Mazowieckie - KM Spółka z o.o.,365,414,479,468,476,452,476,480,470,488,468,474,5510
Nowa Wieś Kościelna,POLREGIO Spółka Akcyjna,,,,,,,,,,,,34,34
Nowa Wieś Kościelna ,,365,414,479,468,476,452,476,480,470,488,468,508,5544
Grabowo,Koleje Mazowieckie - KM Spółka z o.o.,365,414,479,468,476,452,476,480,470,488,468,474,5510
Grabowo,POLREGIO Spółka Akcyjna,,,,,,,,,,,,34,34
Grabowo ,,365,414,479,468,476,452,476,480,470,488,468,508,5544
Raszujka,Koleje Mazowieckie - KM Spółka z o.o.,365,415,479,468,476,454,472,480,470,488,468,474,5509
Raszujka,POLREGIO Spółka Akcyjna,,,,,,,,,,,,34,34
Raszujka ,,365,415,479,468,476,454,472,480,470,488,468,508,5543
Parciaki,Koleje Mazowieckie - KM Spółka z o.o.,365,414,479,468,476,454,472,480,470,488,468,474,5508
Parciaki,POLREGIO Spółka Akcyjna,,,,,,,,,,,,34,34
Parciaki ,,365,414,479,468,476,454,472,480,470,488,468,508,5542
Olszewka,Koleje Mazowieckie - KM Spółka z o.o.,365,414,479,468,476,454,472,480,470,488,468,474,5508
Olszewka,POLREGIO Spółka Akcyjna,,,,,,,,,,,,34,34
Olszewka ,,365,414,479,468,476,454,472,480,470,488,468,508,5542
Ruszów,POLREGIO Spółka Akcyjna,444,439,482,470,480,459,476,490,459,442,417,473,5531
Ruszów ,,444,439,482,470,480,459,476,490,459,442,417,473,5531
Konin Żagański,POLREGIO Spółka Akcyjna,444,439,482,470,480,459,477,490,458,442,417,470,5528
Konin Żagański ,,444,439,482,470,480,459,477,490,458,442,417,470,5528
Iłowa Żagańska,POLREGIO Spółka Akcyjna,444,439,482,470,480,459,476,490,458,442,417,470,5527
Iłowa Żagańska ,,444,439,482,470,480,459,476,490,458,442,417,470,5527
Nowa Sarzyna,PKP INTERCITY Spółka Akcyjna ,248,232,245,240,247,239,246,248,240,248,238,245,2916
Nowa Sarzyna,POLREGIO Spółka Akcyjna,234,202,221,224,232,190,184,186,230,238,228,234,2603
Nowa Sarzyna ,,482,434,466,464,479,429,430,434,470,486,466,479,5519
Leżajsk,PKP INTERCITY Spółka Akcyjna ,248,232,245,240,247,239,246,248,240,248,238,244,2915
Leżajsk,POLREGIO Spółka Akcyjna,234,202,221,224,232,190,184,186,230,238,228,234,2603
Leżajsk ,,482,434,466,464,479,429,430,434,470,486,466,478,5518
Barłogi,Koleje Wielkopolskie Sp. z o.o.,470,440,466,454,466,450,472,466,452,473,448,460,5517
Barłogi ,,470,440,466,454,466,450,472,466,452,473,448,460,5517
Kłodawa,Koleje Wielkopolskie Sp. z o.o.,470,440,466,454,466,450,472,466,452,472,448,460,5516
Kłodawa ,,470,440,466,454,466,450,472,466,452,472,448,460,5516
Bystra Podhalańska,POLREGIO Spółka Akcyjna,475,448,475,461,469,457,479,473,461,480,365,472,5515
Bystra Podhalańska ,,475,448,475,461,469,457,479,473,461,480,365,472,5515
Skawa Środkowa,POLREGIO Spółka Akcyjna,476,448,475,461,469,459,475,473,461,480,365,472,5514
Skawa Środkowa ,,476,448,475,461,469,459,475,473,461,480,365,472,5514
Skawa,POLREGIO Spółka Akcyjna,476,448,475,461,469,459,475,473,461,480,365,472,5514
Skawa ,,476,448,475,461,469,459,475,473,461,480,365,472,5514
Juszczyn,POLREGIO Spółka Akcyjna,474,448,475,459,469,457,479,473,461,480,365,472,5512
Juszczyn ,,474,448,475,459,469,457,479,473,461,480,365,472,5512
Bieniów,CARGO Master Spółka z o.o.,,,2,,,,,,,,,,2
Bieniów,POLREGIO Spółka Akcyjna,415,413,455,434,441,434,499,501,506,486,434,488,5506
Bieniów ,,415,413,457,434,441,434,499,501,506,486,434,488,5508
Dolice,POLREGIO Spółka Akcyjna,462,436,454,452,464,455,484,480,448,468,438,457,5498
Dolice ,,462,436,454,452,464,455,484,480,448,468,438,457,5498
Bystrzyca Kłodzka,Koleje Dolnośląskie S.A.,627,598,632,615,628,608,640,632,,,,375,5355
Bystrzyca Kłodzka,PKP INTERCITY Spółka Akcyjna ,,,,,,,,,,,,137,137
Bystrzyca Kłodzka ,,627,598,632,615,628,608,640,632,,,,512,5492
Kolin,POLREGIO Spółka Akcyjna,462,436,454,452,464,455,484,480,448,468,438,449,5490
Kolin ,,462,436,454,452,464,455,484,480,448,468,438,449,5490
Zamek Bulowicki,POLREGIO Spółka Akcyjna,488,464,492,478,491,399,492,495,480,453,192,555,5479
Zamek Bulowicki ,,488,464,492,478,491,399,492,495,480,453,192,555,5479
Bulowice,POLREGIO Spółka Akcyjna,488,464,492,478,491,399,491,495,480,453,192,555,5478
Bulowice ,,488,464,492,478,491,399,491,495,480,453,192,555,5478
Andrychów Górnica,POLREGIO Spółka Akcyjna,488,464,492,478,491,399,491,495,480,453,192,555,5478
Andrychów Górnica ,,488,464,492,478,491,399,491,495,480,453,192,555,5478
Błaszki,Łódzka Kolej Aglomeracyjna Sp. z o.o.,26,24,30,30,38,30,24,30,26,24,30,38,350
Błaszki,POLREGIO Spółka Akcyjna,431,406,434,420,433,420,431,432,418,433,420,434,5112
Błaszki ,,457,430,464,450,471,450,455,462,444,457,450,472,5462
Gniewkowo,CARGO Master Spółka z o.o.,,,,1,,,,,,,,,1
Gniewkowo,POLREGIO Spółka Akcyjna,464,437,457,446,436,438,471,448,448,471,440,495,5451
Gniewkowo ,,464,437,457,447,436,438,471,448,448,471,440,495,5452
Wierzchosławice,POLREGIO Spółka Akcyjna,464,437,457,446,436,438,471,448,447,471,440,495,5450
Wierzchosławice ,,464,437,457,446,436,438,471,448,447,471,440,495,5450
Więcławice,POLREGIO Spółka Akcyjna,464,437,457,446,436,438,471,448,447,471,440,495,5450
Więcławice ,,464,437,457,446,436,438,471,448,447,471,440,495,5450
Suchatówka,POLREGIO Spółka Akcyjna,464,437,457,446,436,438,471,448,447,471,440,495,5450
Suchatówka ,,464,437,457,446,436,438,471,448,447,471,440,495,5450
Piła Fabryczna,Koleje Wielkopolskie Sp. z o.o.,,,81,112,116,108,114,115,111,116,111,81,1065
Piła Fabryczna,POLREGIO Spółka Akcyjna,,,322,444,436,440,463,452,442,464,438,480,4381
Piła Fabryczna ,,,,403,556,552,548,577,567,553,580,549,561,5446
Pasym,POLREGIO Spółka Akcyjna,469,442,454,423,436,437,480,477,453,469,451,452,5443
Pasym ,,469,442,454,423,436,437,480,477,453,469,451,452,5443
Marcinkowo,PKP INTERCITY Spółka Akcyjna ,,,,,,,1,,,,,,1
Marcinkowo,POLREGIO Spółka Akcyjna,469,442,454,422,436,437,480,477,453,469,451,452,5442
Marcinkowo ,,469,442,454,422,436,437,481,477,453,469,451,452,5443
Klewki,POLREGIO Spółka Akcyjna,469,442,454,422,436,437,480,477,453,469,451,452,5442
Klewki ,,469,442,454,422,436,437,480,477,453,469,451,452,5442
Grom,POLREGIO Spółka Akcyjna,469,442,454,421,436,437,480,477,453,469,451,452,5441
Grom ,,469,442,454,421,436,437,480,477,453,469,451,452,5441
Kamień Pomorski,PKP INTERCITY Spółka Akcyjna ,,,,,2,,,,,,,,2
Kamień Pomorski,POLREGIO Spółka Akcyjna,427,400,442,458,442,458,448,450,466,492,434,506,5423
Kamień Pomorski ,,427,400,442,458,444,458,448,450,466,492,434,506,5425
Piława Górna,Koleje Dolnośląskie S.A.,463,446,461,456,474,460,480,475,416,475,456,338,5400
Piława Górna ,,463,446,461,456,474,460,480,475,416,475,456,338,5400
Międzylesie,Koleje Dolnośląskie S.A.,615,590,622,603,614,598,620,622,,,,374,5258
Międzylesie,LEO Express Global a.s.,,,1,,,,,,,,,,1
Międzylesie,PKP INTERCITY Spółka Akcyjna ,,,,,,,,,,,,137,137
Międzylesie ,,615,590,623,603,614,598,620,622,,,,511,5396
Mikołajki Pomorskie,POLREGIO Spółka Akcyjna,457,432,454,442,450,440,464,457,443,464,435,446,5384
Mikołajki Pomorskie ,,457,432,454,442,450,440,464,457,443,464,435,446,5384
Susz,POLREGIO Spółka Akcyjna,456,432,454,442,450,440,464,457,443,464,435,446,5383
Susz ,,456,432,454,442,450,440,464,457,443,464,435,446,5383
Iława Miasto,POLREGIO Spółka Akcyjna,456,432,454,442,450,440,464,457,443,464,435,446,5383
Iława Miasto ,,456,432,454,442,450,440,464,457,443,464,435,446,5383
Zaborze,Koleje Śląskie Spółka z o.o.,478,448,475,460,470,460,479,473,398,418,398,424,5381
Zaborze ,,478,448,475,460,470,460,479,473,398,418,398,424,5381
Skoczów Bajerki,Koleje Śląskie Spółka z o.o.,478,448,475,460,470,460,479,473,398,418,398,424,5381
Skoczów Bajerki ,,478,448,475,460,470,460,479,473,398,418,398,424,5381
Pierściec,Koleje Śląskie Spółka z o.o.,478,448,475,460,470,460,479,473,398,418,398,424,5381
Pierściec ,,478,448,475,460,470,460,479,473,398,418,398,424,5381
Włostowo,Koleje Wielkopolskie Sp. z o.o.,502,474,497,480,430,420,448,434,426,447,412,410,5380
Włostowo ,,502,474,497,480,430,420,448,434,426,447,412,410,5380
Pępowo,Koleje Wielkopolskie Sp. z o.o.,502,474,497,480,430,420,448,434,426,447,412,410,5380
Pępowo ,,502,474,497,480,430,420,448,434,426,447,412,410,5380
Kuklinów,Koleje Wielkopolskie Sp. z o.o.,502,474,497,480,430,420,448,434,426,447,412,410,5380
Kuklinów ,,502,474,497,480,430,420,448,434,426,447,412,410,5380
Kobylin,Koleje Wielkopolskie Sp. z o.o.,502,474,497,480,430,420,448,434,426,447,412,410,5380
Kobylin ,,502,474,497,480,430,420,448,434,426,447,412,410,5380
Krobia,Koleje Wielkopolskie Sp. z o.o.,502,474,497,480,430,420,448,434,426,447,412,410,5380
Krobia ,,502,474,497,480,430,420,448,434,426,447,412,410,5380
Dzierżanów Wielkopolski,Koleje Wielkopolskie Sp. z o.o.,502,474,497,480,430,420,448,434,426,447,412,410,5380
Dzierżanów Wielkopolski ,,502,474,497,480,430,420,448,434,426,447,412,410,5380
Czeluścin,Koleje Wielkopolskie Sp. z o.o.,502,474,497,480,430,420,448,434,426,447,412,410,5380
Czeluścin ,,502,474,497,480,430,420,448,434,426,447,412,410,5380
Pawłowice,Koleje Wielkopolskie Sp. z o.o.,502,474,497,480,430,420,447,434,426,447,412,410,5379
Pawłowice ,,502,474,497,480,430,420,447,434,426,447,412,410,5379
Poniec,Koleje Wielkopolskie Sp. z o.o.,502,474,497,480,430,420,447,434,426,447,412,410,5379
Poniec ,,502,474,497,480,430,420,447,434,426,447,412,410,5379
Leszno Grzybowo,Koleje Wielkopolskie Sp. z o.o.,502,474,497,480,430,420,447,434,426,447,412,410,5379
Leszno Grzybowo ,,502,474,497,480,430,420,447,434,426,447,412,410,5379
Karzec,Koleje Wielkopolskie Sp. z o.o.,502,474,497,480,430,420,447,434,426,447,412,410,5379
Karzec ,,502,474,497,480,430,420,447,434,426,447,412,410,5379
Kąkolewo,Koleje Wielkopolskie Sp. z o.o.,502,474,497,480,430,420,447,434,426,447,412,410,5379
Kąkolewo ,,502,474,497,480,430,420,447,434,426,447,412,410,5379
Dzięczyn,Koleje Wielkopolskie Sp. z o.o.,502,474,497,480,430,420,447,434,426,447,412,410,5379
Dzięczyn ,,502,474,497,480,430,420,447,434,426,447,412,410,5379
Głowaczewo,POLREGIO Spółka Akcyjna,413,395,468,478,483,442,445,438,451,475,433,451,5372
Głowaczewo ,,413,395,468,478,483,442,445,438,451,475,433,451,5372
Lubartów,PKP INTERCITY Spółka Akcyjna ,117,114,122,119,124,120,123,124,120,124,118,124,1449
Lubartów,POLREGIO Spółka Akcyjna,331,316,321,323,318,320,340,328,324,340,316,345,3922
Lubartów ,,448,430,443,442,442,440,463,452,444,464,434,469,5371
Potęgowo,POLREGIO Spółka Akcyjna,668,664,667,633,652,370,675,666,22,,,353,5370
Potęgowo ,,668,664,667,633,652,370,675,666,22,,,353,5370
Stawno,POLREGIO Spółka Akcyjna,427,400,442,458,442,450,432,430,466,492,434,496,5369
Stawno ,,427,400,442,458,442,450,432,430,466,492,434,496,5369
Jarszewo,POLREGIO Spółka Akcyjna,427,400,442,458,442,450,432,430,466,492,434,496,5369
Jarszewo ,,427,400,442,458,442,450,432,430,466,492,434,496,5369
Górki Pomorskie,POLREGIO Spółka Akcyjna,427,400,442,458,442,450,432,430,466,492,434,496,5369
Górki Pomorskie ,,427,400,442,458,442,450,432,430,466,492,434,496,5369
Pogorzelice,POLREGIO Spółka Akcyjna,669,664,665,633,652,370,671,667,22,,,354,5367
Pogorzelice ,,669,664,665,633,652,370,671,667,22,,,354,5367
Leśnice,POLREGIO Spółka Akcyjna,668,664,663,633,652,370,669,665,22,,,354,5360
Leśnice ,,668,664,663,633,652,370,669,665,22,,,354,5360
Strzyżyno Słupskie,POLREGIO Spółka Akcyjna,659,664,667,633,651,368,675,666,22,,,353,5358
Strzyżyno Słupskie ,,659,664,667,633,651,368,675,666,22,,,353,5358
Głuszyno Pomorskie,POLREGIO Spółka Akcyjna,659,664,667,633,651,368,675,666,22,,,353,5358
Głuszyno Pomorskie ,,659,664,667,633,651,368,675,666,22,,,353,5358
Damnica,POLREGIO Spółka Akcyjna,659,664,667,633,651,368,675,666,22,,,353,5358
Damnica ,,659,664,667,633,651,368,675,666,22,,,353,5358
Jezierzyce Słupskie,POLREGIO Spółka Akcyjna,659,664,667,633,651,367,675,666,22,,,353,5357
Jezierzyce Słupskie ,,659,664,667,633,651,367,675,666,22,,,353,5357
Kity,POLREGIO Spółka Akcyjna,413,429,454,446,458,440,464,451,444,464,440,454,5357
Kity ,,413,429,454,446,458,440,464,451,444,464,440,454,5357
Dąbrowa-Łazy,POLREGIO Spółka Akcyjna,413,429,454,446,458,440,464,451,444,464,440,454,5357
Dąbrowa-Łazy ,,413,429,454,446,458,440,464,451,444,464,440,454,5357
Parczew,PKP INTERCITY Spółka Akcyjna ,117,114,122,119,124,120,123,124,120,124,118,124,1449
Parczew,POLREGIO Spółka Akcyjna,331,316,321,323,318,320,340,328,324,340,316,327,3904
Parczew ,,448,430,443,442,442,440,463,452,444,464,434,451,5353
Lubajny,POLREGIO Spółka Akcyjna,454,428,450,439,448,435,460,451,438,460,431,445,5339
Lubajny ,,454,428,450,439,448,435,460,451,438,460,431,445,5339
Sitowa,Łódzka Kolej Aglomeracyjna Sp. z o.o.,352,332,352,202,350,354,368,372,359,372,360,372,4145
Sitowa,POLREGIO Spółka Akcyjna,79,76,108,39,124,120,54,110,113,124,120,124,1191
Sitowa ,,431,408,460,241,474,474,422,482,472,496,480,496,5336
Ruda Białaczowska,Łódzka Kolej Aglomeracyjna Sp. z o.o.,352,332,352,202,350,354,368,372,359,372,360,372,4145
Ruda Białaczowska,POLREGIO Spółka Akcyjna,79,76,108,39,124,120,54,110,113,124,120,124,1191
Ruda Białaczowska ,,431,408,460,241,474,474,422,482,472,496,480,496,5336
Petrykozy,Łódzka Kolej Aglomeracyjna Sp. z o.o.,352,332,352,202,350,354,368,372,359,372,360,372,4145
Petrykozy,POLREGIO Spółka Akcyjna,79,76,108,39,124,120,54,110,113,124,120,124,1191
Petrykozy ,,431,408,460,241,474,474,422,482,472,496,480,496,5336
Kornica,Łódzka Kolej Aglomeracyjna Sp. z o.o.,352,332,352,202,350,354,368,372,359,372,360,372,4145
Kornica,POLREGIO Spółka Akcyjna,79,76,108,39,124,120,54,110,113,124,120,124,1191
Kornica ,,431,408,460,241,474,474,422,482,472,496,480,496,5336
Ziemomyśl,POLREGIO Spółka Akcyjna,453,428,444,438,442,434,460,449,439,459,430,445,5321
Ziemomyśl ,,453,428,444,438,442,434,460,449,439,459,430,445,5321
Suchy Bór Opolski,POLREGIO Spółka Akcyjna,458,434,448,439,432,430,469,448,438,470,418,437,5321
Suchy Bór Opolski ,,458,434,448,439,432,430,469,448,438,470,418,437,5321
Morzyca,POLREGIO Spółka Akcyjna,453,428,444,438,442,434,460,449,439,459,430,445,5321
Morzyca ,,453,428,444,438,442,434,460,449,439,459,430,445,5321
Staniszcze Małe,POLREGIO Spółka Akcyjna,458,434,448,439,432,430,469,448,436,470,418,437,5319
Staniszcze Małe ,,458,434,448,439,432,430,469,448,436,470,418,437,5319
Dębska Kuźnia,POLREGIO Spółka Akcyjna,458,434,448,439,432,430,469,448,436,470,418,437,5319
Dębska Kuźnia ,,458,434,448,439,432,430,469,448,436,470,418,437,5319
Tomaszów Mazowiecki Białobrzegi,Łódzka Kolej Aglomeracyjna Sp. z o.o.,460,432,456,444,452,440,464,458,308,464,436,466,5280
Tomaszów Mazowiecki Białobrzegi,POLREGIO Spółka Akcyjna,,,,,,,,,,,,34,34
Tomaszów Mazowiecki Białobrzegi ,,460,432,456,444,452,440,464,458,308,464,436,500,5314
Dęba Opoczyńska,Łódzka Kolej Aglomeracyjna Sp. z o.o.,460,432,456,444,452,440,464,456,308,464,436,466,5278
Dęba Opoczyńska,POLREGIO Spółka Akcyjna,,,,,,,,,,,,34,34
Dęba Opoczyńska ,,460,432,456,444,452,440,464,456,308,464,436,500,5312
Brzustów,Łódzka Kolej Aglomeracyjna Sp. z o.o.,460,432,456,444,452,440,464,456,308,464,436,466,5278
Brzustów,POLREGIO Spółka Akcyjna,,,,,,,,,,,,34,34
Brzustów ,,460,432,456,444,452,440,464,456,308,464,436,500,5312
Antoniów,Łódzka Kolej Aglomeracyjna Sp. z o.o.,460,432,456,444,452,440,464,456,308,464,436,466,5278
Antoniów,POLREGIO Spółka Akcyjna,,,,,,,,,,,,34,34
Antoniów ,,460,432,456,444,452,440,464,456,308,464,436,500,5312
Witkowo,POLREGIO Spółka Akcyjna,453,428,444,438,442,434,460,449,439,459,430,431,5307
Witkowo ,,453,428,444,438,442,434,460,449,439,459,430,431,5307
Bukowice Trzebnickie,Koleje Dolnośląskie S.A.,440,404,434,428,450,438,462,454,441,448,414,478,5291
Bukowice Trzebnickie ,,440,404,434,428,450,438,462,454,441,448,414,478,5291
Radzice,Łódzka Kolej Aglomeracyjna Sp. z o.o.,460,432,456,444,452,440,464,456,308,464,436,466,5278
Radzice ,,460,432,456,444,452,440,464,456,308,464,436,466,5278
Mielec,PKP INTERCITY Spółka Akcyjna ,,,,,,,,,,,,34,34
Mielec,POLREGIO Spółka Akcyjna,409,449,438,449,420,422,483,399,451,489,407,426,5242
Mielec ,,409,449,438,449,420,422,483,399,451,489,407,460,5276
Krośnice,Koleje Dolnośląskie S.A.,440,404,434,428,450,437,447,454,441,448,414,478,5275
Krośnice ,,440,404,434,428,450,437,447,454,441,448,414,478,5275
Wojsław,POLREGIO Spółka Akcyjna,407,449,438,449,420,422,483,399,451,489,407,426,5240
Wojsław ,,407,449,438,449,420,422,483,399,451,489,407,426,5240
Rzochów,POLREGIO Spółka Akcyjna,406,449,438,449,420,422,483,399,451,489,407,426,5239
Rzochów ,,406,449,438,449,420,422,483,399,451,489,407,426,5239
Mielec Południowy,POLREGIO Spółka Akcyjna,406,449,438,449,420,422,483,399,451,489,407,426,5239
Mielec Południowy ,,406,449,438,449,420,422,483,399,451,489,407,426,5239
Kustrin-Kietz,POLREGIO Spółka Akcyjna,,,,,,,113,1125,1100,812,936,1152,5238
Kustrin-Kietz ,,,,,,,,113,1125,1100,812,936,1152,5238
Tuszyma,POLREGIO Spółka Akcyjna,406,449,437,449,420,422,483,399,451,489,407,426,5238
Tuszyma ,,406,449,437,449,420,422,483,399,451,489,407,426,5238
Rzemień,POLREGIO Spółka Akcyjna,406,449,437,449,420,422,483,399,451,489,407,426,5238
Rzemień ,,406,449,437,449,420,422,483,399,451,489,407,426,5238
Pustków,POLREGIO Spółka Akcyjna,406,449,437,449,420,422,483,399,451,489,407,426,5238
Pustków ,,406,449,437,449,420,422,483,399,451,489,407,426,5238
Kochanówka Pustków,POLREGIO Spółka Akcyjna,406,449,437,449,420,422,483,399,451,489,407,426,5238
Kochanówka Pustków ,,406,449,437,449,420,422,483,399,451,489,407,426,5238
Dąbie koło Dębicy,POLREGIO Spółka Akcyjna,406,449,437,449,420,422,483,399,451,489,407,426,5238
Dąbie koło Dębicy ,,406,449,437,449,420,422,483,399,451,489,407,426,5238
Pustynia,POLREGIO Spółka Akcyjna,406,449,437,449,420,422,483,397,451,489,407,426,5236
Pustynia ,,406,449,437,449,420,422,483,397,451,489,407,426,5236
Kolonowskie,POLREGIO Spółka Akcyjna,458,434,448,437,343,430,469,448,436,470,418,437,5228
Kolonowskie ,,458,434,448,437,343,430,469,448,436,470,418,437,5228
Zawadzkie,POLREGIO Spółka Akcyjna,458,434,448,436,343,430,469,448,436,470,418,437,5227
Zawadzkie ,,458,434,448,436,343,430,469,448,436,470,418,437,5227
Stary Borek,POLREGIO Spółka Akcyjna,413,395,449,452,455,435,445,438,425,448,411,439,5205
Stary Borek ,,413,395,449,452,455,435,445,438,425,448,411,439,5205
Karcino,POLREGIO Spółka Akcyjna,413,395,449,452,455,435,445,438,425,448,411,439,5205
Karcino ,,413,395,449,452,455,435,445,438,425,448,411,439,5205
Bieczyno Pomorskie,POLREGIO Spółka Akcyjna,413,395,449,452,455,435,445,438,425,448,411,439,5205
Bieczyno Pomorskie ,,413,395,449,452,455,435,445,438,425,448,411,439,5205
Kołobrzeg Radzikowo,POLREGIO Spółka Akcyjna,,,375,519,522,531,562,561,520,546,502,565,5203
Kołobrzeg Radzikowo ,,,,375,519,522,531,562,561,520,546,502,565,5203
Lesięcin,POLREGIO Spółka Akcyjna,449,424,442,433,431,425,433,421,434,456,424,427,5199
Lesięcin ,,449,424,442,433,431,425,433,421,434,456,424,427,5199
Stary Węgliniec,POLREGIO Spółka Akcyjna,412,407,458,451,452,433,445,461,424,402,400,450,5195
Stary Węgliniec ,,412,407,458,451,452,433,445,461,424,402,400,450,5195
Bystrzyca Kłodzka Przedmieście,Koleje Dolnośląskie S.A.,606,577,611,594,608,588,618,611,,,,358,5171
Bystrzyca Kłodzka Przedmieście ,,606,577,611,594,608,588,618,611,,,,358,5171
Jankowa Żagańska,POLREGIO Spółka Akcyjna,416,413,448,435,443,431,453,454,426,425,385,438,5167
Jankowa Żagańska ,,416,413,448,435,443,431,453,454,426,425,385,438,5167
Zygmuntów,Koleje Mazowieckie - KM Spółka z o.o.,398,374,394,384,390,380,402,394,384,402,376,436,4714
Zygmuntów,Łódzka Kolej Aglomeracyjna Sp. z o.o.,36,32,40,36,44,40,32,40,28,32,44,44,448
Zygmuntów ,,434,406,434,420,434,420,434,434,412,434,420,480,5162
Smogorzów Przysuski,Koleje Mazowieckie - KM Spółka z o.o.,398,374,394,384,390,380,402,394,384,402,376,436,4714
Smogorzów Przysuski,Łódzka Kolej Aglomeracyjna Sp. z o.o.,36,32,40,36,44,40,32,40,28,32,44,44,448
Smogorzów Przysuski ,,434,406,434,420,434,420,434,434,412,434,420,480,5162
Bieliny Opoczyńskie,Koleje Mazowieckie - KM Spółka z o.o.,398,374,394,384,390,380,402,394,384,402,376,436,4714
Bieliny Opoczyńskie,Łódzka Kolej Aglomeracyjna Sp. z o.o.,36,32,40,36,44,40,32,40,28,32,44,44,448
Bieliny Opoczyńskie ,,434,406,434,420,434,420,434,434,412,434,420,480,5162
Byczyna Kluczborska,PKP INTERCITY Spółka Akcyjna ,248,232,258,240,248,240,248,245,231,248,239,248,2925
Byczyna Kluczborska,POLREGIO Spółka Akcyjna,192,184,188,185,182,180,200,188,183,199,174,182,2237
Byczyna Kluczborska ,,440,416,446,425,430,420,448,433,414,447,413,430,5162
Sołtyków,Łódzka Kolej Aglomeracyjna Sp. z o.o.,246,232,248,144,248,240,110,224,239,248,240,248,2667
Sołtyków,POLREGIO Spółka Akcyjna,151,156,216,173,248,239,111,222,229,248,240,248,2481
Sołtyków ,,397,388,464,317,496,479,221,446,468,496,480,496,5148
Gilów,Łódzka Kolej Aglomeracyjna Sp. z o.o.,246,232,248,144,248,240,110,224,239,248,240,248,2667
Gilów,POLREGIO Spółka Akcyjna,151,156,216,173,248,239,111,222,229,248,240,248,2481
Gilów ,,397,388,464,317,496,479,221,446,468,496,480,496,5148
Bliżyn,Łódzka Kolej Aglomeracyjna Sp. z o.o.,246,232,248,144,248,240,110,224,239,248,240,248,2667
Bliżyn,POLREGIO Spółka Akcyjna,151,156,216,173,248,239,111,222,229,248,240,248,2481
Bliżyn ,,397,388,464,317,496,479,221,446,468,496,480,496,5148
Brzask,Łódzka Kolej Aglomeracyjna Sp. z o.o.,246,232,248,144,248,240,110,224,238,248,240,248,2666
Brzask,POLREGIO Spółka Akcyjna,151,156,216,173,248,239,111,223,229,248,240,248,2482
Brzask ,,397,388,464,317,496,479,221,447,467,496,480,496,5148
Wólka Plebańska,Łódzka Kolej Aglomeracyjna Sp. z o.o.,246,232,248,144,248,240,110,224,239,248,240,248,2667
Wólka Plebańska,POLREGIO Spółka Akcyjna,151,156,216,173,248,238,111,222,229,248,240,248,2480
Wólka Plebańska ,,397,388,464,317,496,478,221,446,468,496,480,496,5147
Skarżysko Milica,Łódzka Kolej Aglomeracyjna Sp. z o.o.,246,232,248,144,248,240,110,224,237,248,240,248,2665
Skarżysko Milica,POLREGIO Spółka Akcyjna,151,156,216,173,248,239,111,223,229,248,240,248,2482
Skarżysko Milica ,,397,388,464,317,496,479,221,447,466,496,480,496,5147
Wąsosz Konecki,Łódzka Kolej Aglomeracyjna Sp. z o.o.,246,232,248,144,248,240,110,224,239,248,240,248,2667
Wąsosz Konecki,POLREGIO Spółka Akcyjna,151,156,216,173,248,238,110,222,229,248,240,248,2479
Wąsosz Konecki ,,397,388,464,317,496,478,220,446,468,496,480,496,5146
Stąporków,Łódzka Kolej Aglomeracyjna Sp. z o.o.,246,232,248,144,248,240,110,224,239,248,240,248,2667
Stąporków,POLREGIO Spółka Akcyjna,151,156,216,173,248,238,110,222,229,248,240,248,2479
Stąporków ,,397,388,464,317,496,478,220,446,468,496,480,496,5146
Kościernica,POLREGIO Spółka Akcyjna,443,420,437,425,426,420,429,418,409,429,400,490,5146
Kościernica ,,443,420,437,425,426,420,429,418,409,429,400,490,5146
Czarniecka Góra,Łódzka Kolej Aglomeracyjna Sp. z o.o.,246,232,248,144,248,240,110,224,239,248,240,248,2667
Czarniecka Góra,POLREGIO Spółka Akcyjna,151,156,216,173,248,238,110,222,229,248,240,248,2479
Czarniecka Góra ,,397,388,464,317,496,478,220,446,468,496,480,496,5146
Świeradów-Zdrój,Koleje Dolnośląskie S.A.,552,522,554,530,551,534,536,544,239,,28,548,5138
Świeradów-Zdrój ,,552,522,554,530,551,534,536,544,239,,28,548,5138
Szlachta,Arriva RP Sp. z o.o.,429,399,450,450,452,444,467,461,305,375,443,456,5131
Szlachta,CARGO Master Spółka z o.o.,,,,1,,,,,,,,,1
Szlachta ,,429,399,450,451,452,444,467,461,305,375,443,456,5132
Gorzanów,Koleje Dolnośląskie S.A.,601,573,606,589,601,583,614,606,,,,358,5131
Gorzanów ,,601,573,606,589,601,583,614,606,,,,358,5131
Krosnowice Kłodzkie,Koleje Dolnośląskie S.A.,601,572,606,589,601,583,614,606,,,,357,5129
Krosnowice Kłodzkie ,,601,572,606,589,601,583,614,606,,,,357,5129
Żelisławice,POLREGIO Spółka Akcyjna,433,406,433,420,434,420,434,434,420,434,420,433,5121
Żelisławice ,,433,406,433,420,434,420,434,434,420,434,420,433,5121
Staropole Częstochowskie,POLREGIO Spółka Akcyjna,433,406,433,420,434,420,434,434,420,434,420,433,5121
Staropole Częstochowskie ,,433,406,433,420,434,420,434,434,420,434,420,433,5121
Podlesie,POLREGIO Spółka Akcyjna,433,406,433,420,434,420,434,434,420,434,420,433,5121
Podlesie ,,433,406,433,420,434,420,434,434,420,434,420,433,5121
Lusławice,POLREGIO Spółka Akcyjna,433,406,433,420,434,420,434,434,420,434,420,433,5121
Lusławice ,,433,406,433,420,434,420,434,434,420,434,420,433,5121
Koniecpol Centrum,POLREGIO Spółka Akcyjna,433,406,433,420,434,420,434,434,420,434,420,433,5121
Koniecpol Centrum ,,433,406,433,420,434,420,434,434,420,434,420,433,5121
Koniecpol Magdasz,POLREGIO Spółka Akcyjna,433,406,433,420,434,420,434,434,420,434,420,433,5121
Koniecpol Magdasz ,,433,406,433,420,434,420,434,434,420,434,420,433,5121
Julianka,POLREGIO Spółka Akcyjna,433,406,433,420,434,420,434,434,420,434,420,433,5121
Julianka ,,433,406,433,420,434,420,434,434,420,434,420,433,5121
Turów,POLREGIO Spółka Akcyjna,433,406,432,420,434,420,434,434,420,434,420,433,5120
Turów ,,433,406,432,420,434,420,434,434,420,434,420,433,5120
Kusięta Nowe,POLREGIO Spółka Akcyjna,433,406,432,420,434,420,434,434,420,434,420,433,5120
Kusięta Nowe ,,433,406,432,420,434,420,434,434,420,434,420,433,5120
Sędzice,POLREGIO Spółka Akcyjna,431,406,434,420,433,420,431,433,418,433,420,434,5113
Sędzice ,,431,406,434,420,433,420,431,433,418,433,420,434,5113
Radliczyce,POLREGIO Spółka Akcyjna,431,406,434,420,434,420,431,432,418,432,420,434,5112
Radliczyce ,,431,406,434,420,434,420,431,432,418,432,420,434,5112
Skalmierz,POLREGIO Spółka Akcyjna,431,406,434,420,433,420,431,432,418,432,420,434,5111
Skalmierz ,,431,406,434,420,433,420,431,432,418,432,420,434,5111
Kalisz Winiary,POLREGIO Spółka Akcyjna,431,406,434,420,434,420,430,432,418,432,420,434,5111
Kalisz Winiary ,,431,406,434,420,434,420,430,432,418,432,420,434,5111
Lasów,Koleje Dolnośląskie S.A.,61,58,61,60,62,60,62,62,58,62,60,62,728
Lasów,POLREGIO Spółka Akcyjna,366,348,370,358,372,357,370,372,360,372,348,368,4361
Lasów ,,427,406,431,418,434,417,432,434,418,434,408,430,5089
Domaszków,Koleje Dolnośląskie S.A.,596,569,601,585,594,578,605,601,,,,357,5086
Domaszków ,,596,569,601,585,594,578,605,601,,,,357,5086
Długopole-Zdrój,Koleje Dolnośląskie S.A.,596,569,601,584,594,578,605,601,,,,354,5082
Długopole-Zdrój ,,596,569,601,584,594,578,605,601,,,,354,5082
Sycze,Koleje Mazowieckie - KM Spółka z o.o.,228,232,248,237,242,234,248,248,238,243,240,248,2886
Sycze,POLREGIO Spółka Akcyjna,186,174,184,180,186,180,186,185,178,186,180,186,2191
Sycze ,,414,406,432,417,428,414,434,433,416,429,420,434,5077
Nowy Nurzec,Koleje Mazowieckie - KM Spółka z o.o.,228,232,248,237,242,234,248,248,238,243,240,248,2886
Nowy Nurzec,POLREGIO Spółka Akcyjna,186,174,184,180,186,180,186,185,178,186,180,186,2191
Nowy Nurzec ,,414,406,432,417,428,414,434,433,416,429,420,434,5077
Fronołów,Koleje Mazowieckie - KM Spółka z o.o.,228,232,248,237,242,234,248,248,238,243,240,248,2886
Fronołów,POLREGIO Spółka Akcyjna,186,174,184,180,186,180,186,185,178,186,180,186,2191
Fronołów ,,414,406,432,417,428,414,434,433,416,429,420,434,5077
Borowiki,Koleje Mazowieckie - KM Spółka z o.o.,228,232,248,237,242,234,248,248,238,243,240,248,2886
Borowiki,POLREGIO Spółka Akcyjna,186,174,184,180,186,180,186,185,178,186,180,186,2191
Borowiki ,,414,406,432,417,428,414,434,433,416,429,420,434,5077
Platerów,Koleje Mazowieckie - KM Spółka z o.o.,228,232,248,237,242,234,248,248,238,243,240,248,2886
Platerów,POLREGIO Spółka Akcyjna,186,174,184,180,186,180,186,185,177,186,180,186,2190
Platerów ,,414,406,432,417,428,414,434,433,415,429,420,434,5076
Stok Lacki,Koleje Mazowieckie - KM Spółka z o.o.,228,232,248,237,242,234,248,248,237,243,240,248,2885
Stok Lacki,POLREGIO Spółka Akcyjna,186,174,184,180,186,180,186,186,176,186,180,186,2190
Stok Lacki ,,414,406,432,417,428,414,434,434,413,429,420,434,5075
Patków,Koleje Mazowieckie - KM Spółka z o.o.,228,232,248,237,242,234,248,248,237,243,240,248,2885
Patków,POLREGIO Spółka Akcyjna,186,174,184,180,186,180,186,185,177,186,180,186,2190
Patków ,,414,406,432,417,428,414,434,433,414,429,420,434,5075
Mordy,Koleje Mazowieckie - KM Spółka z o.o.,228,232,248,237,242,234,248,248,237,243,240,248,2885
Mordy,POLREGIO Spółka Akcyjna,186,174,184,180,186,180,186,186,176,186,180,186,2190
Mordy ,,414,406,432,417,428,414,434,434,413,429,420,434,5075
Krzymosze,Koleje Mazowieckie - KM Spółka z o.o.,228,232,248,237,242,234,248,248,237,243,240,248,2885
Krzymosze,POLREGIO Spółka Akcyjna,186,174,184,180,186,180,186,186,176,186,180,186,2190
Krzymosze ,,414,406,432,417,428,414,434,434,413,429,420,434,5075
Mordy Miasto,Koleje Mazowieckie - KM Spółka z o.o.,228,232,248,237,242,234,248,248,237,243,240,248,2885
Mordy Miasto,POLREGIO Spółka Akcyjna,186,174,184,180,186,180,186,185,176,186,180,186,2189
Mordy Miasto ,,414,406,432,417,428,414,434,433,413,429,420,434,5074
Cierpigórz,Koleje Mazowieckie - KM Spółka z o.o.,228,232,248,237,242,234,248,248,237,243,240,248,2885
Cierpigórz,POLREGIO Spółka Akcyjna,186,174,184,180,186,180,186,185,176,186,180,186,2189
Cierpigórz ,,414,406,432,417,428,414,434,433,413,429,420,434,5074
Roztoki Bystrzyckie,Koleje Dolnośląskie S.A.,594,569,601,582,594,578,596,601,,,,357,5072
Roztoki Bystrzyckie ,,594,569,601,582,594,578,596,601,,,,357,5072
Kamienna Góra,Koleje Dolnośląskie S.A.,414,406,434,418,400,420,434,430,415,420,422,434,5047
Kamienna Góra ,,414,406,434,418,400,420,434,430,415,420,422,434,5047
Kralovec,Koleje Dolnośląskie S.A.,414,406,434,418,399,420,434,430,414,421,420,434,5044
Kralovec,LEO Express Global a.s.,,,1,,,,,,,,,,1
Kralovec ,,414,406,435,418,399,420,434,430,414,421,420,434,5045
Lubawka,Koleje Dolnośląskie S.A.,414,406,434,418,399,420,434,430,414,421,420,434,5044
Lubawka ,,414,406,434,418,399,420,434,430,414,421,420,434,5044
Błażkowa,Koleje Dolnośląskie S.A.,414,406,434,418,400,420,434,430,414,420,420,434,5044
Błażkowa ,,414,406,434,418,400,420,434,430,414,420,420,434,5044
Wojaszówka,POLREGIO Spółka Akcyjna,391,370,388,378,382,367,478,458,464,490,449,427,5042
Wojaszówka ,,391,370,388,378,382,367,478,458,464,490,449,427,5042
Wiśniowa,POLREGIO Spółka Akcyjna,391,370,388,378,382,367,478,458,464,490,449,427,5042
Wiśniowa ,,391,370,388,378,382,367,478,458,464,490,449,427,5042
Strzyżów Zachodni,POLREGIO Spółka Akcyjna,391,370,388,378,382,367,478,458,464,490,449,427,5042
Strzyżów Zachodni ,,391,370,388,378,382,367,478,458,464,490,449,427,5042
Szebnie,POLREGIO Spółka Akcyjna,391,370,388,378,382,367,478,458,464,490,449,427,5042
Szebnie ,,391,370,388,378,382,367,478,458,464,490,449,427,5042
Przybówka,POLREGIO Spółka Akcyjna,391,370,388,378,382,367,478,458,464,490,449,427,5042
Przybówka ,,391,370,388,378,382,367,478,458,464,490,449,427,5042
Markuszowa,POLREGIO Spółka Akcyjna,391,370,388,378,382,367,478,458,464,490,449,427,5042
Markuszowa ,,391,370,388,378,382,367,478,458,464,490,449,427,5042
Kalembina,POLREGIO Spółka Akcyjna,391,370,388,378,382,367,478,458,464,490,449,427,5042
Kalembina ,,391,370,388,378,382,367,478,458,464,490,449,427,5042
Jasło Fabryczne,POLREGIO Spółka Akcyjna,391,370,388,378,382,367,478,458,464,490,449,427,5042
Jasło Fabryczne ,,391,370,388,378,382,367,478,458,464,490,449,427,5042
Frysztak,POLREGIO Spółka Akcyjna,391,370,388,378,382,367,478,458,464,490,449,427,5042
Frysztak ,,391,370,388,378,382,367,478,458,464,490,449,427,5042
Dobrzechów,POLREGIO Spółka Akcyjna,391,370,388,378,382,367,478,458,464,490,449,427,5042
Dobrzechów ,,391,370,388,378,382,367,478,458,464,490,449,427,5042
Nowa Ruda,CARGO Master Spółka z o.o.,,,,8,,,,,,,,,8
Nowa Ruda,Koleje Dolnośląskie S.A.,370,346,370,358,370,360,378,372,305,373,357,370,4329
Nowa Ruda,PKP INTERCITY Spółka Akcyjna ,56,56,62,60,62,60,62,59,26,56,60,78,697
Nowa Ruda ,,426,402,432,426,432,420,440,431,331,429,417,448,5034
Barwałd Średni,POLREGIO Spółka Akcyjna,426,406,427,418,429,418,431,433,420,431,277,501,5017
Barwałd Średni ,,426,406,427,418,429,418,431,433,420,431,277,501,5017
Skwierzyna,PKP INTERCITY Spółka Akcyjna ,122,114,122,120,122,118,123,121,120,79,87,122,1370
Skwierzyna,POLREGIO Spółka Akcyjna,224,240,326,301,245,316,370,295,314,387,293,334,3645
Skwierzyna ,,346,354,448,421,367,434,493,416,434,466,380,456,5015
Barwałd Górny,POLREGIO Spółka Akcyjna,423,406,427,418,429,418,431,432,420,431,277,501,5013
Barwałd Górny ,,423,406,427,418,429,418,431,432,420,431,277,501,5013
Kalwaria Zebrzydowska,POLREGIO Spółka Akcyjna,421,406,427,418,427,417,431,432,420,433,277,501,5010
Kalwaria Zebrzydowska ,,421,406,427,418,427,417,431,432,420,433,277,501,5010
Międzyrzecz,PKP INTERCITY Spółka Akcyjna ,122,114,122,120,122,118,123,120,120,79,87,122,1369
Międzyrzecz,POLREGIO Spółka Akcyjna,224,240,326,301,245,322,388,311,314,317,295,334,3617
Międzyrzecz ,,346,354,448,421,367,440,511,431,434,396,382,456,4986
Rąbino,POLREGIO Spółka Akcyjna,426,403,422,411,414,404,410,402,414,433,405,429,4973
Rąbino ,,426,403,422,411,414,404,410,402,414,433,405,429,4973
Złotów,Koleje Wielkopolskie Sp. z o.o.,,,,,,,2,,,,,,2
Złotów,PKP INTERCITY Spółka Akcyjna ,62,58,62,60,62,60,62,62,60,60,60,62,730
Złotów,POLREGIO Spółka Akcyjna,354,338,361,328,348,348,363,363,351,364,350,343,4211
Złotów ,,416,396,423,388,410,408,427,425,411,424,410,405,4943
Krajenka,Koleje Wielkopolskie Sp. z o.o.,,,,,,,2,,,,,,2
Krajenka,PKP INTERCITY Spółka Akcyjna ,62,58,62,60,62,60,62,62,60,60,60,62,730
Krajenka,POLREGIO Spółka Akcyjna,354,338,361,329,348,348,363,363,351,364,350,342,4211
Krajenka ,,416,396,423,389,410,408,427,425,411,424,410,404,4943
Susk,Koleje Mazowieckie - KM Spółka z o.o.,539,163,126,555,574,557,552,569,563,368,,360,4926
Susk ,,539,163,126,555,574,557,552,569,563,368,,360,4926
Proboszczewice Płockie,Koleje Mazowieckie - KM Spółka z o.o.,539,163,126,555,574,557,552,569,563,368,,360,4926
Proboszczewice Płockie ,,539,163,126,555,574,557,552,569,563,368,,360,4926
Gozdowo,Koleje Mazowieckie - KM Spółka z o.o.,539,163,126,555,574,557,552,569,563,368,,360,4926
Gozdowo ,,539,163,126,555,574,557,552,569,563,368,,360,4926
Płock Trzepowo,Koleje Mazowieckie - KM Spółka z o.o.,539,163,126,555,574,557,551,569,563,368,,360,4925
Płock Trzepowo ,,539,163,126,555,574,557,551,569,563,368,,360,4925
Miastko,CARGO Master Spółka z o.o.,,,,,2,,,,,,,,2
Miastko,POLREGIO Spółka Akcyjna,414,394,415,350,403,401,422,389,402,421,401,476,4888
Miastko ,,414,394,415,350,405,401,422,389,402,421,401,476,4890
Szczecin Dunikowo,POLREGIO Spółka Akcyjna,,,,,,62,778,755,754,793,725,1001,4868
Szczecin Dunikowo ,,,,,,,62,778,755,754,793,725,1001,4868
Klecza Górna,POLREGIO Spółka Akcyjna,426,406,427,416,429,418,431,433,420,384,168,501,4859
Klecza Górna ,,426,406,427,416,429,418,431,433,420,384,168,501,4859
Klecza Dolna,POLREGIO Spółka Akcyjna,426,406,427,416,429,418,431,433,420,384,168,501,4859
Klecza Dolna ,,426,406,427,416,429,418,431,433,420,384,168,501,4859
Boleszkowice,PKP INTERCITY Spółka Akcyjna ,,2,,,2,,,,,,,,4
Boleszkowice,POLREGIO Spółka Akcyjna,403,386,399,394,402,395,414,408,397,414,386,427,4825
Boleszkowice ,,403,388,399,394,404,395,414,408,397,414,386,427,4829
Jagodzin,POLREGIO Spółka Akcyjna,384,381,425,416,413,402,421,423,392,385,368,418,4828
Jagodzin ,,384,381,425,416,413,402,421,423,392,385,368,418,4828
Witnica Chojeńska,POLREGIO Spółka Akcyjna,403,386,399,394,402,395,414,408,397,414,388,427,4827
Witnica Chojeńska ,,403,386,399,394,402,395,414,408,397,414,388,427,4827
Godków,POLREGIO Spółka Akcyjna,403,386,399,394,402,395,414,408,397,414,388,427,4827
Godków ,,403,386,399,394,402,395,414,408,397,414,388,427,4827
Jawiszowice Jaźnik,POLREGIO Spółka Akcyjna,357,298,324,416,422,419,434,434,414,429,420,460,4827
Jawiszowice Jaźnik ,,357,298,324,416,422,419,434,434,414,429,420,460,4827
Bielin,POLREGIO Spółka Akcyjna,403,386,399,394,402,395,414,408,397,414,388,427,4827
Bielin ,,403,386,399,394,402,395,414,408,397,414,388,427,4827
Brzeszcze Jawiszowice,POLREGIO Spółka Akcyjna,356,298,324,416,422,419,434,434,414,429,420,460,4826
Brzeszcze Jawiszowice ,,356,298,324,416,422,419,434,434,414,429,420,460,4826
Brzeszcze,POLREGIO Spółka Akcyjna,356,297,325,416,422,419,434,434,414,429,420,460,4826
Brzeszcze ,,356,297,325,416,422,419,434,434,414,429,420,460,4826
Namyślin,POLREGIO Spółka Akcyjna,403,386,399,394,402,395,414,408,397,414,386,427,4825
Namyślin ,,403,386,399,394,402,395,414,408,397,414,386,427,4825
Kaniów,POLREGIO Spółka Akcyjna,357,298,323,416,422,419,434,434,413,429,420,460,4825
Kaniów ,,357,298,323,416,422,419,434,434,413,429,420,460,4825
Dankowice,POLREGIO Spółka Akcyjna,357,298,323,416,422,419,434,434,413,429,420,460,4825
Dankowice ,,357,298,323,416,422,419,434,434,413,429,420,460,4825
Biadki,Koleje Wielkopolskie Sp. z o.o.,440,416,435,422,390,380,402,392,388,402,376,380,4823
Biadki ,,440,416,435,422,390,380,402,392,388,402,376,380,4823
Ostrów Wielkopolski Gorzyce,Koleje Wielkopolskie Sp. z o.o.,440,416,435,422,390,380,402,392,384,402,376,380,4819
Ostrów Wielkopolski Gorzyce ,,440,416,435,422,390,380,402,392,384,402,376,380,4819
Łąkociny,Koleje Wielkopolskie Sp. z o.o.,440,416,435,422,390,380,402,392,384,402,376,380,4819
Łąkociny ,,440,416,435,422,390,380,402,392,384,402,376,380,4819
Gorzupia,Koleje Wielkopolskie Sp. z o.o.,440,416,435,422,390,380,402,392,384,402,376,380,4819
Gorzupia ,,440,416,435,422,390,380,402,392,384,402,376,380,4819
Daniszyn,Koleje Wielkopolskie Sp. z o.o.,440,416,435,422,390,380,402,392,384,402,376,380,4819
Daniszyn ,,440,416,435,422,390,380,402,392,384,402,376,380,4819
Kalisz Pomorski,PKP INTERCITY Spółka Akcyjna ,62,57,62,60,62,60,62,62,60,62,60,62,731
Kalisz Pomorski,POLREGIO Spółka Akcyjna,346,332,341,339,334,334,354,345,341,353,319,340,4078
Kalisz Pomorski ,,408,389,403,399,396,394,416,407,401,415,379,402,4809
Recz Pomorski,PKP INTERCITY Spółka Akcyjna ,62,57,62,60,62,60,62,62,60,62,60,62,731
Recz Pomorski,POLREGIO Spółka Akcyjna,346,332,340,339,334,334,354,344,341,353,319,340,4076
Recz Pomorski ,,408,389,402,399,396,394,416,406,401,415,379,402,4807
Lutoryż,POLREGIO Spółka Akcyjna,,,,,,,,,1167,1263,1164,1205,4799
Lutoryż ,,,,,,,,,,1167,1263,1164,1205,4799
Mońki,PKP INTERCITY Spółka Akcyjna ,184,174,185,180,186,180,185,186,180,184,179,186,2189
Mońki,POLREGIO Spółka Akcyjna,222,207,218,216,223,209,224,220,213,224,212,222,2610
Mońki ,,406,381,403,396,409,389,409,406,393,408,391,408,4799
Osowiec,PKP INTERCITY Spółka Akcyjna ,184,174,185,180,186,180,185,186,180,184,179,186,2189
Osowiec,POLREGIO Spółka Akcyjna,224,207,218,216,223,209,224,220,206,224,212,222,2605
Osowiec ,,408,381,403,396,409,389,409,406,386,408,391,408,4794
Grajewo,PKP INTERCITY Spółka Akcyjna ,183,174,185,180,186,180,185,186,180,184,179,186,2188
Grajewo,POLREGIO Spółka Akcyjna,224,207,218,216,223,209,224,220,205,224,212,222,2604
Grajewo ,,407,381,403,396,409,389,409,406,385,408,391,408,4792
Żegiestów,PKP CARGO S.A. w restrukturyzacji,,,,,,,,,4,,2,,6
Żegiestów,POLREGIO Spółka Akcyjna,403,382,401,393,398,390,409,402,391,408,387,396,4760
Żegiestów ,,403,382,401,393,398,390,409,402,395,408,389,396,4766
Milik,POLREGIO Spółka Akcyjna,403,382,401,393,398,390,407,402,391,408,387,396,4758
Milik ,,403,382,401,393,398,390,407,402,391,408,387,396,4758
Andrzejówka,POLREGIO Spółka Akcyjna,403,382,401,393,398,390,407,402,391,408,387,396,4758
Andrzejówka ,,403,382,401,393,398,390,407,402,391,408,387,396,4758
Zubrzyk,POLREGIO Spółka Akcyjna,399,382,401,393,398,390,408,402,391,408,387,396,4755
Zubrzyk ,,399,382,401,393,398,390,408,402,391,408,387,396,4755
Zwierzyn,PKP INTERCITY Spółka Akcyjna ,,,,,,,123,124,120,120,120,124,731
Zwierzyn,POLREGIO Spółka Akcyjna,,,,,,,688,672,659,678,603,712,4012
Zwierzyn ,,,,,,,,811,796,779,798,723,836,4743
Worowo,POLREGIO Spółka Akcyjna,404,382,401,390,394,383,387,381,393,410,386,402,4713
Worowo ,,404,382,401,390,394,383,387,381,393,410,386,402,4713
Czaplinek,POLREGIO Spółka Akcyjna,385,366,372,371,366,366,435,524,376,394,357,380,4692
Czaplinek ,,385,366,372,371,366,366,435,524,376,394,357,380,4692
Rutkowice,POLREGIO Spółka Akcyjna,398,374,394,384,379,380,402,388,383,401,379,420,4682
Rutkowice ,,398,374,394,384,379,380,402,388,383,401,379,420,4682
Ostrowy,POLREGIO Spółka Akcyjna,398,374,394,384,379,380,402,388,383,401,379,420,4682
Ostrowy ,,398,374,394,384,379,380,402,388,383,401,379,420,4682
Piechowice Dolne,Koleje Dolnośląskie S.A.,380,375,397,390,402,390,403,403,352,399,387,399,4677
Piechowice Dolne ,,380,375,397,390,402,390,403,403,352,399,387,399,4677
Jelenia Góra Przemysłowa,Koleje Dolnośląskie S.A.,380,375,397,390,400,390,403,403,352,399,387,398,4674
Jelenia Góra Przemysłowa ,,380,375,397,390,400,390,403,403,352,399,387,398,4674
Jelenia Góra Zachodnia,Koleje Dolnośląskie S.A.,380,375,397,390,400,390,403,403,352,399,387,398,4674
Jelenia Góra Zachodnia ,,380,375,397,390,400,390,403,403,352,399,387,398,4674
Jelenia Góra Orle,Koleje Dolnośląskie S.A.,380,375,397,390,400,390,403,403,352,399,387,397,4673
Jelenia Góra Orle ,,380,375,397,390,400,390,403,403,352,399,387,397,4673
Tymień,POLREGIO Spółka Akcyjna,389,370,388,379,377,379,406,400,377,398,372,417,4652
Tymień ,,389,370,388,379,377,379,406,400,377,398,372,417,4652
Słowienkowo,POLREGIO Spółka Akcyjna,389,370,388,379,377,379,406,400,377,398,372,417,4652
Słowienkowo ,,389,370,388,379,377,379,406,400,377,398,372,417,4652
Miłogoszcz,POLREGIO Spółka Akcyjna,389,370,388,379,377,379,406,400,377,398,372,417,4652
Miłogoszcz ,,389,370,388,379,377,379,406,400,377,398,372,417,4652
Będzino,POLREGIO Spółka Akcyjna,389,370,388,379,377,379,406,400,377,398,372,417,4652
Będzino ,,389,370,388,379,377,379,406,400,377,398,372,417,4652
Lubanice,POLREGIO Spółka Akcyjna,415,412,455,433,441,434,499,495,474,366,,210,4634
Lubanice ,,415,412,455,433,441,434,499,495,474,366,,210,4634
Skibno,POLREGIO Spółka Akcyjna,393,374,389,381,395,375,379,376,383,402,380,403,4630
Skibno ,,393,374,389,381,395,375,379,376,383,402,380,403,4630
Karwice,POLREGIO Spółka Akcyjna,393,374,389,382,394,375,379,376,383,402,380,403,4630
Karwice ,,393,374,389,382,394,375,379,376,383,402,380,403,4630
Wiekowo,POLREGIO Spółka Akcyjna,393,374,389,381,394,375,379,376,383,402,380,403,4629
Wiekowo ,,393,374,389,381,394,375,379,376,383,402,380,403,4629
Krynica-Zdrój,Koleje Małopolskie Sp. z o.o.,,,,,,4,16,16,,,,,36
Krynica-Zdrój,PKP CARGO S.A. w restrukturyzacji,,,,,,,,,1,,2,,3
Krynica-Zdrój,PKP INTERCITY Spółka Akcyjna ,138,129,144,136,146,138,135,136,134,138,142,156,1672
Krynica-Zdrój,POLREGIO Spółka Akcyjna,246,232,246,240,248,239,246,248,240,245,240,248,2918
Krynica-Zdrój ,,384,361,390,376,394,381,397,400,375,383,384,404,4629
Muszyna Zdrój,Koleje Małopolskie Sp. z o.o.,,,,,,4,16,16,,,,,36
Muszyna Zdrój,PKP INTERCITY Spółka Akcyjna ,138,129,144,136,146,138,135,136,134,138,142,156,1672
Muszyna Zdrój,POLREGIO Spółka Akcyjna,246,232,246,240,248,239,246,248,240,245,240,248,2918
Muszyna Zdrój ,,384,361,390,376,394,381,397,400,374,383,382,404,4626
Strzelce Krajeńskie Wschód,PKP INTERCITY Spółka Akcyjna ,123,116,124,120,124,119,,,,,,,726
Strzelce Krajeńskie Wschód,POLREGIO Spółka Akcyjna,624,642,667,651,660,651,,,,,,,3895
Strzelce Krajeńskie Wschód ,,747,758,791,771,784,770,,,,,,,4621
Górzyniec,Koleje Dolnośląskie S.A.,374,375,397,390,399,390,397,398,342,395,348,397,4602
Górzyniec ,,374,375,397,390,399,390,397,398,342,395,348,397,4602
Czarnowęsy Pomorskie,POLREGIO Spółka Akcyjna,396,374,392,382,382,374,379,371,384,402,375,374,4585
Czarnowęsy Pomorskie ,,396,374,392,382,382,374,379,371,384,402,375,374,4585
Drawsko Pomorskie,POLREGIO Spółka Akcyjna,385,366,372,371,366,366,407,420,376,394,357,380,4560
Drawsko Pomorskie ,,385,366,372,371,366,366,407,420,376,394,357,380,4560
Węgorzyno,POLREGIO Spółka Akcyjna,385,366,372,371,367,366,406,417,376,394,357,380,4557
Węgorzyno ,,385,366,372,371,367,366,406,417,376,394,357,380,4557
Złocieniec,POLREGIO Spółka Akcyjna,385,366,372,371,366,366,406,417,376,394,357,380,4556
Złocieniec ,,385,366,372,371,366,366,406,417,376,394,357,380,4556
Wołowno,POLREGIO Spółka Akcyjna,389,366,381,375,382,370,394,385,373,394,367,376,4552
Wołowno ,,389,366,381,375,382,370,394,385,373,394,367,376,4552
Jonkowo,POLREGIO Spółka Akcyjna,389,366,381,375,382,370,394,385,373,394,367,376,4552
Jonkowo ,,389,366,381,375,382,370,394,385,373,394,367,376,4552
Godki,POLREGIO Spółka Akcyjna,389,366,381,375,382,370,394,385,373,394,367,376,4552
Godki ,,389,366,381,375,382,370,394,385,373,394,367,376,4552
Gamerki Wielkie,POLREGIO Spółka Akcyjna,389,366,381,375,382,370,394,385,373,394,367,376,4552
Gamerki Wielkie ,,389,366,381,375,382,370,394,385,373,394,367,376,4552
Żabi Róg,POLREGIO Spółka Akcyjna,389,366,381,375,381,370,394,385,373,394,367,376,4551
Żabi Róg ,,389,366,381,375,381,370,394,385,373,394,367,376,4551
Morąg Kolonia,POLREGIO Spółka Akcyjna,389,366,381,375,381,370,394,385,373,394,367,376,4551
Morąg Kolonia ,,389,366,381,375,381,370,394,385,373,394,367,376,4551
Łubowo,POLREGIO Spółka Akcyjna,385,366,372,371,366,366,405,413,376,394,357,380,4551
Łubowo ,,385,366,372,371,366,366,405,413,376,394,357,380,4551
Kozia Góra,POLREGIO Spółka Akcyjna,389,366,381,375,381,370,394,385,373,394,367,376,4551
Kozia Góra ,,389,366,381,375,381,370,394,385,373,394,367,376,4551
Karlino,POLREGIO Spółka Akcyjna,383,366,372,379,400,410,458,464,325,340,306,337,4540
Karlino ,,383,366,372,379,400,410,458,464,325,340,306,337,4540
Jankowo Pomorskie,POLREGIO Spółka Akcyjna,385,366,372,371,367,366,394,388,376,394,357,380,4516
Jankowo Pomorskie ,,385,366,372,371,367,366,394,388,376,394,357,380,4516
Silnowo,POLREGIO Spółka Akcyjna,385,366,372,371,366,366,394,388,376,394,357,380,4515
Silnowo ,,385,366,372,371,366,366,394,388,376,394,357,380,4515
Nowogród Bobrzański,POLREGIO Spółka Akcyjna,437,439,486,470,480,346,,,312,488,492,544,4494
Nowogród Bobrzański ,,437,439,486,470,480,346,,,312,488,492,544,4494
Będźmierowice,Arriva RP Sp. z o.o.,354,332,382,382,388,394,417,414,272,334,398,412,4479
Będźmierowice ,,354,332,382,382,388,394,417,414,272,334,398,412,4479
Ostrowite koło Jabłonowa,POLREGIO Spółka Akcyjna,389,366,383,375,382,360,348,343,375,394,367,376,4458
Ostrowite koło Jabłonowa ,,389,366,383,375,382,360,348,343,375,394,367,376,4458
Lipinki,POLREGIO Spółka Akcyjna,389,366,383,375,382,360,348,343,375,394,367,376,4458
Lipinki ,,389,366,383,375,382,360,348,343,375,394,367,376,4458
Jamielnik,POLREGIO Spółka Akcyjna,389,366,383,375,382,360,348,343,375,394,367,376,4458
Jamielnik ,,389,366,383,375,382,360,348,343,375,394,367,376,4458
Biskupiec Pomorski,POLREGIO Spółka Akcyjna,389,366,383,375,382,360,348,343,375,394,367,376,4458
Biskupiec Pomorski ,,389,366,383,375,382,360,348,343,375,394,367,376,4458
Okonek,POLREGIO Spółka Akcyjna,363,348,365,361,373,368,388,390,360,371,350,388,4425
Okonek ,,363,348,365,361,373,368,388,390,360,371,350,388,4425
Wałcz,PKP INTERCITY Spółka Akcyjna ,62,57,62,60,62,60,62,62,60,62,60,62,731
Wałcz,POLREGIO Spółka Akcyjna,311,298,308,307,300,302,317,312,308,316,289,321,3689
Wałcz ,,373,355,370,367,362,362,379,374,368,378,349,383,4420
Tuczno Krajeńskie,PKP INTERCITY Spółka Akcyjna ,62,57,62,60,62,60,62,62,60,62,60,60,729
Tuczno Krajeńskie,POLREGIO Spółka Akcyjna,311,298,308,307,300,302,317,312,308,316,289,314,3682
Tuczno Krajeńskie ,,373,355,370,367,362,362,379,374,368,378,349,374,4411
Mikłasze,POLREGIO Spółka Akcyjna,373,356,376,364,375,364,379,372,363,380,342,363,4407
Mikłasze ,,373,356,376,364,375,364,379,372,363,380,342,363,4407
Stare Berezowo,POLREGIO Spółka Akcyjna,373,356,375,364,375,364,379,372,363,380,342,363,4406
Stare Berezowo ,,373,356,375,364,375,364,379,372,363,380,342,363,4406
Morze,POLREGIO Spółka Akcyjna,373,356,375,364,375,364,379,372,363,380,342,363,4406
Morze ,,373,356,375,364,375,364,379,372,363,380,342,363,4406
Orlanka,POLREGIO Spółka Akcyjna,373,356,375,364,375,364,379,372,363,380,342,363,4406
Orlanka ,,373,356,375,364,375,364,379,372,363,380,342,363,4406
Chytra,POLREGIO Spółka Akcyjna,373,356,375,364,375,364,379,372,363,380,342,363,4406
Chytra ,,373,356,375,364,375,364,379,372,363,380,342,363,4406
Silno,Arriva RP Sp. z o.o.,421,398,424,410,420,216,16,424,410,427,410,415,4391
Silno,POLREGIO Spółka Akcyjna,,,,,,,,,,,,1,1
Silno ,,421,398,424,410,420,216,16,424,410,427,410,416,4392
Żalno,Arriva RP Sp. z o.o.,421,398,424,410,420,216,16,424,410,426,410,415,4390
Żalno ,,421,398,424,410,420,216,16,424,410,426,410,415,4390
Piastoszyn,Arriva RP Sp. z o.o.,421,398,424,410,420,216,16,424,410,426,410,415,4390
Piastoszyn ,,421,398,424,410,420,216,16,424,410,426,410,415,4390
Racławki,Arriva RP Sp. z o.o.,421,398,422,410,420,216,16,424,410,426,410,415,4388
Racławki ,,421,398,422,410,420,216,16,424,410,426,410,415,4388
Wschowa,POLREGIO Spółka Akcyjna,416,285,357,402,350,310,387,414,340,347,363,400,4371
Wschowa ,,416,285,357,402,350,310,387,414,340,347,363,400,4371
Lasocice,POLREGIO Spółka Akcyjna,416,285,357,402,350,310,387,414,340,347,363,400,4371
Lasocice ,,416,285,357,402,350,310,387,414,340,347,363,400,4371
Stramnica,POLREGIO Spółka Akcyjna,383,366,372,371,372,378,410,403,325,340,306,338,4364
Stramnica ,,383,366,372,371,372,378,410,403,325,340,306,338,4364
Dygowo,POLREGIO Spółka Akcyjna,383,366,372,371,372,378,410,403,325,340,306,338,4364
Dygowo ,,383,366,372,371,372,378,410,403,325,340,306,338,4364
Wrzosowo,POLREGIO Spółka Akcyjna,383,366,372,371,372,378,410,403,325,340,306,337,4363
Wrzosowo ,,383,366,372,371,372,378,410,403,325,340,306,337,4363
Jazy,POLREGIO Spółka Akcyjna,383,366,372,371,372,378,410,403,325,340,306,337,4363
Jazy ,,383,366,372,371,372,378,410,403,325,340,306,337,4363
Daszewo,POLREGIO Spółka Akcyjna,383,366,372,371,372,378,410,403,325,340,306,337,4363
Daszewo ,,383,366,372,371,372,378,410,403,325,340,306,337,4363
Ptusza,POLREGIO Spółka Akcyjna,363,348,365,357,359,356,372,368,360,371,350,388,4357
Ptusza ,,363,348,365,357,359,356,372,368,360,371,350,388,4357
Płytnica,POLREGIO Spółka Akcyjna,363,348,365,357,359,356,372,368,360,371,350,388,4357
Płytnica ,,363,348,365,357,359,356,372,368,360,371,350,388,4357
Kowalów,PKP INTERCITY Spółka Akcyjna ,,,,,1,,,,,,,,1
Kowalów,POLREGIO Spółka Akcyjna,342,342,344,362,354,344,382,366,342,382,354,442,4356
Kowalów ,,342,342,344,362,355,344,382,366,342,382,354,442,4357
Stara Łubianka,POLREGIO Spółka Akcyjna,363,348,365,357,359,356,371,368,360,371,350,388,4356
Stara Łubianka ,,363,348,365,357,359,356,371,368,360,371,350,388,4356
Górzyca,POLREGIO Spółka Akcyjna,343,342,344,362,354,344,382,365,342,382,354,442,4356
Górzyca ,,343,342,344,362,354,344,382,365,342,382,354,442,4356
Koźla Kożuchowska,POLREGIO Spółka Akcyjna,437,439,486,470,478,331,,,286,466,453,506,4352
Koźla Kożuchowska ,,437,439,486,470,478,331,,,286,466,453,506,4352
Bogaczów,POLREGIO Spółka Akcyjna,437,439,486,470,478,331,,,286,466,453,506,4352
Bogaczów ,,437,439,486,470,478,331,,,286,466,453,506,4352
Lotyń,POLREGIO Spółka Akcyjna,363,348,365,357,359,356,372,368,360,367,350,386,4351
Lotyń ,,363,348,365,357,359,356,372,368,360,367,350,386,4351
Turowo Pomorskie,POLREGIO Spółka Akcyjna,363,348,365,357,359,356,372,368,360,366,350,386,4350
Turowo Pomorskie ,,363,348,365,357,359,356,372,368,360,366,350,386,4350
Korsze,PKP INTERCITY Spółka Akcyjna ,,,,,,,4,,,,,,4
Korsze,POLREGIO Spółka Akcyjna,363,340,358,350,364,356,372,372,360,372,360,372,4339
Korsze ,,363,340,358,350,364,356,376,372,360,372,360,372,4343
Czerwonka,PKP INTERCITY Spółka Akcyjna ,,,,,,,2,,,,,,2
Czerwonka,POLREGIO Spółka Akcyjna,363,340,359,350,364,356,372,372,360,372,360,372,4340
Czerwonka ,,363,340,359,350,364,356,374,372,360,372,360,372,4342
Barczewo,Freightliner PL Spółka z o.o.,,,,,,2,,,,,,,2
Barczewo,POLREGIO Spółka Akcyjna,363,340,359,350,364,356,372,372,360,372,360,372,4340
Barczewo ,,363,340,359,350,364,358,372,372,360,372,360,372,4342
Wierzbowa Śląska,Koleje Dolnośląskie S.A.,372,348,372,360,372,360,372,372,310,372,359,372,4341
Wierzbowa Śląska ,,372,348,372,360,372,360,372,372,310,372,359,372,4341
Modła,Koleje Dolnośląskie S.A.,372,348,372,360,372,360,372,372,310,372,359,372,4341
Modła ,,372,348,372,360,372,360,372,372,310,372,359,372,4341
Leszno Górne,Koleje Dolnośląskie S.A.,372,348,372,360,372,360,372,372,310,372,359,372,4341
Leszno Górne ,,372,348,372,360,372,360,372,372,310,372,359,372,4341
Brokęcino,POLREGIO Spółka Akcyjna,363,348,365,357,359,356,372,368,360,367,350,376,4341
Brokęcino ,,363,348,365,357,359,356,372,368,360,367,350,376,4341
Wipsowo,POLREGIO Spółka Akcyjna,363,340,359,350,364,356,372,372,360,372,360,372,4340
Wipsowo ,,363,340,359,350,364,356,372,372,360,372,360,372,4340
Sątopy-Samulewo,POLREGIO Spółka Akcyjna,363,340,359,350,364,356,372,372,360,372,360,372,4340
Sątopy-Samulewo ,,363,340,359,350,364,356,372,372,360,372,360,372,4340
Nikielkowo,POLREGIO Spółka Akcyjna,363,340,359,350,364,356,372,372,360,372,360,372,4340
Nikielkowo ,,363,340,359,350,364,356,372,372,360,372,360,372,4340
Łęgajny,POLREGIO Spółka Akcyjna,363,340,359,350,364,356,372,372,360,372,360,372,4340
Łęgajny ,,363,340,359,350,364,356,372,372,360,372,360,372,4340
Kolno,POLREGIO Spółka Akcyjna,363,340,359,350,364,356,372,372,360,372,360,372,4340
Kolno ,,363,340,359,350,364,356,372,372,360,372,360,372,4340
Górowo,POLREGIO Spółka Akcyjna,363,340,359,350,364,356,372,372,360,372,360,372,4340
Górowo ,,363,340,359,350,364,356,372,372,360,372,360,372,4340
Łankiejmy,POLREGIO Spółka Akcyjna,363,340,358,350,364,356,372,372,360,372,360,372,4339
Łankiejmy ,,363,340,358,350,364,356,372,372,360,372,360,372,4339
Lubicz,Arriva RP Sp. z o.o.,373,348,364,357,359,348,377,363,358,378,350,359,4334
Lubicz,CARGO Master Spółka z o.o.,1,,,,2,,,,,,,,3
Lubicz ,,374,348,364,357,361,348,377,363,358,378,350,359,4337
Czernikowo,Arriva RP Sp. z o.o.,373,348,364,357,359,348,377,363,358,378,350,359,4334
Czernikowo,CARGO Master Spółka z o.o.,1,,,,2,,,,,,,,3
Czernikowo ,,374,348,364,357,361,348,377,363,358,378,350,359,4337
Obrowo,Arriva RP Sp. z o.o.,373,348,364,357,359,348,377,363,358,378,350,359,4334
Obrowo ,,373,348,364,357,359,348,377,363,358,378,350,359,4334
Lipka Krajeńska,PKP INTERCITY Spółka Akcyjna ,62,58,62,60,62,60,62,62,60,60,60,62,730
Lipka Krajeńska,POLREGIO Spółka Akcyjna,301,288,310,277,300,298,309,310,300,310,299,302,3604
Lipka Krajeńska ,,363,346,372,337,362,358,371,372,360,370,359,364,4334
Grębocin,Arriva RP Sp. z o.o.,373,348,364,357,359,348,377,363,358,378,350,359,4334
Grębocin ,,373,348,364,357,359,348,377,363,358,378,350,359,4334
Dobrzejewice,Arriva RP Sp. z o.o.,373,348,364,357,359,348,377,363,358,378,350,359,4334
Dobrzejewice ,,373,348,364,357,359,348,377,363,358,378,350,359,4334
Bierzwnik,POLREGIO Spółka Akcyjna,361,340,359,356,369,359,380,383,350,364,345,367,4333
Bierzwnik ,,361,340,359,356,369,359,380,383,350,364,345,367,4333
Ścinawka Średnia,Koleje Dolnośląskie S.A.,370,346,370,358,370,360,370,368,301,369,357,370,4309
Ścinawka Średnia,PKP INTERCITY Spółka Akcyjna ,,,,,,,,3,,,,,3
Ścinawka Średnia ,,370,346,370,358,370,360,370,371,301,369,357,370,4312
Głuszyca Górna,Koleje Dolnośląskie S.A.,370,346,370,358,370,360,370,366,302,369,357,370,4308
Głuszyca Górna ,,370,346,370,358,370,360,370,366,302,369,357,370,4308
Bartnica,Koleje Dolnośląskie S.A.,370,346,370,358,370,360,370,366,302,368,357,370,4307
Bartnica ,,370,346,370,358,370,360,370,366,302,368,357,370,4307
Świerki Dolne,Koleje Dolnośląskie S.A.,370,346,370,358,370,360,370,366,301,368,357,370,4306
Świerki Dolne ,,370,346,370,358,370,360,370,366,301,368,357,370,4306
Nowa Ruda Zdrojowisko,Koleje Dolnośląskie S.A.,370,346,370,358,370,360,370,366,301,368,357,370,4306
Nowa Ruda Zdrojowisko ,,370,346,370,358,370,360,370,366,301,368,357,370,4306
Ludwikowice Kłodzkie,Koleje Dolnośląskie S.A.,370,346,370,358,370,360,370,366,301,368,357,370,4306
Ludwikowice Kłodzkie ,,370,346,370,358,370,360,370,366,301,368,357,370,4306
Kępice,CARGO Master Spółka z o.o.,,,,,3,,,,,,,,3
Kępice,POLREGIO Spółka Akcyjna,358,340,360,347,354,349,364,335,346,364,350,436,4303
Kępice ,,358,340,360,347,357,349,364,335,346,364,350,436,4306
Wrząca Pomorska,POLREGIO Spółka Akcyjna,358,340,360,347,354,349,364,335,346,364,350,436,4303
Wrząca Pomorska ,,358,340,360,347,354,349,364,335,346,364,350,436,4303
Słonowice,POLREGIO Spółka Akcyjna,358,340,360,347,354,349,364,335,346,364,350,436,4303
Słonowice ,,358,340,360,347,354,349,364,335,346,364,350,436,4303
Przytocko,POLREGIO Spółka Akcyjna,358,340,360,347,354,349,364,335,346,364,350,436,4303
Przytocko ,,358,340,360,347,354,349,364,335,346,364,350,436,4303
Korzybie,POLREGIO Spółka Akcyjna,358,340,360,347,354,349,364,335,346,364,350,436,4303
Korzybie ,,358,340,360,347,354,349,364,335,346,364,350,436,4303
Kawcze,POLREGIO Spółka Akcyjna,358,340,360,347,354,349,364,335,346,364,350,436,4303
Kawcze ,,358,340,360,347,354,349,364,335,346,364,350,436,4303
Kępka,POLREGIO Spółka Akcyjna,358,340,360,347,354,349,364,335,346,364,350,436,4303
Kępka ,,358,340,360,347,354,349,364,335,346,364,350,436,4303
Ciecholub,POLREGIO Spółka Akcyjna,358,340,360,347,354,349,364,335,346,364,350,436,4303
Ciecholub ,,358,340,360,347,354,349,364,335,346,364,350,436,4303
Biesowice,POLREGIO Spółka Akcyjna,358,340,360,347,354,349,364,335,346,364,350,436,4303
Biesowice ,,358,340,360,347,354,349,364,335,346,364,350,436,4303
Widzino,POLREGIO Spółka Akcyjna,358,340,360,347,354,348,364,335,346,362,350,436,4300
Widzino ,,358,340,360,347,354,348,364,335,346,362,350,436,4300
Kobylnica Słupska,POLREGIO Spółka Akcyjna,358,340,360,347,354,348,364,335,346,362,350,436,4300
Kobylnica Słupska ,,358,340,360,347,354,348,364,335,346,362,350,436,4300
Mleczewo,POLREGIO Spółka Akcyjna,365,345,362,353,357,350,371,364,353,371,345,358,4294
Mleczewo ,,365,345,362,353,357,350,371,364,353,371,345,358,4294
Ząbrowo,POLREGIO Spółka Akcyjna,364,345,362,352,357,350,371,364,353,371,345,356,4290
Ząbrowo ,,364,345,362,352,357,350,371,364,353,371,345,356,4290
Redaki,POLREGIO Spółka Akcyjna,364,345,362,352,357,350,371,364,353,371,345,356,4290
Redaki ,,364,345,362,352,357,350,371,364,353,371,345,356,4290
Ługi Górzyckie,POLREGIO Spółka Akcyjna,344,342,344,354,340,332,366,343,342,382,354,442,4285
Ługi Górzyckie ,,344,342,344,354,340,332,366,343,342,382,354,442,4285
Laski Lubuskie,POLREGIO Spółka Akcyjna,343,342,344,354,340,332,366,343,342,382,354,442,4284
Laski Lubuskie ,,343,342,344,354,340,332,366,343,342,382,354,442,4284
Drzeńsko,POLREGIO Spółka Akcyjna,342,342,344,354,340,332,366,344,342,382,354,442,4284
Drzeńsko ,,342,342,344,354,340,332,366,344,342,382,354,442,4284
Radów,POLREGIO Spółka Akcyjna,342,342,344,354,340,332,366,343,342,382,354,442,4283
Radów ,,342,342,344,354,340,332,366,343,342,382,354,442,4283
Podlesiec,POLREGIO Spółka Akcyjna,361,340,359,352,355,347,364,361,350,364,345,351,4249
Podlesiec ,,361,340,359,352,355,347,364,361,350,364,345,351,4249
Mierzęcin,POLREGIO Spółka Akcyjna,361,340,359,352,355,347,364,361,350,364,345,351,4249
Mierzęcin ,,361,340,359,352,355,347,364,361,350,364,345,351,4249
Drawiny,POLREGIO Spółka Akcyjna,361,340,359,352,355,347,364,361,350,364,345,351,4249
Drawiny ,,361,340,359,352,355,347,364,361,350,364,345,351,4249
Izbica,PKP INTERCITY Spółka Akcyjna ,62,56,62,56,59,59,59,57,54,62,60,62,708
Izbica,POLREGIO Spółka Akcyjna,296,282,295,292,302,290,300,301,291,302,286,297,3534
Izbica ,,358,338,357,348,361,349,359,358,345,364,346,359,4242
Krasnystaw Miasto,PKP INTERCITY Spółka Akcyjna ,62,56,62,56,59,59,59,57,54,62,60,62,708
Krasnystaw Miasto,POLREGIO Spółka Akcyjna,296,282,295,292,302,290,300,301,291,302,285,295,3531
Krasnystaw Miasto ,,358,338,357,348,361,349,359,358,345,364,345,357,4239
Wiewiecko,POLREGIO Spółka Akcyjna,358,341,347,345,340,341,367,361,350,367,332,368,4217
Wiewiecko ,,358,341,347,345,340,341,367,361,350,367,332,368,4217
Tuplice,Koleje Dolnośląskie S.A.,160,148,164,156,116,160,156,164,140,156,161,168,1849
Tuplice,PKP INTERCITY Spółka Akcyjna ,,,,,,,,,2,,,,2
Tuplice,POLREGIO Spółka Akcyjna,218,210,197,206,102,199,224,195,210,219,188,198,2366
Tuplice ,,378,358,361,362,218,359,380,359,352,375,349,366,4217
Stare Drzewce,POLREGIO Spółka Akcyjna,416,285,357,402,350,248,387,414,334,327,295,400,4215
Stare Drzewce ,,416,285,357,402,350,248,387,414,334,327,295,400,4215
Głogówko,POLREGIO Spółka Akcyjna,416,285,357,402,350,248,387,414,334,327,295,400,4215
Głogówko ,,416,285,357,402,350,248,387,414,334,327,295,400,4215
Tuplice Dębinka,Koleje Dolnośląskie S.A.,160,148,164,156,116,160,156,164,140,156,161,168,1849
Tuplice Dębinka,POLREGIO Spółka Akcyjna,218,210,196,206,102,198,224,195,210,219,188,198,2364
Tuplice Dębinka ,,378,358,360,362,218,358,380,359,350,375,349,366,4213
Sieniawa Żarska,Koleje Dolnośląskie S.A.,160,148,164,156,116,160,156,164,140,156,161,168,1849
Sieniawa Żarska,POLREGIO Spółka Akcyjna,218,210,196,206,102,198,224,195,210,219,188,198,2364
Sieniawa Żarska ,,378,358,360,362,218,358,380,359,350,375,349,366,4213
Lipinki Łużyckie,Koleje Dolnośląskie S.A.,160,148,164,156,116,160,156,164,140,156,161,168,1849
Lipinki Łużyckie,POLREGIO Spółka Akcyjna,218,210,196,206,102,198,224,195,210,219,188,198,2364
Lipinki Łużyckie ,,378,358,360,362,218,358,380,359,350,375,349,366,4213
Skórka,POLREGIO Spółka Akcyjna,354,338,361,329,348,348,363,363,351,364,350,342,4211
Skórka ,,354,338,361,329,348,348,363,363,351,364,350,342,4211
Piła Podlasie,POLREGIO Spółka Akcyjna,354,338,361,329,348,348,363,363,351,364,350,342,4211
Piła Podlasie ,,354,338,361,329,348,348,363,363,351,364,350,342,4211
Dolnik,POLREGIO Spółka Akcyjna,354,338,361,329,348,348,363,363,351,364,350,342,4211
Dolnik ,,354,338,361,329,348,348,363,363,351,364,350,342,4211
Suwałki,PKP INTERCITY Spółka Akcyjna ,122,116,124,120,120,120,126,124,120,124,120,124,1460
Suwałki,POLREGIO Spółka Akcyjna,230,216,228,222,225,220,254,256,222,232,215,226,2746
Suwałki ,,352,332,352,342,345,340,380,380,342,356,335,350,4206
Dąbrowa Białostocka,PKP INTERCITY Spółka Akcyjna ,122,116,124,120,121,120,124,124,120,124,120,124,1459
Dąbrowa Białostocka,POLREGIO Spółka Akcyjna,230,216,228,222,226,220,254,255,222,232,215,226,2746
Dąbrowa Białostocka ,,352,332,352,342,347,340,378,379,342,356,335,350,4205
Augustów,PKP INTERCITY Spółka Akcyjna ,122,116,124,120,121,120,124,124,120,124,120,124,1459
Augustów,POLREGIO Spółka Akcyjna,230,216,228,222,226,220,254,255,222,232,215,226,2746
Augustów ,,352,332,352,342,347,340,378,379,342,356,335,350,4205
Jedlina-Zdrój Centrum,CARGO Master Spółka z o.o.,,,,4,,,,,,,,,4
Jedlina-Zdrój Centrum,Koleje Dolnośląskie S.A.,360,340,362,347,361,350,366,360,291,362,341,359,4199
Jedlina-Zdrój Centrum ,,360,340,362,351,361,350,366,360,291,362,341,359,4203
Żelisławie Pomorskie,POLREGIO Spółka Akcyjna,358,341,347,345,339,341,367,361,350,367,332,354,4202
Żelisławie Pomorskie ,,358,341,347,345,339,341,367,361,350,367,332,354,4202
Suliszewo Drawskie,POLREGIO Spółka Akcyjna,358,341,347,345,339,341,367,361,350,367,332,354,4202
Suliszewo Drawskie ,,358,341,347,345,339,341,367,361,350,367,332,354,4202
Rzęśnica,POLREGIO Spółka Akcyjna,358,341,347,345,339,341,367,361,350,367,332,354,4202
Rzęśnica ,,358,341,347,345,339,341,367,361,350,367,332,354,4202
Bobrowo Pomorskie,POLREGIO Spółka Akcyjna,358,341,347,345,339,341,367,361,350,367,332,354,4202
Bobrowo Pomorskie ,,358,341,347,345,339,341,367,361,350,367,332,354,4202
Zagórze Śląskie,CARGO Master Spółka z o.o.,,,,4,,,,,,,,,4
Zagórze Śląskie,Koleje Dolnośląskie S.A.,360,340,362,347,361,350,366,358,289,362,341,359,4195
Zagórze Śląskie,PKP INTERCITY Spółka Akcyjna ,,,,,,,,1,,,,,1
Zagórze Śląskie ,,360,340,362,351,361,350,366,359,289,362,341,359,4200
Sanok,PKP INTERCITY Spółka Akcyjna ,124,116,124,120,124,120,123,122,122,124,120,124,1463
Sanok,POLREGIO Spółka Akcyjna,209,208,201,216,198,242,292,278,247,237,198,206,2732
Sanok,SKPL Cargo Sp. z o.o.  (przewozy pasażerskie),,,,,,2,,,,2,,,4
Sanok ,,333,324,325,336,322,364,415,400,369,363,318,330,4199
Jugowice,Koleje Dolnośląskie S.A.,360,340,362,347,361,350,362,358,289,360,341,359,4189
Jugowice,PKP INTERCITY Spółka Akcyjna ,,,,,,,,1,,,,,1
Jugowice ,,360,340,362,347,361,350,362,359,289,360,341,359,4190
Lubachów,Koleje Dolnośląskie S.A.,360,340,362,347,361,350,362,358,289,360,341,359,4189
Lubachów ,,360,340,362,347,361,350,362,358,289,360,341,359,4189
Burkatów,Koleje Dolnośląskie S.A.,360,340,362,347,361,350,362,358,289,360,341,359,4189
Burkatów ,,360,340,362,347,361,350,362,358,289,360,341,359,4189
Bystrzyca Górna,Koleje Dolnośląskie S.A.,360,340,362,347,361,350,362,358,289,360,341,359,4189
Bystrzyca Górna ,,360,340,362,347,361,350,362,358,289,360,341,359,4189
Prudnik,CARGO Master Spółka z o.o.,,,,2,,,,,,,,,2
Prudnik,PKP INTERCITY Spółka Akcyjna ,112,114,124,79,124,120,122,119,81,122,118,122,1357
Prudnik,POLREGIO Spółka Akcyjna,207,227,232,250,232,250,270,269,205,254,231,197,2824
Prudnik ,,319,341,356,331,356,370,392,388,286,376,349,319,4183
Dęba Rozalin,POLREGIO Spółka Akcyjna,354,332,349,344,357,344,360,358,341,356,337,349,4181
Dęba Rozalin ,,354,332,349,344,357,344,360,358,341,356,337,349,4181
Letnica,POLREGIO Spółka Akcyjna,409,413,452,435,440,319,,,286,466,453,506,4179
Letnica ,,409,413,452,435,440,319,,,286,466,453,506,4179
Głogówek,CARGO Master Spółka z o.o.,,,,2,,,,,,,,,2
Głogówek,PKP INTERCITY Spółka Akcyjna ,112,114,124,79,124,120,122,118,81,122,118,122,1356
Głogówek,POLREGIO Spółka Akcyjna,207,226,232,250,232,250,270,269,203,254,231,197,2821
Głogówek ,,319,340,356,331,356,370,392,387,284,376,349,319,4179
Buchałów,POLREGIO Spółka Akcyjna,409,413,452,435,440,319,,,286,466,453,506,4179
Buchałów ,,409,413,452,435,440,319,,,286,466,453,506,4179
Sowczyce,POLREGIO Spółka Akcyjna,354,332,352,342,350,340,356,354,342,356,338,362,4178
Sowczyce ,,354,332,352,342,350,340,356,354,342,356,338,362,4178
Sieraków Śląski,POLREGIO Spółka Akcyjna,354,332,352,342,350,340,356,354,342,356,338,362,4178
Sieraków Śląski ,,354,332,352,342,350,340,356,354,342,356,338,362,4178
Zarębki,POLREGIO Spółka Akcyjna,354,332,344,344,357,344,361,358,341,356,337,349,4177
Zarębki ,,354,332,344,344,357,344,361,358,341,356,337,349,4177
Sobów,POLREGIO Spółka Akcyjna,354,332,348,344,357,342,356,359,343,356,337,349,4177
Sobów ,,354,332,348,344,357,342,356,359,343,356,337,349,4177
Majdan Królewski Podlasek,POLREGIO Spółka Akcyjna,354,332,344,344,357,344,361,358,341,356,337,349,4177
Majdan Królewski Podlasek ,,354,332,344,344,357,344,361,358,341,356,337,349,4177
Majdan Królewski,POLREGIO Spółka Akcyjna,354,332,344,344,357,344,361,358,341,356,337,349,4177
Majdan Królewski ,,354,332,344,344,357,344,361,358,341,356,337,349,4177
Komorów Podmurynia,POLREGIO Spółka Akcyjna,354,332,344,344,357,344,361,358,341,356,337,349,4177
Komorów Podmurynia ,,354,332,344,344,357,344,361,358,341,356,337,349,4177
Huta Komorowska,POLREGIO Spółka Akcyjna,354,332,344,344,357,344,361,358,341,356,337,349,4177
Huta Komorowska ,,354,332,344,344,357,344,361,358,341,356,337,349,4177
Cmolas,POLREGIO Spółka Akcyjna,354,332,344,344,357,344,361,358,341,356,337,349,4177
Cmolas ,,354,332,344,344,357,344,361,358,341,356,337,349,4177
Stare Olesno,POLREGIO Spółka Akcyjna,354,332,352,342,350,340,356,352,342,356,338,362,4176
Stare Olesno ,,354,332,352,342,350,340,356,352,342,356,338,362,4176
Kochcice-Glinica,POLREGIO Spółka Akcyjna,354,332,352,342,350,340,356,352,342,356,338,362,4176
Kochcice-Glinica ,,354,332,352,342,350,340,356,352,342,356,338,362,4176
Ciasna,POLREGIO Spółka Akcyjna,354,332,352,342,350,340,356,352,342,356,338,362,4176
Ciasna ,,354,332,352,342,350,340,356,352,342,356,338,362,4176
Bąków,POLREGIO Spółka Akcyjna,354,332,352,342,350,340,356,352,342,356,338,362,4176
Bąków ,,354,332,352,342,350,340,356,352,342,356,338,362,4176
Tarnowska Wola,POLREGIO Spółka Akcyjna,352,332,348,344,357,344,360,357,336,356,337,349,4172
Tarnowska Wola ,,352,332,348,344,357,344,360,357,336,356,337,349,4172
Jadachy,POLREGIO Spółka Akcyjna,352,332,348,344,357,344,360,357,336,356,337,349,4172
Jadachy ,,352,332,348,344,357,344,360,357,336,356,337,349,4172
Cygany,POLREGIO Spółka Akcyjna,352,332,348,344,357,344,360,357,336,356,337,349,4172
Cygany ,,352,332,348,344,357,344,360,357,336,356,337,349,4172
Chmielów Zagumnie,POLREGIO Spółka Akcyjna,352,332,348,344,357,344,360,357,336,356,337,349,4172
Chmielów Zagumnie ,,352,332,348,344,357,344,360,357,336,356,337,349,4172
Mokrzyca Wielka,POLREGIO Spółka Akcyjna,352,332,363,363,368,346,325,321,363,379,357,295,4164
Mokrzyca Wielka ,,352,332,363,363,368,346,325,321,363,379,357,295,4164
Strzebiń,POLREGIO Spółka Akcyjna,359,322,327,348,336,343,370,334,351,368,342,348,4148
Strzebiń ,,359,322,327,348,336,343,370,334,351,368,342,348,4148
Słonice,POLREGIO Spółka Akcyjna,352,332,349,342,347,338,356,352,341,355,337,347,4148
Słonice ,,352,332,349,342,347,338,356,352,341,355,337,347,4148
Stary Klukom,POLREGIO Spółka Akcyjna,352,332,349,342,347,338,356,352,341,355,337,347,4148
Stary Klukom ,,352,332,349,342,347,338,356,352,341,355,337,347,4148
Rębusz,POLREGIO Spółka Akcyjna,352,332,349,342,347,338,356,352,341,355,337,347,4148
Rębusz ,,352,332,349,342,347,338,356,352,341,355,337,347,4148
Boronów,POLREGIO Spółka Akcyjna,359,322,327,348,336,343,370,334,351,368,342,348,4148
Boronów ,,359,322,327,348,336,343,370,334,351,368,342,348,4148
Twarda Góra,POLREGIO Spółka Akcyjna,340,331,350,340,345,340,356,351,341,356,339,354,4143
Twarda Góra ,,340,331,350,340,345,340,356,351,341,356,339,354,4143
Warlubie,POLREGIO Spółka Akcyjna,338,331,350,340,345,340,356,351,341,356,339,354,4141
Warlubie ,,338,331,350,340,345,340,356,351,341,356,339,354,4141
Zbydniów,POLREGIO Spółka Akcyjna,354,332,348,344,347,336,340,343,343,356,337,349,4129
Zbydniów ,,354,332,348,344,347,336,340,343,343,356,337,349,4129
Turbia,POLREGIO Spółka Akcyjna,354,332,348,344,347,336,340,343,343,356,337,349,4129
Turbia ,,354,332,348,344,347,336,340,343,343,356,337,349,4129
Grębów,POLREGIO Spółka Akcyjna,354,332,348,344,347,336,340,343,343,356,337,349,4129
Grębów ,,354,332,348,344,347,336,340,343,343,356,337,349,4129
Toporów,POLREGIO Spółka Akcyjna,319,323,317,336,346,334,368,362,325,340,310,401,4081
Toporów ,,319,323,317,336,346,334,368,362,325,340,310,401,4081
Żółwino,POLREGIO Spółka Akcyjna,346,332,340,339,334,334,354,344,341,353,319,340,4076
Żółwino ,,346,332,340,339,334,334,354,344,341,353,319,340,4076
Prostynia,POLREGIO Spółka Akcyjna,346,332,340,339,334,334,354,344,341,353,319,340,4076
Prostynia ,,346,332,340,339,334,334,354,344,341,353,319,340,4076
Cybowo,POLREGIO Spółka Akcyjna,346,332,340,339,334,334,354,344,341,353,319,340,4076
Cybowo ,,346,332,340,339,334,334,354,344,341,353,319,340,4076
Dunowo,POLREGIO Spółka Akcyjna,350,333,344,337,333,330,336,325,319,336,310,416,4069
Dunowo ,,350,333,344,337,333,330,336,325,319,336,310,416,4069
Tarnowo Pomorskie,POLREGIO Spółka Akcyjna,346,332,340,339,334,334,354,344,341,353,319,328,4064
Tarnowo Pomorskie ,,346,332,340,339,334,334,354,344,341,353,319,328,4064
Sulino,POLREGIO Spółka Akcyjna,346,332,340,339,334,334,354,344,341,353,319,328,4064
Sulino ,,346,332,340,339,334,334,354,344,341,353,319,328,4064
Sokoliniec,POLREGIO Spółka Akcyjna,346,332,340,339,334,334,354,344,341,353,319,328,4064
Sokoliniec ,,346,332,340,339,334,334,354,344,341,353,319,328,4064
Pęzino,POLREGIO Spółka Akcyjna,346,332,340,339,334,334,354,344,341,353,319,328,4064
Pęzino ,,346,332,340,339,334,334,354,344,341,353,319,328,4064
Ognica,POLREGIO Spółka Akcyjna,346,332,340,339,334,334,354,344,341,353,319,328,4064
Ognica ,,346,332,340,339,334,334,354,344,341,353,319,328,4064
Barzkowice,POLREGIO Spółka Akcyjna,346,332,340,339,334,334,354,344,341,353,319,328,4064
Barzkowice ,,346,332,340,339,334,334,354,344,341,353,319,328,4064
Raciąż,CARGO Master Spółka z o.o.,,,,,1,,,,,,,,1
Raciąż,Koleje Mazowieckie - KM Spółka z o.o.,249,291,386,381,385,349,354,352,384,255,238,384,4008
Raciąż ,,249,291,386,381,386,349,354,352,384,255,238,384,4009
Torzym,POLREGIO Spółka Akcyjna,319,323,318,328,332,320,352,340,323,340,310,401,4006
Torzym ,,319,323,318,328,332,320,352,340,323,340,310,401,4006
Boczów,POLREGIO Spółka Akcyjna,319,323,318,328,332,320,352,340,323,340,310,401,4006
Boczów ,,319,323,318,328,332,320,352,340,323,340,310,401,4006
Szczaniec,POLREGIO Spółka Akcyjna,318,323,318,328,332,320,353,340,323,340,309,401,4005
Szczaniec ,,318,323,318,328,332,320,353,340,323,340,309,401,4005
Drzewce,POLREGIO Spółka Akcyjna,319,323,317,328,332,320,352,340,323,340,310,401,4005
Drzewce ,,319,323,317,328,332,320,352,340,323,340,310,401,4005
Kupienino,POLREGIO Spółka Akcyjna,318,323,318,328,332,320,352,340,323,340,309,401,4004
Kupienino ,,318,323,318,328,332,320,352,340,323,340,309,401,4004
Wilkowo Świebodzińskie,POLREGIO Spółka Akcyjna,318,323,318,328,332,320,352,340,323,340,309,400,4003
Wilkowo Świebodzińskie ,,318,323,318,328,332,320,352,340,323,340,309,400,4003
Mostki,POLREGIO Spółka Akcyjna,318,323,317,328,332,320,352,340,323,340,309,400,4002
Mostki ,,318,323,317,328,332,320,352,340,323,340,309,400,4002
Chybie,Koleje Śląskie Spółka z o.o.,346,322,350,340,388,353,355,376,277,280,284,324,3995
Chybie ,,346,322,350,340,388,353,355,376,277,280,284,324,3995
Łuków Łapiguz,POLREGIO Spółka Akcyjna,334,316,327,323,323,320,339,330,323,340,313,360,3948
Łuków Łapiguz ,,334,316,327,323,323,320,339,330,323,340,313,360,3948
Puławy Azoty,POLREGIO Spółka Akcyjna,321,304,314,309,304,327,358,345,340,359,329,329,3939
Puławy Azoty ,,321,304,314,309,304,327,358,345,340,359,329,329,3939
Małdyty,POLREGIO Spółka Akcyjna,336,316,330,324,330,320,340,332,323,340,316,328,3935
Małdyty ,,336,316,330,324,330,320,340,332,323,340,316,328,3935
Dobrocin,POLREGIO Spółka Akcyjna,336,316,330,324,328,320,340,332,323,340,316,328,3933
Dobrocin ,,336,316,330,324,328,320,340,332,323,340,316,328,3933
Zielonka Pasłęcka,POLREGIO Spółka Akcyjna,336,316,330,324,328,320,340,332,323,338,316,327,3930
Zielonka Pasłęcka ,,336,316,330,324,328,320,340,332,323,338,316,327,3930
Nowa Wieś Cierpkie,POLREGIO Spółka Akcyjna,336,316,330,324,328,320,340,332,323,338,316,327,3930
Nowa Wieś Cierpkie ,,336,316,330,324,328,320,340,332,323,338,316,327,3930
Bogaczewo,PKP INTERCITY Spółka Akcyjna ,,,,,,,1,,,,,,1
Bogaczewo,POLREGIO Spółka Akcyjna,336,316,330,324,328,320,340,332,322,338,316,327,3929
Bogaczewo ,,336,316,330,324,328,320,341,332,322,338,316,327,3930
Komorowo Żuławskie,POLREGIO Spółka Akcyjna,336,316,330,324,328,320,340,332,322,338,316,327,3929
Komorowo Żuławskie ,,336,316,330,324,328,320,340,332,322,338,316,327,3929
Gronajny,POLREGIO Spółka Akcyjna,334,316,331,323,326,320,340,333,323,340,315,327,3928
Gronajny ,,334,316,331,323,326,320,340,333,323,340,315,327,3928
Gdakowo,POLREGIO Spółka Akcyjna,334,316,331,323,326,320,340,333,323,340,315,327,3928
Gdakowo ,,334,316,331,323,326,320,340,333,323,340,315,327,3928
Dąbrówka Malborska,POLREGIO Spółka Akcyjna,334,316,331,323,326,320,340,333,323,340,315,327,3928
Dąbrówka Malborska ,,334,316,331,323,326,320,340,333,323,340,315,327,3928
Wandzin,POLREGIO Spółka Akcyjna,331,316,321,323,318,320,340,328,324,340,316,345,3922
Wandzin ,,331,316,321,323,318,320,340,328,324,340,316,345,3922
Rudnik,POLREGIO Spółka Akcyjna,331,316,321,323,318,320,340,328,324,340,316,345,3922
Rudnik ,,331,316,321,323,318,320,340,328,324,340,316,345,3922
Niemce,POLREGIO Spółka Akcyjna,331,316,321,323,318,320,340,328,324,340,316,345,3922
Niemce ,,331,316,321,323,318,320,340,328,324,340,316,345,3922
Lublin Zadębie,POLREGIO Spółka Akcyjna,331,316,321,323,318,320,340,328,324,340,316,345,3922
Lublin Zadębie ,,331,316,321,323,318,320,340,328,324,340,316,345,3922
Lublin Ponikwoda,POLREGIO Spółka Akcyjna,331,316,321,323,318,320,340,328,324,340,316,345,3922
Lublin Ponikwoda ,,331,316,321,323,318,320,340,328,324,340,316,345,3922
Łagiewniki,POLREGIO Spółka Akcyjna,331,316,321,323,318,320,340,328,324,340,316,345,3922
Łagiewniki ,,331,316,321,323,318,320,340,328,324,340,316,345,3922
Ciecierzyn,POLREGIO Spółka Akcyjna,331,316,321,323,318,320,340,328,324,340,316,345,3922
Ciecierzyn ,,331,316,321,323,318,320,340,328,324,340,316,345,3922
Bystrzyca koło Lublina,POLREGIO Spółka Akcyjna,331,316,321,323,318,320,340,328,324,340,316,345,3922
Bystrzyca koło Lublina ,,331,316,321,323,318,320,340,328,324,340,316,345,3922
Lubartów Lipowa,POLREGIO Spółka Akcyjna,331,316,321,323,318,320,340,326,324,340,316,345,3920
Lubartów Lipowa ,,331,316,321,323,318,320,340,326,324,340,316,345,3920
Lubartów Słowackiego,POLREGIO Spółka Akcyjna,331,316,321,323,318,320,340,326,324,340,316,345,3920
Lubartów Słowackiego ,,331,316,321,323,318,320,340,326,324,340,316,345,3920
Granowiec,POLREGIO Spółka Akcyjna,334,310,330,324,327,320,340,330,322,338,316,328,3919
Granowiec ,,334,310,330,324,327,320,340,330,322,338,316,328,3919
Międzybórz Sycowski,POLREGIO Spółka Akcyjna,334,310,329,324,327,320,340,330,322,338,316,328,3918
Międzybórz Sycowski ,,334,310,329,324,327,320,340,330,322,338,316,328,3918
Bukowina Sycowska,POLREGIO Spółka Akcyjna,334,310,329,324,327,320,340,330,322,338,316,328,3918
Bukowina Sycowska ,,334,310,329,324,327,320,340,330,322,338,316,328,3918
Garki,POLREGIO Spółka Akcyjna,334,310,329,324,327,320,340,330,321,338,316,328,3917
Garki ,,334,310,329,324,327,320,340,330,321,338,316,328,3917
Sośnie Ostrowskie,POLREGIO Spółka Akcyjna,334,310,327,324,327,320,340,330,322,338,316,328,3916
Sośnie Ostrowskie ,,334,310,327,324,327,320,340,330,322,338,316,328,3916
Pawłów Wielkopolski,POLREGIO Spółka Akcyjna,334,310,327,324,327,320,340,330,322,338,316,328,3916
Pawłów Wielkopolski ,,334,310,327,324,327,320,340,330,322,338,316,328,3916
Ryki,POLREGIO Spółka Akcyjna,335,316,327,323,323,320,339,330,323,340,313,324,3913
Ryki ,,335,316,327,323,323,320,339,330,323,340,313,324,3913
Leopoldów,POLREGIO Spółka Akcyjna,335,316,327,323,323,320,339,330,323,340,313,324,3913
Leopoldów ,,335,316,327,323,323,320,339,330,323,340,313,324,3913
Petrovice u Karvine,LEO Express Global a.s.,16,16,19,17,27,26,25,16,12,16,18,28,236
Petrovice u Karvine,PKP INTERCITY Spółka Akcyjna ,217,232,248,240,250,260,310,310,127,248,240,264,2946
Petrovice u Karvine,RegioJet a.s.,56,58,62,60,62,60,62,62,54,62,60,62,720
Petrovice u Karvine,Leo Express s.r.o.,,,,,,,,,,,,10,10
Petrovice u Karvine ,,289,306,329,317,339,346,397,388,193,326,318,364,3912
Okrzeja,POLREGIO Spółka Akcyjna,334,316,327,323,323,320,339,330,323,340,313,324,3912
Okrzeja ,,334,316,327,323,323,320,339,330,323,340,313,324,3912
Grabów Szlachecki,POLREGIO Spółka Akcyjna,335,316,327,323,323,320,339,330,323,339,313,324,3912
Grabów Szlachecki ,,335,316,327,323,323,320,339,330,323,339,313,324,3912
Sarnów,POLREGIO Spółka Akcyjna,334,316,327,323,323,320,339,330,323,338,313,324,3910
Sarnów ,,334,316,327,323,323,320,339,330,323,338,313,324,3910
Krzywda,POLREGIO Spółka Akcyjna,334,316,327,323,323,320,339,330,323,338,313,324,3910
Krzywda ,,334,316,327,323,323,320,339,330,323,338,313,324,3910
Hordzieżka,POLREGIO Spółka Akcyjna,334,316,327,323,323,320,339,330,323,338,313,324,3910
Hordzieżka ,,334,316,327,323,323,320,339,330,323,338,313,324,3910
Borowina,POLREGIO Spółka Akcyjna,334,316,327,323,323,320,339,330,323,338,313,324,3910
Borowina ,,334,316,327,323,323,320,339,330,323,338,313,324,3910
Witowo,POLREGIO Spółka Akcyjna,334,313,330,324,337,324,337,324,321,336,298,327,3905
Witowo ,,334,313,330,324,337,324,337,324,321,336,298,327,3905
Policzna,POLREGIO Spółka Akcyjna,334,313,330,324,337,324,337,324,321,336,298,327,3905
Policzna ,,334,313,330,324,337,324,337,324,321,336,298,327,3905
Orzeszkowo,POLREGIO Spółka Akcyjna,334,313,330,324,337,324,337,324,321,336,298,327,3905
Orzeszkowo ,,334,313,330,324,337,324,337,324,321,336,298,327,3905
Dobrowoda,POLREGIO Spółka Akcyjna,334,313,330,324,337,324,337,324,321,336,298,327,3905
Dobrowoda ,,334,313,330,324,337,324,337,324,321,336,298,327,3905
Zabiele,POLREGIO Spółka Akcyjna,331,316,321,323,318,320,340,328,324,340,316,327,3904
Zabiele ,,331,316,321,323,318,320,340,328,324,340,316,327,3904
Parczew Kolejowa,POLREGIO Spółka Akcyjna,331,316,321,323,318,320,340,328,324,340,316,327,3904
Parczew Kolejowa ,,331,316,321,323,318,320,340,328,324,340,316,327,3904
Laski,POLREGIO Spółka Akcyjna,331,316,321,323,318,320,340,328,324,340,316,327,3904
Laski ,,331,316,321,323,318,320,340,328,324,340,316,327,3904
Gródek,POLREGIO Spółka Akcyjna,331,316,321,323,318,320,340,328,324,340,316,327,3904
Gródek ,,331,316,321,323,318,320,340,328,324,340,316,327,3904
Brzeźnica Bychawska,POLREGIO Spółka Akcyjna,331,316,321,323,318,320,340,328,324,340,316,327,3904
Brzeźnica Bychawska ,,331,316,321,323,318,320,340,328,324,340,316,327,3904
Tarło,POLREGIO Spółka Akcyjna,331,316,321,323,318,320,340,326,324,340,316,327,3902
Tarło ,,331,316,321,323,318,320,340,326,324,340,316,327,3902
Pałecznica,POLREGIO Spółka Akcyjna,331,316,321,323,318,320,340,326,324,340,316,327,3902
Pałecznica ,,331,316,321,323,318,320,340,326,324,340,316,327,3902
Berejów,POLREGIO Spółka Akcyjna,331,316,321,323,318,320,340,326,324,340,316,327,3902
Berejów ,,331,316,321,323,318,320,340,326,324,340,316,327,3902
Głowno Północne,Łódzka Kolej Aglomeracyjna Sp. z o.o.,,,,,,,,,942,989,904,1058,3893
Głowno Północne ,,,,,,,,,,942,989,904,1058,3893
Krosno Odrzańskie,PKP INTERCITY Spółka Akcyjna ,,,,,,,,,2,,,,2
Krosno Odrzańskie,POLREGIO Spółka Akcyjna,244,318,344,322,344,331,346,338,333,336,302,318,3876
Krosno Odrzańskie ,,244,318,344,322,344,331,346,338,335,336,302,318,3878
Szczawno - Ciemnice,POLREGIO Spółka Akcyjna,244,318,344,322,344,331,346,338,333,336,302,318,3876
Szczawno - Ciemnice ,,244,318,344,322,344,331,346,338,333,336,302,318,3876
Nietków,POLREGIO Spółka Akcyjna,244,318,344,322,344,331,346,338,333,336,302,318,3876
Nietków ,,244,318,344,322,344,331,346,338,333,336,302,318,3876
Laski Odrzańskie,POLREGIO Spółka Akcyjna,244,318,344,322,344,331,346,338,333,336,302,318,3876
Laski Odrzańskie ,,244,318,344,322,344,331,346,338,333,336,302,318,3876
Krzepice,Koleje Śląskie Spółka z o.o.,,,,,,2,,,,,,,2
Krzepice,PKP INTERCITY Spółka Akcyjna ,62,58,52,60,62,60,62,62,59,62,60,62,721
Krzepice,POLREGIO Spółka Akcyjna,273,246,254,264,254,260,277,249,264,275,256,260,3132
Krzepice ,,335,304,306,324,316,322,339,311,323,337,316,322,3855
Wieluń,Koleje Śląskie Spółka z o.o.,,,,,,2,,,,,,,2
Wieluń,PKP INTERCITY Spółka Akcyjna ,62,58,52,60,62,60,62,62,58,62,60,62,720
Wieluń,POLREGIO Spółka Akcyjna,273,246,254,264,254,260,277,249,262,275,256,260,3130
Wieluń ,,335,304,306,324,316,322,339,311,320,337,316,322,3852
Jelenino,POLREGIO Spółka Akcyjna,327,312,316,315,310,311,336,331,320,336,302,324,3840
Jelenino ,,327,312,316,315,310,311,336,331,320,336,302,324,3840
Czarne Małe,POLREGIO Spółka Akcyjna,327,312,316,315,310,311,336,331,320,336,302,324,3840
Czarne Małe ,,327,312,316,315,310,311,336,331,320,336,302,324,3840
Lipno,Arriva RP Sp. z o.o.,329,307,322,315,319,308,331,321,316,332,310,319,3829
Lipno,CARGO Master Spółka z o.o.,1,,,,2,,,,,,,,3
Lipno ,,330,307,322,315,321,308,331,321,316,332,310,319,3832
Skępe,Arriva RP Sp. z o.o.,329,307,322,315,319,308,331,321,316,332,310,318,3828
Skępe,CARGO Master Spółka z o.o.,1,,,,2,,,,,,,,3
Skępe ,,330,307,322,315,321,308,331,321,316,332,310,318,3831
Gubin,POLREGIO Spółka Akcyjna,244,318,344,322,344,331,346,338,334,290,302,318,3831
Gubin ,,244,318,344,322,344,331,346,338,334,290,302,318,3831
Wężyska,POLREGIO Spółka Akcyjna,244,318,344,322,344,331,346,338,333,290,302,318,3830
Wężyska ,,244,318,344,322,344,331,346,338,333,290,302,318,3830
Wałowice,POLREGIO Spółka Akcyjna,244,318,344,322,344,331,346,338,333,290,302,318,3830
Wałowice ,,244,318,344,322,344,331,346,338,333,290,302,318,3830
Podwierzbie,Arriva RP Sp. z o.o.,329,307,322,315,320,308,331,320,316,332,310,318,3828
Podwierzbie ,,329,307,322,315,320,308,331,320,316,332,310,318,3828
Ograszka,Arriva RP Sp. z o.o.,329,306,322,315,319,308,331,321,316,332,310,319,3828
Ograszka ,,329,306,322,315,319,308,331,321,316,332,310,319,3828
Karnkowo,Arriva RP Sp. z o.o.,329,307,322,315,319,308,331,321,316,332,310,318,3828
Karnkowo ,,329,307,322,315,319,308,331,321,316,332,310,318,3828
Konotopie,Arriva RP Sp. z o.o.,329,306,322,315,319,308,331,321,316,332,310,319,3828
Konotopie ,,329,306,322,315,319,308,331,321,316,332,310,319,3828
Koziołek,Arriva RP Sp. z o.o.,329,307,322,315,320,308,331,320,316,332,310,318,3828
Koziołek ,,329,307,322,315,320,308,331,320,316,332,310,318,3828
Czermno,Arriva RP Sp. z o.o.,329,307,322,315,319,308,331,320,316,332,310,318,3827
Czermno ,,329,307,322,315,319,308,331,320,316,332,310,318,3827
Stefanowo,CARGO Master Spółka z o.o.,,,,,2,,,,,,,,2
Stefanowo,Koleje Wielkopolskie Sp. z o.o.,313,300,308,306,294,312,340,321,324,340,316,330,3804
Stefanowo,Parowozownia Wolsztyn,,,2,2,6,2,,2,,,,2,16
Stefanowo ,,313,300,310,308,302,314,340,323,324,340,316,332,3822
Świdwin Zamek,POLREGIO Spółka Akcyjna,,,284,390,394,383,387,381,393,410,386,409,3817
Świdwin Zamek ,,,,284,390,394,383,387,381,393,410,386,409,3817
Zbąszyń Przedmieście,Koleje Wielkopolskie Sp. z o.o.,313,300,308,306,294,312,340,321,324,340,316,330,3804
Zbąszyń Przedmieście ,,313,300,308,306,294,312,340,321,324,340,316,330,3804
Tuchorza,Koleje Wielkopolskie Sp. z o.o.,313,300,308,306,294,312,340,321,324,340,316,330,3804
Tuchorza ,,313,300,308,306,294,312,340,321,324,340,316,330,3804
Belęcin Wielkopolski,Koleje Wielkopolskie Sp. z o.o.,313,300,308,306,294,312,340,321,324,340,316,330,3804
Belęcin Wielkopolski ,,313,300,308,306,294,312,340,321,324,340,316,330,3804
Bydgoszcz Fordon,Arriva RP Sp. z o.o.,287,284,324,333,328,271,340,332,303,340,320,328,3790
Bydgoszcz Fordon,CARGO Master Spółka z o.o.,,,2,4,,,,,,,,,6
Bydgoszcz Fordon ,,287,284,326,337,328,271,340,332,303,340,320,328,3796
Ostromecko,Arriva RP Sp. z o.o.,287,284,324,333,328,271,340,332,303,340,320,328,3790
Ostromecko,CARGO Master Spółka z o.o.,,,2,3,,,,,,,,,5
Ostromecko ,,287,284,326,336,328,271,340,332,303,340,320,328,3795
Dąbrowa Chełmińska,Arriva RP Sp. z o.o.,287,284,324,333,328,271,340,332,303,340,320,328,3790
Dąbrowa Chełmińska ,,287,284,324,333,328,271,340,332,303,340,320,328,3790
Bydgoszcz Politechnika,Arriva RP Sp. z o.o.,287,284,324,333,328,271,340,332,303,340,320,328,3790
Bydgoszcz Politechnika ,,287,284,324,333,328,271,340,332,303,340,320,328,3790
Bydgoszcz Brdyujście,Arriva RP Sp. z o.o.,287,284,324,333,328,271,340,332,303,340,320,328,3790
Bydgoszcz Brdyujście ,,287,284,324,333,328,271,340,332,303,340,320,328,3790
Osowiec Przystanek,POLREGIO Spółka Akcyjna,315,313,328,322,324,304,294,290,324,335,308,326,3783
Osowiec Przystanek ,,315,313,328,322,324,304,294,290,324,335,308,326,3783
Osowiec Śląski,POLREGIO Spółka Akcyjna,315,313,328,322,324,304,294,290,324,335,308,326,3783
Osowiec Śląski ,,315,313,328,322,324,304,294,290,324,335,308,326,3783
Opole Gosławice,POLREGIO Spółka Akcyjna,315,313,328,322,324,304,294,290,324,335,308,326,3783
Opole Gosławice ,,315,313,328,322,324,304,294,290,324,335,308,326,3783
Kotórz Mały,POLREGIO Spółka Akcyjna,315,313,328,322,324,304,294,290,324,335,308,326,3783
Kotórz Mały ,,315,313,328,322,324,304,294,290,324,335,308,326,3783
Jełowa,POLREGIO Spółka Akcyjna,315,313,328,322,324,304,294,290,324,335,307,326,3782
Jełowa ,,315,313,328,322,324,304,294,290,324,335,307,326,3782
Kały,POLREGIO Spółka Akcyjna,315,313,328,322,324,304,294,290,324,334,307,326,3781
Kały ,,315,313,328,322,324,304,294,290,324,334,307,326,3781
Tuły,POLREGIO Spółka Akcyjna,315,313,328,322,324,304,294,290,324,334,306,326,3780
Tuły ,,315,313,328,322,324,304,294,290,324,334,306,326,3780
Laskowice Oleskie,POLREGIO Spółka Akcyjna,315,313,328,322,324,304,294,290,324,334,306,326,3780
Laskowice Oleskie ,,315,313,328,322,324,304,294,290,324,334,306,326,3780
Borkowice,POLREGIO Spółka Akcyjna,315,313,328,322,324,304,294,290,324,334,306,326,3780
Borkowice ,,315,313,328,322,324,304,294,290,324,334,306,326,3780
Bukowo,POLREGIO Spółka Akcyjna,315,313,328,322,324,304,294,290,324,334,306,326,3780
Bukowo ,,315,313,328,322,324,304,294,290,324,334,306,326,3780
Guben,Parowozownia Wolsztyn,,,,,2,,,,,,,,2
Guben,POLREGIO Spółka Akcyjna,244,318,344,322,334,255,346,338,334,290,302,318,3745
Guben ,,244,318,344,322,336,255,346,338,334,290,302,318,3747
Mostiska 2,PKP INTERCITY Spółka Akcyjna ,312,294,317,309,313,301,315,315,310,315,301,314,3716
Mostiska 2 ,,312,294,317,309,313,301,315,315,310,315,301,314,3716
Jedlina-Zdrój Borowa,Koleje Dolnośląskie S.A.,316,296,318,307,319,310,316,314,261,314,307,319,3697
Jedlina-Zdrój Borowa ,,316,296,318,307,319,310,316,314,261,314,307,319,3697
Unisław Pomorski,Arriva RP Sp. z o.o.,287,284,324,333,328,271,340,332,201,340,320,328,3688
Unisław Pomorski,CARGO Master Spółka z o.o.,,,2,4,,,,,,,,,6
Unisław Pomorski ,,287,284,326,337,328,271,340,332,201,340,320,328,3694
Człuchów,POLREGIO Spółka Akcyjna,309,290,309,302,309,301,310,310,300,309,299,344,3692
Człuchów ,,309,290,309,302,309,301,310,310,300,309,299,344,3692
Czarne,POLREGIO Spółka Akcyjna,309,290,309,300,309,301,310,310,300,309,299,344,3690
Czarne ,,309,290,309,300,309,301,310,310,300,309,299,344,3690
Nawra,Arriva RP Sp. z o.o.,287,284,324,333,328,271,340,332,201,340,320,328,3688
Nawra ,,287,284,324,333,328,271,340,332,201,340,320,328,3688
Grzybno,Arriva RP Sp. z o.o.,287,284,324,333,328,271,340,332,201,340,320,328,3688
Grzybno ,,287,284,324,333,328,271,340,332,201,340,320,328,3688
Gzin,Arriva RP Sp. z o.o.,287,284,324,333,328,271,340,332,201,340,320,328,3688
Gzin ,,287,284,324,333,328,271,340,332,201,340,320,328,3688
Głuchowo,Arriva RP Sp. z o.o.,287,284,324,333,328,271,340,332,201,340,320,328,3688
Głuchowo ,,287,284,324,333,328,271,340,332,201,340,320,328,3688
Domisław,POLREGIO Spółka Akcyjna,309,290,309,300,309,299,310,310,300,309,299,344,3688
Domisław ,,309,290,309,300,309,299,310,310,300,309,299,344,3688
Biskupnica,POLREGIO Spółka Akcyjna,309,290,309,300,309,299,310,310,300,309,299,344,3688
Biskupnica ,,309,290,309,300,309,299,310,310,300,309,299,344,3688
Brzeźno Człuchowskie,POLREGIO Spółka Akcyjna,309,290,309,300,309,299,310,310,300,309,299,344,3688
Brzeźno Człuchowskie ,,309,290,309,300,309,299,310,310,300,309,299,344,3688
Bińcze,POLREGIO Spółka Akcyjna,309,290,309,300,309,299,310,310,300,309,299,344,3688
Bińcze ,,309,290,309,300,309,299,310,310,300,309,299,344,3688
Wałcz Raduń,POLREGIO Spółka Akcyjna,311,298,308,307,300,302,317,312,308,316,289,314,3682
Wałcz Raduń ,,311,298,308,307,300,302,317,312,308,316,289,314,3682
Strączno,POLREGIO Spółka Akcyjna,311,298,308,307,300,302,317,312,308,316,289,314,3682
Strączno ,,311,298,308,307,300,302,317,312,308,316,289,314,3682
Rutwica,POLREGIO Spółka Akcyjna,311,298,308,307,300,302,317,312,308,316,289,314,3682
Rutwica ,,311,298,308,307,300,302,317,312,308,316,289,314,3682
Jeziorki Wałeckie,POLREGIO Spółka Akcyjna,311,298,308,307,300,302,317,312,308,316,289,314,3682
Jeziorki Wałeckie ,,311,298,308,307,300,302,317,312,308,316,289,314,3682
Krępa Krajeńska,POLREGIO Spółka Akcyjna,311,298,308,307,300,302,317,312,308,316,289,314,3682
Krępa Krajeńska ,,311,298,308,307,300,302,317,312,308,316,289,314,3682
Dąbrowa Oleśnicka,Koleje Dolnośląskie S.A.,,,,,,,,,,2,,,2
Dąbrowa Oleśnicka,POLREGIO Spółka Akcyjna,312,291,308,303,307,300,317,310,301,316,297,318,3680
Dąbrowa Oleśnicka ,,312,291,308,303,307,300,317,310,301,318,297,318,3682
Biały Zdrój Południowy,POLREGIO Spółka Akcyjna,311,298,308,307,300,302,317,312,308,316,289,314,3682
Biały Zdrój Południowy ,,311,298,308,307,300,302,317,312,308,316,289,314,3682
Żółtnica,POLREGIO Spółka Akcyjna,309,290,309,300,309,299,310,290,300,307,299,344,3666
Żółtnica ,,309,290,309,300,309,299,310,290,300,307,299,344,3666
Czarnobór,POLREGIO Spółka Akcyjna,309,290,309,300,309,299,310,290,300,307,299,344,3666
Czarnobór ,,309,290,309,300,309,299,310,290,300,307,299,344,3666
Sadlinki,POLREGIO Spółka Akcyjna,310,288,310,300,310,300,310,310,299,310,300,310,3657
Sadlinki ,,310,288,310,300,310,300,310,310,299,310,300,310,3657
Dziwno,POLREGIO Spółka Akcyjna,310,288,310,300,310,300,310,310,299,310,300,310,3657
Dziwno ,,310,288,310,300,310,300,310,310,299,310,300,310,3657
Gardeja,POLREGIO Spółka Akcyjna,310,288,310,300,310,300,310,310,299,310,300,310,3657
Gardeja ,,310,288,310,300,310,300,310,310,299,310,300,310,3657
Pisz,PKP INTERCITY Spółka Akcyjna ,120,113,123,120,124,120,126,124,120,124,119,124,1457
Pisz,POLREGIO Spółka Akcyjna,186,174,183,180,186,179,186,186,180,186,180,186,2192
Pisz ,,306,287,306,300,310,299,312,310,300,310,299,310,3649
Ruciane-Nida,PKP INTERCITY Spółka Akcyjna ,120,112,123,120,124,120,124,124,120,124,119,124,1454
Ruciane-Nida,POLREGIO Spółka Akcyjna,186,174,183,180,186,179,186,186,180,186,178,186,2190
Ruciane-Nida ,,306,286,306,300,310,299,310,310,300,310,297,310,3644
Gorzów Wielkopolski Zamoście,POLREGIO Spółka Akcyjna,224,240,326,301,245,314,370,293,314,387,293,334,3641
Gorzów Wielkopolski Zamoście ,,224,240,326,301,245,314,370,293,314,387,293,334,3641
Gorzów Wielkopolski Zieleniec,POLREGIO Spółka Akcyjna,224,240,326,301,245,314,370,293,314,387,293,334,3641
Gorzów Wielkopolski Zieleniec ,,224,240,326,301,245,314,370,293,314,387,293,334,3641
Deszczno,POLREGIO Spółka Akcyjna,224,240,326,301,245,314,370,293,314,387,293,334,3641
Deszczno ,,224,240,326,301,245,314,370,293,314,387,293,334,3641
Biała Piska,PKP INTERCITY Spółka Akcyjna ,120,113,123,120,124,120,123,124,120,122,119,124,1452
Biała Piska,POLREGIO Spółka Akcyjna,186,174,181,180,186,178,186,186,180,186,180,186,2189
Biała Piska ,,306,287,304,300,310,298,309,310,300,308,299,310,3641
Zaklików Miasto,POLREGIO Spółka Akcyjna,309,290,306,299,310,300,305,310,300,310,300,301,3640
Zaklików Miasto ,,309,290,306,299,310,300,305,310,300,310,300,301,3640
Pilchów,POLREGIO Spółka Akcyjna,309,290,306,299,310,300,305,310,300,310,300,301,3640
Pilchów ,,309,290,306,299,310,300,305,310,300,310,300,301,3640
Lipa,POLREGIO Spółka Akcyjna,309,290,306,299,310,300,305,310,300,310,300,301,3640
Lipa ,,309,290,306,299,310,300,305,310,300,310,300,301,3640
Kępa,POLREGIO Spółka Akcyjna,309,290,306,299,310,300,305,310,300,310,300,301,3640
Kępa ,,309,290,306,299,310,300,305,310,300,310,300,301,3640
Kobylec,CARGO Master Spółka z o.o.,,,,,2,,,,,,,,2
Kobylec,Koleje Wielkopolskie Sp. z o.o.,306,290,306,300,298,296,310,304,300,310,300,310,3630
Kobylec ,,306,290,306,300,300,296,310,304,300,310,300,310,3632
Gołańcz,CARGO Master Spółka z o.o.,,,,,1,,,,,,,,1
Gołańcz,Koleje Wielkopolskie Sp. z o.o.,306,290,306,300,298,296,310,304,300,310,300,310,3630
Gołańcz ,,306,290,306,300,299,296,310,304,300,310,300,310,3631
Laskownica,Koleje Wielkopolskie Sp. z o.o.,306,290,306,300,298,296,310,304,300,310,300,310,3630
Laskownica ,,306,290,306,300,298,296,310,304,300,310,300,310,3630
Grylewo,Koleje Wielkopolskie Sp. z o.o.,306,290,306,300,298,296,310,304,300,310,300,310,3630
Grylewo ,,306,290,306,300,298,296,310,304,300,310,300,310,3630
Herby Nowe,Koleje Śląskie Spółka z o.o.,,,,,,2,,,,,,,2
Herby Nowe,POLREGIO Spółka Akcyjna,317,288,296,306,292,298,319,285,306,321,294,300,3622
Herby Nowe ,,317,288,296,306,292,300,319,285,306,321,294,300,3624
Trzebiszewo,POLREGIO Spółka Akcyjna,224,240,326,301,245,310,360,281,314,387,293,334,3615
Trzebiszewo ,,224,240,326,301,245,310,360,281,314,387,293,334,3615
Gorzów Wielkopolski Karnin,POLREGIO Spółka Akcyjna,224,240,326,301,245,310,360,281,314,387,293,334,3615
Gorzów Wielkopolski Karnin ,,224,240,326,301,245,310,360,281,314,387,293,334,3615
Brzozowiec Gorzowski,POLREGIO Spółka Akcyjna,224,240,326,301,245,310,360,281,314,387,293,334,3615
Brzozowiec Gorzowski ,,224,240,326,301,245,310,360,281,314,387,293,334,3615
Rzeczyca,POLREGIO Spółka Akcyjna,309,290,306,299,310,300,305,282,300,310,300,302,3613
Rzeczyca ,,309,290,306,299,310,300,305,282,300,310,300,302,3613
Potok Kraśnicki,POLREGIO Spółka Akcyjna,309,290,306,299,310,300,305,282,300,310,300,301,3612
Potok Kraśnicki ,,309,290,306,299,310,300,305,282,300,310,300,301,3612
Zawidz Kościelny,Koleje Mazowieckie - KM Spółka z o.o.,249,291,386,381,385,348,354,352,384,255,,224,3609
Zawidz Kościelny ,,249,291,386,381,385,348,354,352,384,255,,224,3609
Zawidz,Koleje Mazowieckie - KM Spółka z o.o.,249,291,386,381,385,348,354,352,384,255,,224,3609
Zawidz ,,249,291,386,381,385,348,354,352,384,255,,224,3609
Mieszaki,Koleje Mazowieckie - KM Spółka z o.o.,249,291,386,381,385,348,354,352,384,255,,224,3609
Mieszaki ,,249,291,386,381,385,348,354,352,384,255,,224,3609
Koziebrody,Koleje Mazowieckie - KM Spółka z o.o.,249,291,386,381,385,348,354,352,384,255,,224,3609
Koziebrody ,,249,291,386,381,385,348,354,352,384,255,,224,3609
Zwierzyniec,PKP INTERCITY Spółka Akcyjna ,59,53,61,58,60,59,62,62,62,62,60,62,720
Zwierzyniec,POLREGIO Spółka Akcyjna,238,232,241,239,246,238,248,248,240,248,240,229,2887
Zwierzyniec ,,297,285,302,297,306,297,310,310,302,310,300,291,3607
Zakrzewo Złotowskie,Koleje Wielkopolskie Sp. z o.o.,,,,,,,2,,,,,,2
Zakrzewo Złotowskie,POLREGIO Spółka Akcyjna,301,288,310,277,300,298,309,310,300,310,299,302,3604
Zakrzewo Złotowskie ,,301,288,310,277,300,298,311,310,300,310,299,302,3606
Szczebrzeszyn,PKP INTERCITY Spółka Akcyjna ,59,53,61,58,60,60,62,62,60,62,60,62,719
Szczebrzeszyn,POLREGIO Spółka Akcyjna,238,232,241,239,246,238,248,248,240,248,240,229,2887
Szczebrzeszyn ,,297,285,302,297,306,298,310,310,300,310,300,291,3606
Wierzchowo Człuchowskie,POLREGIO Spółka Akcyjna,301,288,310,277,300,298,309,310,300,310,299,302,3604
Wierzchowo Człuchowskie ,,301,288,310,277,300,298,309,310,300,310,299,302,3604
Bukowo Człuchowskie,POLREGIO Spółka Akcyjna,301,288,310,277,300,298,309,310,300,310,299,302,3604
Bukowo Człuchowskie ,,301,288,310,277,300,298,309,310,300,310,299,302,3604
Rzeczyca-Kolonia,POLREGIO Spółka Akcyjna,309,290,306,299,310,300,299,282,300,310,300,298,3603
Rzeczyca-Kolonia ,,309,290,306,299,310,300,299,282,300,310,300,298,3603
Polichna Kraśnicka,POLREGIO Spółka Akcyjna,309,290,306,299,310,300,299,282,300,310,300,298,3603
Polichna Kraśnicka ,,309,290,306,299,310,300,299,282,300,310,300,298,3603
Moszczenica Pomorska,POLREGIO Spółka Akcyjna,300,288,310,277,300,298,309,310,300,310,299,302,3603
Moszczenica Pomorska ,,300,288,310,277,300,298,309,310,300,310,299,302,3603
Polanica-Zdrój,Koleje Dolnośląskie S.A.,435,409,442,433,443,424,428,446,,,,,3460
Polanica-Zdrój,PKP INTERCITY Spółka Akcyjna ,16,16,20,18,22,16,13,18,,,,,139
Polanica-Zdrój ,,451,425,462,451,465,440,441,464,,,,,3599
Nowa Ruda Przedmieście,CARGO Master Spółka z o.o.,,,,4,,,,,,,,,4
Nowa Ruda Przedmieście,Koleje Dolnośląskie S.A.,308,288,308,298,308,300,312,305,252,306,297,308,3590
Nowa Ruda Przedmieście ,,308,288,308,302,308,300,312,305,252,306,297,308,3594
Szczytna,Koleje Dolnośląskie S.A.,435,409,440,431,443,422,428,446,,,,,3454
Szczytna,PKP INTERCITY Spółka Akcyjna ,16,16,20,18,22,16,11,18,,,,,137
Szczytna ,,451,425,460,449,465,438,439,464,,,,,3591
Duszniki-Zdrój,Koleje Dolnośląskie S.A.,435,409,440,431,443,422,428,446,,,,,3454
Duszniki-Zdrój,PKP INTERCITY Spółka Akcyjna ,16,16,20,18,22,16,11,18,,,,,137
Duszniki-Zdrój ,,451,425,460,449,465,438,439,464,,,,,3591
Kleszczele,POLREGIO Spółka Akcyjna,316,298,313,303,315,305,274,256,305,319,269,307,3580
Kleszczele ,,316,298,313,303,315,305,274,256,305,319,269,307,3580
Podbiele,POLREGIO Spółka Akcyjna,316,298,313,303,314,305,274,256,305,319,269,307,3579
Podbiele ,,316,298,313,303,314,305,274,256,305,319,269,307,3579
Gregorowce,POLREGIO Spółka Akcyjna,316,298,313,303,314,305,274,256,305,319,269,307,3579
Gregorowce ,,316,298,313,303,314,305,274,256,305,319,269,307,3579
Suchowolce,POLREGIO Spółka Akcyjna,316,298,313,302,314,305,274,256,305,319,269,307,3578
Suchowolce ,,316,298,313,302,314,305,274,256,305,319,269,307,3578
Gregorowce Południowe,POLREGIO Spółka Akcyjna,316,298,313,302,314,305,274,256,305,319,269,307,3578
Gregorowce Południowe ,,316,298,313,302,314,305,274,256,305,319,269,307,3578
Głębokie Międzyrzeckie,POLREGIO Spółka Akcyjna,224,240,326,301,245,314,370,293,314,317,293,334,3571
Głębokie Międzyrzeckie ,,224,240,326,301,245,314,370,293,314,317,293,334,3571
Kostomłoty,Łódzka Kolej Aglomeracyjna Sp. z o.o.,,,,,,,,,,,,28,28
Kostomłoty,POLREGIO Spółka Akcyjna,299,282,300,290,296,290,302,300,290,300,288,304,3541
Kostomłoty ,,299,282,300,290,296,290,302,300,290,300,288,332,3569
Kozy,POLREGIO Spółka Akcyjna,490,464,491,477,491,475,497,176,,,,,3561
Kozy ,,490,464,491,477,491,475,497,176,,,,,3561
Kęty Podlesie,POLREGIO Spółka Akcyjna,490,464,491,477,491,475,496,176,,,,,3560
Kęty Podlesie ,,490,464,491,477,491,475,496,176,,,,,3560
Kozy Zagroda,POLREGIO Spółka Akcyjna,490,464,491,477,491,475,496,176,,,,,3560
Kozy Zagroda ,,490,464,491,477,491,475,496,176,,,,,3560
Krzemionki,POLREGIO Spółka Akcyjna,490,464,491,477,491,475,492,176,,,,,3556
Krzemionki ,,490,464,491,477,491,475,492,176,,,,,3556
Bielsko-Biała Wschód,POLREGIO Spółka Akcyjna,490,464,491,477,491,475,492,176,,,,,3556
Bielsko-Biała Wschód ,,490,464,491,477,491,475,492,176,,,,,3556
Stara Piła,CARGO Master Spółka z o.o.,,1,,,,,,,,,,,1
Stara Piła,POLREGIO Spółka Akcyjna,,,252,360,372,360,372,371,360,372,360,372,3551
Stara Piła ,,,1,252,360,372,360,372,371,360,372,360,372,3552
Gdańsk Kokoszki,POLREGIO Spółka Akcyjna,,,252,360,372,360,372,372,360,372,360,372,3552
Gdańsk Kokoszki ,,,,252,360,372,360,372,372,360,372,360,372,3552
Żukowo Zachodnie,POLREGIO Spółka Akcyjna,,,252,360,372,360,372,371,360,372,360,372,3551
Żukowo Zachodnie ,,,,252,360,372,360,372,371,360,372,360,372,3551
Otomino,POLREGIO Spółka Akcyjna,,,252,360,372,360,372,371,360,372,360,372,3551
Otomino ,,,,252,360,372,360,372,371,360,372,360,372,3551
Leźno,POLREGIO Spółka Akcyjna,,,252,360,372,360,372,371,360,372,360,372,3551
Leźno ,,,,252,360,372,360,372,371,360,372,360,372,3551
Popowo Skwierzyńskie,POLREGIO Spółka Akcyjna,224,240,326,301,245,310,360,281,314,317,293,334,3545
Popowo Skwierzyńskie ,,224,240,326,301,245,310,360,281,314,317,293,334,3545
Pogwizdów,Koleje Śląskie Spółka z o.o.,310,290,305,292,310,294,307,310,295,309,258,260,3540
Pogwizdów ,,310,290,305,292,310,294,307,310,295,309,258,260,3540
Kundzin,POLREGIO Spółka Akcyjna,297,282,298,292,302,290,297,300,290,302,292,298,3540
Kundzin ,,297,282,298,292,302,290,297,300,290,302,292,298,3540
Kuźnica Białostocka,POLREGIO Spółka Akcyjna,297,282,298,292,302,290,297,300,290,302,292,298,3540
Kuźnica Białostocka ,,297,282,298,292,302,290,297,300,290,302,292,298,3540
Kończyce,Koleje Śląskie Spółka z o.o.,310,290,305,292,310,294,307,310,295,309,258,260,3540
Kończyce ,,310,290,305,292,310,294,307,310,295,309,258,260,3540
Kaczyce,Koleje Śląskie Spółka z o.o.,310,290,305,292,310,294,307,310,295,309,258,260,3540
Kaczyce ,,310,290,305,292,310,294,307,310,295,309,258,260,3540
Czuprynowo,POLREGIO Spółka Akcyjna,297,282,298,292,302,290,297,300,290,302,292,298,3540
Czuprynowo ,,297,282,298,292,302,290,297,300,290,302,292,298,3540
Cieszyn Marklowice,Koleje Śląskie Spółka z o.o.,310,290,305,292,310,294,307,310,295,309,258,260,3540
Cieszyn Marklowice ,,310,290,305,292,310,294,307,310,295,309,258,260,3540
Złojec,POLREGIO Spółka Akcyjna,296,282,295,292,302,290,300,301,291,302,288,297,3536
Złojec ,,296,282,295,292,302,290,300,301,291,302,288,297,3536
Krzak,POLREGIO Spółka Akcyjna,296,282,295,292,302,290,300,301,291,302,288,297,3536
Krzak ,,296,282,295,292,302,290,300,301,291,302,288,297,3536
Tarzymiechy,POLREGIO Spółka Akcyjna,296,282,295,292,302,290,300,301,291,302,287,297,3535
Tarzymiechy ,,296,282,295,292,302,290,300,301,291,302,287,297,3535
Krasnystaw Fabryczny,POLREGIO Spółka Akcyjna,296,282,295,292,302,290,300,301,291,302,287,297,3535
Krasnystaw Fabryczny ,,296,282,295,292,302,290,300,301,291,302,287,297,3535
Wólka Orłowska,POLREGIO Spółka Akcyjna,296,282,295,292,302,290,300,301,289,302,286,297,3532
Wólka Orłowska ,,296,282,295,292,302,290,300,301,289,302,286,297,3532
Lutol Suchy,POLREGIO Spółka Akcyjna,224,240,326,302,245,310,358,283,314,356,208,334,3500
Lutol Suchy ,,224,240,326,302,245,310,358,283,314,356,208,334,3500
Dąbrówka Wielkopolska,POLREGIO Spółka Akcyjna,224,240,326,302,245,310,358,283,314,356,208,334,3500
Dąbrówka Wielkopolska ,,224,240,326,302,245,310,358,283,314,356,208,334,3500
Chociszewo Rogoziniec,POLREGIO Spółka Akcyjna,224,240,326,302,245,310,358,283,314,356,208,334,3500
Chociszewo Rogoziniec ,,224,240,326,302,245,310,358,283,314,356,208,334,3500
Sucha Beskidzka Zamek,Koleje Małopolskie Sp. z o.o.,18,16,,,14,12,16,22,2,,,16,116
Sucha Beskidzka Zamek,Koleje Śląskie Spółka z o.o.,,,,,,,,,,,,14,14
Sucha Beskidzka Zamek,PKP INTERCITY Spółka Akcyjna ,309,287,248,235,248,292,371,331,270,277,201,300,3369
Sucha Beskidzka Zamek ,,327,303,248,235,262,304,387,353,272,277,201,330,3499
Szydłowo Krajeńskie,POLREGIO Spółka Akcyjna,293,282,290,286,283,285,300,294,290,299,272,306,3480
Szydłowo Krajeńskie ,,293,282,290,286,283,285,300,294,290,299,272,306,3480
Dobino Wałeckie,POLREGIO Spółka Akcyjna,293,282,290,286,283,285,300,294,290,299,272,306,3480
Dobino Wałeckie ,,293,282,290,286,283,285,300,294,290,299,272,306,3480
Gorzuchów Kłodzki,Koleje Dolnośląskie S.A.,308,287,308,298,308,300,308,306,139,304,297,306,3469
Gorzuchów Kłodzki ,,308,287,308,298,308,300,308,306,139,304,297,306,3469
Bierkowice,Koleje Dolnośląskie S.A.,308,287,308,298,308,300,308,306,139,304,297,306,3469
Bierkowice ,,308,287,308,298,308,300,308,306,139,304,297,306,3469
Biały Bór,CARGO Master Spółka z o.o.,,,,,2,,,,,,,,2
Biały Bór,POLREGIO Spółka Akcyjna,289,278,293,285,281,281,298,276,286,297,281,318,3463
Biały Bór ,,289,278,293,285,283,281,298,276,286,297,281,318,3465
Gwda Mała,POLREGIO Spółka Akcyjna,289,278,293,285,281,281,298,276,286,295,281,318,3461
Gwda Mała ,,289,278,293,285,281,281,298,276,286,295,281,318,3461
Drzonowo,POLREGIO Spółka Akcyjna,289,278,293,285,281,281,298,276,286,295,281,318,3461
Drzonowo ,,289,278,293,285,281,281,298,276,286,295,281,318,3461
Sińczyca,POLREGIO Spółka Akcyjna,305,228,280,306,276,186,367,342,318,328,228,294,3458
Sińczyca ,,305,228,280,306,276,186,367,342,318,328,228,294,3458
Nowy Jarosław,POLREGIO Spółka Akcyjna,305,228,280,306,276,186,367,342,318,328,228,294,3458
Nowy Jarosław ,,305,228,280,306,276,186,367,342,318,328,228,294,3458
Darłowo,POLREGIO Spółka Akcyjna,305,228,280,306,276,186,367,342,318,328,228,294,3458
Darłowo ,,305,228,280,306,276,186,367,342,318,328,228,294,3458
Boleszewo,POLREGIO Spółka Akcyjna,305,228,280,306,276,186,367,342,318,328,228,294,3458
Boleszewo ,,305,228,280,306,276,186,367,342,318,328,228,294,3458
Pruchna,Koleje Śląskie Spółka z o.o.,310,290,310,300,310,294,307,310,241,248,240,260,3420
Pruchna ,,310,290,310,300,310,294,307,310,241,248,240,260,3420
Drogomyśl,Koleje Śląskie Spółka z o.o.,310,290,310,300,310,294,307,310,241,248,240,260,3420
Drogomyśl ,,310,290,310,300,310,294,307,310,241,248,240,260,3420
Rudnik Stróża,POLREGIO Spółka Akcyjna,322,286,303,308,312,250,184,186,314,330,304,314,3413
Rudnik Stróża ,,322,286,303,308,312,250,184,186,314,330,304,314,3413
Nisko Racławice,POLREGIO Spółka Akcyjna,322,286,303,308,312,250,184,186,314,330,304,314,3413
Nisko Racławice ,,322,286,303,308,312,250,184,186,314,330,304,314,3413
Nisko Osiedle,POLREGIO Spółka Akcyjna,322,286,303,308,312,250,184,186,314,330,304,314,3413
Nisko Osiedle ,,322,286,303,308,312,250,184,186,314,330,304,314,3413
Nisko Podwolina,POLREGIO Spółka Akcyjna,322,286,303,308,312,250,184,186,314,330,304,314,3413
Nisko Podwolina ,,322,286,303,308,312,250,184,186,314,330,304,314,3413
Moskale,POLREGIO Spółka Akcyjna,322,286,303,308,312,250,184,186,314,330,304,314,3413
Moskale ,,322,286,303,308,312,250,184,186,314,330,304,314,3413
Panowice,POLREGIO Spółka Akcyjna,224,240,326,301,245,310,358,281,314,241,195,334,3369
Panowice ,,224,240,326,301,245,310,358,281,314,241,195,334,3369
Bukowiec Międzyrzecki,POLREGIO Spółka Akcyjna,224,240,326,301,245,310,358,281,314,241,195,334,3369
Bukowiec Międzyrzecki ,,224,240,326,301,245,310,358,281,314,241,195,334,3369
Stary Wielisław,Koleje Dolnośląskie S.A.,418,395,422,416,422,404,412,426,,,,,3315
Stary Wielisław ,,418,395,422,416,422,404,412,426,,,,,3315
Szczecinek Chyże,POLREGIO Spółka Akcyjna,387,366,375,381,402,392,396,402,9,,,199,3309
Szczecinek Chyże ,,387,366,375,381,402,392,396,402,9,,,199,3309
Grzmiąca,POLREGIO Spółka Akcyjna,387,366,371,381,402,392,396,402,9,,,199,3305
Grzmiąca ,,387,366,371,381,402,392,396,402,9,,,199,3305
Tychowo,POLREGIO Spółka Akcyjna,387,366,375,381,402,384,380,384,9,,,199,3267
Tychowo ,,387,366,375,381,402,384,380,384,9,,,199,3267
Osie,Arriva RP Sp. z o.o.,220,204,258,270,267,279,304,296,288,305,285,290,3266
Osie ,,220,204,258,270,267,279,304,296,288,305,285,290,3266
Kwiatki,Arriva RP Sp. z o.o.,220,204,258,270,267,279,304,296,288,305,285,290,3266
Kwiatki ,,220,204,258,270,267,279,304,296,288,305,285,290,3266
Dąbrowy,Arriva RP Sp. z o.o.,220,204,258,270,267,279,304,296,288,305,285,290,3266
Dąbrowy ,,220,204,258,270,267,279,304,296,288,305,285,290,3266
Czersk Świecki,Arriva RP Sp. z o.o.,220,204,258,270,267,279,304,296,288,305,285,290,3266
Czersk Świecki ,,220,204,258,270,267,279,304,296,288,305,285,290,3266
Tleń,Arriva RP Sp. z o.o.,220,204,258,270,266,279,304,296,288,305,285,290,3265
Tleń ,,220,204,258,270,266,279,304,296,288,305,285,290,3265
Śliwice,Arriva RP Sp. z o.o.,220,204,258,270,266,279,304,296,288,305,285,290,3265
Śliwice ,,220,204,258,270,266,279,304,296,288,305,285,290,3265
Śliwiczki,Arriva RP Sp. z o.o.,220,204,258,270,266,279,304,296,288,305,285,290,3265
Śliwiczki ,,220,204,258,270,266,279,304,296,288,305,285,290,3265
Łążek,Arriva RP Sp. z o.o.,220,204,258,270,266,279,304,296,288,305,285,290,3265
Łążek ,,220,204,258,270,266,279,304,296,288,305,285,290,3265
Laski Tucholskie,Arriva RP Sp. z o.o.,220,204,258,270,266,279,304,296,288,305,285,290,3265
Laski Tucholskie ,,220,204,258,270,266,279,304,296,288,305,285,290,3265
Nowy Świętów,CARGO Master Spółka z o.o.,,,,3,,,,,,,,,3
Nowy Świętów,PKP INTERCITY Spółka Akcyjna ,,,,,,,,2,,,,,2
Nowy Świętów,POLREGIO Spółka Akcyjna,243,259,272,286,276,290,302,309,206,286,275,241,3245
Nowy Świętów ,,243,259,272,289,276,290,302,311,206,286,275,241,3250
Knurów,Koleje Śląskie Spółka z o.o.,36,32,40,36,52,213,280,291,538,554,533,592,3197
Knurów ,,36,32,40,36,52,213,280,291,538,554,533,592,3197
Słosinko,POLREGIO Spółka Akcyjna,289,278,293,13,280,281,298,276,286,297,281,318,3190
Słosinko ,,289,278,293,13,280,281,298,276,286,297,281,318,3190
Zagórz,PKP INTERCITY Spółka Akcyjna ,124,116,124,120,124,120,123,122,122,124,120,124,1463
Zagórz,POLREGIO Spółka Akcyjna,128,126,126,126,120,156,201,198,166,138,114,120,1719
Zagórz,SKPL Cargo Sp. z o.o.  (przewozy pasażerskie),,,,,,2,,,,2,,,4
Zagórz ,,252,242,250,246,244,278,324,320,288,264,234,244,3186
Przyszowice,Koleje Śląskie Spółka z o.o.,36,32,40,36,52,213,277,291,530,550,533,592,3182
Przyszowice ,,36,32,40,36,52,213,277,291,530,550,533,592,3182
Grudziądz Rządz,Arriva RP Sp. z o.o.,,,,,,,,,783,820,780,792,3175
Grudziądz Rządz ,,,,,,,,,,783,820,780,792,3175
Lichkov,Koleje Dolnośląskie S.A.,368,348,372,358,372,351,364,370,,,,134,3037
Lichkov,LEO Express Global a.s.,,,1,,,,,,,,,,1
Lichkov,PKP INTERCITY Spółka Akcyjna ,,,,,,,,,,,,137,137
Lichkov ,,368,348,373,358,372,351,364,370,,,,271,3175
Płońsk,CARGO Master Spółka z o.o.,,,,,1,,,,,,,,1
Płońsk,Koleje Mazowieckie - KM Spółka z o.o.,224,269,344,339,345,323,354,124,,128,338,384,3172
Płońsk ,,224,269,344,339,346,323,354,124,,128,338,384,3173
Żary Kunice,POLREGIO Spółka Akcyjna,255,246,279,273,277,263,268,284,257,254,259,228,3143
Żary Kunice ,,255,246,279,273,277,263,268,284,257,254,259,228,3143
Zduny,Koleje Dolnośląskie S.A.,185,172,184,179,186,178,182,184,178,186,180,320,2314
Zduny,Koleje Wielkopolskie Sp. z o.o.,106,100,104,107,156,148,107,,,,,,828
Zduny ,,291,272,288,286,342,326,289,184,178,186,180,320,3142
Wieluń Dąbrowa,Koleje Śląskie Spółka z o.o.,,,,,,4,,,,,,,4
Wieluń Dąbrowa,Łódzka Kolej Aglomeracyjna Sp. z o.o.,,,,,,8,,,,,,,8
Wieluń Dąbrowa,POLREGIO Spółka Akcyjna,273,246,254,264,254,260,277,249,262,275,256,260,3130
Wieluń Dąbrowa ,,273,246,254,264,254,272,277,249,262,275,256,260,3142
Cieszków,Koleje Dolnośląskie S.A.,185,172,184,179,186,178,182,184,178,186,180,320,2314
Cieszków,Koleje Wielkopolskie Sp. z o.o.,106,100,104,107,156,148,107,,,,,,828
Cieszków ,,291,272,288,286,342,326,289,184,178,186,180,320,3142
Janinów,Koleje Śląskie Spółka z o.o.,,,,,,2,,,,,,,2
Janinów,POLREGIO Spółka Akcyjna,273,246,254,264,254,260,277,249,264,275,256,260,3132
Janinów ,,273,246,254,264,254,262,277,249,264,275,256,260,3134
Przeradz,POLREGIO Spółka Akcyjna,387,366,375,373,374,360,348,341,9,,,199,3132
Przeradz ,,387,366,375,373,374,360,348,341,9,,,199,3132
Pątnów Wieluński,Koleje Śląskie Spółka z o.o.,,,,,,2,,,,,,,2
Pątnów Wieluński,POLREGIO Spółka Akcyjna,273,246,254,264,254,260,277,249,262,275,256,260,3130
Pątnów Wieluński ,,273,246,254,264,254,262,277,249,262,275,256,260,3132
Podborsko,POLREGIO Spółka Akcyjna,387,366,375,373,374,360,348,341,9,,,199,3132
Podborsko ,,387,366,375,373,374,360,348,341,9,,,199,3132
Iwin,POLREGIO Spółka Akcyjna,387,366,375,373,374,360,348,341,9,,,199,3132
Iwin ,,387,366,375,373,374,360,348,341,9,,,199,3132
Jaworzno koło Wielunia,POLREGIO Spółka Akcyjna,273,246,254,264,254,260,277,249,264,275,256,260,3132
Jaworzno koło Wielunia ,,273,246,254,264,254,260,277,249,264,275,256,260,3132
Dalęcino,POLREGIO Spółka Akcyjna,387,366,375,373,374,360,348,341,9,,,199,3132
Dalęcino ,,387,366,375,373,374,360,348,341,9,,,199,3132
Wielanowo,POLREGIO Spółka Akcyjna,386,366,375,373,374,360,348,341,9,,,199,3131
Wielanowo ,,386,366,375,373,374,360,348,341,9,,,199,3131
Panki,Koleje Śląskie Spółka z o.o.,,,,,,2,,,,,,,2
Panki,POLREGIO Spółka Akcyjna,273,246,254,264,255,255,277,249,264,275,256,260,3128
Panki ,,273,246,254,264,255,257,277,249,264,275,256,260,3130
Dzietrzniki,POLREGIO Spółka Akcyjna,273,246,254,264,254,260,277,249,262,275,256,260,3130
Dzietrzniki ,,273,246,254,264,254,260,277,249,262,275,256,260,3130
Kuleje,POLREGIO Spółka Akcyjna,273,246,254,264,255,255,272,249,264,275,256,260,3123
Kuleje ,,273,246,254,264,255,255,272,249,264,275,256,260,3123
Kudowa-Zdrój,Koleje Dolnośląskie S.A.,373,353,376,369,379,364,384,386,,,,,2984
Kudowa-Zdrój,PKP INTERCITY Spółka Akcyjna ,16,16,20,18,22,16,11,18,,,,,137
Kudowa-Zdrój ,,389,369,396,387,401,380,395,404,,,,,3121
Stawiguda,POLREGIO Spółka Akcyjna,248,234,240,238,236,250,278,270,264,278,256,264,3056
Stawiguda ,,248,234,240,238,236,250,278,270,264,278,256,264,3056
Gryźliny,POLREGIO Spółka Akcyjna,248,234,240,238,236,250,278,270,264,278,256,264,3056
Gryźliny ,,248,234,240,238,236,250,278,270,264,278,256,264,3056
Gągławki,POLREGIO Spółka Akcyjna,248,234,240,238,236,250,278,270,264,278,256,264,3056
Gągławki ,,248,234,240,238,236,250,278,270,264,278,256,264,3056
Bartąg,POLREGIO Spółka Akcyjna,248,234,240,238,236,250,278,270,264,278,256,264,3056
Bartąg ,,248,234,240,238,236,250,278,270,264,278,256,264,3056
Zakrzów-Sarnowo,POLREGIO Spółka Akcyjna,248,234,240,238,236,250,278,270,264,278,256,263,3055
Zakrzów-Sarnowo ,,248,234,240,238,236,250,278,270,264,278,256,263,3055
Wietrzychowo,POLREGIO Spółka Akcyjna,248,234,240,238,236,250,278,270,264,278,256,263,3055
Wietrzychowo ,,248,234,240,238,236,250,278,270,264,278,256,263,3055
Waplewo,POLREGIO Spółka Akcyjna,248,234,240,238,236,250,278,270,264,278,256,263,3055
Waplewo ,,248,234,240,238,236,250,278,270,264,278,256,263,3055
Kozłowo,POLREGIO Spółka Akcyjna,248,234,240,238,236,250,278,270,264,278,256,263,3055
Kozłowo ,,248,234,240,238,236,250,278,270,264,278,256,263,3055
Dobrzyń,POLREGIO Spółka Akcyjna,248,234,240,238,236,250,278,270,264,278,256,263,3055
Dobrzyń ,,248,234,240,238,236,250,278,270,264,278,256,263,3055
Bujaki,POLREGIO Spółka Akcyjna,248,234,240,238,236,250,278,270,264,278,256,263,3055
Bujaki ,,248,234,240,238,236,250,278,270,264,278,256,263,3055
Medyka,PKP INTERCITY Spółka Akcyjna ,,2,,1,2,,2,1,5,1,,1,15
Medyka,POLREGIO Spółka Akcyjna,158,158,204,230,276,272,296,292,288,308,272,284,3038
Medyka ,,158,160,204,231,278,272,298,293,293,309,272,285,3053
Przemyśl Wschodni,POLREGIO Spółka Akcyjna,158,158,204,230,276,272,296,292,288,308,272,284,3038
Przemyśl Wschodni ,,158,158,204,230,276,272,296,292,288,308,272,284,3038
Medyka Towarowa,POLREGIO Spółka Akcyjna,158,158,204,230,276,272,296,292,288,308,272,284,3038
Medyka Towarowa ,,158,158,204,230,276,272,296,292,288,308,272,284,3038
Medyka Rozrządowa,POLREGIO Spółka Akcyjna,158,158,204,230,276,272,296,292,288,308,272,284,3038
Medyka Rozrządowa ,,158,158,204,230,276,272,296,292,288,308,272,284,3038
Hurko,POLREGIO Spółka Akcyjna,158,158,204,230,276,272,296,292,288,308,272,284,3038
Hurko ,,158,158,204,230,276,272,296,292,288,308,272,284,3038
Myśliczyn,POLREGIO Spółka Akcyjna,244,252,247,257,248,244,275,268,235,276,254,225,3025
Myśliczyn ,,244,252,247,257,248,244,275,268,235,276,254,225,3025
Skoroszyce,POLREGIO Spółka Akcyjna,244,252,247,256,248,244,275,268,235,276,254,225,3024
Skoroszyce ,,244,252,247,256,248,244,275,268,235,276,254,225,3024
Pakosławice,POLREGIO Spółka Akcyjna,244,252,247,256,248,244,275,268,235,276,254,225,3024
Pakosławice ,,244,252,247,256,248,244,275,268,235,276,254,225,3024
Grodków Śląski,PKP INTERCITY Spółka Akcyjna ,,,,,,,,1,,,,,1
Grodków Śląski,POLREGIO Spółka Akcyjna,244,252,246,256,248,244,275,268,235,276,254,225,3023
Grodków Śląski ,,244,252,246,256,248,244,275,269,235,276,254,225,3024
Chróścina Nyska,POLREGIO Spółka Akcyjna,244,252,247,256,248,244,275,268,235,276,254,225,3024
Chróścina Nyska ,,244,252,247,256,248,244,275,268,235,276,254,225,3024
Stary Grodków,POLREGIO Spółka Akcyjna,244,252,246,256,248,244,275,268,235,276,254,225,3023
Stary Grodków ,,244,252,246,256,248,244,275,268,235,276,254,225,3023
Lipowa Śląska,POLREGIO Spółka Akcyjna,244,252,245,256,248,245,275,268,235,276,254,224,3022
Lipowa Śląska ,,244,252,245,256,248,245,275,268,235,276,254,224,3022
Olszanka,POLREGIO Spółka Akcyjna,244,251,245,256,248,245,275,268,235,276,254,224,3021
Olszanka ,,244,251,245,256,248,245,275,268,235,276,254,224,3021
Czeska Wieś,POLREGIO Spółka Akcyjna,244,251,245,256,248,245,275,268,235,276,254,224,3021
Czeska Wieś ,,244,251,245,256,248,245,275,268,235,276,254,224,3021
Dobre Miasto,PKP INTERCITY Spółka Akcyjna ,,,,,,,1,,,,,,1
Dobre Miasto,POLREGIO Spółka Akcyjna,247,234,237,237,242,244,270,263,255,270,251,246,2996
Dobre Miasto ,,247,234,237,237,242,244,271,263,255,270,251,246,2997
Swobodna,POLREGIO Spółka Akcyjna,247,234,237,237,242,244,270,263,255,270,251,246,2996
Swobodna ,,247,234,237,237,242,244,270,263,255,270,251,246,2996
Cerkiewnik,POLREGIO Spółka Akcyjna,247,234,237,237,242,244,270,263,255,270,251,246,2996
Cerkiewnik ,,247,234,237,237,242,244,270,263,255,270,251,246,2996
Bukwałd,POLREGIO Spółka Akcyjna,247,234,237,237,242,244,270,263,255,270,251,246,2996
Bukwałd ,,247,234,237,237,242,244,270,263,255,270,251,246,2996
Orneta,PKP INTERCITY Spółka Akcyjna ,,,,,,,1,,,,,,1
Orneta,POLREGIO Spółka Akcyjna,247,233,237,236,242,244,270,263,255,270,251,246,2994
Orneta ,,247,233,237,236,242,244,271,263,255,270,251,246,2995
Rogiedle,POLREGIO Spółka Akcyjna,247,233,237,236,242,244,270,263,255,270,251,246,2994
Rogiedle ,,247,233,237,236,242,244,270,263,255,270,251,246,2994
Pieniężno,PKP INTERCITY Spółka Akcyjna ,,,,,,,1,,,,,,1
Pieniężno,POLREGIO Spółka Akcyjna,247,233,237,236,242,244,270,262,255,270,251,246,2993
Pieniężno ,,247,233,237,236,242,244,271,262,255,270,251,246,2994
Lubomino,POLREGIO Spółka Akcyjna,247,233,237,236,242,244,270,263,255,270,251,246,2994
Lubomino ,,247,233,237,236,242,244,270,263,255,270,251,246,2994
Bzowiec,POLREGIO Spółka Akcyjna,247,233,237,236,242,244,270,263,255,270,251,246,2994
Bzowiec ,,247,233,237,236,242,244,270,263,255,270,251,246,2994
Nowy Dwór koło Ornety,POLREGIO Spółka Akcyjna,247,233,237,236,242,244,270,262,255,270,251,246,2993
Nowy Dwór koło Ornety ,,247,233,237,236,242,244,270,262,255,270,251,246,2993
Henrykowo,POLREGIO Spółka Akcyjna,247,233,237,236,242,244,270,262,255,270,251,246,2993
Henrykowo ,,247,233,237,236,242,244,270,262,255,270,251,246,2993
Braniewo,PKP INTERCITY Spółka Akcyjna ,,,,,,,1,,,,,,1
Braniewo,POLREGIO Spółka Akcyjna,247,232,237,236,242,243,270,262,255,270,251,246,2991
Braniewo ,,247,232,237,236,242,243,271,262,255,270,251,246,2992
Żugienie,POLREGIO Spółka Akcyjna,247,232,237,236,242,243,270,262,255,270,251,246,2991
Żugienie ,,247,232,237,236,242,243,270,262,255,270,251,246,2991
Wysoka Braniewska,POLREGIO Spółka Akcyjna,247,232,237,236,242,243,270,262,255,270,251,246,2991
Wysoka Braniewska ,,247,232,237,236,242,243,270,262,255,270,251,246,2991
Grodzie,POLREGIO Spółka Akcyjna,247,232,237,236,242,243,270,262,255,270,251,246,2991
Grodzie ,,247,232,237,236,242,243,270,262,255,270,251,246,2991
Jarzębiec,POLREGIO Spółka Akcyjna,247,232,237,236,242,243,270,262,255,270,251,246,2991
Jarzębiec ,,247,232,237,236,242,243,270,262,255,270,251,246,2991
Jagodin,PKP INTERCITY Spółka Akcyjna ,252,235,253,243,250,247,251,250,244,248,243,249,2965
Jagodin ,,252,235,253,243,250,247,251,250,244,248,243,249,2965
Kaczorowo,Koleje Mazowieckie - KM Spółka z o.o.,224,269,344,339,345,323,354,124,,,238,384,2944
Kaczorowo ,,224,269,344,339,345,323,354,124,,,238,384,2944
Arcelin,Koleje Mazowieckie - KM Spółka z o.o.,224,269,344,339,345,323,354,124,,,238,384,2944
Arcelin ,,224,269,344,339,345,323,354,124,,,238,384,2944
Baboszewo,Koleje Mazowieckie - KM Spółka z o.o.,224,269,344,339,345,323,354,124,,,238,384,2944
Baboszewo ,,224,269,344,339,345,323,354,124,,,238,384,2944
Turzynów,Koleje Wielkopolskie Sp. z o.o.,248,232,248,238,248,240,248,248,238,248,240,248,2924
Turzynów ,,248,232,248,238,248,240,248,248,238,248,240,248,2924
Nowe Kutnowskie,Koleje Wielkopolskie Sp. z o.o.,248,232,248,238,248,240,248,248,238,248,240,248,2924
Nowe Kutnowskie ,,248,232,248,238,248,240,248,248,238,248,240,248,2924
Krzewie,Koleje Wielkopolskie Sp. z o.o.,248,232,248,238,248,240,248,248,238,248,240,248,2924
Krzewie ,,248,232,248,238,248,240,248,248,238,248,240,248,2924
Powroźnik,POLREGIO Spółka Akcyjna,246,232,246,240,248,239,246,248,240,245,240,248,2918
Powroźnik ,,246,232,246,240,248,239,246,248,240,245,240,248,2918
Żurawnica,POLREGIO Spółka Akcyjna,238,232,241,239,246,238,248,248,240,248,240,229,2887
Żurawnica ,,238,232,241,239,246,238,248,248,240,248,240,229,2887
Wólka Niedzieliska,POLREGIO Spółka Akcyjna,238,232,241,239,246,238,248,248,240,248,240,229,2887
Wólka Niedzieliska ,,238,232,241,239,246,238,248,248,240,248,240,229,2887
Niedzieliska-Kolonia,POLREGIO Spółka Akcyjna,238,232,241,239,246,238,248,248,240,248,240,229,2887
Niedzieliska-Kolonia ,,238,232,241,239,246,238,248,248,240,248,240,229,2887
Lewin Kłodzki,Koleje Dolnośląskie S.A.,356,339,356,352,358,344,368,366,,,,,2839
Lewin Kłodzki ,,356,339,356,352,358,344,368,366,,,,,2839
Koźmin Wielkopolski,Koleje Wielkopolskie Sp. z o.o.,168,158,166,173,266,288,306,270,264,278,255,246,2838
Koźmin Wielkopolski ,,168,158,166,173,266,288,306,270,264,278,255,246,2838
Racławice Śląskie,CARGO Master Spółka z o.o.,,,,2,,,,,,,,,2
Racławice Śląskie,POLREGIO Spółka Akcyjna,207,226,232,250,232,250,270,269,204,254,231,197,2822
Racławice Śląskie ,,207,226,232,252,232,250,270,269,204,254,231,197,2824
Twardawa,CARGO Master Spółka z o.o.,,,,2,,,,,,,,,2
Twardawa,POLREGIO Spółka Akcyjna,207,226,232,250,232,250,269,269,203,254,231,197,2820
Twardawa ,,207,226,232,252,232,250,269,269,203,254,231,197,2822
Dytmarów,POLREGIO Spółka Akcyjna,207,226,232,250,232,250,270,269,204,254,231,197,2822
Dytmarów ,,207,226,232,250,232,250,270,269,204,254,231,197,2822
Forst Lausitz,CARGO Master Spółka z o.o.,,,2,,,,,,,,,,2
Forst Lausitz,Koleje Dolnośląskie S.A.,36,32,40,36,36,40,32,40,36,30,44,44,446
Forst Lausitz,POLREGIO Spółka Akcyjna,216,210,197,206,102,198,224,195,210,219,188,198,2363
Forst Lausitz ,,252,242,239,242,138,238,256,235,246,249,232,242,2811
Zasieki,Koleje Dolnośląskie S.A.,36,32,40,36,36,40,32,40,36,30,44,44,446
Zasieki,POLREGIO Spółka Akcyjna,216,210,197,206,102,198,224,195,210,219,188,198,2363
Zasieki ,,252,242,237,242,138,238,256,235,246,249,232,242,2809
Szczejkowice,Koleje Śląskie Spółka z o.o.,230,216,228,222,222,220,232,218,220,232,218,346,2804
Szczejkowice ,,230,216,228,222,222,220,232,218,220,232,218,346,2804
Rybnik Piaski,Koleje Śląskie Spółka z o.o.,230,216,228,222,222,220,232,218,220,232,218,346,2804
Rybnik Piaski ,,230,216,228,222,222,220,232,218,220,232,218,346,2804
Szybowice,CARGO Master Spółka z o.o.,,,,1,,,,,,,,,1
Szybowice,POLREGIO Spółka Akcyjna,207,227,232,250,232,250,270,269,173,254,231,197,2792
Szybowice ,,207,227,232,251,232,250,270,269,173,254,231,197,2793
Nowy Las,POLREGIO Spółka Akcyjna,207,227,232,250,232,250,270,269,173,254,231,197,2792
Nowy Las ,,207,227,232,250,232,250,270,269,173,254,231,197,2792
Żulin,POLREGIO Spółka Akcyjna,236,224,235,232,240,230,238,239,231,240,227,205,2777
Żulin ,,236,224,235,232,240,230,238,239,231,240,227,205,2777
Zagrody Kościół,POLREGIO Spółka Akcyjna,236,224,235,232,240,230,238,239,231,240,227,205,2777
Zagrody Kościół ,,236,224,235,232,240,230,238,239,231,240,227,205,2777
Siódmak,Koleje Mazowieckie - KM Spółka z o.o.,,,,,,,,,,,,68,68
Siódmak,POLREGIO Spółka Akcyjna,239,226,231,203,210,218,248,249,231,237,233,180,2705
Siódmak ,,239,226,231,203,210,218,248,249,231,237,233,248,2773
Szczepki,POLREGIO Spółka Akcyjna,230,216,228,222,225,220,254,256,222,232,215,226,2746
Szczepki ,,230,216,228,222,225,220,254,256,222,232,215,226,2746
Różanystok,POLREGIO Spółka Akcyjna,230,216,228,222,226,220,254,255,222,232,215,226,2746
Różanystok ,,230,216,228,222,226,220,254,255,222,232,215,226,2746
Sidra,POLREGIO Spółka Akcyjna,230,216,228,222,226,220,254,255,222,232,215,226,2746
Sidra ,,230,216,228,222,226,220,254,255,222,232,215,226,2746
Płociczno koło Suwałk,POLREGIO Spółka Akcyjna,230,216,228,222,225,220,254,256,222,232,215,226,2746
Płociczno koło Suwałk ,,230,216,228,222,225,220,254,256,222,232,215,226,2746
Racewo,POLREGIO Spółka Akcyjna,230,216,228,222,226,220,254,255,222,232,215,226,2746
Racewo ,,230,216,228,222,226,220,254,255,222,232,215,226,2746
Ostrowie Biebrzańskie,POLREGIO Spółka Akcyjna,230,216,228,222,226,220,254,255,222,232,215,226,2746
Ostrowie Biebrzańskie ,,230,216,228,222,226,220,254,255,222,232,215,226,2746
Kamienna Nowa,POLREGIO Spółka Akcyjna,230,216,228,222,226,220,254,255,222,232,215,226,2746
Kamienna Nowa ,,230,216,228,222,226,220,254,255,222,232,215,226,2746
Gliniszcze,POLREGIO Spółka Akcyjna,230,216,228,222,226,220,254,255,222,232,215,226,2746
Gliniszcze ,,230,216,228,222,226,220,254,255,222,232,215,226,2746
Jastrzębna,POLREGIO Spółka Akcyjna,230,216,228,222,226,220,254,255,222,232,215,226,2746
Jastrzębna ,,230,216,228,222,226,220,254,255,222,232,215,226,2746
Blizna,POLREGIO Spółka Akcyjna,230,216,228,222,225,220,254,256,222,232,215,226,2746
Blizna ,,230,216,228,222,225,220,254,256,222,232,215,226,2746
Augustów Port,POLREGIO Spółka Akcyjna,230,216,228,222,225,220,254,256,222,232,215,226,2746
Augustów Port ,,230,216,228,222,225,220,254,256,222,232,215,226,2746
Balinka,POLREGIO Spółka Akcyjna,230,216,228,222,226,220,254,255,222,232,215,226,2746
Balinka ,,230,216,228,222,226,220,254,255,222,232,215,226,2746
Kędzierzyn-Koźle Przystanek,CARGO Master Spółka z o.o.,,,,1,,,,,,,,,1
Kędzierzyn-Koźle Przystanek,POLREGIO Spółka Akcyjna,207,226,232,160,233,250,269,269,203,254,231,197,2731
Kędzierzyn-Koźle Przystanek ,,207,226,232,161,233,250,269,269,203,254,231,197,2732
Kędzierzyn-Koźle Zachodnie,POLREGIO Spółka Akcyjna,207,226,232,160,233,250,269,269,203,254,231,197,2731
Kędzierzyn-Koźle Zachodnie ,,207,226,232,160,233,250,269,269,203,254,231,197,2731
Pokrzywnica,POLREGIO Spółka Akcyjna,207,226,232,160,232,250,269,269,203,254,231,197,2730
Pokrzywnica ,,207,226,232,160,232,250,269,269,203,254,231,197,2730
Włoszczowice,POLREGIO Spółka Akcyjna,226,216,228,222,226,220,232,228,220,232,218,260,2728
Włoszczowice ,,226,216,228,222,226,220,232,228,220,232,218,260,2728
Dębska Wola,POLREGIO Spółka Akcyjna,226,216,228,222,226,220,232,228,220,232,218,260,2728
Dębska Wola ,,226,216,228,222,226,220,232,228,220,232,218,260,2728
Brzeziny,POLREGIO Spółka Akcyjna,226,216,228,222,226,220,232,228,220,232,218,260,2728
Brzeziny ,,226,216,228,222,226,220,232,228,220,232,218,260,2728
Rogóźno Pomorskie,POLREGIO Spółka Akcyjna,310,288,310,300,50,220,306,310,10,10,300,310,2724
Rogóźno Pomorskie ,,310,288,310,300,50,220,306,310,10,10,300,310,2724
Grudziądz Owczarki,POLREGIO Spółka Akcyjna,310,287,310,300,50,220,306,310,10,10,300,310,2723
Grudziądz Owczarki ,,310,287,310,300,50,220,306,310,10,10,300,310,2723
Grudziądz Tuszewo,POLREGIO Spółka Akcyjna,310,287,310,300,50,220,306,310,10,10,300,310,2723
Grudziądz Tuszewo ,,310,287,310,300,50,220,306,310,10,10,300,310,2723
Wkra,Koleje Mazowieckie - KM Spółka z o.o.,224,269,344,339,345,323,,,,128,338,384,2694
Wkra ,,224,269,344,339,345,323,,,,128,338,384,2694
Dalanówek,Koleje Mazowieckie - KM Spółka z o.o.,224,269,344,339,345,323,,,,128,338,384,2694
Dalanówek ,,224,269,344,339,345,323,,,,128,338,384,2694
Cieksyn,Koleje Mazowieckie - KM Spółka z o.o.,224,269,344,339,345,323,,,,128,338,384,2694
Cieksyn ,,224,269,344,339,345,323,,,,128,338,384,2694
Grudze,Łódzka Kolej Aglomeracyjna Sp. z o.o.,909,858,922,,,,,,,,,,2689
Grudze ,,909,858,922,,,,,,,,,,2689
Susiec,POLREGIO Spółka Akcyjna,239,232,241,239,247,225,186,186,184,215,240,229,2663
Susiec ,,239,232,241,239,247,225,186,186,184,215,240,229,2663
Maziły,POLREGIO Spółka Akcyjna,239,232,241,239,247,225,186,186,184,215,240,229,2663
Maziły ,,239,232,241,239,247,225,186,186,184,215,240,229,2663
Bełżec Drugi,POLREGIO Spółka Akcyjna,239,232,241,239,247,225,186,186,184,215,240,229,2663
Bełżec Drugi ,,239,232,241,239,247,225,186,186,184,215,240,229,2663
Bełżec,POLREGIO Spółka Akcyjna,239,232,241,239,247,225,186,186,184,215,240,229,2663
Bełżec ,,239,232,241,239,247,225,186,186,184,215,240,229,2663
Nowiny,POLREGIO Spółka Akcyjna,238,232,241,239,246,225,186,186,184,215,240,229,2661
Nowiny ,,238,232,241,239,246,225,186,186,184,215,240,229,2661
Józefów Roztoczański,POLREGIO Spółka Akcyjna,238,232,241,239,246,225,186,186,184,215,240,229,2661
Józefów Roztoczański ,,238,232,241,239,246,225,186,186,184,215,240,229,2661
Długi Kąt,POLREGIO Spółka Akcyjna,238,232,241,239,246,225,186,186,184,215,240,229,2661
Długi Kąt ,,238,232,241,239,246,225,186,186,184,215,240,229,2661
Kołobrzeg Amfiteatr,POLREGIO Spółka Akcyjna,,,,,,278,406,400,377,398,372,419,2650
Kołobrzeg Amfiteatr ,,,,,,,278,406,400,377,398,372,419,2650
Lipusz,POLREGIO Spółka Akcyjna,224,216,214,208,222,214,230,203,220,232,216,225,2624
Lipusz ,,224,216,214,208,222,214,230,203,220,232,216,225,2624
Męcikał,POLREGIO Spółka Akcyjna,225,216,214,208,222,214,230,203,219,232,215,225,2623
Męcikał ,,225,216,214,208,222,214,230,203,219,232,215,225,2623
Brusy,POLREGIO Spółka Akcyjna,225,216,214,208,222,214,230,203,219,232,215,225,2623
Brusy ,,225,216,214,208,222,214,230,203,219,232,215,225,2623
Powałki,POLREGIO Spółka Akcyjna,225,216,214,208,222,214,228,203,219,232,216,225,2622
Powałki ,,225,216,214,208,222,214,228,203,219,232,216,225,2622
Łubiana,POLREGIO Spółka Akcyjna,224,216,214,208,222,214,230,203,218,232,216,225,2622
Łubiana ,,224,216,214,208,222,214,230,203,218,232,216,225,2622
Lubnia,POLREGIO Spółka Akcyjna,224,216,214,208,222,214,230,203,219,232,215,225,2622
Lubnia ,,224,216,214,208,222,214,230,203,219,232,215,225,2622
Dziemiany Kaszubskie,POLREGIO Spółka Akcyjna,224,216,214,208,222,214,230,203,219,232,215,225,2622
Dziemiany Kaszubskie ,,224,216,214,208,222,214,230,203,219,232,215,225,2622
Żabno koło Chojnic,POLREGIO Spółka Akcyjna,225,216,214,208,222,214,228,203,219,232,215,225,2621
Żabno koło Chojnic ,,225,216,214,208,222,214,228,203,219,232,215,225,2621
Raduń,POLREGIO Spółka Akcyjna,224,216,214,208,222,214,228,203,219,232,215,225,2620
Raduń ,,224,216,214,208,222,214,228,203,219,232,215,225,2620
Lipuska Huta,POLREGIO Spółka Akcyjna,224,216,214,208,222,214,228,203,219,232,215,225,2620
Lipuska Huta ,,224,216,214,208,222,214,228,203,219,232,215,225,2620
Kalisz Kaszubski,POLREGIO Spółka Akcyjna,224,216,214,208,222,214,228,203,219,232,215,225,2620
Kalisz Kaszubski ,,224,216,214,208,222,214,228,203,219,232,215,225,2620
Garczyn,POLREGIO Spółka Akcyjna,224,216,214,208,222,214,228,203,218,232,216,225,2620
Garczyn ,,224,216,214,208,222,214,228,203,218,232,216,225,2620
Zastocze,POLREGIO Spółka Akcyjna,222,207,218,216,223,209,224,220,213,224,212,222,2610
Zastocze ,,222,207,218,216,223,209,224,220,213,224,212,222,2610
Knyszyn,POLREGIO Spółka Akcyjna,222,207,218,216,223,209,224,220,213,224,212,222,2610
Knyszyn ,,222,207,218,216,223,209,224,220,213,224,212,222,2610
Czechowizna,POLREGIO Spółka Akcyjna,222,207,218,216,223,209,224,220,213,224,212,222,2610
Czechowizna ,,222,207,218,216,223,209,224,220,213,224,212,222,2610
Dobrzyniewo Duże,POLREGIO Spółka Akcyjna,220,207,218,216,223,209,224,218,213,224,212,222,2606
Dobrzyniewo Duże ,,220,207,218,216,223,209,224,218,213,224,212,222,2606
Fasty,POLREGIO Spółka Akcyjna,220,207,218,216,223,209,224,218,213,224,212,222,2606
Fasty ,,220,207,218,216,223,209,224,218,213,224,212,222,2606
Białystok Bacieczki,POLREGIO Spółka Akcyjna,220,207,218,216,223,209,224,218,213,224,212,222,2606
Białystok Bacieczki ,,220,207,218,216,223,209,224,218,213,224,212,222,2606
Borsukówka,POLREGIO Spółka Akcyjna,220,207,218,216,223,209,224,218,213,224,212,222,2606
Borsukówka ,,220,207,218,216,223,209,224,218,213,224,212,222,2606
Białystok Starosielce,POLREGIO Spółka Akcyjna,220,207,218,216,223,209,224,218,213,224,212,220,2604
Białystok Starosielce ,,220,207,218,216,223,209,224,218,213,224,212,220,2604
Wierzawice,POLREGIO Spółka Akcyjna,234,202,221,224,232,190,184,186,230,238,228,234,2603
Wierzawice ,,234,202,221,224,232,190,184,186,230,238,228,234,2603
Tryńcza,POLREGIO Spółka Akcyjna,234,202,221,224,232,190,184,186,230,238,228,234,2603
Tryńcza ,,234,202,221,224,232,190,184,186,230,238,228,234,2603
Nowa Sarzyna Kolonia,POLREGIO Spółka Akcyjna,234,202,221,224,232,190,184,186,230,238,228,234,2603
Nowa Sarzyna Kolonia ,,234,202,221,224,232,190,184,186,230,238,228,234,2603
Łętownia,POLREGIO Spółka Akcyjna,234,202,221,224,232,190,184,186,230,238,228,234,2603
Łętownia ,,234,202,221,224,232,190,184,186,230,238,228,234,2603
Grodzisko Dolne,POLREGIO Spółka Akcyjna,234,202,221,224,232,190,184,186,230,238,228,234,2603
Grodzisko Dolne ,,234,202,221,224,232,190,184,186,230,238,228,234,2603
Gniewczyna,POLREGIO Spółka Akcyjna,234,202,221,224,232,190,184,186,230,238,228,234,2603
Gniewczyna ,,234,202,221,224,232,190,184,186,230,238,228,234,2603
Jelna,POLREGIO Spółka Akcyjna,234,202,221,224,232,190,184,186,230,238,228,234,2603
Jelna ,,234,202,221,224,232,190,184,186,230,238,228,234,2603
Goniądz,POLREGIO Spółka Akcyjna,222,207,218,216,223,209,224,220,206,224,212,222,2603
Goniądz ,,222,207,218,216,223,209,224,220,206,224,212,222,2603
Ruda,POLREGIO Spółka Akcyjna,222,207,218,216,223,209,224,220,205,224,212,222,2602
Ruda ,,222,207,218,216,223,209,224,220,205,224,212,222,2602
Podlasek,POLREGIO Spółka Akcyjna,222,207,218,216,223,209,224,220,205,224,212,222,2602
Podlasek ,,222,207,218,216,223,209,224,220,205,224,212,222,2602
Prostki,POLREGIO Spółka Akcyjna,222,207,218,216,223,209,224,220,204,224,212,222,2601
Prostki ,,222,207,218,216,223,209,224,220,204,224,212,222,2601
Lipińskie Małe,POLREGIO Spółka Akcyjna,222,208,217,216,222,209,224,220,204,224,212,222,2600
Lipińskie Małe ,,222,208,217,216,222,209,224,220,204,224,212,222,2600
Ełk Szyba Wschód,POLREGIO Spółka Akcyjna,222,208,217,216,221,209,224,220,204,224,212,222,2599
Ełk Szyba Wschód ,,222,208,217,216,221,209,224,220,204,224,212,222,2599
Wielbark,Koleje Mazowieckie - KM Spółka z o.o.,,,,,,,,,,,,68,68
Wielbark,PKP INTERCITY Spółka Akcyjna ,,,,,,,1,,,,,,1
Wielbark,POLREGIO Spółka Akcyjna,203,192,196,195,202,210,232,231,221,231,223,172,2508
Wielbark ,,203,192,196,195,202,210,233,231,221,231,223,240,2577
Szymany,Koleje Mazowieckie - KM Spółka z o.o.,,,,,,,,,,,,68,68
Szymany,POLREGIO Spółka Akcyjna,203,192,195,196,202,210,232,231,221,231,223,172,2508
Szymany ,,203,192,195,196,202,210,232,231,221,231,223,240,2576
Jesionowiec,Koleje Mazowieckie - KM Spółka z o.o.,,,,,,,,,,,,68,68
Jesionowiec,POLREGIO Spółka Akcyjna,203,192,195,195,202,210,232,231,221,231,223,172,2507
Jesionowiec ,,203,192,195,195,202,210,232,231,221,231,223,240,2575
Lipowa Tucholska,Arriva RP Sp. z o.o.,239,220,218,205,210,205,213,212,205,213,203,210,2553
Lipowa Tucholska,CARGO Master Spółka z o.o.,,,,2,,,,,,,,,2
Lipowa Tucholska ,,239,220,218,207,210,205,213,212,205,213,203,210,2555
Zielonka Pomorska,Arriva RP Sp. z o.o.,239,220,218,205,210,205,213,212,205,213,203,210,2553
Zielonka Pomorska ,,239,220,218,205,210,205,213,212,205,213,203,210,2553
Zarośle,Arriva RP Sp. z o.o.,239,220,218,205,210,205,213,212,205,213,203,210,2553
Zarośle ,,239,220,218,205,210,205,213,212,205,213,203,210,2553
Rosochatka,Arriva RP Sp. z o.o.,239,220,218,205,210,205,213,212,205,213,203,210,2553
Rosochatka ,,239,220,218,205,210,205,213,212,205,213,203,210,2553
Małe Gacno,Arriva RP Sp. z o.o.,239,220,218,205,210,205,213,212,205,213,203,210,2553
Małe Gacno ,,239,220,218,205,210,205,213,212,205,213,203,210,2553
Wróblik Szlachecki,PKP INTERCITY Spółka Akcyjna ,124,116,124,120,124,120,123,122,120,124,120,124,1461
Wróblik Szlachecki,POLREGIO Spółka Akcyjna,81,82,74,90,78,94,108,99,99,99,84,86,1074
Wróblik Szlachecki,SKPL Cargo Sp. z o.o.  (przewozy pasażerskie),,,,,,,,,,4,,,4
Wróblik Szlachecki ,,205,198,198,210,202,214,231,221,219,227,204,210,2539
Krosno Miasto,PKP INTERCITY Spółka Akcyjna ,124,116,124,120,124,120,123,122,121,124,120,123,1461
Krosno Miasto,POLREGIO Spółka Akcyjna,81,82,74,90,78,94,108,99,99,99,83,85,1072
Krosno Miasto,SKPL Cargo Sp. z o.o.  (przewozy pasażerskie),,,,,,,,,,4,,,4
Krosno Miasto ,,205,198,198,210,202,214,231,221,220,227,203,208,2537
Krosno,PKP INTERCITY Spółka Akcyjna ,124,116,124,120,124,120,123,122,121,124,120,123,1461
Krosno,POLREGIO Spółka Akcyjna,81,82,74,90,78,94,108,99,99,99,83,85,1072
Krosno,SKPL Cargo Sp. z o.o.  (przewozy pasażerskie),,,,,,,,,,2,,,2
Krosno ,,205,198,198,210,202,214,231,221,220,225,203,208,2535
Jedlicze,PKP INTERCITY Spółka Akcyjna ,124,116,124,120,124,120,123,122,120,124,120,123,1460
Jedlicze,POLREGIO Spółka Akcyjna,81,82,74,90,78,94,108,99,99,99,83,85,1072
Jedlicze ,,205,198,198,210,202,214,231,221,219,223,203,208,2532
Zarszyn,PKP INTERCITY Spółka Akcyjna ,124,116,124,120,124,120,123,122,120,124,120,124,1461
Zarszyn,POLREGIO Spółka Akcyjna,81,82,75,90,78,86,92,80,81,99,84,86,1014
Zarszyn,SKPL Cargo Sp. z o.o.  (przewozy pasażerskie),,,,,,,,,,4,,,4
Zarszyn ,,205,198,199,210,202,206,215,202,201,227,204,210,2479
Nielep,POLREGIO Spółka Akcyjna,206,195,205,199,204,200,209,207,201,209,199,234,2468
Nielep ,,206,195,205,199,204,200,209,207,201,209,199,234,2468
Klępnica,POLREGIO Spółka Akcyjna,206,195,205,199,204,200,209,207,201,209,199,170,2404
Klępnica ,,206,195,205,199,204,200,209,207,201,209,199,170,2404
Kołobrzeg Ogrody,POLREGIO Spółka Akcyjna,,,,,,281,410,403,325,340,306,338,2403
Kołobrzeg Ogrody ,,,,,,,281,410,403,325,340,306,338,2403
Kłodzko Książek,Koleje Dolnośląskie S.A.,296,282,304,298,302,289,289,306,,,,,2366
Kłodzko Książek ,,296,282,304,298,302,289,289,306,,,,,2366
Kłodzko Zagórze,Koleje Dolnośląskie S.A.,296,282,304,298,302,289,289,306,,,,,2366
Kłodzko Zagórze ,,296,282,304,298,302,289,289,306,,,,,2366
Tuszów Narodowy,POLREGIO Spółka Akcyjna,205,205,202,209,192,188,207,147,199,225,187,192,2358
Tuszów Narodowy ,,205,205,202,209,192,188,207,147,199,225,187,192,2358
Padew,POLREGIO Spółka Akcyjna,205,205,202,209,192,188,207,147,199,225,187,192,2358
Padew ,,205,205,202,209,192,188,207,147,199,225,187,192,2358
Jaślany,POLREGIO Spółka Akcyjna,205,205,202,209,192,188,207,147,199,225,187,192,2358
Jaślany ,,205,205,202,209,192,188,207,147,199,225,187,192,2358
Chorzelów Południowy,POLREGIO Spółka Akcyjna,205,205,202,209,192,188,207,147,199,225,187,192,2358
Chorzelów Południowy ,,205,205,202,209,192,188,207,147,199,225,187,192,2358
Chorzelów,POLREGIO Spółka Akcyjna,205,205,202,209,192,188,207,147,199,225,187,192,2358
Chorzelów ,,205,205,202,209,192,188,207,147,199,225,187,192,2358
Kije,POLREGIO Spółka Akcyjna,226,216,228,222,224,220,232,228,14,44,218,260,2332
Kije ,,226,216,228,222,224,220,232,228,14,44,218,260,2332
Grochowiska,POLREGIO Spółka Akcyjna,226,216,228,222,224,220,232,228,14,44,218,260,2332
Grochowiska ,,226,216,228,222,224,220,232,228,14,44,218,260,2332
Busko-Zdrój,POLREGIO Spółka Akcyjna,226,216,228,222,224,220,232,228,14,44,218,260,2332
Busko-Zdrój ,,226,216,228,222,224,220,232,228,14,44,218,260,2332
Sandomierz,PKP INTERCITY Spółka Akcyjna ,124,116,123,120,122,120,124,124,120,124,119,124,1460
Sandomierz,POLREGIO Spółka Akcyjna,67,62,65,65,75,71,76,78,65,66,64,66,820
Sandomierz ,,191,178,188,185,197,191,200,202,185,190,183,190,2280
Żabiny,POLREGIO Spółka Akcyjna,194,184,188,186,182,180,200,188,186,200,174,182,2244
Żabiny ,,194,184,188,186,182,180,200,188,186,200,174,182,2244
Zajączkowo Lubawskie,POLREGIO Spółka Akcyjna,194,184,188,186,182,180,200,188,186,200,174,182,2244
Zajączkowo Lubawskie ,,194,184,188,186,182,180,200,188,186,200,174,182,2244
Turza Wielka,POLREGIO Spółka Akcyjna,194,184,188,186,182,180,200,188,186,200,174,182,2244
Turza Wielka ,,194,184,188,186,182,180,200,188,186,200,174,182,2244
Tuczki,POLREGIO Spółka Akcyjna,194,184,188,186,182,180,200,188,186,200,174,182,2244
Tuczki ,,194,184,188,186,182,180,200,188,186,200,174,182,2244
Smolniki,POLREGIO Spółka Akcyjna,194,184,188,186,182,180,200,188,186,200,174,182,2244
Smolniki ,,194,184,188,186,182,180,200,188,186,200,174,182,2244
Rybno Pomorskie,POLREGIO Spółka Akcyjna,194,184,188,186,182,180,200,188,186,200,174,182,2244
Rybno Pomorskie ,,194,184,188,186,182,180,200,188,186,200,174,182,2244
Rakowice,POLREGIO Spółka Akcyjna,194,184,188,186,182,180,200,188,186,200,174,182,2244
Rakowice ,,194,184,188,186,182,180,200,188,186,200,174,182,2244
Montowo,POLREGIO Spółka Akcyjna,194,184,188,186,182,180,200,188,186,200,174,182,2244
Montowo ,,194,184,188,186,182,180,200,188,186,200,174,182,2244
Hartowiec,POLREGIO Spółka Akcyjna,194,184,188,186,182,180,200,188,186,200,174,182,2244
Hartowiec ,,194,184,188,186,182,180,200,188,186,200,174,182,2244
Gralewo,POLREGIO Spółka Akcyjna,194,184,188,186,182,180,200,188,186,200,174,182,2244
Gralewo ,,194,184,188,186,182,180,200,188,186,200,174,182,2244
Jeglia,POLREGIO Spółka Akcyjna,194,184,188,186,182,180,200,188,186,200,174,182,2244
Jeglia ,,194,184,188,186,182,180,200,188,186,200,174,182,2244
Burkat,POLREGIO Spółka Akcyjna,194,184,188,186,182,180,200,188,186,200,174,182,2244
Burkat ,,194,184,188,186,182,180,200,188,186,200,174,182,2244
Słupia,POLREGIO Spółka Akcyjna,192,184,188,185,182,180,200,188,183,199,174,182,2237
Słupia ,,192,184,188,185,182,180,200,188,183,199,174,182,2237
Łęka Opatowska,POLREGIO Spółka Akcyjna,192,184,188,185,182,180,200,188,183,199,174,182,2237
Łęka Opatowska ,,192,184,188,185,182,180,200,188,183,199,174,182,2237
Kostów,POLREGIO Spółka Akcyjna,192,184,188,185,182,180,200,188,183,199,174,182,2237
Kostów ,,192,184,188,185,182,180,200,188,183,199,174,182,2237
Krzywizna,POLREGIO Spółka Akcyjna,192,184,188,185,182,180,200,188,183,198,174,182,2236
Krzywizna ,,192,184,188,185,182,180,200,188,183,198,174,182,2236
Biskupice koło Kluczborka,POLREGIO Spółka Akcyjna,192,184,188,185,182,180,200,188,183,198,174,182,2236
Biskupice koło Kluczborka ,,192,184,188,185,182,180,200,188,183,198,174,182,2236
Spychowo,POLREGIO Spółka Akcyjna,186,174,183,180,186,180,186,186,180,186,180,186,2193
Spychowo ,,186,174,183,180,186,180,186,186,180,186,180,186,2193
Świętajno,POLREGIO Spółka Akcyjna,186,174,182,180,186,180,186,186,180,186,180,186,2192
Świętajno ,,186,174,182,180,186,180,186,186,180,186,180,186,2192
Olszyny,POLREGIO Spółka Akcyjna,186,174,182,180,186,180,186,186,180,186,180,186,2192
Olszyny ,,186,174,182,180,186,180,186,186,180,186,180,186,2192
Kolonia,POLREGIO Spółka Akcyjna,186,174,182,180,186,180,186,186,180,186,180,186,2192
Kolonia ,,186,174,182,180,186,180,186,186,180,186,180,186,2192
Jeruty,POLREGIO Spółka Akcyjna,186,174,182,180,186,180,186,186,180,186,180,186,2192
Jeruty ,,186,174,182,180,186,180,186,186,180,186,180,186,2192
Szeroki Bór,POLREGIO Spółka Akcyjna,186,174,183,180,186,179,186,186,180,186,178,186,2190
Szeroki Bór ,,186,174,183,180,186,179,186,186,180,186,178,186,2190
Ruciane-Nida Zachód,POLREGIO Spółka Akcyjna,186,174,183,180,186,179,186,186,180,186,178,186,2190
Ruciane-Nida Zachód ,,186,174,183,180,186,179,186,186,180,186,178,186,2190
Pisz Wschodni,POLREGIO Spółka Akcyjna,186,174,182,180,186,178,186,186,180,186,180,186,2190
Pisz Wschodni ,,186,174,182,180,186,178,186,186,180,186,180,186,2190
Stare Guty,POLREGIO Spółka Akcyjna,186,174,181,180,186,178,186,186,180,186,180,186,2189
Stare Guty ,,186,174,181,180,186,178,186,186,180,186,180,186,2189
Pogorzel Wielka,POLREGIO Spółka Akcyjna,186,174,181,180,186,178,186,186,180,186,180,186,2189
Pogorzel Wielka ,,186,174,181,180,186,178,186,186,180,186,180,186,2189
Nowa Wieś Ełcka,POLREGIO Spółka Akcyjna,186,174,181,180,186,178,186,186,180,186,180,186,2189
Nowa Wieś Ełcka ,,186,174,181,180,186,178,186,186,180,186,180,186,2189
Kaliszki,POLREGIO Spółka Akcyjna,186,174,181,180,186,178,186,186,180,186,180,186,2189
Kaliszki ,,186,174,181,180,186,178,186,186,180,186,180,186,2189
Drygały,POLREGIO Spółka Akcyjna,186,174,181,180,186,178,186,186,180,186,180,186,2189
Drygały ,,186,174,181,180,186,178,186,186,180,186,180,186,2189
Ełk Szyba Zachód,POLREGIO Spółka Akcyjna,186,174,181,180,186,178,186,186,180,186,180,186,2189
Ełk Szyba Zachód ,,186,174,181,180,186,178,186,186,180,186,180,186,2189
Bajtkowo,POLREGIO Spółka Akcyjna,186,174,181,180,186,178,186,186,180,186,180,186,2189
Bajtkowo ,,186,174,181,180,186,178,186,186,180,186,180,186,2189
Golina,Koleje Wielkopolskie Sp. z o.o.,,,,27,266,258,276,270,264,278,256,246,2141
Golina ,,,,,27,266,258,276,270,264,278,256,246,2141
Obra Stara,Koleje Wielkopolskie Sp. z o.o.,,,,27,266,258,276,270,264,278,256,246,2141
Obra Stara ,,,,,27,266,258,276,270,264,278,256,246,2141
Strzelce Świdnickie,Koleje Dolnośląskie S.A.,,,,,,,,,500,542,520,541,2103
Strzelce Świdnickie ,,,,,,,,,,500,542,520,541,2103
Radzyń Podlaski,PKP INTERCITY Spółka Akcyjna ,117,114,123,119,124,120,123,124,120,124,118,124,1450
Radzyń Podlaski,POLREGIO Spółka Akcyjna,44,42,42,42,36,40,46,40,42,46,38,133,591
Radzyń Podlaski ,,161,156,165,161,160,160,169,164,162,170,156,257,2041
Kraków Lubocza,Koleje Małopolskie Sp. z o.o.,135,127,133,132,127,128,139,133,132,139,128,54,1507
Kraków Lubocza,POLREGIO Spółka Akcyjna,,,,,,,,,,,,460,460
Kraków Lubocza ,,135,127,133,132,127,128,139,133,132,139,128,514,1967
Kraków Nowa Huta,Koleje Małopolskie Sp. z o.o.,135,127,133,132,127,128,139,133,132,139,128,54,1507
Kraków Nowa Huta,POLREGIO Spółka Akcyjna,,,,,,,,,,,,460,460
Kraków Nowa Huta ,,135,127,133,132,127,128,139,133,132,139,128,514,1967
Mikulovice,Ceskie Drahy,247,232,248,236,114,232,244,188,79,,,132,1952
Mikulovice ,,247,232,248,236,114,232,244,188,79,,,132,1952
Jindrichov Ve Slez,Ceskie Drahy,247,232,248,236,114,232,244,188,79,,,132,1952
Jindrichov Ve Slez ,,247,232,248,236,114,232,244,188,79,,,132,1952
Kulin Kłodzki,Koleje Dolnośląskie S.A.,234,226,240,236,238,229,247,246,,,,,1896
Kulin Kłodzki ,,234,226,240,236,238,229,247,246,,,,,1896
Dąbrowa Górnicza Pogoria,Koleje Śląskie Spółka z o.o.,,,,,,484,682,678,,,,,1844
Dąbrowa Górnicza Pogoria ,,,,,,,484,682,678,,,,,1844
Otmuchów,CARGO Master Spółka z o.o.,,,,2,,,,,,,,,2
Otmuchów,PKP INTERCITY Spółka Akcyjna ,111,114,124,119,124,120,122,120,80,122,118,121,1395
Otmuchów,POLREGIO Spółka Akcyjna,34,32,40,36,40,40,32,39,32,32,43,44,444
Otmuchów ,,145,146,164,157,164,160,154,159,112,154,161,165,1841
Paczków,CARGO Master Spółka z o.o.,,,,2,,,,,,,,,2
Paczków,PKP INTERCITY Spółka Akcyjna ,111,114,124,119,124,120,122,118,80,122,118,121,1393
Paczków,POLREGIO Spółka Akcyjna,34,32,40,36,40,40,32,39,32,32,43,44,444
Paczków ,,145,146,164,157,164,160,154,157,112,154,161,165,1839
Okrąglica,POLREGIO Spółka Akcyjna,138,133,152,148,145,142,152,153,135,130,126,146,1700
Okrąglica ,,138,133,152,148,145,142,152,153,135,130,126,146,1700
Nowy Zagórz,PKP INTERCITY Spółka Akcyjna ,1,,,,4,5,8,10,1,,,,29
Nowy Zagórz,POLREGIO Spółka Akcyjna,128,126,126,126,120,146,184,180,148,138,114,120,1656
Nowy Zagórz,SKPL Cargo Sp. z o.o.  (przewozy pasażerskie),,,,,,2,,,,2,,,4
Nowy Zagórz ,,129,126,126,126,124,153,192,190,149,140,114,120,1689
Uherce,PKP INTERCITY Spółka Akcyjna ,1,,,,4,5,8,10,3,,,,31
Uherce,POLREGIO Spółka Akcyjna,128,126,126,126,120,136,169,162,130,136,113,120,1592
Uherce ,,129,126,126,126,124,141,177,172,133,136,113,120,1623
Lesko Łukawica,PKP INTERCITY Spółka Akcyjna ,1,,,,4,5,8,10,1,,,,29
Lesko Łukawica,POLREGIO Spółka Akcyjna,128,126,126,126,120,136,168,162,130,136,113,120,1591
Lesko Łukawica ,,129,126,126,126,124,141,176,172,131,136,113,120,1620
Gorlice Zagórzany,Koleje Małopolskie Sp. z o.o.,20,20,22,25,20,31,32,32,3,22,20,15,262
Gorlice Zagórzany,PKP CARGO S.A. w restrukturyzacji,,,,,,,,,4,,,,4
Gorlice Zagórzany,PKP INTERCITY Spółka Akcyjna ,124,116,124,120,124,120,124,123,88,,88,123,1274
Gorlice Zagórzany,POLREGIO Spółka Akcyjna,8,8,10,10,8,6,,,,,6,6,62
Gorlice Zagórzany ,,152,144,156,155,152,157,156,155,95,22,114,144,1602
Załuż,POLREGIO Spółka Akcyjna,128,126,126,126,120,136,168,162,130,136,113,120,1591
Załuż ,,128,126,126,126,120,136,168,162,130,136,113,120,1591
Uherce Tunel,POLREGIO Spółka Akcyjna,128,126,126,126,120,136,168,162,130,136,113,120,1591
Uherce Tunel ,,128,126,126,126,120,136,168,162,130,136,113,120,1591
Jankowce,POLREGIO Spółka Akcyjna,128,126,126,126,120,136,168,162,130,136,113,120,1591
Jankowce ,,128,126,126,126,120,136,168,162,130,136,113,120,1591
Wielowieś,POLREGIO Spółka Akcyjna,134,124,130,130,140,134,136,140,130,131,128,132,1589
Wielowieś ,,134,124,130,130,140,134,136,140,130,131,128,132,1589
Lublin AIRPORT,POLREGIO Spółka Akcyjna,114,108,110,136,144,158,148,152,164,122,96,128,1580
Lublin AIRPORT ,,114,108,110,136,144,158,148,152,164,122,96,128,1580
Koszalin Wschodni,POLREGIO Spółka Akcyjna,,,,,,,,,383,402,380,403,1568
Koszalin Wschodni ,,,,,,,,,,383,402,380,403,1568
Koszalin Politechnika,POLREGIO Spółka Akcyjna,,,,,,,,,383,402,380,403,1568
Koszalin Politechnika ,,,,,,,,,,383,402,380,403,1568
Biecz,Koleje Małopolskie Sp. z o.o.,16,16,18,20,16,26,32,32,2,18,16,12,224
Biecz,PKP CARGO S.A. w restrukturyzacji,,,,,,,,,2,,,,2
Biecz,PKP INTERCITY Spółka Akcyjna ,124,116,124,120,124,120,124,123,88,,88,123,1274
Biecz,POLREGIO Spółka Akcyjna,8,8,10,10,8,6,,,,,6,6,62
Biecz ,,148,140,152,150,148,152,156,155,92,18,110,141,1562
Nida,POLREGIO Spółka Akcyjna,,,,,,162,232,228,220,232,218,260,1552
Nida ,,,,,,,162,232,228,220,232,218,260,1552
Wierzchowice,Koleje Dolnośląskie S.A.,124,113,122,119,123,117,120,122,119,124,120,134,1457
Wierzchowice ,,124,113,122,119,123,117,120,122,119,124,120,134,1457
Hrubieszów Miasto,PKP INTERCITY Spółka Akcyjna ,121,109,123,114,118,119,121,119,116,124,120,124,1428
Hrubieszów Miasto ,,121,109,123,114,118,119,121,119,116,124,120,124,1428
Werbkowice,PKP INTERCITY Spółka Akcyjna ,121,109,123,114,118,119,121,119,114,124,120,124,1426
Werbkowice ,,121,109,123,114,118,119,121,119,114,124,120,124,1426
Łeba,PKP INTERCITY Spółka Akcyjna ,,,,,,92,296,308,8,,,,704
Łeba,POLREGIO Spółka Akcyjna,,,,,,88,308,310,10,,,,716
Łeba ,,,,,,,180,604,618,18,,,,1420
Ustrzyki Dolne,POLREGIO Spółka Akcyjna,128,126,126,126,6,76,169,162,130,136,113,120,1418
Ustrzyki Dolne ,,128,126,126,126,6,76,169,162,130,136,113,120,1418
Ustianowa,POLREGIO Spółka Akcyjna,128,126,126,126,6,76,169,162,130,136,113,120,1418
Ustianowa ,,128,126,126,126,6,76,169,162,130,136,113,120,1418
Olszanica,POLREGIO Spółka Akcyjna,128,126,126,126,6,76,169,162,130,136,113,120,1418
Olszanica ,,128,126,126,126,6,76,169,162,130,136,113,120,1418
Wolenice,Koleje Wielkopolskie Sp. z o.o.,168,158,166,173,266,258,186,,,,,2,1377
Wolenice ,,168,158,166,173,266,258,186,,,,,2,1377
Bożacin,Koleje Wielkopolskie Sp. z o.o.,168,158,166,173,266,258,186,,,,,2,1377
Bożacin ,,168,158,166,173,266,258,186,,,,,2,1377
Stalowa Wola Charzewice,PKP INTERCITY Spółka Akcyjna ,122,116,123,120,124,120,119,111,117,124,120,56,1372
Stalowa Wola Charzewice ,,122,116,123,120,124,120,119,111,117,124,120,56,1372
Opole Wschodnie,PKP INTERCITY Spółka Akcyjna ,62,58,62,64,62,40,,,,2,,,350
Opole Wschodnie,POLREGIO Spółka Akcyjna,88,84,84,84,80,80,91,84,84,92,75,80,1006
Opole Wschodnie ,,150,142,146,148,142,120,91,84,84,94,75,80,1356
Szczecinek Bugno,POLREGIO Spółka Akcyjna,,,,,,287,396,402,9,,,199,1293
Szczecinek Bugno ,,,,,,,287,396,402,9,,,199,1293
Oleszyce,POLREGIO Spółka Akcyjna,121,23,53,52,71,53,173,170,143,150,124,126,1259
Oleszyce ,,121,23,53,52,71,53,173,170,143,150,124,126,1259
Lubaczów,POLREGIO Spółka Akcyjna,121,23,53,52,71,53,173,170,143,150,124,126,1259
Lubaczów ,,121,23,53,52,71,53,173,170,143,150,124,126,1259
Zagrody,POLREGIO Spółka Akcyjna,121,23,53,52,71,53,171,170,143,150,124,126,1257
Zagrody ,,121,23,53,52,71,53,171,170,143,150,124,126,1257
Nowa Grobla,POLREGIO Spółka Akcyjna,121,23,53,52,71,53,171,170,143,150,124,126,1257
Nowa Grobla ,,121,23,53,52,71,53,171,170,143,150,124,126,1257
Korzenica,POLREGIO Spółka Akcyjna,121,23,53,52,71,53,171,170,143,150,124,126,1257
Korzenica ,,121,23,53,52,71,53,171,170,143,150,124,126,1257
Bobrówka,POLREGIO Spółka Akcyjna,121,23,53,52,71,53,171,170,143,150,124,126,1257
Bobrówka ,,121,23,53,52,71,53,171,170,143,150,124,126,1257
Surochów,POLREGIO Spółka Akcyjna,121,23,53,52,56,53,171,170,143,150,124,126,1242
Surochów ,,121,23,53,52,56,53,171,170,143,150,124,126,1242
Jastrowie Miasto,POLREGIO Spółka Akcyjna,,,,,,,,,108,371,350,388,1217
Jastrowie Miasto ,,,,,,,,,,108,371,350,388,1217
Mielno Koszalińskie,POLREGIO Spółka Akcyjna,,,,,,160,506,524,22,,,,1212
Mielno Koszalińskie ,,,,,,,160,506,524,22,,,,1212
Suszka,Koleje Dolnośląskie S.A.,124,115,124,120,124,119,123,124,,,83,124,1180
Suszka ,,124,115,124,120,124,119,123,124,,,83,124,1180
Kraków Piastów,Koleje Małopolskie Sp. z o.o.,,,,,,,,,,,,417,417
Kraków Piastów,POLREGIO Spółka Akcyjna,,,,,,,,,,,,761,761
Kraków Piastów ,,,,,,,,,,,,,1178,1178
Suszec,Koleje Śląskie Spółka z o.o.,224,216,228,222,222,58,,,,,,,1170
Suszec ,,224,216,228,222,222,58,,,,,,,1170
Suszec Rudziczka,Koleje Śląskie Spółka z o.o.,224,216,228,222,222,58,,,,,,,1170
Suszec Rudziczka ,,224,216,228,222,222,58,,,,,,,1170
Suszec Kopalnia,Koleje Śląskie Spółka z o.o.,224,216,228,222,222,58,,,,,,,1170
Suszec Kopalnia ,,224,216,228,222,222,58,,,,,,,1170
Pszczyna Czarków,Koleje Śląskie Spółka z o.o.,224,216,228,222,222,58,,,,,,,1170
Pszczyna Czarków ,,224,216,228,222,222,58,,,,,,,1170
Radostowice,Koleje Śląskie Spółka z o.o.,224,216,228,222,222,58,,,,,,,1170
Radostowice ,,224,216,228,222,222,58,,,,,,,1170
Dorohusk,PKP INTERCITY Spółka Akcyjna ,66,61,67,63,66,95,189,189,184,62,63,63,1168
Dorohusk ,,66,61,67,63,66,95,189,189,184,62,63,63,1168
Stawiany Pińczowskie,POLREGIO Spółka Akcyjna,,,,,,162,232,228,14,44,218,260,1158
Stawiany Pińczowskie ,,,,,,,162,232,228,14,44,218,260,1158
Słubice,POLREGIO Spółka Akcyjna,160,68,180,40,120,156,40,136,118,74,,2,1094
Słubice ,,160,68,180,40,120,156,40,136,118,74,,2,1094
Kunowice,POLREGIO Spółka Akcyjna,160,68,180,40,120,156,40,136,118,74,,2,1094
Kunowice ,,160,68,180,40,120,156,40,136,118,74,,2,1094
Targowiska,POLREGIO Spółka Akcyjna,81,82,74,90,78,94,108,99,99,99,84,86,1074
Targowiska,SKPL Cargo Sp. z o.o.  (przewozy pasażerskie),,,,,,,,,,4,,,4
Targowiska ,,81,82,74,90,78,94,108,99,99,103,84,86,1078
Besko,POLREGIO Spółka Akcyjna,81,82,74,90,78,94,108,98,99,99,84,86,1073
Besko,SKPL Cargo Sp. z o.o.  (przewozy pasażerskie),,,,,,,,,,4,,,4
Besko ,,81,82,74,90,78,94,108,98,99,103,84,86,1077
Sanok Miasto,POLREGIO Spółka Akcyjna,81,82,75,90,78,94,108,98,99,99,84,86,1074
Sanok Miasto,SKPL Cargo Sp. z o.o.  (przewozy pasażerskie),,,,,,,,,,2,,,2
Sanok Miasto ,,81,82,75,90,78,94,108,98,99,101,84,86,1076
Tarnowiec,POLREGIO Spółka Akcyjna,81,82,74,90,78,94,108,99,99,99,83,85,1072
Tarnowiec ,,81,82,74,90,78,94,108,99,99,99,83,85,1072
Widacz,POLREGIO Spółka Akcyjna,81,82,74,90,78,86,92,81,81,99,84,86,1014
Widacz,SKPL Cargo Sp. z o.o.  (przewozy pasażerskie),,,,,,,,,,4,,,4
Widacz ,,81,82,74,90,78,86,92,81,81,103,84,86,1018
Milcza,POLREGIO Spółka Akcyjna,81,82,74,90,78,86,92,80,81,99,84,86,1013
Milcza,SKPL Cargo Sp. z o.o.  (przewozy pasażerskie),,,,,,,,,,4,,,4
Milcza ,,81,82,74,90,78,86,92,80,81,103,84,86,1017
Sanok Dąbrówka,POLREGIO Spółka Akcyjna,81,82,75,90,78,86,92,80,81,99,84,86,1014
Sanok Dąbrówka,SKPL Cargo Sp. z o.o.  (przewozy pasażerskie),,,,,,,,,,2,,,2
Sanok Dąbrówka ,,81,82,75,90,78,86,92,80,81,101,84,86,1016
Nowosielce,POLREGIO Spółka Akcyjna,81,82,75,90,78,86,92,80,81,99,84,86,1014
Nowosielce,SKPL Cargo Sp. z o.o.  (przewozy pasażerskie),,,,,,,,,,2,,,2
Nowosielce ,,81,82,75,90,78,86,92,80,81,101,84,86,1016
Długie,POLREGIO Spółka Akcyjna,81,82,75,90,78,86,92,80,81,99,84,86,1014
Długie,SKPL Cargo Sp. z o.o.  (przewozy pasażerskie),,,,,,,,,,2,,,2
Długie ,,81,82,75,90,78,86,92,80,81,101,84,86,1016
Krusze,CARGO Master Spółka z o.o.,,,,,1,,,,,,,,1
Krusze,Koleje Mazowieckie - KM Spółka z o.o.,120,116,124,120,124,120,,,,44,120,124,1012
Krusze ,,120,116,124,120,125,120,,,,44,120,124,1013
Krosno Turaszówka,POLREGIO Spółka Akcyjna,81,82,74,90,78,86,92,81,81,99,83,85,1012
Krosno Turaszówka ,,81,82,74,90,78,86,92,81,81,99,83,85,1012
Krosno Polanka,POLREGIO Spółka Akcyjna,81,82,74,90,78,86,92,81,81,99,83,85,1012
Krosno Polanka ,,81,82,74,90,78,86,92,81,81,99,83,85,1012
Gliniczek,POLREGIO Spółka Akcyjna,81,82,74,90,78,86,92,81,81,99,83,85,1012
Gliniczek ,,81,82,74,90,78,86,92,81,81,99,83,85,1012
Jedlicze Męcinka,POLREGIO Spółka Akcyjna,81,82,74,90,78,86,92,81,81,99,83,85,1012
Jedlicze Męcinka ,,81,82,74,90,78,86,92,81,81,99,83,85,1012
Śniadowo,PKP INTERCITY Spółka Akcyjna ,,,,,,,4,,,,,,4
Śniadowo,POLREGIO Spółka Akcyjna,,,58,120,68,88,124,124,114,120,76,112,1004
Śniadowo ,,,,58,120,68,88,128,124,114,120,76,112,1008
Tarnowiec Brzeski,POLREGIO Spółka Akcyjna,88,84,84,84,80,80,91,84,84,92,76,80,1007
Tarnowiec Brzeski ,,88,84,84,84,80,80,91,84,84,92,76,80,1007
Popielów,POLREGIO Spółka Akcyjna,88,84,84,84,80,80,91,84,84,92,75,80,1006
Popielów ,,88,84,84,84,80,80,91,84,84,92,75,80,1006
Opole Czarnowąsy,POLREGIO Spółka Akcyjna,88,84,84,84,80,80,91,84,84,92,75,80,1006
Opole Czarnowąsy ,,88,84,84,84,80,80,91,84,84,92,75,80,1006
Opole Borki,POLREGIO Spółka Akcyjna,88,84,84,84,80,80,91,84,84,92,75,80,1006
Opole Borki ,,88,84,84,84,80,80,91,84,84,92,75,80,1006
Minkowice Oławskie,POLREGIO Spółka Akcyjna,87,84,84,84,80,80,92,84,83,92,76,80,1006
Minkowice Oławskie ,,87,84,84,84,80,80,92,84,83,92,76,80,1006
Kopalina,POLREGIO Spółka Akcyjna,87,84,84,84,80,80,92,84,83,92,76,80,1006
Kopalina ,,87,84,84,84,80,80,92,84,83,92,76,80,1006
Karłowice,POLREGIO Spółka Akcyjna,88,84,84,84,80,80,91,84,84,92,75,80,1006
Karłowice ,,88,84,84,84,80,80,91,84,84,92,75,80,1006
Chróścice,POLREGIO Spółka Akcyjna,88,84,84,84,80,80,91,84,84,92,75,80,1006
Chróścice ,,88,84,84,84,80,80,91,84,84,92,75,80,1006
Dobrzeń Wielki,POLREGIO Spółka Akcyjna,88,84,84,84,80,80,91,84,84,92,75,80,1006
Dobrzeń Wielki ,,88,84,84,84,80,80,91,84,84,92,75,80,1006
Sokoły,POLREGIO Spółka Akcyjna,,,58,120,68,88,124,124,115,120,76,112,1005
Sokoły ,,,,58,120,68,88,124,124,115,120,76,112,1005
Rogalice,POLREGIO Spółka Akcyjna,87,84,84,84,80,80,91,84,83,92,76,80,1005
Rogalice ,,87,84,84,84,80,80,91,84,83,92,76,80,1005
Kulesze Kościelne,POLREGIO Spółka Akcyjna,,,58,120,68,88,124,124,115,120,76,112,1005
Kulesze Kościelne ,,,,58,120,68,88,124,124,115,120,76,112,1005
Mąkoszyce,POLREGIO Spółka Akcyjna,87,84,84,84,80,80,91,84,83,92,76,80,1005
Mąkoszyce ,,87,84,84,84,80,80,91,84,83,92,76,80,1005
Borucice,POLREGIO Spółka Akcyjna,87,84,84,84,80,80,91,84,83,92,76,80,1005
Borucice ,,87,84,84,84,80,80,91,84,83,92,76,80,1005
Biskupice Oławskie,POLREGIO Spółka Akcyjna,87,84,84,84,80,80,91,84,83,92,76,80,1005
Biskupice Oławskie ,,87,84,84,84,80,80,91,84,83,92,76,80,1005
Studzianka,Koleje Dolnośląskie S.A.,,,88,120,124,120,124,124,102,124,36,,962
Studzianka ,,,,88,120,124,120,124,124,102,124,36,,962
Horyniec-Zdrój,POLREGIO Spółka Akcyjna,85,17,39,2,56,43,131,126,101,104,88,88,880
Horyniec-Zdrój ,,85,17,39,2,56,43,131,126,101,104,88,88,880
Bohumin Vrbice,PKP INTERCITY Spółka Akcyjna ,61,58,62,59,62,52,62,85,28,145,70,136,880
Bohumin Vrbice ,,61,58,62,59,62,52,62,85,28,145,70,136,880
Basznia,POLREGIO Spółka Akcyjna,85,17,39,2,56,43,131,126,101,104,88,88,880
Basznia ,,85,17,39,2,56,43,131,126,101,104,88,88,880
Basznia Dolna,POLREGIO Spółka Akcyjna,85,17,39,2,56,43,125,128,101,104,88,88,876
Basznia Dolna ,,85,17,39,2,56,43,125,128,101,104,88,88,876
Kurpie,POLREGIO Spółka Akcyjna,,,,,,88,124,124,114,120,76,112,758
Kurpie ,,,,,,,88,124,124,114,120,76,112,758
Rava Ruskaia,PKP INTERCITY Spółka Akcyjna ,,,,,,,,,,,,34,34
Rava Ruskaia,SKPL Cargo Sp. z o.o.  (przewozy pasażerskie),47,58,62,60,62,60,62,62,60,62,60,59,714
Rava Ruskaia ,,47,58,62,60,62,60,62,62,60,62,60,93,748
Wieruszów Miasto,Koleje Śląskie Spółka z o.o.,,,,,,6,,,,,,,6
Wieruszów Miasto,Łódzka Kolej Aglomeracyjna Sp. z o.o.,,,,,,8,,,,,,,8
Wieruszów Miasto,PKP INTERCITY Spółka Akcyjna ,62,58,52,60,62,60,62,62,58,62,60,62,720
Wieruszów Miasto ,,62,58,52,60,62,74,62,62,58,62,60,62,734
Inowrocław Rąbinek,CARGO Master Spółka z o.o.,,,3,1,,,,,,,,,4
Inowrocław Rąbinek,PKP INTERCITY Spółka Akcyjna ,62,58,62,60,62,60,62,61,60,62,60,61,730
Inowrocław Rąbinek ,,62,58,65,61,62,60,62,61,60,62,60,61,734
Piotrków Kujawski,PKP INTERCITY Spółka Akcyjna ,62,58,62,60,62,60,62,61,60,62,62,61,732
Piotrków Kujawski ,,62,58,62,60,62,60,62,61,60,62,62,61,732
Babiak,PKP INTERCITY Spółka Akcyjna ,62,58,62,60,62,60,62,61,60,62,62,61,732
Babiak ,,62,58,62,60,62,60,62,61,60,62,62,61,732
Biłgoraj,PKP INTERCITY Spółka Akcyjna ,59,53,61,59,60,59,62,62,62,62,60,62,721
Biłgoraj ,,59,53,61,59,60,59,62,62,62,62,60,62,721
Tereszpol Biłgorajski,PKP INTERCITY Spółka Akcyjna ,59,53,61,59,60,59,62,62,60,62,60,62,719
Tereszpol Biłgorajski ,,59,53,61,59,60,59,62,62,60,62,60,62,719
Wrzeście,POLREGIO Spółka Akcyjna,,,,,,88,310,310,10,,,,718
Wrzeście ,,,,,,,88,310,310,10,,,,718
Nowa Wieś Lęborska,POLREGIO Spółka Akcyjna,,,,,,88,308,310,10,,,,716
Nowa Wieś Lęborska ,,,,,,,88,308,310,10,,,,716
Lędziechowo,POLREGIO Spółka Akcyjna,,,,,,88,308,310,10,,,,716
Lędziechowo ,,,,,,,88,308,310,10,,,,716
Garczegorze,POLREGIO Spółka Akcyjna,,,,,,88,308,310,10,,,,716
Garczegorze ,,,,,,,88,308,310,10,,,,716
Lębork Nowy Świat,POLREGIO Spółka Akcyjna,,,,,,88,308,310,10,,,,716
Lębork Nowy Świat ,,,,,,,88,308,310,10,,,,716
Steknica,POLREGIO Spółka Akcyjna,,,,,,88,308,310,10,,,,716
Steknica ,,,,,,,88,308,310,10,,,,716
Rypin,CARGO Master Spółka z o.o.,1,,,,,,,,,,,,1
Rypin,PKP INTERCITY Spółka Akcyjna ,62,56,60,55,61,60,62,58,59,62,58,62,715
Rypin ,,63,56,60,55,61,60,62,58,59,62,58,62,716
Trakiszki,PKP INTERCITY Spółka Akcyjna ,60,56,60,60,60,52,62,62,60,62,58,62,714
Trakiszki ,,60,56,60,60,60,52,62,62,60,62,58,62,714
Mockava,PKP INTERCITY Spółka Akcyjna ,60,56,60,60,58,52,62,62,60,62,58,62,712
Mockava ,,60,56,60,60,58,52,62,62,60,62,58,62,712
Powodowo,Koleje Wielkopolskie Sp. z o.o.,,,,,,,,,168,184,152,144,648
Powodowo,Parowozownia Wolsztyn,,,,2,8,,,,,,,,10
Powodowo ,,,,,2,8,,,,168,184,152,144,658
Wronki Zamość,Koleje Wielkopolskie Sp. z o.o.,,,,,,,,,,,,340,340
Wronki Zamość,POLREGIO Spółka Akcyjna,,,,,,,,,,,,301,301
Wronki Zamość ,,,,,,,,,,,,,641,641
Warszowice,Koleje Śląskie Spółka z o.o.,36,32,40,40,78,59,48,66,36,32,44,64,575
Warszowice ,,36,32,40,40,78,59,48,66,36,32,44,64,575
Strumień,Koleje Śląskie Spółka z o.o.,36,32,40,40,78,59,48,66,36,32,44,64,575
Strumień ,,36,32,40,40,78,59,48,66,36,32,44,64,575
Pawłowice Śląskie Centrum,Koleje Śląskie Spółka z o.o.,36,32,40,40,78,59,48,66,36,32,44,64,575
Pawłowice Śląskie Centrum ,,36,32,40,40,78,59,48,66,36,32,44,64,575
Jeleśnia,Koleje Śląskie Spółka z o.o.,10,8,,,14,12,16,22,2,,,,84
Jeleśnia,PKP CARGO S.A.,,,4,,,4,,,,,,,8
Jeleśnia,PKP INTERCITY Spółka Akcyjna ,61,58,,,,18,61,103,3,,,,304
Jeleśnia,POLREGIO Spółka Akcyjna,18,16,18,20,16,18,,,18,18,16,,158
Jeleśnia ,,89,82,22,20,30,52,77,125,23,18,16,,554
Spała,Łódzka Kolej Aglomeracyjna Sp. z o.o.,36,32,40,34,44,82,72,102,18,16,22,36,534
Spała ,,36,32,40,34,44,82,72,102,18,16,22,36,534
Radziszewo,POLREGIO Spółka Akcyjna,,,,,,,,,,,,531,531
Radziszewo ,,,,,,,,,,,,,531,531
Kraków Przylasek,Koleje Małopolskie Sp. z o.o.,,,,,,,,,,,,17,17
Kraków Przylasek,POLREGIO Spółka Akcyjna,,,,,,,,,,,,460,460
Kraków Przylasek ,,,,,,,,,,,,,477,477
Kraków Kościelniki,Koleje Małopolskie Sp. z o.o.,,,,,,,,,,,,17,17
Kraków Kościelniki,POLREGIO Spółka Akcyjna,,,,,,,,,,,,460,460
Kraków Kościelniki ,,,,,,,,,,,,,477,477
Chorzów Stary,Koleje Śląskie Spółka z o.o.,,,,,,,,,,,,472,472
Chorzów Stary ,,,,,,,,,,,,,472,472
Bytom Karb,Koleje Śląskie Spółka z o.o.,,,,,,,,,,,,472,472
Bytom Karb ,,,,,,,,,,,,,472,472
Chorzów Miasto,Koleje Śląskie Spółka z o.o.,,,,,,,,,,,,472,472
Chorzów Miasto ,,,,,,,,,,,,,472,472
Nakło Śląskie,Koleje Śląskie Spółka z o.o.,,,,,,,,,,,,472,472
Nakło Śląskie ,,,,,,,,,,,,,472,472
Chorzów Uniwersytet,Koleje Śląskie Spółka z o.o.,,,,,,,,,,,,472,472
Chorzów Uniwersytet ,,,,,,,,,,,,,472,472
Radzionków Rojca,Koleje Śląskie Spółka z o.o.,,,,,,,,,,,,472,472
Radzionków Rojca ,,,,,,,,,,,,,472,472
Radzionków,Koleje Śląskie Spółka z o.o.,,,,,,,,,,,,472,472
Radzionków ,,,,,,,,,,,,,472,472
Głuchołazy,CARGO Master Spółka z o.o.,,,,1,,,,,,,,,1
Głuchołazy,Ceskie Drahy,,,,,,,,1,1,,,,2
Głuchołazy,PKP INTERCITY Spółka Akcyjna ,,,,,,,,2,,,,,2
Głuchołazy,POLREGIO Spółka Akcyjna,36,32,40,36,44,40,32,40,28,32,44,44,448
Głuchołazy ,,36,32,40,37,44,40,32,43,29,32,44,44,453
Goświnowice,CARGO Master Spółka z o.o.,,,,2,,,,,,,,,2
Goświnowice,PKP INTERCITY Spółka Akcyjna ,,,,,,,,4,,,,,4
Goświnowice,POLREGIO Spółka Akcyjna,34,32,40,36,40,40,32,39,32,32,43,44,444
Goświnowice ,,34,32,40,38,40,40,32,43,32,32,43,44,450
Głuchołazy Miasto,POLREGIO Spółka Akcyjna,36,32,40,36,44,40,32,40,28,32,44,44,448
Głuchołazy Miasto ,,36,32,40,36,44,40,32,40,28,32,44,44,448
Podchojny,POLREGIO Spółka Akcyjna,,,,,,,,,,,,447,447
Podchojny ,,,,,,,,,,,,,447,447
Wójcice,CARGO Master Spółka z o.o.,,,,2,,,,,,,,,2
Wójcice,POLREGIO Spółka Akcyjna,34,32,40,36,40,40,32,39,32,32,43,44,444
Wójcice ,,34,32,40,38,40,40,32,39,32,32,43,44,446
Otmuchów Jezioro,POLREGIO Spółka Akcyjna,34,32,40,36,40,40,32,39,32,32,43,44,444
Otmuchów Jezioro ,,34,32,40,36,40,40,32,39,32,32,43,44,444
Doboszowice,CARGO Master Spółka z o.o.,,,,1,,,,,,,,,1
Doboszowice,POLREGIO Spółka Akcyjna,34,32,40,36,40,40,32,39,32,32,42,42,441
Doboszowice ,,34,32,40,37,40,40,32,39,32,32,42,42,442
Zabrze Maciejów,Koleje Śląskie Spółka z o.o.,,,,,,,,,,,,440,440
Zabrze Maciejów ,,,,,,,,,,,,,440,440
Zabrze Północne,Koleje Śląskie Spółka z o.o.,,,,,,,,,,,,440,440
Zabrze Północne ,,,,,,,,,,,,,440,440
Brzoza Toruńska,POLREGIO Spółka Akcyjna,,,,,,,,,,,,431,431
Brzoza Toruńska ,,,,,,,,,,,,,431,431
Lubiewo,POLREGIO Spółka Akcyjna,,,,12,28,51,125,136,,,,34,386
Lubiewo ,,,,,12,28,51,125,136,,,,34,386
Sosnowiec Jęzor Południowy,Koleje Śląskie Spółka z o.o.,,,,,,,,,,,,51,51
Sosnowiec Jęzor Południowy,POLREGIO Spółka Akcyjna,,,,,,,,,,,,323,323
Sosnowiec Jęzor Południowy ,,,,,,,,,,,,,374,374
Rzepin Miasto,POLREGIO Spółka Akcyjna,,,,,,,,,,,,348,348
Rzepin Miasto ,,,,,,,,,,,,,348,348
Aleksandrów,POLREGIO Spółka Akcyjna,,,,,,2,46,40,42,46,38,133,347
Aleksandrów ,,,,,,,2,46,40,42,46,38,133,347
Jaski,POLREGIO Spółka Akcyjna,,,,,,2,46,40,42,46,38,133,347
Jaski ,,,,,,,2,46,40,42,46,38,133,347
Ustrzesz,POLREGIO Spółka Akcyjna,,,,,,2,46,40,42,46,38,133,347
Ustrzesz ,,,,,,,2,46,40,42,46,38,133,347
Bezwola,POLREGIO Spółka Akcyjna,,,,,,2,46,40,42,46,38,133,347
Bezwola ,,,,,,,2,46,40,42,46,38,133,347
Milanów,POLREGIO Spółka Akcyjna,,,,,,2,46,40,42,46,38,133,347
Milanów ,,,,,,,2,46,40,42,46,38,133,347
Libusza,Koleje Małopolskie Sp. z o.o.,16,16,18,20,16,26,32,32,2,18,16,12,224
Libusza,POLREGIO Spółka Akcyjna,8,8,10,10,8,6,,,,,6,6,62
Libusza ,,24,24,28,30,24,32,32,32,2,18,22,18,286
Słone,POLREGIO Spółka Akcyjna,,,,,,,,,,,,280,280
Słone ,,,,,,,,,,,,,280,280
Skołyszyn,Koleje Małopolskie Sp. z o.o.,16,16,18,20,16,26,32,32,,,12,12,200
Skołyszyn,POLREGIO Spółka Akcyjna,8,8,10,10,8,6,,,,,6,6,62
Skołyszyn ,,24,24,28,30,24,32,32,32,,,18,18,262
Siepietnica,Koleje Małopolskie Sp. z o.o.,16,16,18,20,16,26,32,32,,,12,12,200
Siepietnica,POLREGIO Spółka Akcyjna,8,8,10,10,8,6,,,,,6,6,62
Siepietnica ,,24,24,28,30,24,32,32,32,,,18,18,262
Przysieki,Koleje Małopolskie Sp. z o.o.,16,16,18,20,16,26,32,32,,,12,12,200
Przysieki,POLREGIO Spółka Akcyjna,8,8,10,10,8,6,,,,,6,6,62
Przysieki ,,24,24,28,30,24,32,32,32,,,18,18,262
Jasło Niegłowice,Koleje Małopolskie Sp. z o.o.,16,16,18,20,16,26,32,32,,,12,12,200
Jasło Niegłowice,POLREGIO Spółka Akcyjna,8,8,10,10,8,6,,,,,6,6,62
Jasło Niegłowice ,,24,24,28,30,24,32,32,32,,,18,18,262
Hucisko,Koleje Śląskie Spółka z o.o.,10,8,,,14,12,16,22,2,,,,84
Hucisko,PKP CARGO S.A.,,,2,,,2,,,,,,,4
Hucisko,POLREGIO Spółka Akcyjna,18,16,18,20,16,18,,,18,18,16,,158
Hucisko ,,28,24,20,20,30,32,16,22,20,18,16,,246
Lachowice Centrum,Koleje Śląskie Spółka z o.o.,10,8,,,14,12,16,22,2,,,,84
Lachowice Centrum,POLREGIO Spółka Akcyjna,18,16,18,20,16,18,,,18,18,16,,158
Lachowice Centrum ,,28,24,18,20,30,30,16,22,20,18,16,,242
Chorzew Siemkowice,Łódzka Kolej Aglomeracyjna Sp. z o.o.,,,,,,,,,,,,70,70
Chorzew Siemkowice,POLREGIO Spółka Akcyjna,,,,,,,,,,,,156,156
Chorzew Siemkowice ,,,,,,,,,,,,,226,226
Biała Pajęczańska,Łódzka Kolej Aglomeracyjna Sp. z o.o.,,,,,,,,,,,,70,70
Biała Pajęczańska,POLREGIO Spółka Akcyjna,,,,,,,,,,,,156,156
Biała Pajęczańska ,,,,,,,,,,,,,226,226
Cykarzew Północny,Łódzka Kolej Aglomeracyjna Sp. z o.o.,,,,,,,,,,,,70,70
Cykarzew Północny,POLREGIO Spółka Akcyjna,,,,,,,,,,,,156,156
Cykarzew Północny ,,,,,,,,,,,,,226,226
Cykarzew Stary,Łódzka Kolej Aglomeracyjna Sp. z o.o.,,,,,,,,,,,,70,70
Cykarzew Stary,POLREGIO Spółka Akcyjna,,,,,,,,,,,,156,156
Cykarzew Stary ,,,,,,,,,,,,,226,226
Mykanów,Łódzka Kolej Aglomeracyjna Sp. z o.o.,,,,,,,,,,,,70,70
Mykanów,POLREGIO Spółka Akcyjna,,,,,,,,,,,,156,156
Mykanów ,,,,,,,,,,,,,226,226
Ważne Młyny,Łódzka Kolej Aglomeracyjna Sp. z o.o.,,,,,,,,,,,,70,70
Ważne Młyny,POLREGIO Spółka Akcyjna,,,,,,,,,,,,156,156
Ważne Młyny ,,,,,,,,,,,,,226,226
Broniszew Stary,Łódzka Kolej Aglomeracyjna Sp. z o.o.,,,,,,,,,,,,70,70
Broniszew Stary,POLREGIO Spółka Akcyjna,,,,,,,,,,,,156,156
Broniszew Stary ,,,,,,,,,,,,,226,226
Pieńki Dubidzkie,Łódzka Kolej Aglomeracyjna Sp. z o.o.,,,,,,,,,,,,70,70
Pieńki Dubidzkie,POLREGIO Spółka Akcyjna,,,,,,,,,,,,156,156
Pieńki Dubidzkie ,,,,,,,,,,,,,226,226
Nowa Brzeźnica,Łódzka Kolej Aglomeracyjna Sp. z o.o.,,,,,,,,,,,,70,70
Nowa Brzeźnica,POLREGIO Spółka Akcyjna,,,,,,,,,,,,156,156
Nowa Brzeźnica ,,,,,,,,,,,,,226,226
Dubidze,Łódzka Kolej Aglomeracyjna Sp. z o.o.,,,,,,,,,,,,70,70
Dubidze,POLREGIO Spółka Akcyjna,,,,,,,,,,,,156,156
Dubidze ,,,,,,,,,,,,,226,226
Rząsawa,Łódzka Kolej Aglomeracyjna Sp. z o.o.,,,,,,,,,,,,70,70
Rząsawa,POLREGIO Spółka Akcyjna,,,,,,,,,,,,156,156
Rząsawa ,,,,,,,,,,,,,226,226
Wola Łużańska,Koleje Małopolskie Sp. z o.o.,18,16,18,20,16,26,32,32,2,18,16,12,226
Wola Łużańska ,,18,16,18,20,16,26,32,32,2,18,16,12,226
Szalowa,Koleje Małopolskie Sp. z o.o.,18,16,18,20,16,26,32,32,2,18,16,12,226
Szalowa ,,18,16,18,20,16,26,32,32,2,18,16,12,226
Pawonków,POLREGIO Spółka Akcyjna,18,16,20,16,24,18,16,20,18,16,22,22,226
Pawonków ,,18,16,20,16,24,18,16,20,18,16,22,22,226
Polna,Koleje Małopolskie Sp. z o.o.,18,16,18,20,16,26,32,32,2,18,16,12,226
Polna ,,18,16,18,20,16,26,32,32,2,18,16,12,226
Pludry,POLREGIO Spółka Akcyjna,18,16,20,16,24,18,16,20,18,16,22,22,226
Pludry ,,18,16,20,16,24,18,16,20,18,16,22,22,226
Lubycza Królewska,POLREGIO Spółka Akcyjna,12,12,13,14,30,25,32,36,15,11,12,14,226
Lubycza Królewska ,,12,12,13,14,30,25,32,36,15,11,12,14,226
Hrebenne,POLREGIO Spółka Akcyjna,12,12,13,14,30,25,32,36,15,11,12,14,226
Hrebenne ,,12,12,13,14,30,25,32,36,15,11,12,14,226
Moszczenica Małopolska,Koleje Małopolskie Sp. z o.o.,16,16,18,20,16,26,32,32,2,18,16,12,224
Moszczenica Małopolska ,,16,16,18,20,16,26,32,32,2,18,16,12,224
Zduńska Wola Karsznice,Łódzka Kolej Aglomeracyjna Sp. z o.o.,,,,,,,,,,,,68,68
Zduńska Wola Karsznice,PKP INTERCITY Spółka Akcyjna ,,,1,,,19,62,62,1,,2,,147
Zduńska Wola Karsznice ,,,,1,,,19,62,62,1,,2,68,215
Żary Muzyków,POLREGIO Spółka Akcyjna,,,,,,,,,,,,210,210
Żary Muzyków ,,,,,,,,,,,,,210,210
Szymany Lotnisko,POLREGIO Spółka Akcyjna,36,34,36,8,8,8,16,18,10,6,10,8,198
Szymany Lotnisko ,,36,34,36,8,8,8,16,18,10,6,10,8,198
Nowy Łupków,PKP INTERCITY Spółka Akcyjna ,2,,,,8,10,16,20,4,,,2,62
Nowy Łupków,POLREGIO Spółka Akcyjna,,,,,,20,32,36,36,,,,124
Nowy Łupków,SKPL Cargo Sp. z o.o.  (przewozy pasażerskie),,,,,,4,,,,,,,4
Nowy Łupków ,,2,,,,8,34,48,56,40,,,2,190
Łupków,PKP INTERCITY Spółka Akcyjna ,2,,,,8,10,16,20,4,,,2,62
Łupków,POLREGIO Spółka Akcyjna,,,,,,20,32,36,36,,,,124
Łupków,SKPL Cargo Sp. z o.o.  (przewozy pasażerskie),,,,,,4,,,,,,,4
Łupków ,,2,,,,8,34,48,56,40,,,2,190
Komańcza,PKP INTERCITY Spółka Akcyjna ,2,,,,8,10,16,20,4,,,2,62
Komańcza,POLREGIO Spółka Akcyjna,,,,,,20,32,36,36,,,,124
Komańcza,SKPL Cargo Sp. z o.o.  (przewozy pasażerskie),,,,,,4,,,,,,,4
Komańcza ,,2,,,,8,34,48,56,40,,,2,190
Szczawne Kulaszne,PKP INTERCITY Spółka Akcyjna ,2,,,,8,10,16,20,4,,,2,62
Szczawne Kulaszne,POLREGIO Spółka Akcyjna,,,,,,20,32,36,36,,,,124
Szczawne Kulaszne,SKPL Cargo Sp. z o.o.  (przewozy pasażerskie),,,,,,2,,,,,,,2
Szczawne Kulaszne ,,2,,,,8,32,48,56,40,,,2,188
Rzepedź,PKP INTERCITY Spółka Akcyjna ,2,,,,8,10,16,20,2,,,2,60
Rzepedź,POLREGIO Spółka Akcyjna,,,,,,20,32,36,36,,,,124
Rzepedź,SKPL Cargo Sp. z o.o.  (przewozy pasażerskie),,,,,,2,,,,,,,2
Rzepedź ,,2,,,,8,32,48,56,38,,,2,186
Komańcza Letnisko,PKP INTERCITY Spółka Akcyjna ,2,,,,8,10,16,20,2,,,2,60
Komańcza Letnisko,POLREGIO Spółka Akcyjna,,,,,,20,32,36,36,,,,124
Komańcza Letnisko,SKPL Cargo Sp. z o.o.  (przewozy pasażerskie),,,,,,2,,,,,,,2
Komańcza Letnisko ,,2,,,,8,32,48,56,38,,,2,186
Plavec,Koleje Małopolskie Sp. z o.o.,32,32,,,,40,32,36,4,,,8,184
Plavec ,,32,32,,,,40,32,36,4,,,8,184
Gdańsk Stadion Expo,PKP INTERCITY Spółka Akcyjna ,,,,2,,,,2,4,2,8,,18
Gdańsk Stadion Expo,PKP Szybka Kolej Miejska w Trójmieście sp. z o.o.,,,8,12,16,32,46,8,8,10,16,4,160
Gdańsk Stadion Expo ,,,,8,14,16,32,46,10,12,12,24,4,178
Mieroszów,Koleje Dolnośląskie S.A.,,,,8,44,40,30,42,6,,,,170
Mieroszów ,,,,,8,44,40,30,42,6,,,,170
Boguszów-Gorce Dzikowiec,Koleje Dolnośląskie S.A.,,,,8,44,40,30,40,4,,,,166
Boguszów-Gorce Dzikowiec ,,,,,8,44,40,30,40,4,,,,166
Unisław Śląski,Koleje Dolnośląskie S.A.,,,,8,44,40,30,40,4,,,,166
Unisław Śląski ,,,,,8,44,40,30,40,4,,,,166
Mezimesti,Koleje Dolnośląskie S.A.,,,,8,44,40,30,40,4,,,,166
Mezimesti ,,,,,8,44,40,30,40,4,,,,166
Repczyce,POLREGIO Spółka Akcyjna,,,,,,,,,,,,163,163
Repczyce ,,,,,,,,,,,,,163,163
Lachowice,PKP CARGO S.A.,,,,,,1,,,,,,,1
Lachowice,POLREGIO Spółka Akcyjna,18,16,18,20,16,18,,,18,18,16,,158
Lachowice ,,18,16,18,20,16,19,,,18,18,16,,159
Żywiec Sporysz,POLREGIO Spółka Akcyjna,18,16,18,20,16,18,,,18,18,16,,158
Żywiec Sporysz ,,18,16,18,20,16,18,,,18,18,16,,158
Stryszawa,POLREGIO Spółka Akcyjna,18,16,18,20,16,18,,,18,18,16,,158
Stryszawa ,,18,16,18,20,16,18,,,18,18,16,,158
Pewel Mała,POLREGIO Spółka Akcyjna,18,16,18,20,16,18,,,18,18,16,,158
Pewel Mała ,,18,16,18,20,16,18,,,18,18,16,,158
Pewel Wielka Centrum,POLREGIO Spółka Akcyjna,18,16,18,20,16,18,,,18,18,16,,158
Pewel Wielka Centrum ,,18,16,18,20,16,18,,,18,18,16,,158
Pewel Wielka,POLREGIO Spółka Akcyjna,18,16,18,20,16,18,,,18,18,16,,158
Pewel Wielka ,,18,16,18,20,16,18,,,18,18,16,,158
Kurów Suski,POLREGIO Spółka Akcyjna,18,16,18,20,16,18,,,18,18,16,,158
Kurów Suski ,,18,16,18,20,16,18,,,18,18,16,,158
Waliły,POLREGIO Spółka Akcyjna,,,,,8,32,38,36,36,,,,150
Waliły ,,,,,,8,32,38,36,36,,,,150
Sokole Białostockie,POLREGIO Spółka Akcyjna,,,,,8,32,38,36,36,,,,150
Sokole Białostockie ,,,,,,8,32,38,36,36,,,,150
Żednia,POLREGIO Spółka Akcyjna,,,,,8,32,38,36,36,,,,150
Żednia ,,,,,,8,32,38,36,36,,,,150
Kuriany,POLREGIO Spółka Akcyjna,,,,,8,32,38,36,36,,,,150
Kuriany ,,,,,,8,32,38,36,36,,,,150
Zajezierce,POLREGIO Spółka Akcyjna,,,,,8,32,38,36,36,,,,150
Zajezierce ,,,,,,8,32,38,36,36,,,,150
Białystok Fabryczny,POLREGIO Spółka Akcyjna,,,,,8,32,38,36,36,,,,150
Białystok Fabryczny ,,,,,,8,32,38,36,36,,,,150
Horka Gbf,Koleje Dolnośląskie S.A.,1,,,8,18,18,16,19,13,16,19,17,145
Horka Gbf ,,1,,,8,18,18,16,19,13,16,19,17,145
Dwikozy,PKP INTERCITY Spółka Akcyjna ,,,,,,,,,,,84,56,140
Dwikozy ,,,,,,,,,,,,84,56,140
Gorlice Glinik,Koleje Małopolskie Sp. z o.o.,8,8,8,10,8,10,,,2,8,8,6,76
Gorlice Glinik,POLREGIO Spółka Akcyjna,8,8,10,10,8,6,,,,,6,6,62
Gorlice Glinik ,,16,16,18,20,16,16,,,2,8,14,12,138
Morochów,POLREGIO Spółka Akcyjna,,,,,,20,32,36,36,,,,124
Morochów,SKPL Cargo Sp. z o.o.  (przewozy pasażerskie),,,,,,2,,,,,,,2
Morochów ,,,,,,,22,32,36,36,,,,126
Wysoczany,POLREGIO Spółka Akcyjna,,,,,,20,32,36,36,,,,124
Wysoczany,SKPL Cargo Sp. z o.o.  (przewozy pasażerskie),,,,,,2,,,,,,,2
Wysoczany ,,,,,,,22,32,36,36,,,,126
Mokre Małopolskie,POLREGIO Spółka Akcyjna,,,,,,20,32,36,36,,,,124
Mokre Małopolskie,SKPL Cargo Sp. z o.o.  (przewozy pasażerskie),,,,,,2,,,,,,,2
Mokre Małopolskie ,,,,,,,22,32,36,36,,,,126
Tarnawa Dolna,POLREGIO Spółka Akcyjna,,,,,,20,32,36,36,,,,124
Tarnawa Dolna,SKPL Cargo Sp. z o.o.  (przewozy pasażerskie),,,,,,2,,,,,,,2
Tarnawa Dolna ,,,,,,,22,32,36,36,,,,126
Czaszyn,POLREGIO Spółka Akcyjna,,,,,,20,32,36,36,,,,124
Czaszyn,SKPL Cargo Sp. z o.o.  (przewozy pasażerskie),,,,,,2,,,,,,,2
Czaszyn ,,,,,,,22,32,36,36,,,,126
Medzilaborce,POLREGIO Spółka Akcyjna,,,,,,20,32,36,36,,,,124
Medzilaborce ,,,,,,,20,32,36,36,,,,124
Medzilaborce Mesto,POLREGIO Spółka Akcyjna,,,,,,20,32,36,36,,,,124
Medzilaborce Mesto ,,,,,,,20,32,36,36,,,,124
Werchrata,POLREGIO Spółka Akcyjna,,,,,20,16,32,36,4,,,,108
Werchrata ,,,,,,20,16,32,36,4,,,,108
Siedliska Tomaszowskie,POLREGIO Spółka Akcyjna,,,,,20,16,32,34,4,,,,106
Siedliska Tomaszowskie ,,,,,,20,16,32,34,4,,,,106
Gorlice,Koleje Małopolskie Sp. z o.o.,4,4,4,5,4,5,,,1,4,4,3,38
Gorlice,PKP CARGO S.A. w restrukturyzacji,,,,,,,,,2,,,,2
Gorlice,POLREGIO Spółka Akcyjna,8,8,10,10,8,6,,,,,6,6,62
Gorlice ,,12,12,14,15,12,11,,,3,4,10,9,102
Ruda-Opalin,POLREGIO Spółka Akcyjna,,,,,,8,32,44,4,,,,88
Ruda-Opalin ,,,,,,,8,32,44,4,,,,88
Zawiercie Kądzielów,Koleje Śląskie Spółka z o.o.,,,,,,,,,,,50,38,88
Zawiercie Kądzielów ,,,,,,,,,,,,50,38,88
Karolinówka,POLREGIO Spółka Akcyjna,,,,,,8,32,44,4,,,,88
Karolinówka ,,,,,,,8,32,44,4,,,,88
Okuninka Białe,POLREGIO Spółka Akcyjna,,,,,,8,32,44,4,,,,88
Okuninka Białe ,,,,,,,8,32,44,4,,,,88
Stulno,POLREGIO Spółka Akcyjna,,,,,,8,32,44,4,,,,88
Stulno ,,,,,,,8,32,44,4,,,,88
Ruda-Huta,POLREGIO Spółka Akcyjna,,,,,,8,32,44,4,,,,88
Ruda-Huta ,,,,,,,8,32,44,4,,,,88
Sobibór,POLREGIO Spółka Akcyjna,,,,,,8,32,44,4,,,,88
Sobibór ,,,,,,,8,32,44,4,,,,88
Majdan Stuleński,POLREGIO Spółka Akcyjna,,,,,,8,32,44,4,,,,88
Majdan Stuleński ,,,,,,,8,32,44,4,,,,88
Uhrusk Przystanek,POLREGIO Spółka Akcyjna,,,,,,8,32,44,4,,,,88
Uhrusk Przystanek ,,,,,,,8,32,44,4,,,,88
Uhrusk,POLREGIO Spółka Akcyjna,,,,,,8,32,44,4,,,,88
Uhrusk ,,,,,,,8,32,44,4,,,,88
Włodawa,POLREGIO Spółka Akcyjna,,,,,,8,32,44,4,,,,88
Włodawa ,,,,,,,8,32,44,4,,,,88
Recław,POLREGIO Spółka Akcyjna,,,,,,9,31,31,,,,,71
Recław ,,,,,,,9,31,31,,,,,71
Rusiec Łódzki,Łódzka Kolej Aglomeracyjna Sp. z o.o.,,,,,,,,2,,,,68,70
Rusiec Łódzki ,,,,,,,,,2,,,,68,70
Zduńska Wola Południowa,Łódzka Kolej Aglomeracyjna Sp. z o.o.,,,,,,,,,,,,68,68
Zduńska Wola Południowa ,,,,,,,,,,,,,68,68
Chociw Łaski,Łódzka Kolej Aglomeracyjna Sp. z o.o.,,,,,,,,,,,,68,68
Chociw Łaski ,,,,,,,,,,,,,68,68
Siedlce Łaskie,Łódzka Kolej Aglomeracyjna Sp. z o.o.,,,,,,,,,,,,68,68
Siedlce Łaskie ,,,,,,,,,,,,,68,68
Kozuby,Łódzka Kolej Aglomeracyjna Sp. z o.o.,,,,,,,,,,,,68,68
Kozuby ,,,,,,,,,,,,,68,68
Huta,Łódzka Kolej Aglomeracyjna Sp. z o.o.,,,,,,,,,,,,68,68
Huta ,,,,,,,,,,,,,68,68
Pszczew,POLREGIO Spółka Akcyjna,,,,,,10,28,28,,,,,66
Pszczew ,,,,,,,10,28,28,,,,,66
Wierzbno,POLREGIO Spółka Akcyjna,,,,,,10,28,28,,,,,66
Wierzbno ,,,,,,,10,28,28,,,,,66
Bobowicko,POLREGIO Spółka Akcyjna,,,,,,10,26,28,,,,,64
Bobowicko ,,,,,,,10,26,28,,,,,64
Policko,POLREGIO Spółka Akcyjna,,,,,,10,26,28,,,,,64
Policko ,,,,,,,10,26,28,,,,,64
Wieruszów JURA-POLSKA,Koleje Śląskie Spółka z o.o.,,,,,,6,,,,,,,6
Wieruszów JURA-POLSKA,Łódzka Kolej Aglomeracyjna Sp. z o.o.,,,,,,8,,,,,,,8
Wieruszów JURA-POLSKA ,,,,,,,14,,,,,,,14
Czastary,Koleje Śląskie Spółka z o.o.,,,,,,6,,,,,,,6
Czastary,Łódzka Kolej Aglomeracyjna Sp. z o.o.,,,,,,8,,,,,,,8
Czastary ,,,,,,,14,,,,,,,14
Wieruszów,Koleje Śląskie Spółka z o.o.,,,,,,6,,,,,,,6
Wieruszów,Łódzka Kolej Aglomeracyjna Sp. z o.o.,,,,,,8,,,,,,,8
Wieruszów ,,,,,,,14,,,,,,,14
Pieczyska,Koleje Śląskie Spółka z o.o.,,,,,,6,,,,,,,6
Pieczyska,Łódzka Kolej Aglomeracyjna Sp. z o.o.,,,,,,8,,,,,,,8
Pieczyska ,,,,,,,14,,,,,,,14
Biała,Koleje Śląskie Spółka z o.o.,,,,,,4,,,,,,,4
Biała,Łódzka Kolej Aglomeracyjna Sp. z o.o.,,,,,,8,,,,,,,8
Biała ,,,,,,,12,,,,,,,12
Świba,Koleje Śląskie Spółka z o.o.,,,,,,6,,,,,,,6
Świba,Łódzka Kolej Aglomeracyjna Sp. z o.o.,,,,,,4,,,,,,,4
Świba ,,,,,,,10,,,,,,,10
Szczecin Niebuszewo,PKP INTERCITY Spółka Akcyjna ,,,2,,2,,,2,2,,,,8
Szczecin Niebuszewo ,,,,2,,2,,,2,2,,,,8
Pakość,CARGO Master Spółka z o.o.,,,3,,,,,,,,,,3
Pakość,RAILPOLONIA Sp. z o.o. (przewozy pasażerskie),,,,,,,,,,,,2,2
Pakość ,,,,3,,,,,,,,,2,5
Gdańsk Port Północny,PKP INTERCITY Spółka Akcyjna ,,,,,,,,,,,4,,4
Gdańsk Port Północny ,,,,,,,,,,,,4,,4
Skandawa,PKP INTERCITY Spółka Akcyjna ,,,,,,,4,,,,,,4
Skandawa ,,,,,,,,4,,,,,,4
Gdańsk Zaspa Towarowa,CARGO Master Spółka z o.o.,,2,,,,,,,,,,,2
Gdańsk Zaspa Towarowa,PKP INTERCITY Spółka Akcyjna ,,,,,,,,,,,2,,2
Gdańsk Zaspa Towarowa ,,,2,,,,,,,,,2,,4
Przewóz,POLREGIO Spółka Akcyjna,,,,,2,1,,,,,,,3
Przewóz ,,,,,,2,1,,,,,,,3
Olecko,PKP INTERCITY Spółka Akcyjna ,,,,,,,3,,,,,,3
Olecko ,,,,,,,,3,,,,,,3
Stobno Szczecińskie,PKP INTERCITY Spółka Akcyjna ,,,,,2,,,,,,,,2
Stobno Szczecińskie ,,,,,,2,,,,,,,,2
Bąk,CARGO Master Spółka z o.o.,,,,2,,,,,,,,,2
Bąk ,,,,,2,,,,,,,,,2
Goworki Bsz,CARGO Master Spółka z o.o.,,,,,2,,,,,,,,2
Goworki Bsz ,,,,,,2,,,,,,,,2
Police,PKP INTERCITY Spółka Akcyjna ,,,,,2,,,,,,,,2
Police ,,,,,,2,,,,,,,,2
Gdynia Port Oksywie,PKP INTERCITY Spółka Akcyjna ,,,,,,,,,,,2,,2
Gdynia Port Oksywie ,,,,,,,,,,,,2,,2
Bydgoszcz Emilianowo,CARGO Master Spółka z o.o.,,,,2,,,,,,,,,2
Bydgoszcz Emilianowo ,,,,,2,,,,,,,,,2
Biskupiec Reszelski,PKP INTERCITY Spółka Akcyjna ,,,,,,,2,,,,,,2
Biskupiec Reszelski ,,,,,,,,2,,,,,,2
Wapienno,RAILPOLONIA Sp. z o.o. (przewozy pasażerskie),,,,,,,,,,,,2,2
Wapienno ,,,,,,,,,,,,,2,2
Piechcin,RAILPOLONIA Sp. z o.o. (przewozy pasażerskie),,,,,,,,,,,,2,2
Piechcin ,,,,,,,,,,,,,2,2
Szczecin Wzgórze Hetmańskie,PKP INTERCITY Spółka Akcyjna ,,,,,2,,,,,,,,2
Szczecin Wzgórze Hetmańskie ,,,,,,2,,,,,,,,2
Tantow,POLREGIO Spółka Akcyjna,,,,,,,,,,2,,,2
Tantow ,,,,,,,,,,,2,,,2
Poddębice,Łódzka Kolej Aglomeracyjna Sp. z o.o.,,,,,,,2,,,,,,2
Poddębice ,,,,,,,,2,,,,,,2
Łomża,PKP INTERCITY Spółka Akcyjna ,,,,,,,2,,,,,,2
Łomża ,,,,,,,,2,,,,,,2
Elbląg Zdrój,PKP INTERCITY Spółka Akcyjna ,,,,,,,2,,,,,,2
Elbląg Zdrój ,,,,,,,,2,,,,,,2
Świerże Górne,PKP INTERCITY Spółka Akcyjna ,,,2,,,,,,,,,,2
Świerże Górne ,,,,2,,,,,,,,,,2
Tworóg,PKP INTERCITY Spółka Akcyjna ,,2,,,,,,,,,,,2
Tworóg ,,,2,,,,,,,,,,,2
Kruszwica,CARGO Master Spółka z o.o.,,,1,,,,,,,,,,1
Kruszwica,RAILPOLONIA Sp. z o.o. (przewozy pasażerskie),,,,,,,,,,,,1,1
Kruszwica ,,,,1,,,,,,,,,1,2
Katowice Szopienice Północne,PKP INTERCITY Spółka Akcyjna ,,2,,,,,,,,,,,2
Katowice Szopienice Północne ,,,2,,,,,,,,,,,2
Ciechocinek,CARGO Master Spółka z o.o.,,,2,,,,,,,,,,2
Ciechocinek ,,,,2,,,,,,,,,,2
Visnova,Koleje Dolnośląskie S.A.,,,,,1,,,,,,,,1
Visnova ,,,,,,1,,,,,,,,1
Dąbrowa Górnicza Południowa,Koleje Śląskie Spółka z o.o.,,,,,,1,,,,,,,1
Dąbrowa Górnicza Południowa ,,,,,,,1,,,,,,,1
Rogowiec,PKP INTERCITY Spółka Akcyjna ,,,,,,,1,,,,,,1
Rogowiec ,,,,,,,,1,,,,,,1
Lniano,CARGO Master Spółka z o.o.,,,,1,,,,,,,,,1
Lniano ,,,,,1,,,,,,,,,1
Gdynia Postojowa,PKP INTERCITY Spółka Akcyjna ,,,,,,,,,,,1,,1
Gdynia Postojowa ,,,,,,,,,,,,1,,1
Drzycim,CARGO Master Spółka z o.o.,,,,1,,,,,,,,,1
Drzycim ,,,,,1,,,,,,,,,1
Zawidów,Koleje Dolnośląskie S.A.,,,,,1,,,,,,,,1
Zawidów ,,,,,,1,,,,,,,,1
Szadek,PKP INTERCITY Spółka Akcyjna ,,,1,,,,,,,,,,1
Szadek ,,,,1,,,,,,,,,,1
 końcowa,,2989345,2832077,2987272,2911206,2961602,2932723,3128636,3064506,2925975,3055214,2854421,3084844,35727821
