station,delay_mean,delay_p90,traffic,lat,lon,t2m_mean,precip_mean,wind_mean,freezing_rate,heavy_rain_rate,windy_rate
Adamowo,0.028040339189884328,0.0444444444444444,878.3333333333334,52.9137673,20.1780342,11.026570638020834,1.520972306529681,1.530267347092946,0.08333333333333333,0.0,0.0
Aleksandrów,0.036365369946605636,0.1,28.916666666666668,51.8190659,20.5122926,11.197469075520834,1.7024504641691844,1.4343661855272807,0.08333333333333333,0.0,0.0
Aleksandrów Kujawski,0.11184721500567359,0.2229568256362584,818.7916666666666,52.8764647,18.694071,11.275431315104166,1.7866233885288239,1.393024893184384,0.0,0.0,0.0
Andrychów,0.14383409974896974,0.35461604831751503,321.5,49.8555791,19.3436756,10.714558919270834,2.4870133697986603,1.1574102985713282,0.08333333333333333,0.0,0.0
Andrychów Górnica,0.168423708618318,0.2564655172413793,456.5,49.858467,19.323956,10.714558919270834,2.4870133697986603,1.1574102985713282,0.08333333333333333,0.0,0.0
Andrzejówka,0.053208529080724896,0.0942928039702233,396.5,50.593736,22.6076786,11.166219075520834,1.896320770184199,1.221590924594171,0.08333333333333333,0.0,0.0
Anieliny,0.08890792861905261,0.1219512195121951,617.5833333333334,53.12928,17.48715,11.125040690104166,1.7198711236317952,1.4414685308888258,0.0,0.0,0.0
Antonin,0.051231543117852135,0.08759808867800226,313.6111111111111,51.5167816,17.8526187,11.616414388020834,1.996002381046613,1.4344158352090899,0.0,0.0,0.0
Antoniów,0.029077472293442357,0.0625,295.1111111111111,51.2135391,20.1727167,11.1473388671875,1.7961104412873585,1.5316791503416474,0.08333333333333333,0.0,0.0
Antoniówka,0.0482171910703732,0.0695067264573991,884.1666666666666,51.4112313,20.1634414,11.1844482421875,1.705470710992813,1.5584755002913646,0.08333333333333333,0.0,0.0
Arcelin,0.06316492159723586,0.1561338289962825,245.33333333333334,52.6547147,20.3153459,11.241902669270834,1.4690768619378407,1.496702470354388,0.08333333333333333,0.0,0.0
Augustów,0.11388102095798376,0.18951612903225806,233.61111111111111,53.8437331,22.9802357,10.316446940104166,1.4535988867282867,1.4022942021941884,0.08333333333333333,0.0,0.0
Augustów Port,0.0857185282594966,0.1478260869565217,228.83333333333334,53.8624093,23.0039831,10.2191162109375,1.4624005059401195,1.4237939475649661,0.08333333333333333,0.0,0.0
Augustówka,0.08856112297627063,0.1150705270972531,1389.0833333333333,51.661997,22.8119065,11.328165690104166,1.565233737230301,1.3214533765189878,0.08333333333333333,0.0,0.0
Babi Dół,0.051943087178680396,0.076103500761035,627.0,54.2986,18.31126,9.7401123046875,2.067179332176844,1.8165877606186942,0.08333333333333333,0.0,0.0
Babiak,0.3750979128803305,0.5645161290322581,61.0,52.344523,18.6667068,11.4783935546875,1.7298986911773682,1.5213096938891668,0.0,0.0,0.0
Babica,0.07061987646531143,0.0984020185029436,1178.8333333333333,49.9074367,19.5466215,10.6673583984375,2.4041964014371238,1.1022255246350638,0.08333333333333333,0.0,0.0
Babica Kolonia,0.07866102685232412,0.1177460050462573,1178.8333333333333,49.9338031,21.8699571,10.973185221354166,1.9407585163911183,1.322810169773149,0.08333333333333333,0.0,0.0
Babimost,0.19341609724302555,0.244952929155561,686.1111111111111,52.165312,15.8285175,11.922078450520834,1.5639149596293767,1.3213012656900396,0.0,0.0,0.0
Baborówko,0.0674905700277726,0.12849239520646533,865.3888888888889,52.5852574,16.62992,11.666544596354166,1.5747040361166,1.3481898997280108,0.0,0.0,0.0
Baboszewo,0.06341074263951707,0.1561338289962825,245.33333333333334,52.6813829,20.2582764,11.241902669270834,1.4690768619378407,1.496702470354388,0.08333333333333333,0.0,0.0
Baby,0.06498899961941783,0.1054156835894058,663.8333333333334,52.8164681,20.6007658,11.1966552734375,1.4097233513991039,1.47810860289441,0.08333333333333333,0.0,0.0
Baciuty,0.05697976910748689,0.1158238172920065,642.8333333333334,53.0473602,22.9834886,10.742879231770834,1.5584502816200256,1.3216702727456273,0.08333333333333333,0.0,0.0
Bajtkowo,0.10570690138147742,0.1505376344086021,182.41666666666666,53.7405392,22.2536451,10.4569091796875,1.5369587639967601,1.3816510639265325,0.08333333333333333,0.0,0.0
Balin,0.07923799785969234,0.16993120777722848,561.8888888888889,51.9377824,18.8192247,11.685587565104166,1.756500353415807,1.5081977449979806,0.0,0.0,0.0
Balinka,0.09101527827864314,0.1478260869565217,228.83333333333334,49.7751541,19.8496255,10.063517252604166,2.534854461749395,1.0119349762781469,0.08333333333333333,0.0,0.0
Baranówka,0.1177035379640965,0.20364779066157018,834.2777777777778,51.9279203,21.3051742,11.652872721354166,1.541329155365626,1.2308314939117488,0.08333333333333333,0.0,0.0
Barchów,0.031606257034562865,0.0452147701582517,1346.75,52.5167163,21.6534434,11.366251627604166,1.4578453948100407,1.3428918876788505,0.08333333333333333,0.0,0.0
Barcice,0.062448924646465315,0.0930521091811414,802.25,49.5250962,20.6514646,9.357462565104166,2.218452254931132,0.810725499713938,0.16666666666666666,0.0,0.0
Barczewo,0.047324767672615356,0.09208801498127335,241.22222222222223,53.8297112,20.6911497,10.4056396484375,1.7556215127309163,1.4929649153998878,0.08333333333333333,0.0,0.0
Barcząca,0.1344508042642564,0.2468531468531468,1490.1666666666667,52.1544446,21.6354787,11.195353190104166,1.5200577477614086,1.3235143300103833,0.08333333333333333,0.0,0.0
Bardo Przyłęk,0.18125327211543532,0.4519940915805022,527.6666666666666,50.5095162,16.7579648,10.514689127604166,2.426662360628446,1.3356478306250168,0.08333333333333333,0.0,0.0
Bardo Śląskie,0.2197316186954504,0.40061046032007924,558.0833333333334,50.5048471,16.7340785,10.4608154296875,2.3753667076428733,1.3206760004734002,0.08333333333333333,0.0,0.0
Bartnica,0.24523796005889778,0.3774834437086092,358.9166666666667,50.638228,16.3967958,9.825236002604166,2.1880103796720505,1.215959150335004,0.08333333333333333,0.0,0.0
Bartodzieje,0.0993843754140107,0.1368078175895765,1209.5,52.841576,17.174327,11.368204752604166,1.6407211422920227,1.4228315290850826,0.0,0.0,0.0
Bartąg,0.05489959720881996,0.1048387096774193,254.66666666666666,53.7163455,20.4690375,10.5233154296875,1.714616631468137,1.5314480763285463,0.08333333333333333,0.0,0.0
Barwałd Górny,0.13466515846686758,0.1921182266009852,417.75,49.8639848,19.6198961,10.689982096354166,2.375458578268687,1.0859878266573177,0.08333333333333333,0.0,0.0
Barwałd Średni,0.13594038535255798,0.1970443349753694,418.0833333333333,49.8650707,19.5970051,10.689982096354166,2.375458578268687,1.0859878266573177,0.08333333333333333,0.0,0.0
Barzkowice,0.16613963412952484,0.2727272727272727,338.6666666666667,53.3406902,15.2666307,11.2508544921875,1.971286341547966,1.4999426094132344,0.0,0.0,0.0
Barłogi,0.08546557831050587,0.1211453744493392,459.75,51.4256771,22.200585,11.4119873046875,1.6588614483674367,1.2498197514067728,0.08333333333333333,0.0,0.0
Baszewice,0.1308259426152552,0.2058252427184466,489.75,53.8628538,15.1988083,11.1292724609375,2.0409858971834183,1.6385405660368388,0.0,0.0,0.0
Basznia,0.1776875010036478,0.3129770992366412,73.33333333333333,50.1767603,23.2504131,11.027384440104166,2.0074219604333243,1.3281129868219286,0.08333333333333333,0.0,0.0
Basznia Dolna,0.1797141071084604,0.32,73.0,50.1761431,23.2250594,11.189168294270834,1.9684364795684814,1.3069804170455213,0.08333333333333333,0.0,0.0
Batowice Lubańskie,0.1601682624218379,0.36875,484.0833333333333,51.0908851,15.1557122,10.786824544270834,2.3032848238945007,1.487004366212948,0.08333333333333333,0.0,0.0
Bańska Niżna,0.09843066367252522,0.1981424148606811,911.8333333333334,49.4053966,20.0104378,8.663614908854166,2.735831707715988,0.7663127702877134,0.16666666666666666,0.0,0.0
Bażanowice,0.08802628055492667,0.1063829787234042,570.6666666666666,49.73833,18.70208,10.205607096354166,2.8253672122955322,1.1376822334838117,0.08333333333333333,0.0,0.0
Bednary,0.07935612187107027,0.1052023121387283,876.0833333333334,52.0236912,20.3977197,11.396687825520834,1.6424664556980133,1.445388197410414,0.08333333333333333,0.0,0.0
Bedoń,0.04696194531713412,0.07853567782936541,1923.3333333333333,51.7319956,19.6423494,11.1326904296875,1.7880327800909679,1.5431445883137231,0.08333333333333333,0.0,0.0
Belęcin Wielkopolski,0.020264819748191398,0.0323529411764705,317.0,52.2038272,16.0081403,11.9901123046875,1.5611476947863896,1.3398510949532338,0.0,0.0,0.0
Berejów,0.06462367145416317,0.1012269938650306,325.1666666666667,51.50893,22.74981,11.307820638020834,1.6211236367623012,1.299157929732386,0.08333333333333333,0.0,0.0
Berezów,0.05746337503427988,0.12126928820308605,669.9444444444445,51.0234048,20.8357603,10.490926106770834,1.9476348161697388,1.424251955344779,0.08333333333333333,0.0,0.0
Besko,0.04451368322250174,0.07106782106782106,59.833333333333336,49.5918349,21.9571794,10.4725341796875,2.1878011226654053,1.2601815423764597,0.08333333333333333,0.0,0.0
Bezwola,0.044646262395118215,0.125,28.916666666666668,51.7641151,22.7957593,11.284220377604166,1.5304860820372899,1.3492105842403397,0.08333333333333333,0.0,0.0
Bełchów,0.03763277304059689,0.0433212996389891,594.4166666666666,52.0222764,20.055363,11.535359700520834,1.60118372241656,1.477937928565921,0.08333333333333333,0.0,0.0
Bełsznica,0.13692696964236314,0.1758620689655172,591.5,49.9767105,18.3667884,11.5115966796875,2.1047026415665946,1.3096335251335387,0.08333333333333333,0.0,0.0
Bełżec,0.27160655075365214,0.6881720430107527,221.91666666666666,50.3847191,23.4378426,10.809611002604166,1.9917136629422505,1.3397283766468135,0.08333333333333333,0.0,0.0
Bełżec Drugi,0.29647960733978923,0.7150537634408602,221.91666666666666,50.3807697,23.4036669,10.809611002604166,1.9917136629422505,1.3397283766468135,0.08333333333333333,0.0,0.0
Biadki,0.049484906448081935,0.0851063829787234,401.9166666666667,51.67549,17.54644,11.688680013020834,1.8752356519301732,1.487950498219778,0.0,0.0,0.0
Biadoliny,0.10757928007498567,0.19965925163944964,841.0,50.0037878,20.73508,11.5501708984375,1.942252665758133,1.1082584903668504,0.08333333333333333,0.0,0.0
Biała,0.015046296296296295,0.0,0.6666666666666666,50.3853609,17.6599107,11.467976888020834,2.3425186624129615,1.3334695703661592,0.08333333333333333,0.0,0.0
Biała Górna,0.04733142122448717,0.074015748031496,619.4166666666666,50.87822,19.05293,11.297566731770834,2.013820469379425,1.5924214893266335,0.08333333333333333,0.0,0.0
Biała Pajęczańska,0.0008207091171692888,0.0,12.555555555555555,51.1765156,19.0106554,11.4427490234375,1.9083022276560466,1.5573302270672433,0.08333333333333333,0.0,0.0
Biała Pilska,0.05249512313680635,0.0919637436030878,351.8888888888889,53.0612755,16.5170316,11.181681315104166,1.7029558420181274,1.2932666307470717,0.0,0.0,0.0
Biała Piska,0.13878082160265576,0.20653139304502285,202.27777777777777,53.6113625,22.0581433,10.480672200520834,1.5563563704490662,1.329661566828347,0.08333333333333333,0.0,0.0
Biała Podlaska,0.0726459826173025,0.13064516129032255,593.3333333333334,52.0338399,23.1193948,11.1834716796875,1.5699328581492107,1.4807502337882792,0.08333333333333333,0.0,0.0
Białki Siedleckie,0.08019772614804756,0.13235814482497155,632.6666666666666,52.1286792,22.3093689,11.1385498046875,1.562179297208786,1.3547183202354196,0.08333333333333333,0.0,0.0
Białogard,0.17293189565024925,0.31932301210711006,1165.3333333333333,54.0145099,15.9691251,10.936238606770834,2.0246095011631646,1.606773008140796,0.0,0.0,0.0
Białośliwie,0.06993163695702866,0.1307159437110111,279.9583333333333,53.0999053,17.1228229,11.154825846354166,1.692000076174736,1.4037409076269836,0.0,0.0,0.0
Białuń,0.06426809119653004,0.0946428571428571,564.8333333333334,53.6114243,14.8506816,11.2586669921875,1.8708149294058483,1.6409898218359025,0.0,0.0,0.0
Biały Bór,0.06521070075113239,0.1409395973154362,192.5,53.8987414,16.8377275,10.229532877604166,2.1478896190722785,1.6362911294207565,0.08333333333333333,0.0,0.0
Biały Dunajec,0.08435773790914944,0.17991794633049873,613.6666666666666,49.3805921,20.0122858,8.663614908854166,2.735831707715988,0.7663127702877134,0.16666666666666666,0.0,0.0
Biały Kościół,0.17956133514910413,0.3466223698781838,710.75,50.729797,17.0405784,11.3939208984375,1.9773815125226974,1.2240831258576137,0.0,0.0,0.0
Biały Zdrój Południowy,0.18681687073996278,0.3694267515923566,306.8333333333333,53.2565172,15.9544736,10.980183919270834,1.952468638618787,1.345830014166906,0.0,0.0,0.0
Białystok,0.10352638113839381,0.1610903593330223,1702.2222222222222,53.132398,23.1591679,10.581258138020834,1.5662829925616581,1.3013371743410753,0.08333333333333333,0.0,0.0
Białystok Bacieczki,0.09039456453562546,0.1238532110091743,217.16666666666666,53.1505228,23.0719921,10.581095377604166,1.5125416666269302,1.2916355883294137,0.08333333333333333,0.0,0.0
Białystok Fabryczny,0.015960038986354775,0.0526315789473684,12.5,53.1405223,23.1841933,10.581258138020834,1.5662829925616581,1.3013371743410753,0.08333333333333333,0.0,0.0
Białystok Nowe Miasto,0.09572802474566715,0.1326164874551971,556.4166666666666,53.106445,23.1137082,10.648478190104166,1.542543277144432,1.3013848649233155,0.08333333333333333,0.0,0.0
Białystok Stadion,0.09863951198079705,0.1362007168458781,556.4166666666666,53.0978043,23.1295416,10.648478190104166,1.542543277144432,1.3013848649233155,0.08333333333333333,0.0,0.0
Białystok Starosielce,0.08850828109325524,0.1238532110091743,217.0,53.1211871,23.0867818,10.648478190104166,1.542543277144432,1.3013848649233155,0.08333333333333333,0.0,0.0
Białystok Zielone Wzgórza,0.10440289676740948,0.15866443189390655,1512.8333333333333,53.115104,23.1037246,10.648478190104166,1.542543277144432,1.3013848649233153,0.08333333333333333,0.0,0.0
Biecz,0.11148412103971622,0.2912903225806452,52.06666666666667,49.7305351,21.249421,10.645711263020834,2.225902189811071,1.0059195777142285,0.08333333333333333,0.0,0.0
Bieczyno Pomorskie,0.11464398620309256,0.1724137931034483,433.75,54.0957435,15.3531956,11.242716471354166,1.8990507572889328,1.6916944254010813,0.0,0.0,0.0
Bielany Wrocławskie,0.08146186829290285,0.1231126596980255,891.6666666666666,51.0392894,16.9686781,11.9012451171875,2.159302989641825,1.275878984433992,0.0,0.0,0.0
Bielawa Centralna,0.08607149362778942,0.1232,635.8333333333334,50.6927768,16.6207799,10.1971435546875,2.2288029293219247,1.3054061958126517,0.08333333333333333,0.0,0.0
Bielawa Zachodnia,0.06386601843288317,0.0890937019969278,635.8333333333334,50.6858735,16.606717,10.1971435546875,2.2288029293219247,1.3054061958126517,0.08333333333333333,0.0,0.0
Bielin,0.08007007428311404,0.095360824742268,402.25,54.155633,20.9556691,10.570027669270834,1.7450193365414937,1.4032020466541455,0.08333333333333333,0.0,0.0
Bieliny Opoczyńskie,0.040184813157597414,0.0806171983356449,286.77777777777777,51.4240006,20.5020708,11.0511474609375,1.7521697282791138,1.5410829286235586,0.08333333333333333,0.0,0.0
Bielsk Podlaski,0.12637314728596258,0.19105691056910565,525.5555555555555,52.764915,23.1882107,10.6864013671875,1.6460539003213246,1.359516389660125,0.08333333333333333,0.0,0.0
Bielsko-Biała Główna,0.14640049537578484,0.22978879200311703,1147.2083333333333,49.8298224,19.045398,10.207234700520834,2.7206865151723227,1.184231455313374,0.08333333333333333,0.0,0.0
Bielsko-Biała Komorowice,0.15310418955615449,0.2090163934426229,1205.0,49.8474469,19.0255025,10.207234700520834,2.7206865151723227,1.184231455313374,0.08333333333333333,0.0,0.0
Bielsko-Biała Leszczyny,0.10785990273044883,0.2017106200997861,932.6111111111111,49.7970632,19.060798,10.1317138671875,2.7483067711194358,1.1460675349715992,0.08333333333333333,0.0,0.0
Bielsko-Biała Lipnik,0.1411044421095107,0.1931575196008553,1398.75,49.8140037,19.0495981,10.207234700520834,2.7206865151723227,1.184231455313374,0.08333333333333333,0.0,0.0
Bielsko-Biała Mikuszowice,0.1426831005409518,0.2044374009508716,1246.0833333333333,49.7824358,19.074643,10.1317138671875,2.7483067711194358,1.1460675349715992,0.08333333333333333,0.0,0.0
Bielsko-Biała Wschód,0.08645785494668723,0.2016293279022403,296.3333333333333,49.8346579,19.0585768,10.1317138671875,2.7483067711194358,1.1460675349715992,0.08333333333333333,0.0,0.0
Bieniów,0.11479008426200288,0.3306221749983134,306.0,51.7186585,15.1773648,11.877644856770834,1.8433443506558735,1.3660444500470623,0.0,0.0,0.0
Bierawa,0.10845188106562133,0.1428571428571428,554.5,50.2810555,18.2424545,11.866414388020834,2.008021742105484,1.2510710044666409,0.08333333333333333,0.0,0.0
Bierkowice,0.1947185908950925,0.2996632996632997,289.0833333333333,50.4740488,16.6022698,10.3221435546875,2.282559479276339,1.275573098562964,0.08333333333333333,0.0,0.0
Biernatowo,0.052098976643484333,0.09313470379044145,351.94444444444446,52.9551636,16.2962974,11.469278971354166,1.672309120496114,1.2483132744960785,0.0,0.0,0.0
Bierutów,0.07436044516543998,0.1043478260869565,571.25,51.1252738,17.5400351,11.868855794270834,2.0425741175810495,1.2982126107582326,0.0,0.0,0.0
Bierzwnik,0.11063300021058699,0.1444141689373297,361.0833333333333,53.03564,15.66496,11.395222981770834,1.8154816230138142,1.335452756777472,0.0,0.0,0.0
Biesal,0.07016384687563437,0.0907441016333938,566.4166666666666,53.7227038,20.1913907,10.513387044270834,1.7728755076726277,1.6061568038933534,0.08333333333333333,0.0,0.0
Biesowice,0.09175415188700252,0.1456043956043956,358.5833333333333,54.1959614,16.8774509,10.4862060546875,2.1579609413941703,1.7419489852042986,0.0,0.0,0.0
Biniew,0.08629733069811388,0.13844086021505375,665.0555555555555,51.7434835,17.8025146,11.6199951171875,1.8800769299268723,1.4863821747525874,0.0,0.0,0.0
Biskupice,0.06023604944853869,0.0804597701149425,991.8333333333334,51.1523459,22.946692,11.2664794921875,1.659833128253619,1.3502943267446996,0.08333333333333333,0.0,0.0
Biskupice Oławskie,0.12291070621465007,0.1785714285714285,83.75,50.9982274,17.5136959,11.9139404296875,2.0378674964110055,1.2701349436910423,0.0,0.0,0.0
Biskupice Wielkopolskie,0.08467122460431892,0.15378509462736564,998.8333333333334,52.4668217,17.1685791,11.517781575520834,1.5437260766824088,1.4187682310602372,0.0,0.0,0.0
Biskupice koło Kluczborka,0.04590103369229398,0.1111111111111111,186.33333333333334,51.0711546,18.2102992,11.6248779296875,2.0343042810757956,1.4360161985548574,0.08333333333333333,0.0,0.0
Biskupiec Pomorski,0.10849315823536353,0.1778425655976676,371.5,53.4894931,19.3893071,10.8138427734375,1.7374685009320576,1.5813760148012763,0.08333333333333333,0.0,0.0
Biskupiec Reszelski,0.041666666666666664,0.0,0.16666666666666666,53.8684495,20.9567574,10.2562255859375,1.7313971817493439,1.4522568135183533,0.08333333333333333,0.0,0.0
Biskupnica,0.08512864001802001,0.1391585760517799,307.3333333333333,53.65787,17.21601,10.3275146484375,1.981031060218811,1.5383598864113555,0.08333333333333333,0.0,0.0
Biłgoraj,0.3546005679462858,0.5833333333333334,60.083333333333336,50.5424846,22.7209326,11.278361002604166,1.877834012111028,1.2165820627678856,0.08333333333333333,0.0,0.0
Bińcze,0.08269641406517284,0.1359223300970873,307.3333333333333,53.64989,17.14279,10.3890380859375,1.9522401988506317,1.513010578407908,0.08333333333333333,0.0,0.0
Blachownia,0.08434370868286696,0.1531135531135531,383.22222222222223,50.7820239,18.9684255,11.178914388020834,2.0353597899278006,1.5676555221550923,0.08333333333333333,0.0,0.0
Blizna,0.08267797652634228,0.1434782608695652,228.83333333333334,50.1835418,21.6097902,11.5687255859375,1.9888585309187572,1.2533556774081276,0.08333333333333333,0.0,0.0
Bliżyn,0.029440579086078875,0.046551271964332494,286.0,51.1077461,20.7592856,10.641316731770834,1.9003481070200603,1.4417823589889487,0.08333333333333333,0.0,0.0
Bobowa,0.06992305771624678,0.10747875789591366,351.94444444444446,49.7130028,20.9576054,10.530314127604166,2.2083560625712075,0.9805134143657787,0.08333333333333333,0.0,0.0
Bobowa-Miasto,0.09048123494987657,0.15055992016060718,414.5,49.7081911,20.9391125,10.5247802734375,2.1948453982671103,0.9691897811570686,0.08333333333333333,0.0,0.0
Bobowicko,0.03841575091575091,0.1538461538461538,5.333333333333333,52.4430284,15.6437744,11.824910481770834,1.5759017318487167,1.3174271518435148,0.0,0.0,0.0
Bobrowniki,0.038640834511848215,0.0451263537906137,594.4166666666666,52.7792249,18.9545437,11.3118896484375,1.8025946617126465,1.4061540652894013,0.08333333333333333,0.0,0.0
Bobrowo Pomorskie,0.06864662655656077,0.0921787709497206,350.1666666666667,53.5282801,16.0771081,10.631551106770834,2.000213841597239,1.5003094409913977,0.0,0.0,0.0
Bobry,0.0758754596647921,0.1030150753768844,793.1666666666666,53.7389228,22.3525576,10.450236002604166,1.519460767507553,1.3860711923801026,0.08333333333333333,0.0,0.0
Bobrówka,0.16149632002350686,0.2865497076023391,104.75,52.4478077,23.3309202,10.7899169921875,1.7405766248703003,1.4548288369382025,0.08333333333333333,0.0,0.0
Bochnia,0.1428309431739277,0.2365562753036437,1290.625,49.9693563,20.430541,11.425496419270834,2.0158386329809823,1.073000622541641,0.08333333333333333,0.0,0.0
Boczów,0.34186614634113455,0.3918495297805642,333.8333333333333,49.8470183,20.2840956,10.182169596354166,2.3921432395776114,0.9553625316304347,0.08333333333333333,0.0,0.0
Bogaczewo,0.04745114751988131,0.11190173020747504,218.33333333333334,53.9143617,19.988326,10.437703450520834,1.8486789564291637,1.5077085198964895,0.08333333333333333,0.0,0.0
Bogaczów,0.1624152979216775,0.3885209713024282,362.6666666666667,51.8495976,15.2604072,11.954630533854166,1.6836256285508473,1.3403422245354193,0.0,0.0,0.0
Bogdaniec,0.17744057474287944,0.2168850072780203,753.75,52.2379157,20.3349468,11.5775146484375,1.5049324333667755,1.4445239626830648,0.08333333333333333,0.0,0.0
Bogdanowo,0.11237520472228495,0.19870550161812295,773.4444444444445,52.6234584,16.8053361,11.634480794270834,1.5737394839525223,1.3528580373002757,0.0,0.0,0.0
Bogoniowice Ciężkowice,0.09472374210741846,0.15618200861504056,448.0833333333333,49.7984243,20.9765428,10.837931315104166,2.0955036679903665,1.054484708789748,0.08333333333333333,0.0,0.0
Boguchwała,0.06634848305604903,0.0932773109243697,1184.0,49.9806882,21.9391822,11.367228190104166,1.9609309534231822,1.3367196792505327,0.08333333333333333,0.0,0.0
Boguchwała Dolna,0.07170903528813977,0.0974789915966386,1178.9166666666667,49.9945898,21.9439,11.367228190104166,1.9609309534231822,1.3367196792505327,0.08333333333333333,0.0,0.0
Bogumiłowice,0.1042285807791119,0.19473554498306972,841.0555555555555,51.18985,19.13119,11.409708658854166,1.8849108219146729,1.5598268006992528,0.08333333333333333,0.0,0.0
Boguszewo,0.04696683468974793,0.073076923076923,527.5,53.3350676,22.7792722,10.601277669270834,1.4652866820494335,1.3064667849747629,0.08333333333333333,0.0,0.0
Boguszów-Gorce,0.11345986259198028,0.24935483870967748,436.4166666666667,50.7566795,16.2043895,9.775431315104166,2.654196341832479,1.3948668023253683,0.08333333333333333,0.0,0.0
Boguszów-Gorce Dzikowiec,0.10037878787878789,0.3,13.833333333333334,50.7276066,16.2176489,9.221232096354166,2.711372752984365,1.2981925492478443,0.08333333333333333,0.0,0.0
Boguszów-Gorce Wschód,0.17245646491926947,0.31909671084928815,451.1666666666667,50.747924,16.2217619,9.221232096354166,2.711372752984365,1.2981925492478443,0.08333333333333333,0.0,0.0
Boguszów-Gorce Zachód,0.1616235027099499,0.29684287812041116,442.3888888888889,50.7623764,16.1672349,9.775431315104166,2.654196341832479,1.3948668023253683,0.08333333333333333,0.0,0.0
Bohumin,0.2703603325640987,0.43328631758166547,511.1111111111111,50.0950606,18.2196408,11.516805013020834,2.065229147672653,1.309498127637341,0.08333333333333333,0.0,0.0
Bohumin Vrbice,0.269019274593468,0.5172413793103449,73.33333333333333,,,,,,,,
Bojanowo,0.08683977045068848,0.15116902196360135,657.6111111111111,51.7070018,16.7487692,11.9271240234375,1.8069495012362797,1.4693860886317434,0.0,0.0,0.0
Bojary,0.06018733300659796,0.1239804241435562,642.8333333333334,52.6685823,22.073216,11.1937255859375,1.4422398606936138,1.3766700689864881,0.08333333333333333,0.0,0.0
Boksycka,0.0752538568574712,0.1099195710455764,738.1666666666666,50.9498868,21.3306331,10.916707356770834,1.838038608431816,1.3521088017084049,0.08333333333333333,0.0,0.0
Bolechowo,0.040668952355959104,0.0595813204508856,1167.1666666666667,53.5056806,14.8721525,11.2601318359375,1.8664187888304393,1.572614168031459,0.0,0.0,0.0
Boleszewo,0.058500592367983655,0.1182795698924731,288.1666666666667,54.3717773,16.5807696,10.8699951171875,2.009804273645083,2.0591336625608054,0.0,0.0,0.0
Boleszkowice,0.06801769382326091,0.1088082901554404,268.27777777777777,52.7259036,14.5681557,11.8133544921875,1.6957601308822632,1.334341720166119,0.0,0.0,0.0
Bolesławice Świdnickie,0.19426481190010877,0.25,630.4166666666666,50.8876906,16.4646272,11.495157877604166,2.217990900079409,1.4640439321942023,0.0,0.0,0.0
Bolesławiec,0.08878433412528046,0.17655927302767452,561.2083333333334,51.2621692,15.5550197,11.610066731770834,1.8040906339883804,1.3603267317612326,0.0,0.0,0.0
Boreczek,0.17351095329929073,0.3517842298641579,738.1666666666666,52.6725445,22.0368149,11.214070638020834,1.4232697387536366,1.3610560262953344,0.08333333333333333,0.0,0.0
Borki-Kosy,0.0773565959720244,0.1303256244997683,632.6666666666666,52.0874886,22.3653286,11.146036783854166,1.5615037580331166,1.3685131569767,0.08333333333333333,0.0,0.0
Borkowice,0.03280438062448741,0.0508982035928143,315.0,54.2084149,15.907095,11.058797200520834,2.0718868474165597,1.9374033527667047,0.0,0.0,0.0
Borkowo,0.03781292126279599,0.054566341183228,1712.5,52.5611271,20.6639877,11.4256591796875,1.343727966149648,1.4005330739311586,0.08333333333333333,0.0,0.0
Boronów,0.023461572638500777,0.0389221556886227,345.6666666666667,50.6738627,18.9038311,11.1302490234375,2.0911208589871726,1.539211455294497,0.08333333333333333,0.0,0.0
Borowa Oleśnicka,0.08489008906632067,0.1179983857949959,772.1111111111111,51.1841096,17.2760947,11.739298502604166,2.062467763821284,1.3094584292291553,0.0,0.0,0.0
Borowiki,0.09370413489022673,0.1666666666666666,282.05555555555554,52.4914739,23.2062583,10.709187825520834,1.7271556456883748,1.4275277923108447,0.08333333333333333,0.0,0.0
Borowina,0.06431453151682766,0.1083591331269349,325.8333333333333,51.5163961,21.8814902,11.601114908854166,1.6265072921911876,1.2051211461135325,0.08333333333333333,0.0,0.0
Borsukówka,0.09300996858474353,0.1238532110091743,217.16666666666666,53.2394528,22.9358835,10.681844075520834,1.4730961223443348,1.3036804610401922,0.08333333333333333,0.0,0.0
Borszewice,0.05416795260415466,0.1026252983293556,825.8888888888889,51.6097491,19.035664,11.446004231770834,1.8674041330814362,1.4860613038995496,0.08333333333333333,0.0,0.0
Borucice,0.12075638573241267,0.1785714285714285,83.75,52.1199237,19.0882758,11.545613606770834,1.669082095225652,1.5665726260687114,0.0,0.0,0.0
Boszkowo,0.02009444370003815,0.0336879432624113,355.8333333333333,51.9744738,16.3283194,11.970743815104166,1.623710850874583,1.3952328830805816,0.0,0.0,0.0
Boża Wola,0.10910190939856285,0.134627426424546,1572.1666666666667,52.19899,19.32942,11.5047607421875,1.610408455133438,1.5663192441882854,0.0,0.0,0.0
Bożacin,0.06384897399393284,0.0813953488372093,114.75,51.73385,17.43696,11.761922200520834,1.8537071645259857,1.48385679286712,0.0,0.0,0.0
Bożepole Wielkie,0.13488212669869132,0.26944640612619164,727.0,54.57454,17.96861,10.2425537109375,2.0167019615570703,1.8409983201734204,0.08333333333333333,0.0,0.0
Brachlewo,0.05401912690449978,0.1065340909090909,694.4166666666666,53.804379,18.9663935,10.817911783854166,1.7277603844801586,1.5270840612485757,0.08333333333333333,0.0,0.0
Braniewo,0.01846686493969194,0.042592409729765246,166.22222222222223,54.3825966,19.827344,10.8294677734375,1.8993599712848663,1.605814716501922,0.08333333333333333,0.0,0.0
Bratków,0.03476954962011974,0.06500915621918574,338.55555555555554,51.4430468,20.1246031,11.211140950520834,1.7027106086413066,1.5621846176700427,0.08333333333333333,0.0,0.0
Bratoszewice,0.016168924165487583,0.0209790209790209,1072.8333333333333,51.9294881,19.6522861,11.245808919270834,1.692640205224355,1.5639108789104383,0.08333333333333333,0.0,0.0
Brochocin Trzebnicki,0.0484492078317279,0.0966542750929368,647.0833333333334,51.2760267,17.0941302,11.7332763671875,1.984739288687706,1.322949065241754,0.0,0.0,0.0
Brodnica,0.052449850310343715,0.10749071618037136,327.9166666666667,53.258092,19.3993626,10.8934326171875,1.766241043806076,1.5813591704691297,0.08333333333333333,0.0,0.0
Brody Iłżeckie,0.07907396420995703,0.1126005361930295,738.0833333333334,51.0215143,21.2002986,10.961140950520834,1.8735520939032237,1.3870272973612827,0.08333333333333333,0.0,0.0
Brody Warszawskie,0.0763572084920204,0.0992115637319316,1535.0,52.5138031,20.7480378,11.5677490234375,1.374952107667923,1.3709645624343594,0.08333333333333333,0.0,0.0
Brokęcino,0.26634689063457734,0.3897849462365591,361.75,53.5603534,16.814271,10.447957356770834,1.967183252175649,1.498710476130519,0.08333333333333333,0.0,0.0
Broniszew Stary,0.0011216823163725778,0.0,12.555555555555555,50.9836582,19.1607855,11.422078450520834,1.9968443016211193,1.6110282149571835,0.08333333333333333,0.0,0.0
Bronów,0.08682165142659709,0.1478155778440408,665.0555555555555,49.8775422,18.9213059,11.2196044921875,2.451196571191152,1.3014438799045942,0.08333333333333333,0.0,0.0
Brusy,0.06342804444129041,0.0841121495327102,218.58333333333334,53.8861557,17.7190437,10.179239908854166,1.9635957876841228,1.5646103573992873,0.08333333333333333,0.0,0.0
Brwinów,0.056996388591707636,0.0756356614097199,2884.75,52.1425551,20.7170701,11.5413818359375,1.5890290141105652,1.4120749013722724,0.08333333333333333,0.0,0.0
Brzask,0.030668713206781176,0.047793984989535895,286.0,51.0972299,20.8032124,10.641316731770834,1.9003481070200603,1.4417823589889487,0.08333333333333333,0.0,0.0
Brzeg,0.18740349302073234,0.2753823585341338,1925.111111111111,50.8614882,17.470497,12.025105794270834,1.9585998555024464,1.2487607992410557,0.0,0.0,0.0
Brzeg Dolny,0.19829412301754956,0.3382113821138212,682.9583333333334,51.2691744,16.7083805,11.910359700520834,1.9019332180420558,1.3624094686728185,0.0,0.0,0.0
Brzeg Głogowski,0.16847523785251695,0.21148666773968555,624.7777777777778,51.6968711,15.9154406,11.822957356770834,1.7414542188247044,1.3931734578881734,0.0,0.0,0.0
Brzesko Okocim,0.13117449121208577,0.21306322245812687,1112.2083333333333,49.9867628,20.6093415,11.484903971354166,1.9767904579639435,1.0878318783927654,0.08333333333333333,0.0,0.0
Brzeszcze,0.05976144424082916,0.095505617977528,402.1666666666667,49.9819014,19.1528065,11.199422200520834,2.2928183376789093,1.1770974360057085,0.08333333333333333,0.0,0.0
Brzeszcze Jawiszowice,0.06491289691908164,0.1095505617977528,402.1666666666667,49.9720643,19.1284858,11.313680013020834,2.2852873504161835,1.2131084470551265,0.08333333333333333,0.0,0.0
Brzezie,0.07434120587946515,0.1142162818955042,821.1666666666666,50.9359159,21.0533424,10.671915690104166,1.842497780919075,1.3733225525977433,0.08333333333333333,0.0,0.0
Brzezinka Średzka,0.14135695551025212,0.2258238258364935,799.2222222222222,51.2152266,16.8228416,11.926310221354166,1.98856054743131,1.3335739137079028,0.0,0.0,0.0
Brzeziny,0.04195144630356847,0.059090909090909,227.33333333333334,51.8004949,19.7517694,11.1107177734375,1.742688884337743,1.5465502553159804,0.08333333333333333,0.0,0.0
Brzeźnica,0.031124909093144845,0.06387038729992885,771.5555555555555,50.3499995,19.0522414,11.299519856770834,2.0738454361756644,1.2992858539664631,0.08333333333333333,0.0,0.0
Brzeźnica Bychawska,0.05172653801224425,0.0792682926829268,325.3333333333333,51.5277894,22.7508153,11.301798502604166,1.6300401091575623,1.3118978850830925,0.08333333333333333,0.0,0.0
Brzeźno Człuchowskie,0.0852631681086106,0.1438127090301003,307.3333333333333,53.6709018,17.4822016,10.316935221354166,1.9516776601473491,1.5095978105654375,0.08333333333333333,0.0,0.0
Brzoza Bydgoska,0.07550305751400085,0.0984375,432.0,53.027281,18.0205697,11.294474283854166,1.7246770759423573,1.3456331934032995,0.0,0.0,0.0
Brzoza Toruńska,0.004253673627223508,0.0,35.916666666666664,52.9614392,18.6852668,11.309773763020834,1.7571243743101757,1.3986529913566936,0.0,0.0,0.0
Brzozowica,0.025807081648443957,0.0522560922022322,383.8333333333333,53.7288889,15.9955556,10.530314127604166,2.0240668853123984,1.5108269246638613,0.0,0.0,0.0
Brzozowiec Gorzowski,0.21920967627695417,0.2775800711743772,301.25,52.6532974,15.3673881,11.9241943359375,1.6747497916221619,1.2481697791653907,0.0,0.0,0.0
Brzustów,0.024036177508359364,0.0592105263157894,295.1111111111111,51.6,19.8166667,11.165730794270834,1.7503514538208644,1.5449587983920114,0.08333333333333333,0.0,0.0
Buchałów,0.1610001468581716,0.3885209713024282,348.25,51.9114816,15.3649002,11.961629231770834,1.588482956091563,1.3135846508981246,0.0,0.0,0.0
Budachów,0.187563851176577,0.2390510948905109,579.0833333333334,52.15218,15.09045,12.081095377604166,1.622867077589035,1.2574563228066484,0.0,0.0,0.0
Budki Nowe,0.09299620527372975,0.129973474801061,762.0833333333334,52.2444479,18.5634491,11.595743815104166,1.7166720728079479,1.4853019068054643,0.0,0.0,0.0
Budy Głogowskie,0.052461015208334634,0.092924126172208,1141.9166666666667,50.1469072,21.9114974,11.5106201171875,1.9723172982533772,1.3215965399365788,0.08333333333333333,0.0,0.0
Budziszowice,0.09399118902024405,0.1452991452991453,472.5,50.5193589,17.5434969,11.600301106770834,2.210904782017072,1.3664438725788566,0.08333333333333333,0.0,0.0
Budzyń,0.1359438692681999,0.22956098198816638,566.7222222222222,52.8909489,16.9835951,11.3055419921875,1.6135637710491817,1.3665887073372025,0.0,0.0,0.0
Bujaki,0.07832874222763765,0.1294964028776978,254.58333333333334,53.4594806,20.3692438,10.4149169921875,1.6960683862368267,1.5385764896631802,0.08333333333333333,0.0,0.0
Buk,0.13277173890805258,0.25830510069640505,926.2777777777778,52.357408,16.5166799,11.755086263020834,1.5198575307925541,1.3440931871908912,0.0,0.0,0.0
Bukowa,0.057046216414493596,0.0865671641791044,663.4166666666666,51.3155,19.4576,11.2664794921875,1.8461848795413973,1.5575961535141047,0.08333333333333333,0.0,0.0
Bukowice Trzebnickie,0.07665793581948516,0.118942731277533,440.9166666666667,51.3995076,17.368541,11.648152669270834,1.9819120913743973,1.3792139759650095,0.0,0.0,0.0
Bukowiec Międzyrzecki,0.22184088930339066,0.2846975088967972,280.75,52.3852613,15.7064092,11.882527669270834,1.5634369005759556,1.330382355297296,0.0,0.0,0.0
Bukowina Sycowska,0.13123650242970436,0.173780487804878,326.5,51.3799688,17.5858963,11.6571044921875,2.012215475241343,1.3892758153524818,0.0,0.0,0.0
Bukowno,0.06976502132792502,0.1102362204724409,788.4166666666666,50.2609998,19.4361777,11.129109700520834,2.128846844037374,1.3288149411189394,0.08333333333333333,0.0,0.0
Bukowno Przymiarki,0.058496220629870234,0.088659793814433,486.6666666666667,50.2753797,19.4097682,11.129109700520834,2.128846844037374,1.3288149411189394,0.08333333333333333,0.0,0.0
Bukowo,0.0357397341298074,0.0538922155688622,315.0,54.19744,20.75296,10.428751627604166,1.7758827308813732,1.4406146871660874,0.08333333333333333,0.0,0.0
Bukowo Człuchowskie,0.09322277926683793,0.1294498381877022,300.3333333333333,53.5734806,17.372239,10.3558349609375,1.9247540434201558,1.5174739179585577,0.08333333333333333,0.0,0.0
Bukwałd,0.04463940623551336,0.0607287449392712,249.66666666666666,53.8776789,20.3577319,10.382364908854166,1.7716709971427917,1.5698845467373914,0.08333333333333333,0.0,0.0
Bulowice,0.17022455853266563,0.2629310344827586,456.5,49.8773139,19.2805376,10.714558919270834,2.4870133697986603,1.1574102985713282,0.08333333333333333,0.0,0.0
Burkat,0.07202671969392514,0.0979381443298969,187.0,53.27347,20.14558,10.552775065104166,1.679738278190295,1.5359443621567355,0.08333333333333333,0.0,0.0
Burkatów,0.17437467577898982,0.2492668621700879,349.0833333333333,50.7950157,16.4665533,10.702677408854166,2.288455973068873,1.4021318249938395,0.08333333333333333,0.0,0.0
Bursztynowo,0.048083476661844565,0.0769230769230769,527.5,53.6244444,18.475,10.8260498046875,1.721350073814392,1.5459411890551167,0.08333333333333333,0.0,0.0
Busko-Zdrój,0.029917054945724258,0.0474137931034482,194.33333333333334,50.46759,20.71919,11.2039794921875,1.7724626163641612,1.264188991229638,0.08333333333333333,0.0,0.0
Byczyna Kluczborska,0.09403625289976508,0.19142125119657635,286.77777777777777,51.1137155,18.1998832,11.6248779296875,2.0343042810757956,1.4360161985548574,0.08333333333333333,0.0,0.0
Bydgoszcz Bielawy,0.07231605427064164,0.10615834569121765,957.6111111111111,53.1318249,18.0532565,11.238321940104166,1.7299905916055043,1.3879167878632321,0.0,0.0,0.0
Bydgoszcz Brdyujście,0.062286441065044336,0.092250922509225,315.8333333333333,53.1334401,18.1109012,11.238321940104166,1.7299905916055043,1.3879167878632324,0.0,0.0,0.0
Bydgoszcz Błonie,0.0790837241054008,0.10625,432.0,53.1183445,17.9516345,11.223836263020834,1.7511679033438365,1.3882787141301882,0.0,0.0,0.0
Bydgoszcz Emilianowo,0.041666666666666664,0.0,0.16666666666666666,53.0530393,18.0905108,11.238321940104166,1.7299905916055043,1.3879167878632324,0.0,0.0,0.0
Bydgoszcz Fordon,0.04027780446336019,0.08473047755687635,210.88888888888889,53.1464952,18.1578364,11.275431315104166,1.6983315149943035,1.3917193964345291,0.0,0.0,0.0
Bydgoszcz Główna,0.08833879261895974,0.21234323444795544,2227.2,53.1352905,17.991601,11.223836263020834,1.7511679033438365,1.388278714130188,0.0,0.0,0.0
Bydgoszcz Leśna,0.0905010488174949,0.17010559840717698,927.0666666666667,53.1443446,18.030854,11.223836263020834,1.7511679033438365,1.388278714130188,0.0,0.0,0.0
Bydgoszcz Osowa Góra,0.05434304089066354,0.10848930122807954,434.27777777777777,53.1481642,17.9121481,11.222208658854166,1.7545985877513885,1.397199382104362,0.0,0.0,0.0
Bydgoszcz Politechnika,0.061815116262264415,0.092250922509225,315.8333333333333,53.1408643,18.1376313,11.238321940104166,1.7299905916055043,1.3879167878632324,0.0,0.0,0.0
Bydgoszcz Wschód,0.08117140274890956,0.15465361149107007,942.8666666666667,53.1278962,18.0838582,11.238321940104166,1.7299905916055043,1.3879167878632324,0.0,0.0,0.0
Bydgoszcz Zachód,0.051480127714421134,0.102829000962749,434.27777777777777,53.1361284,17.9487156,11.222208658854166,1.7545985877513885,1.397199382104362,0.0,0.0,0.0
Bydgoszcz Łęgnowo,0.0824743014206841,0.1185410334346504,657.3333333333334,53.1071543,18.1126399,11.238321940104166,1.7299905916055043,1.3879167878632324,0.0,0.0,0.0
Bystra Podhalańska,0.12360907170899538,0.18580375782881,459.5833333333333,49.6477978,19.7793497,8.808634440104166,3.0457162658373513,0.8933156086325108,0.16666666666666666,0.0,0.0
Bystrzyca Górna,0.1748392851094358,0.252199413489736,349.0833333333333,50.7824855,16.456493,10.702677408854166,2.288455973068873,1.4021318249938395,0.08333333333333333,0.0,0.0
Bystrzyca Kłodzka,0.08332701353026876,0.2171875,305.1111111111111,50.2968684,16.652017,9.406453450520834,2.757075478633245,1.095206083169485,0.16666666666666666,0.0,0.0
Bystrzyca Kłodzka Przedmieście,0.1080627605163093,0.1990291262135922,430.9166666666667,50.2855574,16.6469871,9.258829752604166,2.6813533504803977,1.0769695483819046,0.16666666666666666,0.0,0.0
Bystrzyca koło Lublina,0.06760902898199551,0.1128048780487804,326.8333333333333,51.3493926,22.6386602,11.249552408854166,1.6793698022762935,1.3331147705850135,0.08333333333333333,0.0,0.0
Bytnica,0.193241254662914,0.2463503649635036,570.8333333333334,52.1483682,15.1658027,12.1243896484375,1.6000266869862874,1.2534285063368427,0.0,0.0,0.0
Bytom,0.013116483657041786,0.020935960591133,856.0,50.3470387,18.9231857,11.3880615234375,2.1111529966195426,1.3143268765953084,0.08333333333333333,0.0,0.0
Bytom Karb,0.004766949152542366,0.0,39.333333333333336,50.3517998,18.8820999,11.179402669270834,2.2184211711088815,1.36206930147241,0.08333333333333333,0.0,0.0
Bytom Odrzański,0.20208424982109366,0.28268831168831177,658.6666666666666,51.7308267,15.826918,11.814005533854166,1.7604317913452785,1.3941277355578239,0.0,0.0,0.0
Bytonia,0.15796531393405974,0.2152317880794702,625.75,53.9213044,18.2821987,10.381876627604166,1.7992822527885437,1.6193191931677455,0.08333333333333333,0.0,0.0
Bzowiec,0.043855121673389376,0.0647773279352226,249.5,50.8289367,22.9083969,11.002156575520834,1.7822843492031097,1.326239635036755,0.08333333333333333,0.0,0.0
Bąk,0.08333333333333333,0.0,0.16666666666666666,53.9433333,18.0258333,10.237019856770834,1.8791313370068867,1.5807980059677378,0.08333333333333333,0.0,0.0
Bąkowiec,0.03399559175558035,0.06893680914661715,542.6111111111111,49.6275,20.494167,9.7904052734375,2.5422997971375785,0.8464051515158347,0.08333333333333333,0.0,0.0
Bąków,0.07334455706290059,0.1052631578947368,348.0,49.9008987,18.7374167,11.5003662109375,2.387440343697866,1.346673333179431,0.08333333333333333,0.0,0.0
Będziemyśl,0.05379151897025045,0.0654810024252223,1240.9166666666667,50.0564749,21.7789634,11.490275065104166,1.9998043775558472,1.302520142711507,0.08333333333333333,0.0,0.0
Będzin Ksawera,0.11523991109511916,0.1721854304635761,2026.8333333333333,50.3305194,19.1579342,11.2996826171875,2.080015778541565,1.310546111585304,0.08333333333333333,0.0,0.0
Będzin Miasto,0.1482298428003527,0.21271222866967543,1630.5555555555557,50.319188,19.135537,11.299519856770834,2.0738454361756644,1.2992858539664631,0.08333333333333333,0.0,0.0
Będzino,0.11230129481096002,0.1970443349753694,387.6666666666667,54.20856,15.98863,11.025431315104166,2.0994031131267548,1.9871073607663752,0.0,0.0,0.0
Będów,0.19153271121901747,0.2390510948905109,570.6666666666666,52.0667472,15.3080642,12.111368815104166,1.5945523977279663,1.2624141046446484,0.0,0.0,0.0
Będźmierowice,0.04633541902356364,0.0753768844221105,373.25,53.8016988,18.0515773,10.426798502604166,1.8389680584271748,1.5283173565260537,0.08333333333333333,0.0,0.0
Błaszki,0.10322547582772677,0.1513888888888889,303.44444444444446,51.6525206,18.4333114,11.617879231770834,1.827526758114497,1.5243457810426326,0.0,0.0,0.0
Błażkowa,0.038589344791846086,0.0619047619047619,420.3333333333333,50.7356742,15.9834678,8.8006591796875,2.8914013604323068,1.1727130192473059,0.16666666666666666,0.0,0.0
Błonie,0.09039224768326848,0.1089444679949131,2321.1666666666665,52.1946065,20.6169694,11.6131591796875,1.5269035995006561,1.4209711886164993,0.08333333333333333,0.0,0.0
Błonie Rokitno,0.09884500197529345,0.1267921146953405,2175.5833333333335,52.1889771,20.640072,11.6131591796875,1.5269035995006561,1.4209711886164993,0.08333333333333333,0.0,0.0
Błotnica,0.01997448389062584,0.0343511450381679,533.25,51.1137117,20.512873,10.8773193359375,1.8323687116305034,1.4686427608123598,0.08333333333333333,0.0,0.0
Błotnica Strzelecka,0.10668559238504942,0.1404399323181049,565.5833333333334,50.4858916,18.4115576,11.531941731770834,2.0652151505152383,1.291628566299366,0.08333333333333333,0.0,0.0
Błądzim,0.06229732536716109,0.0981507823613086,679.1666666666666,53.4767932,18.1144922,10.687215169270834,1.8117380440235138,1.4964089107857321,0.08333333333333333,0.0,0.0
Cegłów,0.13885620446024557,0.2562874251497006,1765.5833333333333,52.1470172,21.7381713,11.267618815104166,1.543364405632019,1.3166101527548424,0.08333333333333333,0.0,0.0
Cekcyn,0.05922734396539165,0.0902777777777777,728.5833333333334,53.5747748,18.0085468,10.616902669270834,1.848530262708664,1.5062569369533978,0.08333333333333333,0.0,0.0
Celestynów,0.07893255201535786,0.1043791241751649,1712.6666666666667,51.3667288,21.6961065,11.4217529296875,1.666783591111501,1.1903917247900395,0.08333333333333333,0.0,0.0
Cerkiewnik,0.046716066426414675,0.0647773279352226,249.66666666666666,53.91704,20.40209,10.382364908854166,1.7716709971427917,1.5698845467373914,0.08333333333333333,0.0,0.0
Cesky Tesin,0.015951610660582365,0.033370411568409294,329.8333333333333,,,,,,,,
Chabówka,0.07811880676831405,0.18206951026856255,309.625,49.5942396,19.9313885,8.919148763020834,3.0383082032203674,0.8868708317096078,0.16666666666666666,0.0,0.0
Chabówka Stadion,0.14842531675226175,0.3188206636639397,351.8666666666667,49.5897741,19.9203452,8.919148763020834,3.0383082032203674,0.8868708317096077,0.16666666666666666,0.0,0.0
Charnowo Słupskie,0.026101500870765876,0.0672588832487309,512.4166666666666,54.5319305,16.9204322,10.680704752604166,2.1881599724292755,2.1968595776181226,0.0,0.0,0.0
Charsznica,0.04608570960254021,0.08125,486.9166666666667,50.4130511,19.9355395,10.7493896484375,2.1233433882395425,1.4329101423018702,0.08333333333333333,0.0,0.0
Chałupki,0.2044615083753045,0.4145574253876409,1199.388888888889,49.9251425,18.3179213,11.624552408854166,2.110514998435974,1.3249431651115577,0.08333333333333333,0.0,0.0
Chałupy,0.20151312730229082,0.46910718821437636,586.2222222222222,51.0543372,19.8804472,11.1854248046875,1.8199085195859273,1.5348696526343333,0.08333333333333333,0.0,0.0
Chechło,0.05583751712260449,0.10813334217272161,825.8888888888889,50.3677296,19.5126518,10.8260498046875,2.2737150291601815,1.4340649110117716,0.08333333333333333,0.0,0.0
Chełm,0.11056655389164816,0.27370478983382207,926.1111111111111,51.1355882,23.4939364,11.1141357421875,1.7072281390428543,1.376434480232133,0.08333333333333333,0.0,0.0
Chełm Miasto,0.0821014517943209,0.18303571428571425,778.5555555555555,51.1380549,23.458321,11.1141357421875,1.7072281390428543,1.376434480232133,0.08333333333333333,0.0,0.0
Chełm Śląski,0.04643093956958849,0.085383502170767,712.1666666666666,50.1110253,19.19848,11.398152669270834,2.0665218234062195,1.1863166747941347,0.08333333333333333,0.0,0.0
Chełmek,0.07326587219503594,0.12535842293906804,737.7222222222222,50.1003348,19.2542585,11.3475341796875,2.0502907236417136,1.166885072928268,0.08333333333333333,0.0,0.0
Chełmek Wołowski,0.1837660851279557,0.2870749572909598,625.4444444444445,51.4508404,16.3842213,11.9266357421875,1.8469295998414357,1.407820712937423,0.0,0.0,0.0
Chełmża,0.06835409132177286,0.10515218049666865,725.8888888888889,53.1923757,18.6125545,10.991251627604166,1.7106845875581105,1.4692652213154873,0.08333333333333333,0.0,0.0
Chludowo,0.10743510703053338,0.20166666666666666,773.2777777777778,52.5557714,16.8447806,11.634480794270834,1.5737394839525223,1.3528580373002757,0.0,0.0,0.0
Chmielniki Bydgoskie,0.0726647567248804,0.0984375,647.9166666666666,53.0016213,18.0501366,11.296915690104166,1.7180749475955963,1.3434225729091678,0.0,0.0,0.0
Chmielów Zagumnie,0.12486685705473251,0.1716867469879518,347.6666666666667,50.5237316,21.6858017,11.7171630859375,1.7244666169087093,1.179184982982478,0.08333333333333333,0.0,0.0
Chocianów,0.018224263323306882,0.0380549682875264,465.8333333333333,51.4168327,15.8986889,11.704305013020834,1.7895725419123967,1.3663516415502983,0.0,0.0,0.0
Chocicza,0.07555458204330061,0.1169354838709677,805.9444444444445,52.2252642,17.4131413,11.730997721354166,1.6204170783360798,1.4802721263187506,0.0,0.0,0.0
Chociszew,0.057544050222077696,0.10080645161290319,626.3888888888889,51.6973131,18.5378433,11.6107177734375,1.8356382648150127,1.5201672512051896,0.0,0.0,0.0
Chociszewo Rogoziniec,0.21152033601881182,0.2723214285714285,291.6666666666667,52.3070933,15.7699825,11.9139404296875,1.5545644859472911,1.3354638472516631,0.0,0.0,0.0
Chociw Łaski,0.001225490196078425,0.0,5.666666666666667,51.4065095,18.9825377,11.571492513020834,1.852523426214854,1.5288612301271016,0.08333333333333333,0.0,0.0
Chociwel,0.150039207343465,0.25790927860092294,693.5,53.4663949,15.3314436,10.951212565104166,1.8817312667767208,1.6119196986689472,0.0,0.0,0.0
Chocznia,0.1561193420112597,0.2521551724137931,463.3333333333333,49.8648049,19.4449827,10.673380533854166,2.445697079102198,1.1280735133469635,0.08333333333333333,0.0,0.0
Chocznia Górna,0.15730199410563742,0.2543103448275862,463.3333333333333,49.8544444,19.4341667,10.673380533854166,2.445697079102198,1.1280735133469635,0.08333333333333333,0.0,0.0
Chodzież,0.18083983231692735,0.299889908682149,605.8333333333334,52.9949977,16.9199257,11.3055419921875,1.628471444050471,1.3336799961278298,0.0,0.0,0.0
Chojna,0.1451853401587137,0.26639784946236555,515.5,52.9629793,14.4314113,11.522176106770834,1.802363986770312,1.346221394008146,0.0,0.0,0.0
Chojnice,0.07366522355762291,0.12043682922236863,932.7916666666666,53.6999165,17.5703461,10.352579752604166,1.9431491990884144,1.511414559555499,0.08333333333333333,0.0,0.0
Chojnik,0.07458551579617789,0.1256944444444444,325.27777777777777,53.9649699,19.7990801,10.499715169270834,1.887642999490102,1.3976151349666892,0.08333333333333333,0.0,0.0
Chojnów,0.11217305014843472,0.1943396226415094,1149.8333333333333,51.2722138,15.9393854,11.764851888020834,1.759688009818395,1.3482715678515085,0.0,0.0,0.0
Chorzele,0.03213516762839686,0.06437318047437425,334.0416666666667,53.2610476,20.8978631,10.7904052734375,1.5321543961763382,1.3443505200684782,0.08333333333333333,0.0,0.0
Chorzelów,0.02496514717705479,0.048780487804878,196.5,50.3283855,21.4359549,11.611043294270834,1.8763373643159866,1.202408157632635,0.08333333333333333,0.0,0.0
Chorzelów Południowy,0.02581728404066942,0.0536585365853658,196.5,50.3303743,21.4434182,11.611043294270834,1.8763373643159866,1.202408157632635,0.08333333333333333,0.0,0.0
Chorzew Siemkowice,0.0008207091171692888,0.0,12.555555555555555,51.2096366,18.9411517,11.482950846354166,1.931596467892329,1.5547240556779949,0.08333333333333333,0.0,0.0
Chorzów Batory,0.11519177464811833,0.20359675504794228,1716.5555555555557,50.278276,18.9449635,11.3880615234375,2.1111529966195426,1.3143268765953084,0.08333333333333333,0.0,0.0
Chorzów Miasto,0.004766949152542366,0.0,39.333333333333336,50.2984743,18.9492704,11.3880615234375,2.1111529966195426,1.3143268765953084,0.08333333333333333,0.0,0.0
Chorzów Stary,0.0049435028248587505,0.0,39.333333333333336,50.3168303,18.9569566,11.3104248046875,2.0985366801420846,1.2919759945979876,0.08333333333333333,0.0,0.0
Chorzów Uniwersytet,0.005296610169491525,0.0,39.333333333333336,50.2928558,18.9413082,11.3880615234375,2.1111529966195426,1.3143268765953084,0.08333333333333333,0.0,0.0
Choszczno,0.15005941105168547,0.21658656037929996,646.7777777777778,53.1704801,15.4167349,11.307820638020834,1.9739238272110622,1.4383601574396556,0.0,0.0,0.0
Chotomów,0.05981952973450442,0.074154067674586,2744.25,52.411713,20.8814051,11.713094075520834,1.4326959649721782,1.3182389937764567,0.08333333333333333,0.0,0.0
Chotyłów,0.06601724869023312,0.12923060862302949,551.4444444444445,51.9978146,23.3563468,11.1082763671875,1.5556032210588455,1.5005279068194344,0.08333333333333333,0.0,0.0
Chronów,0.04630902816518753,0.10619045252691345,341.5,51.355688,20.9317298,11.2322998046875,1.6968634327252705,1.4230127563243211,0.08333333333333333,0.0,0.0
Chrosna,0.09113755542690422,0.1135857461024498,1389.0833333333333,50.0804922,19.7195831,11.004597981770834,2.050773471593857,1.1657078726954662,0.08333333333333333,0.0,0.0
Chrośnica,0.13994754370958695,0.26364939408417665,787.1666666666666,52.2672866,16.0026312,11.951212565104166,1.5457330644130707,1.3586483451963884,0.0,0.0,0.0
Chrusty Nowe,0.06320847462428303,0.1011177552489182,663.5555555555555,51.6948657,19.7943261,11.143107096354166,1.7610222399234772,1.5368834011630295,0.08333333333333333,0.0,0.0
Chruszczobród,0.10042600277815085,0.1464646464646464,1388.8333333333333,50.4165951,19.3131743,11.0672607421875,2.2023697992165885,1.3999730329715732,0.08333333333333333,0.0,0.0
Chrzanów,0.07501831058434591,0.12492507881708434,737.5555555555555,50.1411926,19.4028502,11.230183919270834,2.0527723928292594,1.1562748029467245,0.08333333333333333,0.0,0.0
Chrzanów Śródmieście,0.1515351539165565,0.3183023872679049,672.3333333333334,50.14453,19.4140925,11.230183919270834,2.0527723928292594,1.1562748029467245,0.08333333333333333,0.0,0.0
Chrząstawa Mała,0.0413713015486173,0.0514705882352941,776.75,51.0819248,17.281897,11.912638346354166,2.088576470812162,1.2825681053542288,0.0,0.0,0.0
Chrząstowice,0.0779847565635451,0.1050420168067226,462.25,50.3458819,19.6798075,10.5218505859375,2.1334326962629953,1.342583795576722,0.08333333333333333,0.0,0.0
Chrząstowice Olkuskie,0.057908096683191156,0.0870165745856353,747.0833333333334,50.344354,19.6857075,10.5218505859375,2.1334326962629953,1.342583795576722,0.08333333333333333,0.0,0.0
Chrzęsne,0.022969606623234728,0.046449878801563704,897.8888888888889,52.44639,21.48333,11.440633138020834,1.486014798283577,1.3310051688337237,0.08333333333333333,0.0,0.0
Chróstnik,0.162313916221148,0.1944074567243675,757.3333333333334,51.355548,16.157323,11.790568033854166,1.7510866224765778,1.3797377013120304,0.0,0.0,0.0
Chróścice,0.0990389652617913,0.1375,83.83333333333333,50.783878,17.8153199,11.9676513671875,1.942266325155894,1.2670427636817887,0.0,0.0,0.0
Chróścina Nyska,0.10607481669662143,0.1967213114754098,252.0,50.6167705,17.3782591,11.442423502604166,2.114315465092659,1.2812691449115456,0.08333333333333333,0.0,0.0
Chróścina Opolska,0.17920977673701496,0.25,1143.75,50.6698356,17.8181411,11.9212646484375,1.9442993899186451,1.246407525419604,0.0,0.0,0.0
Chwalibogowo,0.03548687062283887,0.0833333333333333,494.5833333333333,52.2832484,17.5172948,11.574422200520834,1.5939771234989166,1.4946647740890766,0.0,0.0,0.0
Chybie,0.08438572913948507,0.1296296296296296,332.9166666666667,49.8968955,18.8151974,11.4754638671875,2.415415753920873,1.3426099047739892,0.08333333333333333,0.0,0.0
Chybie Mnich,0.2128987159417923,0.2432950191570881,499.5,49.8873185,18.8205444,11.4754638671875,2.415415753920873,1.3426099047739892,0.08333333333333333,0.0,0.0
Chynów,0.09722661501110848,0.1360103626943005,1514.0,51.906049,21.0833255,11.6229248046875,1.5810277064641316,1.258290112608312,0.08333333333333333,0.0,0.0
Chytra,0.09980401559889379,0.131367292225201,367.1666666666667,52.7327763,23.5168937,10.5081787109375,1.6796255906422932,1.3753766209838112,0.08333333333333333,0.0,0.0
Ciasna,0.07459762320275858,0.1081871345029239,348.0,50.7541779,18.6179914,11.3514404296875,2.0751421550909677,1.4937105778934832,0.08333333333333333,0.0,0.0
Ciechanowice,0.14669722017740522,0.28157894736842104,403.72222222222223,50.86498,15.98039,10.034220377604166,2.6590894858042398,1.412285457352549,0.08333333333333333,0.0,0.0
Ciechanów,0.14395711279500314,0.28204462495501514,1679.2222222222222,52.8819798,20.6191479,11.031453450520834,1.452020287513733,1.5051449786145794,0.08333333333333333,0.0,0.0
Ciechanów Przemysłowy,0.055651929299506735,0.0724755700325733,1237.0833333333333,52.8646534,20.6154086,11.031453450520834,1.452020287513733,1.5051449786145792,0.08333333333333333,0.0,0.0
Ciechocinek,0.0,0.0,0.16666666666666666,52.8839413,18.8032683,11.275594075520834,1.8080009520053864,1.4105870501415574,0.08333333333333333,0.0,0.0
Ciecholub,0.08922264661597212,0.1428571428571428,358.5833333333333,54.1748714,16.8802157,10.4862060546875,2.1579609413941703,1.7419489852042986,0.0,0.0,0.0
Ciecierzyn,0.07137109517204195,0.1189024390243902,326.8333333333333,51.13685,18.15559,11.6248779296875,2.0343042810757956,1.4360161985548574,0.08333333333333333,0.0,0.0
Cieksyn,0.06430523080299624,0.1263940520446096,224.5,52.5742863,20.6677635,11.4256591796875,1.343727966149648,1.4005330739311586,0.08333333333333333,0.0,0.0
Cienin,0.08066717552740951,0.1044776119402985,1098.1666666666667,51.199173,17.0829212,11.8050537109375,2.0384293844302497,1.2964250275302434,0.0,0.0,0.0
Cienin Kościelny,0.0931788890490335,0.1184701492537313,1098.25,52.2655128,18.0108574,11.5858154296875,1.6424807012081146,1.5095357876145918,0.0,0.0,0.0
Cieplewo,0.11877231653633219,0.1930116472545757,1198.6666666666667,54.2320112,18.6486486,10.532918294270834,1.8501550654570262,1.760324535998854,0.08333333333333333,0.0,0.0
Cierpice,0.055892155090033584,0.0847107438016528,508.0,50.6698784,17.1647703,11.525105794270834,1.9035850912332535,1.2046446303044125,0.0,0.0,0.0
Cierpice Kąkol,0.07700645758951409,0.1185121107266436,1157.1666666666667,52.9918988,18.4465382,11.3719482421875,1.695604294538498,1.3485869139719113,0.0,0.0,0.0
Cierpigórz,0.10425258052588766,0.18877515853322302,281.8888888888889,52.9837193,20.8780197,11.009480794270834,1.4706548204024632,1.4604570805555204,0.08333333333333333,0.0,0.0
Cieszków,0.06034160534569039,0.12445054945054945,174.55555555555554,51.6303951,17.35956,11.848673502604166,1.9188466668128967,1.4459172807160885,0.0,0.0,0.0
Cieszyn,0.04054590594624733,0.076970341989499,907.0,49.7557676,18.6562313,11.078816731770834,2.5936966439088187,1.263715194736892,0.08333333333333333,0.0,0.0
Cieszyn Marklowice,0.05330459463821272,0.0891472868217054,295.0,49.7846381,18.6041326,11.305216471354166,2.5375894407431283,1.2711728283182542,0.08333333333333333,0.0,0.0
Cieszyn Uniwersytet,0.08743872982857037,0.1063829787234042,570.6666666666666,49.7507434,18.6487637,11.305216471354166,2.5375894407431283,1.2711728283182542,0.08333333333333333,0.0,0.0
Cieszyno Łobeskie,0.08944581877374354,0.1176470588235294,610.9166666666666,53.5206657,15.4691898,10.846720377604166,1.9303180426359177,1.5568564293359854,0.0,0.0,0.0
Cikowice,0.10560711833906547,0.1772183527501015,840.7222222222222,49.9815662,20.3720173,11.425496419270834,2.0158386329809823,1.073000622541641,0.08333333333333333,0.0,0.0
Cisie,0.12017789073484685,0.1912097870412324,2240.5,52.21984,21.38848,11.466349283854166,1.4981946299473445,1.3238340931558155,0.08333333333333333,0.0,0.0
Cisiec,0.15705596391080526,0.3036175710594315,484.8333333333333,49.59147,19.10488,8.8377685546875,3.2062229216098785,0.9259188892621392,0.16666666666666666,0.0,0.0
Cięcina,0.17875142258252405,0.2972620599739243,688.0833333333334,49.6144759,19.1414653,8.8377685546875,3.2062229216098785,0.9259188892621392,0.16666666666666666,0.0,0.0
Cięcina Dolna,0.17917896919301968,0.2959582790091264,688.0833333333334,49.6213618,19.1519794,8.7078857421875,3.2013999025026956,0.9151675717572013,0.16666666666666666,0.0,0.0
Cmolas,0.13121130095389488,0.1860465116279069,348.0833333333333,50.294938,21.7444047,11.509480794270834,1.8847245573997498,1.2185018085150627,0.08333333333333333,0.0,0.0
Cybowo,0.17508234905130535,0.3072100313479624,339.6666666666667,53.2950948,15.8500295,10.999552408854166,1.9772728929917018,1.3397663934542594,0.0,0.0,0.0
Cygany,0.12299110256725417,0.1746987951807229,347.6666666666667,52.2051075,19.2233362,11.4710693359375,1.639807512362798,1.5673943552161846,0.0,0.0,0.0
Cykarzew Północny,0.0008207091171692888,0.0,12.555555555555555,50.96485,19.17367,11.422078450520834,1.9968443016211193,1.6110282149571835,0.08333333333333333,0.0,0.0
Cykarzew Stary,0.0011216823163725778,0.0,12.555555555555555,50.95446,19.17278,11.422078450520834,1.9968443016211193,1.6110282149571835,0.08333333333333333,0.0,0.0
Czachówek Górny,0.09267814134167447,0.1240029006526468,1356.75,51.9677114,21.0777261,11.612019856770834,1.5516407489776611,1.3015910859635087,0.08333333333333333,0.0,0.0
Czachówek Południowy,0.06308943332119686,0.12273316062176165,1016.7222222222222,51.9582318,21.0815732,11.612019856770834,1.5516407489776611,1.301591085963509,0.08333333333333333,0.0,0.0
Czachówek Wschodni,0.03126507042089637,0.0461725394896719,859.4166666666666,51.9734724,21.104208,11.612019856770834,1.5516407489776611,1.3015910859635087,0.08333333333333333,0.0,0.0
Czaplinek,0.06967261929241295,0.0909090909090909,391.0,53.560673,16.2319428,10.5120849609375,2.0069320797920227,1.5428899670035499,0.0,0.0,0.0
Czarlin,0.15346704563127864,0.2169230769230769,631.3333333333334,54.0602253,18.7679175,10.8480224609375,1.6798131217559178,1.5974933119931318,0.08333333333333333,0.0,0.0
Czarna Białostocka,0.07482191099955597,0.1043307086614173,524.3333333333334,53.2982835,23.2851013,10.462117513020834,1.5611060857772827,1.315663153924587,0.08333333333333333,0.0,0.0
Czarna Tarnowska,0.07794974574824151,0.0886243386243386,785.3333333333334,50.0604012,21.2487855,11.550333658854166,1.8902283410231273,1.2156514863638341,0.08333333333333333,0.0,0.0
Czarna Woda,0.1054930387641062,0.21367877945059152,373.8333333333333,53.8441983,18.0984293,10.426798502604166,1.8389680584271748,1.5283173565260537,0.08333333333333333,0.0,0.0
Czarnca,0.05805379174064509,0.0776119402985074,665.1666666666666,50.8096094,19.9274164,11.1800537109375,1.9108655055363972,1.4190159612543443,0.08333333333333333,0.0,0.0
Czarne,0.08051791014362486,0.1294498381877022,307.5,53.68353,16.94221,10.444051106770834,2.0329132129748664,1.5615202352153779,0.08333333333333333,0.0,0.0
Czarne Małe,0.0698208471881142,0.0948012232415902,320.0,53.5492,16.33374,10.600301106770834,1.9678233911593754,1.49528326990236,0.0,0.0,0.0
Czarniecka Góra,0.034195818488818266,0.05750508573089215,285.8888888888889,51.1358696,20.5208985,10.8773193359375,1.8323687116305034,1.4686427608123598,0.08333333333333333,0.0,0.0
Czarnobór,0.08426679810517736,0.1391585760517799,305.5,53.6997792,16.7679192,10.4256591796875,2.041029060880343,1.556821912286729,0.08333333333333333,0.0,0.0
Czarnowęsy Pomorskie,0.12169690005695459,0.1764705882352941,382.0833333333333,53.9399139,15.9814525,10.778361002604166,2.031064495444298,1.5660915090180054,0.0,0.0,0.0
Czarny Blok,0.07908367891087457,0.1023622047244094,519.5,53.2484326,23.2091389,10.513224283854166,1.5403646131356556,1.2953725598542734,0.08333333333333333,0.0,0.0
Czastary,0.012070105820105818,0.0,0.7777777777777778,51.2581108,18.3209415,11.647989908854166,1.996814211209615,1.5230379639006733,0.0,0.0,0.0
Czaszyn,0.012777076318742982,0.04340277777777775,7.0,49.4494102,22.2170959,9.6336669921875,2.3924543261528015,0.9646004159133589,0.16666666666666666,0.0,0.0
Czechowice-Dziedzice,0.12787451995735663,0.24567193567795217,1218.1,49.9112146,19.007564,11.091837565104166,2.4827422897020974,1.262345330593599,0.08333333333333333,0.0,0.0
Czechowice-Dziedzice Południowe,0.15297023931016768,0.2090163934426229,1205.0,49.8902139,19.0242229,11.091837565104166,2.4827422897020974,1.2623453305935988,0.08333333333333333,0.0,0.0
Czechowice-Dziedzice Przystanek,0.1582839393848421,0.2155737704918033,1204.6666666666667,49.9057028,19.0223791,11.091837565104166,2.4827422897020974,1.2623453305935988,0.08333333333333333,0.0,0.0
Czechowizna,0.08146031346441138,0.1045454545454545,217.5,53.34504,22.88475,10.577840169270834,1.461088865995407,1.2973455725368428,0.08333333333333333,0.0,0.0
Czekanów,0.06937466027134347,0.12714285714285717,248.83333333333334,51.6771524,17.8754158,11.654012044270834,1.873542805512746,1.4834479037166266,0.0,0.0,0.0
Czeluścin,0.045803708972606584,0.0728155339805825,448.3333333333333,51.7291951,17.1645925,11.873250325520834,1.8054606070121129,1.4646272515116732,0.0,0.0,0.0
Czempiń,0.07739604031890908,0.1428195208496325,1037.7777777777778,52.1431479,16.7613308,11.8743896484375,1.6434666862090428,1.3747941799898018,0.0,0.0,0.0
Czepino,0.04890079535900458,0.0692307692307692,928.25,53.28591,14.51694,11.4144287109375,1.8288359145323436,1.5248882854040497,0.0,0.0,0.0
Czeremcha,0.10656486985212088,0.18969430894308942,493.0416666666667,52.5141029,23.3522319,10.666056315104166,1.72635285059611,1.4288368223501455,0.08333333333333333,0.0,0.0
Czermno,0.06791137805805741,0.0876132930513595,318.9166666666667,51.1094964,20.0268134,11.172566731770834,1.809073214729627,1.5167779570449191,0.08333333333333333,0.0,0.0
Czerna,0.1669260164215938,0.21090187241804814,624.7222222222222,50.1748575,19.61359,10.676472981770834,2.02323117852211,1.227689889516617,0.08333333333333333,0.0,0.0
Czerna Mała,0.1449595647169805,0.23202110560980488,799.2222222222222,51.3792695,15.1811587,11.8568115234375,1.8942470053831737,1.393875195548312,0.0,0.0,0.0
Czernica Wrocławska,0.06565682224372422,0.0971014492753623,780.6666666666666,51.0496835,17.2358061,12.019734700520834,2.1102855851252875,1.2493721671522469,0.0,0.0,0.0
Czerniejewo,0.03147074381434695,0.0790513833992094,494.6666666666667,52.4296119,17.489398,11.5111083984375,1.5499078780412674,1.4880515800102927,0.0,0.0,0.0
Czerniewice,0.0841664871109154,0.1272365805168986,500.0833333333333,51.6547437,20.1569703,11.256551106770834,1.6642910490433376,1.534988917046855,0.08333333333333333,0.0,0.0
Czernikowo,0.06015948736482631,0.0981432360742705,240.94444444444446,52.94226,18.9373,11.283732096354166,1.8076517383257549,1.4154649401478536,0.08333333333333333,0.0,0.0
Czersk,0.0812942311265815,0.17043077705914644,448.4,53.796196,17.9756228,10.378946940104166,1.8683869739373524,1.5133034943921262,0.08333333333333333,0.0,0.0
Czersk Świecki,0.069907373061048,0.119298245614035,272.1666666666667,53.5500671,18.4520154,10.8260498046875,1.721350073814392,1.5459411890551167,0.08333333333333333,0.0,0.0
Czeruchy,0.06548630498942122,0.0900216919739696,903.6666666666666,52.9361101,20.5060023,11.0140380859375,1.4722067167361577,1.5176089263727548,0.08333333333333333,0.0,0.0
Czerwieńsk,0.12033673741509372,0.2051773729626078,674.1666666666666,52.0130585,15.4211463,11.987019856770834,1.5864877601464589,1.2924324611302387,0.0,0.0,0.0
Czerwionka,0.08680422452533963,0.1377343113284433,1207.0833333333333,50.528311,16.6036957,10.3221435546875,2.282559479276339,1.275573098562964,0.08333333333333333,0.0,0.0
Czerwionka Dębieńsko,0.0977651664808903,0.1567291311754685,1156.0,50.1566873,18.6643017,11.540730794270834,2.0125029385089874,1.3372886953069063,0.08333333333333333,0.0,0.0
Czerwonak,0.019466236881754948,0.0436643835616438,583.75,52.46696,16.98026,11.600301106770834,1.5396816382805507,1.3676605336820857,0.0,0.0,0.0
Czerwonak Osiedle,0.04260728866520819,0.0619967793880837,1166.8333333333333,52.4800038,16.9781006,11.600301106770834,1.5396816382805507,1.3676605336820857,0.0,0.0,0.0
Czerwonka,0.06162060179104694,0.1027777777777777,241.22222222222223,53.9101823,20.906811,10.2508544921875,1.7434453964233398,1.4692629904498349,0.08333333333333333,0.0,0.0
Czeska Wieś,0.10405150959878921,0.1844262295081967,251.75,50.7502947,17.4786409,12.067097981770834,1.8889204760392506,1.230993449271181,0.0,0.0,0.0
Czesławice,0.046404230899300423,0.0663176265270506,577.0833333333334,50.4594444,20.7719444,11.252970377604166,1.7390660345554352,1.2425724758092958,0.08333333333333333,0.0,0.0
Czudec,0.07174374201704516,0.1077654516640253,1178.8333333333333,49.9463655,21.8358282,10.937215169270834,1.9562343060970306,1.2775555978502675,0.08333333333333333,0.0,0.0
Czuprynowo,0.041909893060391674,0.0744680851063829,295.0,53.4734469,23.6359864,10.105021158854166,1.6038407683372498,1.4274612390460522,0.08333333333333333,0.0,0.0
Czyżew,0.07599474947376501,0.16287116057733908,766.5416666666666,52.7975512,22.3123475,11.011922200520834,1.476193408171336,1.4035244741190986,0.08333333333333333,0.0,0.0
Czyżowice,0.13709783405875012,0.1775862068965517,591.5,50.3642864,17.5843595,11.4080810546875,2.4027559558550515,1.3762152161892869,0.08333333333333333,0.0,0.0
Częstochowa,0.08529223238493112,0.23539486982818197,1919.8,50.8089997,19.1244089,11.1614990234375,2.0056394040584564,1.574815535864679,0.08333333333333333,0.0,0.0
Częstochowa Aniołów,0.047245332509449255,0.09164589350954244,541.3333333333334,50.8352835,19.1516348,11.1414794921875,1.9793692926565807,1.579116268050435,0.08333333333333333,0.0,0.0
Częstochowa Gnaszyn,0.0873404615199197,0.1744186046511628,370.6666666666667,50.7915853,19.0291879,11.178914388020834,2.0353597899278006,1.5676555221550923,0.08333333333333333,0.0,0.0
Częstochowa Raków,0.0536083528985352,0.08510146647777306,1652.611111111111,50.7876286,19.1554329,11.1414794921875,1.9793692926565807,1.579116268050435,0.08333333333333333,0.0,0.0
Częstochowa Stradom,0.13241850653052548,0.22428302180520568,697.5833333333334,50.7973211,19.1069996,11.1614990234375,2.0056394040584564,1.574815535864679,0.08333333333333333,0.0,0.0
Człuchów,0.08481521444593228,0.145631067961165,307.6666666666667,53.6651462,17.3588324,10.300496419270834,1.9612591067949932,1.5173298062332645,0.08333333333333333,0.0,0.0
Dalanówek,0.06368203851050848,0.1301115241635687,224.5,52.6016474,20.454137,11.365763346354166,1.381696105003357,1.4370622104114716,0.08333333333333333,0.0,0.0
Dalekie,0.048318421896165316,0.0734463276836158,715.9166666666666,52.7180474,21.5492688,11.370320638020834,1.3448467950026195,1.3501031550818634,0.08333333333333333,0.0,0.0
Daleszewo,0.04736280580079603,0.067032967032967,928.25,53.3138971,14.5334327,11.4144287109375,1.8288359145323436,1.5248882854040497,0.0,0.0,0.0
Dalęcino,0.2676013085566044,0.3333333333333333,261.0,53.75516,16.61656,10.428426106770834,2.109537124633789,1.6072272799075717,0.0,0.0,0.0
Damnica,0.21142660478144462,0.5075075075075075,446.5,54.4999602,17.2716153,10.400919596354166,2.1117232541243234,1.8672335184149562,0.0,0.0,0.0
Daniszyn,0.05061288747511237,0.0824468085106382,401.5833333333333,51.6551876,17.6366634,11.6351318359375,1.8851585537195206,1.4894311091616252,0.0,0.0,0.0
Dankowice,0.06769886674657638,0.1148459383753501,402.0833333333333,50.7209893,17.0142003,11.3939208984375,1.9773815125226974,1.2240831258576137,0.0,0.0,0.0
Darłowo,0.04471823153830543,0.101639344262295,288.1666666666667,54.4291496,16.4038464,10.9930419921875,1.9752441545327504,2.161895148554285,0.0,0.0,0.0
Daszewo,0.10731766398361149,0.1756097560975609,363.5833333333333,54.0797682,15.8803264,11.081095377604166,1.974261924624443,1.6663276584869722,0.0,0.0,0.0
Deszczno,0.2187429321669511,0.2798634812286689,303.4166666666667,52.67207,15.3096414,11.875528971354166,1.6929223736127217,1.2531115289031163,0.0,0.0,0.0
Dobczyn,0.025977724076155066,0.0325752919483712,3112.8333333333335,52.0429763,17.1168247,11.806681315104166,1.6677235960960388,1.4455431829080505,0.0,0.0,0.0
Dobiegniew,0.14833324015557595,0.1886232718894009,546.5,52.9667749,15.7548055,11.456095377604166,1.7937318483988445,1.3107085528257003,0.0,0.0,0.0
Dobieszyn,0.1036266788799003,0.1328233657858136,1417.6666666666667,51.6255035,21.1841672,11.479207356770834,1.5623258352279663,1.2689866796490907,0.08333333333333333,0.0,0.0
Dobino Wałeckie,0.1641528658631903,0.3210702341137124,290.0,53.2268066,16.524834,10.9339599609375,1.7687910348176956,1.327147640917418,0.0,0.0,0.0
Doboszowice,0.1640306495085907,0.36904761904761896,24.555555555555557,50.522456,16.9578975,10.8304443359375,2.500999614596367,1.3604670509925196,0.08333333333333333,0.0,0.0
Dobre Miasto,0.02691172467627345,0.053571123524487896,166.5,53.9868899,20.3973402,10.396525065104166,1.7782718886931737,1.526471145715954,0.08333333333333333,0.0,0.0
Dobrocin,0.0671683085653695,0.1339285714285714,327.75,53.9088,19.8359501,10.4310302734375,1.9157422582308452,1.4744243990335122,0.08333333333333333,0.0,0.0
Dobroszyce,0.10155215873418523,0.1367626938279112,512.6111111111111,51.26554,17.34535,11.672892252604166,2.0089167207479477,1.3357568072050072,0.0,0.0,0.0
Dobrowoda,0.05746111786056541,0.0808383233532934,325.4166666666667,50.4008677,20.7709677,11.4227294921875,1.7506733934084575,1.2131888164524534,0.08333333333333333,0.0,0.0
Dobroń,0.05554105578783333,0.1057826173428798,825.8888888888889,51.63382,19.24516,11.3607177734375,1.8457713822523754,1.4749537161116502,0.08333333333333333,0.0,0.0
Dobrynka,0.029086278883430794,0.0445344129554655,512.4166666666666,51.9962798,23.4793536,11.085978190104166,1.556328405936559,1.4819136785352691,0.08333333333333333,0.0,0.0
Dobryszyce koło Radomska,0.06798139871847238,0.10654640228053114,704.3333333333334,51.1242909,19.4443235,11.291544596354166,1.8793824762105942,1.5686765803487548,0.08333333333333333,0.0,0.0
Dobrzechów,0.09201613531242891,0.1224944320712694,420.1666666666667,49.8766004,21.7398822,10.897664388020834,1.9722011983394623,1.2378010764086727,0.08333333333333333,0.0,0.0
Dobrzejewice,0.07581495568384167,0.1007957559681697,361.1666666666667,53.005,18.835556,11.2918701171875,1.7838489611943562,1.4189228915210024,0.0,0.0,0.0
Dobrzeń Wielki,0.09399626339843727,0.1309523809523809,83.83333333333333,50.76795,17.84708,11.9676513671875,1.942266325155894,1.2670427636817887,0.0,0.0,0.0
Dobrzykowice Wrocławskie,0.03943684055375087,0.0471821756225425,777.5,51.0875528,17.1800256,11.956258138020834,2.0908495088418326,1.2743021683329283,0.0,0.0,0.0
Dobrzyniewo Duże,0.09417483934446784,0.1238532110091743,217.16666666666666,53.2019,23.01197,10.651570638020834,1.4886076052983601,1.2911580113402383,0.08333333333333333,0.0,0.0
Dobrzyń,0.07996087118579212,0.1330645161290322,254.58333333333334,53.4280711,20.3627047,10.4281005859375,1.6511069387197495,1.5095950465487655,0.08333333333333333,0.0,0.0
Dolice,0.10757433201913154,0.1299559471365639,458.1666666666667,53.35808,15.48985,10.951212565104166,1.9396008501450221,1.4832144513078216,0.0,0.0,0.0
Dolna Odra,0.06743096769694572,0.097609561752988,525.4166666666666,53.2113111,14.4809594,11.487996419270834,1.8172831386327744,1.4776313172933173,0.0,0.0,0.0
Dolnik,0.10531349535158624,0.1367781155015197,350.9166666666667,50.1395477,16.7021226,9.0872802734375,2.898300290107727,0.904903107800985,0.16666666666666666,0.0,0.0
Domaniewice,0.015056929755996084,0.0250260688216892,982.9166666666666,51.7209597,20.95664,11.469930013020834,1.6176134844621022,1.2964598987769704,0.08333333333333333,0.0,0.0
Domaniewice Centrum,0.015900135115116724,0.0244716351501668,916.9166666666666,52.0119116,19.7918957,11.500691731770834,1.6096000770727794,1.5299088214207546,0.08333333333333333,0.0,0.0
Domanin,0.046775222034508776,0.0779325004338018,313.6666666666667,52.0760554,18.8250855,11.6317138671875,1.7031343479951222,1.507299910043245,0.0,0.0,0.0
Domaszków,0.09626416755410099,0.1834710743801653,423.8333333333333,51.3175616,16.4712904,11.9754638671875,1.8253142486015956,1.3691008631839765,0.0,0.0,0.0
Domaszowice,0.08044595363979372,0.0954128440366972,534.4166666666666,51.0426642,17.8857566,11.7406005859375,2.0047624011834464,1.330998480046983,0.08333333333333333,0.0,0.0
Domasław,0.07679688851150179,0.1330532212885154,695.3333333333334,51.0108924,16.9562049,11.9012451171875,2.159302989641825,1.275878984433992,0.0,0.0,0.0
Dominów,0.06066191067991484,0.0794148380355277,991.8333333333334,51.1702181,22.5942651,11.198771158854166,1.7113442718982697,1.3365135706482525,0.08333333333333333,0.0,0.0
Domisław,0.08462814138251107,0.1326860841423948,307.3333333333333,53.6434111,17.0328632,10.4232177734375,1.9608980317910512,1.5118184266060128,0.08333333333333333,0.0,0.0
Dopiewo,0.13080551030285548,0.2597402597402597,926.2222222222222,52.3584401,16.6764028,11.715535481770834,1.5130988905827205,1.3338287688664554,0.0,0.0,0.0
Dorohusk,0.3382465695320975,0.4696969696969697,97.33333333333333,51.1608274,23.803447,11.149129231770834,1.7443500260512035,1.3892902139628351,0.08333333333333333,0.0,0.0
Dragacz,0.058190729352873505,0.0909090909090909,747.5833333333334,53.5023182,18.7306853,11.105672200520834,1.6735518177350361,1.5437108084106637,0.08333333333333333,0.0,0.0
Drawiny,0.11460983610615937,0.1452991452991453,354.0833333333333,52.8963,15.96207,11.6239013671875,1.6714255958795547,1.2463060759470246,0.0,0.0,0.0
Drawski Młyn,0.07453854013189286,0.1305376007784264,731.7222222222222,52.8609218,16.079085,11.609578450520834,1.6521897812684376,1.2360127611058012,0.0,0.0,0.0
Drawsko Pomorskie,0.07546591519879173,0.0987012987012987,380.0,53.5310786,15.8134179,10.8031005859375,2.0131017665068307,1.502923942801809,0.0,0.0,0.0
Drogomyśl,0.08145527886525734,0.1354838709677419,285.0,49.8692338,18.7569409,11.4754638671875,2.415415753920873,1.3426099047739892,0.08333333333333333,0.0,0.0
Drużyna Poznańska,0.09404526570200963,0.1741797628894403,1008.6666666666666,52.210157,16.8237533,11.8309326171875,1.6013165613015492,1.351214995036814,0.0,0.0,0.0
Drygały,0.10617703985923949,0.1505376344086021,182.41666666666666,53.6850655,22.1066885,10.4901123046875,1.5670563330252965,1.3719002643929732,0.08333333333333333,0.0,0.0
Drzewce,0.3557949219880847,0.446875,333.75,52.1408831,17.8913759,11.7855224609375,1.6972872167825699,1.4855637070248662,0.0,0.0,0.0
Drzewica,0.0746301615752938,0.1935483870967742,446.8333333333333,51.4508384,20.4773617,11.2694091796875,1.6556477745374043,1.5272887105534083,0.08333333333333333,0.0,0.0
Drzeńsko,0.18811900828788375,0.2146596858638743,357.0,54.23688,16.64446,10.582560221354166,2.14936171968778,1.7505788402189035,0.0,0.0,0.0
Drzonowo,0.0800857530753278,0.1442953020134228,288.4166666666667,54.0957699,15.4356868,11.242716471354166,1.8990507572889328,1.6916944254010813,0.0,0.0,0.0
Drzycim,0.08333333333333333,0.0,0.08333333333333333,53.5136442,18.3167474,10.788126627604166,1.7599593202273052,1.508748451588381,0.08333333333333333,0.0,0.0
Drzymałowo,0.0408161229867972,0.0551724137931034,880.6666666666666,52.1483245,16.3025787,11.985392252604166,1.6018967876831691,1.3472943137655389,0.0,0.0,0.0
Dubidze,0.0016414182343385834,0.0,12.555555555555555,51.103677,19.1522721,11.3817138671875,1.9310618937015533,1.5887731616646437,0.08333333333333333,0.0,0.0
Dubielno,0.06468421129876008,0.1035805626598465,754.1666666666666,53.2411146,18.6383647,10.991251627604166,1.7106845875581105,1.4692652213154875,0.08333333333333333,0.0,0.0
Dulowa,0.06633030878452292,0.1379036666341798,1003.6666666666666,50.1434629,19.521987,11.063517252604166,2.06401934226354,1.1511214001421808,0.08333333333333333,0.0,0.0
Dunowo,0.11899543323880916,0.2085714285714285,339.0833333333333,54.1097161,16.1077967,10.928751627604166,2.0197834273179374,1.685023048999259,0.0,0.0,0.0
Duszniki-Zdrój,0.10261373986835445,0.26486965325234113,199.5,50.3703403,16.3784907,9.193074544270834,2.2196939984957376,1.1301972752337524,0.08333333333333333,0.0,0.0
Dwikozy,0.07043650793650792,0.2142857142857142,11.666666666666666,50.7360627,21.789733,11.4788818359375,1.7667517364025116,1.2141541200914017,0.08333333333333333,0.0,0.0
Dwory,0.04565223595114599,0.0667236954662104,1156.5,50.9872222,15.6605556,10.682332356770834,2.6454660942157107,1.5536008284318106,0.08333333333333333,0.0,0.0
Dygowo,0.10124596590854096,0.1634146341463414,363.6666666666667,54.131841,15.7207855,11.152547200520834,1.9347263326247532,1.6605589662144424,0.0,0.0,0.0
Dytmarów,0.16972434973963302,0.2333333333333333,235.16666666666666,50.3128915,17.6616182,10.934285481770834,2.676859130462011,1.3465425326437241,0.08333333333333333,0.0,0.0
Działdowo,0.12409738871984945,0.26268820179382546,1066.1666666666667,53.2346517,20.1817841,10.637736002604166,1.6186484744151433,1.5206170866825088,0.08333333333333333,0.0,0.0
Dziembówko,0.14865158979089046,0.2678953430969228,566.2777777777778,53.0721186,16.8109583,11.230997721354166,1.6847534328699112,1.3401956677774514,0.0,0.0,0.0
Dziemiany Kaszubskie,0.0639220180795205,0.0886699507389162,218.5,54.0099643,17.7739359,10.036824544270834,1.9529144565264385,1.6428677021737903,0.08333333333333333,0.0,0.0
Dziergowice,0.10806211896818503,0.1361702127659574,549.1666666666666,50.2416118,18.2863902,11.744832356770834,2.002136379480362,1.2741906108843792,0.08333333333333333,0.0,0.0
Dzierżanów Wielkopolski,0.04913675100776593,0.0809523809523809,448.3333333333333,51.7121683,17.3537188,11.761922200520834,1.8537071645259857,1.48385679286712,0.0,0.0,0.0
Dzierżoniów Śląski,0.19718678937472814,0.39767441860465114,770.0,50.7291725,16.6567531,10.519083658854166,2.213072876135508,1.3128467302472695,0.08333333333333333,0.0,0.0
Dzierżążno,0.02184745767222961,0.0343203230148048,1381.3333333333333,54.3162256,18.2675694,9.7401123046875,2.067179332176844,1.8165877606186942,0.08333333333333333,0.0,0.0
Dzietrzniki,0.03623834429747405,0.0622710622710622,260.8333333333333,51.1169987,18.610607,11.4368896484375,2.0640538235505423,1.544169927155325,0.08333333333333333,0.0,0.0
Dziewule,0.05658852567934592,0.12193399414282494,474.5833333333333,52.0496835,22.4001471,11.1839599609375,1.5374393264452617,1.3369667627667783,0.08333333333333333,0.0,0.0
Dziwno,0.07816434985395361,0.1806451612903225,304.75,53.6261324,18.8946785,10.946492513020834,1.6739001274108887,1.565518232473333,0.08333333333333333,0.0,0.0
Dzięczyn,0.041867488647975924,0.0666666666666666,448.25,51.7572396,16.8547664,11.879109700520834,1.7275728682676952,1.4773103641213747,0.0,0.0,0.0
Dąbie koło Dębicy,0.036725037625183136,0.0526315789473684,436.5,50.1697612,21.4952889,11.6243896484375,1.9614928861459096,1.2455322862187026,0.08333333333333333,0.0,0.0
Dąbkowizna,0.06343714014241907,0.09545556697059196,396.94444444444446,52.4255076,21.0837586,11.638387044270834,1.4499511967102687,1.3201448350209022,0.08333333333333333,0.0,0.0
Dąbroszyn,0.1740953441913907,0.2212518195050946,753.5833333333334,52.62082,14.7052,11.961954752604166,1.6438568830490112,1.354745234002592,0.0,0.0,0.0
Dąbrowa Białostocka,0.12149853706507326,0.2033315705975674,233.61111111111111,53.654439,23.3485102,10.259806315104166,1.5196066697438557,1.3990876814487505,0.08333333333333333,0.0,0.0
Dąbrowa Chełmińska,0.054842866336823504,0.081180811808118,315.8333333333333,53.1760827,18.3025087,11.144571940104166,1.7033920288085938,1.4383967589665765,0.0,0.0,0.0
Dąbrowa Górnicza,0.1564418444204746,0.25107824188410466,1917.1666666666667,50.3308692,19.2078918,11.2996826171875,2.080015778541565,1.310546111585304,0.08333333333333333,0.0,0.0
Dąbrowa Górnicza Gołonóg,0.09757541570836235,0.1279527559055118,1961.8333333333333,50.3438817,19.2259879,11.2996826171875,2.080015778541565,1.310546111585304,0.08333333333333333,0.0,0.0
Dąbrowa Górnicza Pogoria,0.034024096360275737,0.1173020527859237,153.66666666666666,50.3504712,19.2407866,11.103230794270834,2.1654729545116425,1.384157129031286,0.08333333333333333,0.0,0.0
Dąbrowa Górnicza Południowa,0.0,0.0,0.08333333333333333,50.3123043,19.2872836,11.301472981770834,2.1063920756181083,1.325295792706994,0.08333333333333333,0.0,0.0
Dąbrowa Górnicza Sikorka,0.09981779259862018,0.1437632135306553,1388.8333333333333,50.3886631,19.2974646,11.0672607421875,2.2023697992165885,1.3999730329715732,0.08333333333333333,0.0,0.0
Dąbrowa Górnicza Strzemieszyce,0.05685011407438178,0.0845360824742268,486.25,50.3108201,19.2685547,11.301472981770834,2.1063920756181083,1.325295792706994,0.08333333333333333,0.0,0.0
Dąbrowa Górnicza Wschodnia,0.05439673726810912,0.0824742268041237,486.3333333333333,50.3033648,19.3112813,11.301472981770834,2.1063920756181083,1.325295792706994,0.08333333333333333,0.0,0.0
Dąbrowa Górnicza Ząbkowice,0.06641299103138744,0.1217712177121771,1335.5,50.3665939,19.2646845,11.0672607421875,2.2023697992165885,1.3999730329715732,0.08333333333333333,0.0,0.0
Dąbrowa Niemodlińska,0.18528383996495415,0.259094942324756,1143.75,50.6832835,17.7491984,11.978719075520834,1.906913936138153,1.234266922578786,0.0,0.0,0.0
Dąbrowa Oleśnicka,0.09823599609333629,0.1960132890365448,204.55555555555554,51.2300777,17.3689153,11.725138346354166,2.0503345131874084,1.3169989257839583,0.0,0.0,0.0
Dąbrowa-Łazy,0.04868063204088017,0.092511013215859,446.4166666666667,52.8328186,22.4086323,10.9725341796875,1.5018165707588196,1.4277186444173762,0.08333333333333333,0.0,0.0
Dąbrowice Skierniewickie,0.04763300154311794,0.060894386298763,1000.5,51.933374,20.1023076,11.315144856770834,1.678386002779007,1.4998740043952343,0.08333333333333333,0.0,0.0
Dąbrowy,0.07159622792150876,0.119298245614035,272.1666666666667,54.102009,21.4674449,10.397176106770834,1.7422672659158707,1.4538699644539361,0.08333333333333333,0.0,0.0
Dąbrówka Jezioro Mucharskie,0.12457163191422971,0.1584158415841584,497.5833333333333,49.8147202,19.5996869,9.930216471354166,2.616250534852346,1.0297119649203494,0.08333333333333333,0.0,0.0
Dąbrówka Malborska,0.08884556727904057,0.15,327.3333333333333,53.9880372,19.0914847,10.838907877604166,1.72196630636851,1.5463887140764527,0.08333333333333333,0.0,0.0
Dąbrówka Wielkopolska,0.21018481472753955,0.2633928571428571,291.6666666666667,52.2767578,15.8111691,11.9139404296875,1.5545644859472911,1.3354638472516631,0.0,0.0,0.0
Dąbrówka Zabłotnia,0.05716195232313161,0.08607915773055169,589.7222222222222,51.3166667,21.05,11.162312825520834,1.7704571535189946,1.41446116672751,0.08333333333333333,0.0,0.0
Dęba Opoczyńska,0.023995236742977464,0.0560344827586206,295.1111111111111,51.4819213,20.2582806,11.269246419270834,1.6601013640562694,1.5514583889463,0.08333333333333333,0.0,0.0
Dęba Rozalin,0.1224430166046324,0.1719197707736389,348.4166666666667,50.4288076,21.7431315,11.646199544270834,1.7661324093739192,1.1799426651661602,0.08333333333333333,0.0,0.0
Dębe Wielkie,0.11956172754958054,0.1930222020842773,2244.4166666666665,52.1990146,21.4400042,11.466349283854166,1.4981946299473445,1.3238340931558155,0.08333333333333333,0.0,0.0
Dębica,0.12421125108924191,0.23570097698486248,1842.0,50.0461164,21.4127615,11.278849283854166,2.0099030037721,1.1992273182273538,0.08333333333333333,0.0,0.0
Dębica Wschodnia,0.04669953355781447,0.05895865237366,1241.0833333333333,50.0624594,21.4489028,11.586629231770834,1.968063662449519,1.231833251973837,0.08333333333333333,0.0,0.0
Dęblin,0.10141891563112017,0.2353209401576275,1553.8333333333333,51.562491,21.8654383,11.618367513020834,1.5948864221572876,1.2162845971209169,0.08333333333333333,0.0,0.0
Dębska Kuźnia,0.08443813239644277,0.111353711790393,443.25,50.66195,18.10974,11.842976888020834,1.994602918624878,1.3169951475941224,0.08333333333333333,0.0,0.0
Dębska Wola,0.040489876646244545,0.059090909090909,227.33333333333334,50.7180782,20.5953507,10.9764404296875,1.7192303737004597,1.3201340364186331,0.08333333333333333,0.0,0.0
Długi Kąt,0.3388250842152019,0.8260869565217391,221.75,53.5492267,22.0489657,10.597696940104166,1.549549639225006,1.3175187794584342,0.08333333333333333,0.0,0.0
Długie,0.05567898903797868,0.0825979337064141,56.44444444444444,53.86755,22.65419,10.1605224609375,1.5203008403380711,1.4123441093422908,0.08333333333333333,0.0,0.0
Długopole-Zdrój,0.10716026619054997,0.2033057851239669,423.5,50.2457746,16.6308336,8.952351888020834,2.890438328186671,0.9690591243267724,0.16666666666666666,0.0,0.0
Długołęka,0.08427428452208117,0.11104586902459235,989.8333333333334,51.1733162,17.1927858,11.773640950520834,2.0520674139261246,1.2999289617473728,0.0,0.0,0.0
Elbląg,0.12208962344152414,0.21456597073058964,911.0555555555555,54.1988997,19.4410857,10.895222981770834,1.8498123784859974,1.660202561640993,0.08333333333333333,0.0,0.0
Elbląg Zdrój,0.0,0.0,0.16666666666666666,54.185434,19.3870253,10.895222981770834,1.8498123784859974,1.6602025616409932,0.08333333333333333,0.0,0.0
Ełk,0.09502001253046984,0.15337598366071958,387.72222222222223,53.8248304,22.3615813,10.413777669270834,1.5267011870940526,1.4262212664020817,0.08333333333333333,0.0,0.0
Ełk Szyba Wschód,0.0625195674537004,0.0982142857142857,216.58333333333334,53.8008259,22.3729838,10.413777669270834,1.5267011870940526,1.4262212664020817,0.08333333333333333,0.0,0.0
Ełk Szyba Zachód,0.09932628594829718,0.1290322580645161,182.41666666666666,53.8020916,22.3701435,10.413777669270834,1.5267011870940526,1.4262212664020817,0.08333333333333333,0.0,0.0
Fasty,0.09266233458903855,0.1238532110091743,217.16666666666666,53.1697765,23.0580853,10.581095377604166,1.5125416666269302,1.2916355883294137,0.08333333333333333,0.0,0.0
Fałkowo,0.09603166759499383,0.1618819776714513,916.8888888888889,52.4953661,17.4234201,11.427937825520834,1.5731052607297897,1.4719454696211287,0.0,0.0,0.0
Firlus,0.08425775898358828,0.1203703703703703,784.0,53.2680209,18.6317373,10.996622721354166,1.6892331043879192,1.4970829624189463,0.08333333333333333,0.0,0.0
Fiszewo,0.10644416824621734,0.184863523573201,792.5833333333334,54.1052778,17.7063889,9.934773763020834,2.023310035467148,1.6975681543556007,0.08333333333333333,0.0,0.0
Forst Lausitz,0.060345105528821795,0.10731707317073172,117.125,,,,,,,,
Fosowskie,0.05498254233463753,0.0811965811965812,462.0833333333333,50.6604518,18.3601524,11.5628662109375,2.0289876759052277,1.401242804468908,0.08333333333333333,0.0,0.0
Frankfurt/Oder,0.22574173801087222,0.3306898420680206,400.55555555555554,52.3557481,14.5662367,11.9412841796875,1.5814803143342335,1.405614939255915,0.0,0.0,0.0
Fronołów,0.10123531032633251,0.1832181259600614,282.05555555555554,52.3608239,22.9290509,10.923380533854166,1.6750707974036534,1.4624280619645929,0.08333333333333333,0.0,0.0
Frysztak,0.08822019633641213,0.1237113402061855,420.1666666666667,49.8393809,21.6073264,11.017781575520834,2.0455968578656516,1.1741455677113561,0.08333333333333333,0.0,0.0
Gajówka,0.047338574911600484,0.0851063829787234,486.75,50.9672222,15.4625,10.4349365234375,2.655634274085363,1.5355749358181692,0.08333333333333333,0.0,0.0
Gamerki Wielkie,0.06327095206513496,0.1028277634961439,379.3333333333333,53.84653,20.13588,10.5726318359375,1.8189263045787811,1.5941865648406388,0.08333333333333333,0.0,0.0
Garbatka-Letnisko,0.05132404056943956,0.070631970260223,813.6666666666666,51.4933539,21.6318482,11.478719075520834,1.615870972474416,1.2022886010811547,0.08333333333333333,0.0,0.0
Garbce,0.13434869289002282,0.20253082094608285,757.2777777777778,51.5140811,16.8842895,12.057332356770834,1.8753753155469894,1.4092442473765356,0.0,0.0,0.0
Garczegorze,0.04319752827817342,0.1709677419354838,59.666666666666664,54.5943524,17.724001,10.465861002604166,2.0252732584873834,1.7792948512865019,0.08333333333333333,0.0,0.0
Garczyn,0.0605328933901881,0.0794392523364486,218.33333333333334,54.04162,18.24082,10.1805419921875,1.8447552820046742,1.67565918842796,0.08333333333333333,0.0,0.0
Gardeja,0.07569833410252409,0.1806451612903225,304.75,53.61101,18.94734,10.946492513020834,1.6739001274108887,1.565518232473333,0.08333333333333333,0.0,0.0
Garki,0.11594873303770087,0.1402439024390244,326.4166666666667,51.53947,17.6429,11.8709716796875,1.9866282939910889,1.4169751672467754,0.0,0.0,0.0
Garwolin,0.09882758752134718,0.122533748701973,946.0,51.8973315,21.6149645,11.444376627604166,1.5538787643114726,1.2709466950355972,0.08333333333333333,0.0,0.0
Gawrony,0.09191660599727715,0.14328200262735363,587.6666666666666,52.1180755,19.2158399,11.561075846354166,1.6504664917786915,1.5767540816298264,0.0,0.0,0.0
Gałkówek,0.04585009959201232,0.07940827817840554,1946.888888888889,51.7298223,19.7318181,11.1243896484375,1.7783774485190709,1.5431597569342932,0.08333333333333333,0.0,0.0
Gałęzinowo,0.03124704160239769,0.0901015228426396,512.3333333333334,54.5226155,16.9315515,10.680704752604166,2.1881599724292755,2.1968595776181226,0.0,0.0,0.0
Gdakowo,0.08619919719342382,0.155688622754491,327.3333333333333,53.820706,19.1589886,10.6151123046875,1.8131555219491322,1.520686048960716,0.08333333333333333,0.0,0.0
Gdańsk Brętowo,0.02796579595372264,0.0420464569244339,3293.1666666666665,54.3651261,18.5735495,10.5946044921875,1.9545166194438934,1.9528665836054955,0.08333333333333333,0.0,0.0
Gdańsk Firoga,0.02908906661732534,0.0412813738441215,3016.1666666666665,54.3780762,18.4902342,10.243204752604166,2.0193674067656198,1.9319955829329982,0.08333333333333333,0.0,0.0
Gdańsk Główny,0.10152134373281213,0.2517344078486335,3789.4166666666665,54.3564345,18.6441946,10.5946044921875,1.9545166194438934,1.9528665836054953,0.08333333333333333,0.0,0.0
Gdańsk Jasień,0.028703338009956832,0.0438106439282564,3312.25,54.3537062,18.5502959,10.5946044921875,1.9545166194438934,1.9528665836054955,0.08333333333333333,0.0,0.0
Gdańsk Kiełpinek,0.028342321202141963,0.0429411764705882,3312.1666666666665,54.3553612,18.5285628,10.243204752604166,2.0193674067656198,1.9319955829329982,0.08333333333333333,0.0,0.0
Gdańsk Kokoszki,0.014380653695169799,0.0295698924731182,296.0,54.3623346,18.4921682,10.243204752604166,2.0193674067656198,1.9319955829329982,0.08333333333333333,0.0,0.0
Gdańsk Lipce,0.12108171216220039,0.197265625,1033.3333333333333,54.3014686,18.6359096,10.6151123046875,1.8941756188869476,1.8584061516090442,0.08333333333333333,0.0,0.0
Gdańsk Matarnia,0.02942470311603325,0.0429326287978863,3004.6666666666665,54.3734866,18.5063816,10.243204752604166,2.0193674067656198,1.9319955829329982,0.08333333333333333,0.0,0.0
Gdańsk Niedźwiednik,0.02794733542790116,0.0426345192590414,3293.1666666666665,54.378158,18.5720769,10.5946044921875,1.9545166194438934,1.9528665836054955,0.08333333333333333,0.0,0.0
Gdańsk Oliwa,0.15206178562677725,0.359797252491865,2871.0833333333335,54.4094881,18.5719775,10.5946044921875,1.9545166194438934,1.9528665836054955,0.08333333333333333,0.0,0.0
Gdańsk Oliwa SKM,0.017764560300613876,0.0236301369863013,5798.333333333333,54.403984,18.5744903,10.5946044921875,1.9545166194438934,1.9528665836054955,0.08333333333333333,0.0,0.0
Gdańsk Orunia,0.107474956055568,0.1543038476794922,2461.4166666666665,54.324252,18.6344756,10.6151123046875,1.8941756188869476,1.8584061516090442,0.08333333333333333,0.0,0.0
Gdańsk Osowa,0.025837290178121027,0.0374081496325985,1440.0,54.4223889,18.4528085,10.243204752604166,2.0193674067656198,1.9319955829329982,0.08333333333333333,0.0,0.0
Gdańsk Politechnika,0.016791353198173115,0.0275279867865663,5798.333333333333,54.3741905,18.6274077,10.5946044921875,1.9545166194438934,1.9528665836054955,0.08333333333333333,0.0,0.0
Gdańsk Port Lotniczy,0.03000063105683774,0.0432628797886393,3016.1666666666665,54.3827282,18.4665403,10.243204752604166,2.0193674067656198,1.9319955829329982,0.08333333333333333,0.0,0.0
Gdańsk Port Północny,0.041666666666666664,0.0,0.3333333333333333,54.3680204,18.6837164,10.8421630859375,1.882777805129687,1.9353375850173309,0.08333333333333333,0.0,0.0
Gdańsk Przymorze-Uniwersytet,0.017410024309119275,0.0242246283721783,5798.5,54.4007278,18.5766182,10.5946044921875,1.9545166194438934,1.9528665836054955,0.08333333333333333,0.0,0.0
Gdańsk Rębiechowo,0.029949136132951415,0.0431247790738777,2806.5833333333335,54.3874305,18.4465066,9.931844075520834,2.0725530882676444,1.9078933871487533,0.08333333333333333,0.0,0.0
Gdańsk Stadion Expo,0.10241545893719807,0.41666666666666663,9.88888888888889,54.387496,18.6331559,10.5946044921875,1.9545166194438934,1.9528665836054953,0.08333333333333333,0.0,0.0
Gdańsk Stocznia,0.00853650985857051,0.0249101796407185,3269.5833333333335,54.3646358,18.6417851,10.5946044921875,1.9545166194438934,1.9528665836054955,0.08333333333333333,0.0,0.0
Gdańsk Strzyża,0.028058154992672075,0.0429285504263451,3312.25,54.3917534,18.5788345,10.5946044921875,1.9545166194438934,1.9528665836054955,0.08333333333333333,0.0,0.0
Gdańsk Wrzeszcz,0.10086973447233642,0.2531023880295461,5716.666666666667,54.3817696,18.6055111,10.5946044921875,1.9545166194438934,1.9528665836054953,0.08333333333333333,0.0,0.0
Gdańsk Zaspa,0.017025701923489192,0.0267939071389245,5798.5,54.3897726,18.591526,10.5946044921875,1.9545166194438934,1.9528665836054955,0.08333333333333333,0.0,0.0
Gdańsk Zaspa Towarowa,0.05555555555555555,0.0,0.2222222222222222,54.3920341,18.637485,10.5946044921875,1.9545166194438934,1.9528665836054953,0.08333333333333333,0.0,0.0
Gdańsk Śródmieście,0.014800751899224418,0.0240709459459459,5502.583333333333,54.3468793,18.6443526,10.6151123046875,1.8941756188869476,1.8584061516090442,0.08333333333333333,0.0,0.0
Gdańsk Żabianka-AWFiS,0.018432613994916358,0.0242246283721783,5798.333333333333,54.4207672,18.5684877,10.5946044921875,1.9545166194438934,1.9528665836054955,0.08333333333333333,0.0,0.0
Gdynia Chylonia,0.04804924239192151,0.10454470306461457,4077.0833333333335,54.5457503,18.4636617,,,,0.0,0.0,0.0
Gdynia Cisowa,0.0280633012639613,0.0420997920997921,4876.833333333333,54.5498083,18.4471926,10.052286783854166,2.093912035226822,1.9990102643865748,0.08333333333333333,0.0,0.0
Gdynia Grabówek,0.025266034490770427,0.0383080606544293,5373.166666666667,54.5340423,18.4966486,,,,0.0,0.0,0.0
Gdynia Główna,0.08131597599480751,0.21457071125267665,4742.027777777777,54.5217877,18.5268255,,,,0.0,0.0,0.0
Gdynia Karwiny,0.028025788144640403,0.0434201736806947,1440.0,54.4698814,18.5088468,,,,0.0,0.0,0.0
Gdynia Leszczynki,0.025439896464925876,0.0384676775738228,5373.166666666667,54.5413453,18.4785103,,,,0.0,0.0,0.0
Gdynia Orłowo,0.08577454965802589,0.1289978678038379,2797.0833333333335,54.4766459,18.5486299,,,,0.0,0.0,0.0
Gdynia Orłowo SKM,0.021308563066504818,0.0281612368856985,5798.833333333333,54.4735227,18.5517346,,,,0.0,0.0,0.0
Gdynia Port Oksywie,0.041666666666666664,0.0,0.16666666666666666,54.5423873,18.5404791,,,,0.0,0.0,0.0
Gdynia Postojowa,0.0,0.0,0.08333333333333333,54.5411988,18.4811278,,,,0.0,0.0,0.0
Gdynia Redłowo,0.022004121293470697,0.0289800526910048,5798.833333333333,54.4915771,18.538351,,,,0.0,0.0,0.0
Gdynia Stadion,0.02923631174677524,0.0448160535117056,1439.9166666666667,54.4961509,18.5332216,,,,0.0,0.0,0.0
Gdynia Stocznia-Uniwersytet Morski,0.036396810489074,0.0387931034482758,4670.416666666667,54.5255488,18.5192576,,,,0.0,0.0,0.0
Gdynia Wzgórze Św.Maksymiliana,0.022492932751249833,0.0293564170116672,5798.833333333333,54.5076246,18.535489,,,,0.0,0.0,0.0
Geniusze,0.07905082007810212,0.108267716535433,519.6666666666666,53.3732056,23.4240391,10.2694091796875,1.5918655047814052,1.3695734591756539,0.08333333333333333,0.0,0.0
Gierałtów,0.07841743512712425,0.1222030981067125,605.0833333333334,51.20611,15.31764,11.094930013020834,2.0832104633251824,1.4257730426683939,0.0,0.0,0.0
Gierałtów Wykroty,0.07122783572619855,0.1059602649006622,606.0,51.2168129,15.2845742,11.094930013020834,2.0832104633251824,1.4257730426683939,0.0,0.0,0.0
Gierwaty,0.034096739656816234,0.0516556291390728,628.5833333333334,52.9813087,21.600502,11.125040690104166,1.457116186618805,1.3895266348325201,0.08333333333333333,0.0,0.0
Gilów,0.03146605122615074,0.04858379228953575,286.0,50.7213154,16.7644487,10.891642252604166,2.138582011063894,1.287723451920257,0.08333333333333333,0.0,0.0
Gliniczek,0.03688580826203037,0.0808080808080808,84.33333333333333,49.7385219,21.5369028,10.8704833984375,2.150171995162964,1.1065701243069532,0.08333333333333333,0.0,0.0
Gliniszcze,0.10442794413103258,0.1674418604651162,228.83333333333334,53.4658091,23.5010922,10.116251627604166,1.6117175817489624,1.4189968906687749,0.08333333333333333,0.0,0.0
Glinnik,0.015448563063550842,0.0196245733788395,1098.5,51.8859811,19.488705,11.2884521484375,1.7047157386938732,1.5729908033274638,0.08333333333333333,0.0,0.0
Glinnik Wieś,0.015762871241664398,0.0227272727272727,1059.4166666666667,51.8825834,19.4816166,11.2884521484375,1.7047157386938732,1.5729908033274638,0.08333333333333333,0.0,0.0
Gliwice,0.12692378240409083,0.2781483561078116,3092.4583333333335,50.3011315,18.6623472,11.534708658854166,2.125746796528498,1.3464487823246543,0.08333333333333333,0.0,0.0
Gliwice Kuźnica,0.11824558002100478,0.1611295681063123,564.6666666666666,50.3569113,18.6214702,11.460164388020834,2.177876969178518,1.3322352712419596,0.08333333333333333,0.0,0.0
Gliwice Łabędy,0.11082826621449976,0.1499133448873483,1097.5,50.3403105,18.6222829,11.5794677734375,2.1219289799531302,1.3353658049048844,0.08333333333333333,0.0,0.0
Gniewczyna,0.06324242926986118,0.094017094017094,216.91666666666666,50.1002172,22.5214563,11.483113606770834,1.9121523102124531,1.3721589893819335,0.08333333333333333,0.0,0.0
Gniewkowo,0.06923549898467858,0.13607540946314828,302.8888888888889,52.894429,18.4066817,11.293986002604166,1.7211616535981495,1.3403921447811704,0.0,0.0,0.0
Gniezno,0.10065799428968415,0.22084805653710243,989.0277777777778,52.5359736,17.595889,11.4549560546875,1.6158119887113571,1.5202985889002913,0.0,0.0,0.0
Goczałkowice,0.2110518756815213,0.2754820936639118,1816.4166666666667,49.9477778,18.9636111,11.091837565104166,2.4827422897020974,1.2623453305935988,0.08333333333333333,0.0,0.0
Goczałkowice-Zdrój,0.19940465850698072,0.2601410934744268,1156.9166666666667,49.94372,18.96605,11.091837565104166,2.4827422897020974,1.2623453305935988,0.08333333333333333,0.0,0.0
Goczałków,0.22744322901499733,0.353923205342237,629.25,51.0057825,16.3227854,11.354532877604166,2.244057988127073,1.6070667162977728,0.0,0.0,0.0
Godki,0.06367766361545675,0.0980926430517711,379.3333333333333,53.8204838,20.2480602,10.525431315104166,1.7913467387358348,1.6021678936921921,0.08333333333333333,0.0,0.0
Godków,0.07904801100665447,0.1030927835051546,402.25,52.91016,14.43077,11.524943033854166,1.7785208771626155,1.3327414325898008,0.0,0.0,0.0
Godętowo,0.14051978615733415,0.27854465484912116,726.6666666666666,54.57416,17.86901,10.284871419270834,2.0244511862595878,1.8003159622077236,0.08333333333333333,0.0,0.0
Goerlitz,0.1151816954779769,0.24475348583963952,986.1666666666666,49.65829,21.1593832,10.645711263020834,2.225902189811071,1.0059195777142285,0.08333333333333333,0.0,0.0
Gogolewo,0.08068706088590648,0.1102941176470588,534.3333333333334,54.3739868,17.3918098,10.266642252604166,2.155203898747762,1.7289440019794353,0.08333333333333333,0.0,0.0
Gogolin,0.20995468878530674,0.3272740629489356,858.6666666666666,50.4925107,18.0176197,11.7684326171875,2.0349422494570413,1.2598807330881168,0.08333333333333333,0.0,0.0
Goleniów,0.10575819025060192,0.1775575419959407,1245.4444444444443,53.5656939,14.8299285,11.355021158854166,1.8705966919660568,1.632919264879076,0.0,0.0,0.0
Goleniów Park Przemysłowy,0.057814178173997206,0.0879926672777268,694.4166666666666,53.5297567,14.8102096,11.349812825520834,1.8664076278607051,1.5649734633765575,0.0,0.0,0.0
Goleszów,0.1280529489844121,0.17164718715910854,762.1666666666666,49.7336888,18.7402381,10.205607096354166,2.8253672122955322,1.1376822334838117,0.08333333333333333,0.0,0.0
Goleszów Górny,0.0884585251219981,0.1097122302158273,570.6666666666666,49.7347222,18.7258333,10.205607096354166,2.8253672122955322,1.1376822334838117,0.08333333333333333,0.0,0.0
Golina,0.04449124930071339,0.074074074074074,178.41666666666666,52.24276,18.09534,11.661661783854166,1.668637529015541,1.471460056552363,0.0,0.0,0.0
Golęczewo,0.10777241821453461,0.20166666666666666,773.3888888888889,52.5354632,16.8178314,11.647501627604166,1.5363574475049973,1.3380211222331808,0.0,0.0,0.0
Gomunice,0.06741977922637274,0.10464886907370005,704.3333333333334,51.16964,19.4855,11.2362060546875,1.8593696057796478,1.56152821756281,0.08333333333333333,0.0,0.0
Goniądz,0.08193215123060503,0.1071428571428571,216.91666666666666,53.489222,22.7323721,10.5399169921875,1.482468952735265,1.327082185230609,0.08333333333333333,0.0,0.0
Gorlice,0.052935606060606065,0.21500000000000022,4.25,49.65829,21.1593832,10.645711263020834,2.225902189811071,1.0059195777142285,0.08333333333333333,0.0,0.0
Gorlice Glinik,0.0623015873015873,0.225,7.666666666666667,49.6722264,21.1738655,10.645711263020834,2.225902189811071,1.0059195777142285,0.08333333333333333,0.0,0.0
Gorlice Zagórzany,0.10815496836531109,0.30043010752688176,53.4,49.6941177,21.1954305,10.645711263020834,2.225902189811071,1.0059195777142285,0.08333333333333333,0.0,0.0
Gorzanów,0.11219845094085197,0.2214983713355048,427.5833333333333,50.3523216,16.6368092,9.9530029296875,2.4380251665910087,1.2191331369260912,0.08333333333333333,0.0,0.0
Gorzelin,0.16320015234840982,0.1957390146471371,757.3333333333334,51.3300821,16.1899775,11.8812255859375,1.7050162603457768,1.3665786481402478,0.0,0.0,0.0
Gorzkowice,0.07879751177872742,0.12445007961313909,557.1666666666666,51.2151631,19.5959459,11.1932373046875,1.8652552366256714,1.5648434702329546,0.08333333333333333,0.0,0.0
Gorzuchowo Chełmińskie,0.058214666243950795,0.091025641025641,631.9166666666666,53.3507359,18.693451,11.105021158854166,1.6622731784979503,1.524674830261384,0.08333333333333333,0.0,0.0
Gorzuchów Kłodzki,0.19746744485505796,0.2996632996632997,289.0833333333333,50.489736,16.5717897,10.3221435546875,2.282559479276339,1.275573098562964,0.08333333333333333,0.0,0.0
Gorzupia,0.051055862839690797,0.0877659574468085,401.5833333333333,51.6928435,17.5165864,11.688680013020834,1.8752356519301732,1.487950498219778,0.0,0.0,0.0
Gorzów Chrzanowski,0.07259810319997201,0.12202508960573469,737.6666666666666,50.0737478,19.2421051,11.398152669270834,2.0665218234062195,1.1863166747941347,0.08333333333333333,0.0,0.0
Gorzów Wielkopolski,0.1556571518670961,0.20054227895628246,861.6666666666666,52.7309926,15.2400451,11.8734130859375,1.694360042611758,1.2660206681220652,0.0,0.0,0.0
Gorzów Wielkopolski Karnin,0.21976735595868427,0.2798634812286689,301.25,52.689224,15.2805591,11.875528971354166,1.6929223736127217,1.2531115289031163,0.0,0.0,0.0
Gorzów Wielkopolski Wieprzyce,0.17814178924229132,0.2168850072780203,753.3333333333334,52.7181491,15.1816367,11.8734130859375,1.694360042611758,1.2660206681220652,0.0,0.0,0.0
Gorzów Wielkopolski Wschodni,0.17167138650399066,0.23382963143763724,519.3333333333334,52.7317562,15.2492333,11.8734130859375,1.694360042611758,1.2660206681220652,0.0,0.0,0.0
Gorzów Wielkopolski Zamoście,0.21052805902924177,0.273037542662116,303.4166666666667,52.7226658,15.2390927,11.8734130859375,1.694360042611758,1.2660206681220652,0.0,0.0,0.0
Gorzów Wielkopolski Zieleniec,0.21098769254134966,0.2696245733788396,303.4166666666667,52.6994982,15.262029,11.875528971354166,1.6929223736127217,1.2531115289031163,0.0,0.0,0.0
Gorzędów,0.07080695389766978,0.11122022799696375,704.1111111111111,51.2079817,19.5476871,11.2362060546875,1.8593696057796478,1.56152821756281,0.08333333333333333,0.0,0.0
Gostynin,0.12691312507054373,0.2281799612242072,373.25,52.4287607,19.4612956,11.471394856770834,1.5514663060506184,1.5123328461966625,0.08333333333333333,0.0,0.0
Goszcza,0.11747236801563313,0.20634723069840144,834.2777777777778,50.1853403,20.0714488,11.1004638671875,1.897053395708402,1.2611853695510868,0.08333333333333333,0.0,0.0
Goszczowice,0.1252005687694812,0.1842650103519668,474.4166666666667,50.5713838,17.6151353,11.888712565104166,1.9788998911778133,1.257385293159541,0.0,0.0,0.0
Goworki Bsz,0.0,0.0,0.16666666666666666,53.0890083,21.6275046,11.090372721354166,1.4567725261052449,1.3620450500380388,0.08333333333333333,0.0,0.0
Goworowo,0.03748052885908806,0.0649006622516556,628.5,52.9006864,21.5570366,11.156778971354166,1.4342031578222911,1.3859556331516474,0.08333333333333333,0.0,0.0
Gozdowo,0.06154291960015144,0.0927643784786641,410.5,52.2903529,17.6464349,11.602742513020834,1.6122555782397587,1.5116293305605695,0.0,0.0,0.0
Gołaszewo Kujawskie,0.09165574207151028,0.1371769383697813,500.0833333333333,52.5468201,19.091124,11.378458658854166,1.7311525841554005,1.5022431073028242,0.08333333333333333,0.0,0.0
Gołańcz,0.015567969657526588,0.0389626818469323,201.72222222222223,52.9431644,17.2999756,11.195515950520834,1.6514300902684529,1.4175590587765567,0.0,0.0,0.0
Gołotczyzna,0.06802204349401252,0.0827285921625544,1408.4166666666667,52.7887279,20.6917977,11.2015380859375,1.3857964277267456,1.462414307270274,0.08333333333333333,0.0,0.0
Gołubie Kaszubskie,0.043063992842564826,0.0652503793626707,627.3333333333334,54.2125151,18.0367969,9.829305013020834,2.000954578320185,1.7419013342321465,0.08333333333333333,0.0,0.0
Gołąb,0.0420279460307827,0.0657439446366782,581.4166666666666,51.4874721,21.876229,11.601114908854166,1.6265072921911876,1.2051211461135325,0.08333333333333333,0.0,0.0
Gościcino Wejherowskie,0.1326333524687506,0.2714937781883388,754.7777777777778,54.60506,18.1610766,10.218790690104166,2.001894861459732,1.9307701433966733,0.08333333333333333,0.0,0.0
Gościszewo,0.0689198781615928,0.1292613636363636,694.4166666666666,53.9821647,19.0010843,10.853719075520834,1.6836122572422028,1.5525166107259276,0.08333333333333333,0.0,0.0
Gośniewice,0.09245559029753199,0.1178181818181818,1356.75,51.8259482,21.1483958,11.536661783854166,1.601274977127711,1.2468367483070895,0.08333333333333333,0.0,0.0
Goświnowice,0.12978532791784284,0.34375,18.75,50.4877778,17.2522222,11.428426106770834,2.3587162295977273,1.3527195193362156,0.08333333333333333,0.0,0.0
Grabiny,0.07573574087947131,0.0846560846560846,785.1666666666666,51.6058333,19.0261111,11.446004231770834,1.8674041330814362,1.4860613038995496,0.08333333333333333,0.0,0.0
Grabniak,0.09660056686412026,0.1222222222222222,885.1666666666666,54.1702778,20.3313889,10.409708658854166,1.8411836624145508,1.4073693421080817,0.08333333333333333,0.0,0.0
Grabowno Wielkie,0.0980393630160047,0.13512957370157205,511.44444444444446,51.3492,17.41683,11.6097412109375,2.01812814672788,1.3458351913168962,0.0,0.0,0.0
Grabowo,0.030301174681659875,0.06878432929653891,308.0,54.2252771,22.2412818,10.038614908854166,1.7292945683002472,1.374912688630485,0.08333333333333333,0.0,0.0
Grabów Szlachecki,0.0661670500051986,0.1145510835913312,326.0,51.7001931,22.0976597,11.3568115234375,1.5777301987012227,1.2573639243314376,0.08333333333333333,0.0,0.0
Grabów nad Pilicą,0.10026547792469966,0.1328443357783211,1209.25,51.7257087,21.2265001,11.534708658854166,1.5730028251806896,1.251047095686642,0.08333333333333333,0.0,0.0
Grajewo,0.09364595341192684,0.16445800639349023,266.22222222222223,53.6469842,22.4548627,10.5428466796875,1.4959594657023747,1.345985640403466,0.08333333333333333,0.0,0.0
Gralewo,0.06963420352015516,0.0957446808510638,187.0,52.5332646,15.9547388,11.710978190104166,1.5511170675357182,1.344934774821373,0.0,0.0,0.0
Grambow,0.11032999372096547,0.1585127201565557,488.4166666666667,53.9480472,14.8639193,11.248250325520834,1.9324669390916824,1.9338908623969804,0.0,0.0,0.0
Granowiec,0.11277047226376113,0.1341463414634146,326.5833333333333,51.5098962,17.6590604,11.795125325520834,1.9896103938420613,1.4170146030576352,0.0,0.0,0.0
Granowo,0.027919503376806574,0.053876696155649995,680.1111111111111,53.6600659,17.6481861,10.352579752604166,1.9431491990884144,1.511414559555499,0.08333333333333333,0.0,0.0
Gregorowce,0.0878042593862544,0.1094890510948905,298.25,52.6518529,23.2598495,10.596232096354166,1.671305775642395,1.374404287496713,0.08333333333333333,0.0,0.0
Gregorowce Południowe,0.08759740310703008,0.110759493670886,298.1666666666667,52.6477899,23.2580394,10.635782877604166,1.7037092794974644,1.3977684467413118,0.08333333333333333,0.0,0.0
Grochowiska,0.03242944839392365,0.0517241379310344,194.33333333333334,50.4971102,20.6378498,11.183634440104166,1.8059554745753605,1.2864121445763557,0.08333333333333333,0.0,0.0
Grodków Śląski,0.0986125212538782,0.1885245901639344,168.0,50.6977778,17.376277,11.8031005859375,1.8987033913532894,1.2198708177927915,0.0,0.0,0.0
Grodzie,0.03205160968364815,0.0526315789473684,249.25,54.34658,19.95971,10.551310221354166,1.9243023594220479,1.4127066715746615,0.08333333333333333,0.0,0.0
Grodzisk Mazowiecki,0.09397802943075283,0.18550183999596714,1793.4583333333333,52.1066223,20.6313441,11.524454752604166,1.5949882169564564,1.4244119401923518,0.08333333333333333,0.0,0.0
Grodzisk Wielkopolski,0.024066024186723264,0.0518590998043052,408.46666666666664,52.2263198,16.3628106,11.888387044270834,1.586772417028745,1.338339049332417,0.0,0.0,0.0
Grodzisko Dolne,0.06204032125796887,0.1025641025641025,216.91666666666666,50.1637598,22.4596076,11.519083658854166,1.8742763499418895,1.3138618689147548,0.08333333333333333,0.0,0.0
Grodziszcze Mazowieckie,0.0974742569933496,0.22436652584849764,868.5,52.160833,21.8723337,11.188680013020834,1.5469701786835988,1.351615624862711,0.08333333333333333,0.0,0.0
Grom,0.08640653706580786,0.1291666666666666,453.4166666666667,53.6137931,20.8579664,10.4637451171875,1.6626845250527065,1.41644245513168,0.08333333333333333,0.0,0.0
Gromnik,0.07217927225931134,0.10295400882866229,432.27777777777777,53.7361111,15.9897222,10.530314127604166,2.0240668853123984,1.5108269246638613,0.0,0.0,0.0
Gronajny,0.08654028701267108,0.1497005988023952,327.3333333333333,53.98368,19.0527,10.838907877604166,1.72196630636851,1.5463887140764527,0.08333333333333333,0.0,0.0
Gronowo Elbląskie,0.10280173039008471,0.1724565756823821,792.5833333333334,54.0900141,19.3059519,11.0760498046875,1.755400796731313,1.5420297741721924,0.08333333333333333,0.0,0.0
Groszowice Wrzosów,0.05105375022621438,0.0751121076233183,884.1666666666666,51.4296275,21.301033,11.300984700520834,1.6768421630064647,1.2834311416771411,0.08333333333333333,0.0,0.0
Grotniki,0.05941589381151265,0.10483870967741934,626.3333333333334,51.8934086,19.3123779,11.4603271484375,1.7100252111752827,1.539118325007265,0.08333333333333333,0.0,0.0
Grudze,0.0017504329831169749,0.0065075921908893,224.08333333333334,52.0301956,19.8846889,11.488484700520834,1.6023770372072856,1.5121169919234678,0.08333333333333333,0.0,0.0
Grudziądz,0.07098177065981288,0.13558823529411762,871.3666666666667,53.472512,18.7618937,11.069376627604166,1.670518199602763,1.5563349856352147,0.08333333333333333,0.0,0.0
Grudziądz Mniszek,0.06600254201995219,0.0906432748538011,693.75,53.433415,18.7254506,11.105021158854166,1.6622731784979503,1.524674830261384,0.08333333333333333,0.0,0.0
Grudziądz Owczarki,0.12102519825213855,0.1806451612903225,226.91666666666666,53.503199,18.8478291,11.069376627604166,1.670518199602763,1.5563349856352149,0.08333333333333333,0.0,0.0
Grudziądz Przedmieście,0.06238315556042473,0.0906432748538011,676.6666666666666,53.4742372,18.7488745,11.105672200520834,1.6735518177350361,1.5437108084106637,0.08333333333333333,0.0,0.0
Grudziądz Rządz,0.02292633969463237,0.082051282051282,264.5833333333333,53.4510727,18.7336408,11.105672200520834,1.6735518177350361,1.5437108084106637,0.08333333333333333,0.0,0.0
Grudziądz Tuszewo,0.12075638104783748,0.1806451612903225,226.91666666666666,53.4863448,18.8120949,11.069376627604166,1.670518199602763,1.5563349856352149,0.08333333333333333,0.0,0.0
Grudziądz Śródmieście,0.052867913490818624,0.0868983957219251,692.4166666666666,53.4823977,18.7475016,11.105672200520834,1.6735518177350361,1.5437108084106637,0.08333333333333333,0.0,0.0
Grupa,0.04963741870266737,0.0935828877005347,503.0,53.504235,18.6260889,11.068074544270834,1.692932019631068,1.5335149596788997,0.08333333333333333,0.0,0.0
Grybów,0.06842468869817178,0.12464997301578246,335.5,49.6149554,20.9488247,9.9852294921875,2.294188618659973,0.8958596928653513,0.08333333333333333,0.0,0.0
Gryfice,0.16134492757261448,0.4083389426810956,359.72222222222223,53.9148529,15.1987062,11.1292724609375,2.0409858971834183,1.6385405660368388,0.0,0.0,0.0
Gryfino,0.11930685385291466,0.22916581056092045,822.5555555555555,53.2535889,14.4924243,11.4144287109375,1.8288359145323436,1.52488828540405,0.0,0.0,0.0
Gryfów Śląski,0.09675712300911873,0.1921470754941217,719.2222222222222,51.0281455,15.4145051,10.2410888671875,2.6140256226062775,1.528267667660507,0.08333333333333333,0.0,0.0
Grylewo,0.027212258403835943,0.0451612903225806,302.5,52.8913267,17.2299612,11.2474365234375,1.636087790131569,1.404480850855874,0.0,0.0,0.0
Gryźliny,0.06369371560219585,0.1129032258064516,254.66666666666666,53.6183793,20.3387516,10.4256591796875,1.7410522202650707,1.5788761291533098,0.08333333333333333,0.0,0.0
Grzegorzewo,0.0446721567683481,0.0672963400236127,808.9166666666666,52.485503,21.4287473,11.508829752604166,1.4254732479651768,1.3309782886658068,0.08333333333333333,0.0,0.0
Grzmiąca,0.237510039670722,0.2894056847545219,275.4166666666667,53.8345203,16.4323611,10.513387044270834,2.058299198746681,1.602729849206708,0.0,0.0,0.0
Grzybno,0.056232484691627595,0.0871080139372822,307.3333333333333,54.3526486,18.2167122,9.706583658854166,2.1259529292583466,1.8429131773378924,0.08333333333333333,0.0,0.0
Grzywna,0.0897922435227182,0.1201456310679611,849.25,53.15486,18.61252,10.991251627604166,1.7106845875581105,1.4692652213154875,0.08333333333333333,0.0,0.0
Grzędzice,0.09059345952421842,0.1123330714846818,1338.3333333333333,53.3716243,14.9713823,11.259318033854166,1.8957020590702693,1.5705619945656188,0.0,0.0,0.0
Grzęska,0.05684112265259981,0.0922431865828092,1378.1666666666667,50.0820178,22.4559083,11.483113606770834,1.9121523102124531,1.3721589893819335,0.08333333333333333,0.0,0.0
Gródek,0.051716200487417784,0.0792682926829268,325.3333333333333,53.095237,23.6677887,10.394734700520834,1.6444669216871262,1.3995878739381926,0.08333333333333333,0.0,0.0
Grąblewo,0.04185284441825421,0.0643863179074446,1019.9166666666666,52.2386249,16.3907119,11.888387044270834,1.586772417028745,1.338339049332417,0.0,0.0,0.0
Grębocice,0.17611663227539895,0.26074561403508767,1044.5555555555557,51.598155,16.1675783,11.855997721354166,1.8049990087747574,1.4156173486665864,0.0,0.0,0.0
Grębocin,0.09028351691136678,0.1273209549071618,361.1666666666667,53.05821,18.71684,11.145711263020834,1.747384250164032,1.4436884879831247,0.0,0.0,0.0
Gręboszów,0.08337163887393079,0.1027522935779816,534.4166666666666,51.460919,19.4139027,11.174845377604166,1.8340326348940532,1.5206243651480114,0.08333333333333333,0.0,0.0
Grębów,0.12680309562739023,0.1781609195402299,344.0833333333333,50.5654299,21.8746189,11.6141357421875,1.7528939892848332,1.1936880236959908,0.08333333333333333,0.0,0.0
Guben,0.05667939838429656,0.1367092943594428,208.16666666666666,51.9509156,14.7293172,12.147176106770834,1.632995809117953,1.284142121624664,0.0,0.0,0.0
Gubin,0.09809470190014706,0.1490066225165563,319.25,51.9509156,14.7293172,12.147176106770834,1.632995809117953,1.284142121624664,0.0,0.0,0.0
Gutowiec,0.14818166091486393,0.2,625.75,53.7710832,17.8562126,10.3758544921875,1.8954741557439168,1.506810054774817,0.08333333333333333,0.0,0.0
Gutowo Wielkopolskie,0.09476040207751818,0.1240671641791044,1098.1666666666667,52.3322153,17.6451763,11.602742513020834,1.6122555782397587,1.5116293305605695,0.0,0.0,0.0
Gułtowy,0.08936959455180532,0.117124394184168,1252.75,52.3510995,17.3295324,11.5247802734375,1.516695996125539,1.4379923258484073,0.0,0.0,0.0
Gwda Mała,0.07982685017369441,0.1375838926174496,288.4166666666667,53.7334,16.81822,10.4256591796875,2.041029060880343,1.556821912286729,0.08333333333333333,0.0,0.0
Gzin,0.05636384895149248,0.081180811808118,307.3333333333333,53.2041358,18.3125991,11.144571940104166,1.7033920288085938,1.4383967589665765,0.0,0.0,0.0
Góra Kalwaria,0.017371950582307137,0.040777972027971954,572.9444444444445,51.9843765,21.2140226,11.625528971354166,1.5356080532073975,1.284443730218162,0.08333333333333333,0.0,0.0
Górażdże,0.1493050458868226,0.2046296296296296,1032.3333333333333,50.5281394,18.0099308,11.7684326171875,2.0349422494570413,1.2598807330881168,0.08333333333333333,0.0,0.0
Górka Duchowna,0.10831101765869285,0.1921280901353951,844.0,51.9529636,16.5913568,11.925333658854166,1.6554450194040935,1.4156319573721095,0.0,0.0,0.0
Górki Noteckie,0.18747506386164955,0.2470978441127695,658.75,52.78767,15.49858,11.697794596354166,1.7173171291748683,1.3128506554401789,0.0,0.0,0.0
Górki Pomorskie,0.01847056193995635,0.032258064516129,447.4166666666667,53.8984431,14.8244095,11.245157877604166,1.933741902311643,2.058865433605347,0.0,0.0,0.0
Górki Szczukowskie,0.05733466673762802,0.0911808669656203,664.3333333333334,50.8822536,20.5345862,10.890665690104166,1.790336896975835,1.3981765139400164,0.08333333333333333,0.0,0.0
Górki Śląskie,0.06943711730761652,0.0854214123006833,861.9166666666666,50.1437579,18.390992,11.549845377604166,2.0602276722590127,1.2922506098900908,0.08333333333333333,0.0,0.0
Górna Grupa,0.06048306167581847,0.0909090909090909,747.5833333333334,53.4848276,18.6673792,11.105672200520834,1.6735518177350361,1.5437108084106637,0.08333333333333333,0.0,0.0
Górowo,0.06719160018558859,0.0861111111111111,361.6666666666667,51.367455,16.8034382,11.830281575520834,1.8982653667529423,1.3843871387094104,0.0,0.0,0.0
Górzyca,0.19136233156186724,0.2198952879581152,363.0,52.4928154,14.6514668,11.960001627604166,1.5956289966901143,1.3876605820134162,0.0,0.0,0.0
Górzyca Reska,0.12558790853689103,0.18,479.6666666666667,53.9693388,15.2331312,11.228068033854166,1.9343277166287105,1.720424061545014,0.0,0.0,0.0
Górzyniec,0.10508648139921432,0.1524064171122994,383.5,50.8555556,15.5716667,9.4866943359375,2.8263264298439026,1.351254462569763,0.08333333333333333,0.0,0.0
Gąbin,0.12799197474338467,0.184,479.6666666666667,52.39942,19.73072,11.537150065104166,1.48317489027977,1.4874341284812225,0.08333333333333333,0.0,0.0
Gądki,0.0666614437101863,0.10673796166432906,906.7222222222222,52.3126003,17.0466213,11.740437825520834,1.5562110741933186,1.367353704387038,0.0,0.0,0.0
Gądków Wielki,0.18480508948086424,0.22992700729927,570.8333333333334,52.2403565,14.9748179,12.154500325520834,1.6201057185729344,1.2634671566837503,0.0,0.0,0.0
Gągławki,0.05613164016213309,0.10546875,254.66666666666666,53.6868856,20.4547263,10.5233154296875,1.714616631468137,1.5314480763285463,0.08333333333333333,0.0,0.0
Gąsawy Plebańskie,0.05630810220843777,0.0764648858965931,590.5,51.226808,20.9596324,11.059285481770834,1.8147356708844502,1.4279965898808245,0.08333333333333333,0.0,0.0
Gąsocin,0.06392386940092122,0.0770348837209302,1419.0,52.7377277,20.7156977,11.3182373046875,1.3229389786720276,1.4302980681942892,0.08333333333333333,0.0,0.0
Gębarzewo,0.02987300378569401,0.0731225296442687,494.5833333333333,53.65096,17.19777,10.3275146484375,1.981031060218811,1.5383598864113555,0.08333333333333333,0.0,0.0
Głogów,0.18844373996374217,0.32492973290348537,1360.0,51.6636791,16.0935567,11.9525146484375,1.738465925057729,1.405038663497596,0.0,0.0,0.0
Głogów Huta,0.16584436747791068,0.20833526791142945,624.7777777777778,51.6754102,15.9922164,11.8895263671875,1.7391405155261357,1.3960248705718648,0.0,0.0,0.0
Głogów Małopolski,0.04970848610325249,0.0851788756388415,1143.3333333333333,50.1511809,21.9627571,11.4647216796875,1.9196116228898366,1.294729610718517,0.08333333333333333,0.0,0.0
Głogów Małopolski Niwa,0.05451490230191552,0.0944680851063829,1143.4166666666667,50.1364676,21.9647969,11.498250325520834,1.9415395855903625,1.3339094393577489,0.08333333333333333,0.0,0.0
Głogów Małopolski Południowy,0.010402445619109767,0.0151898734177215,788.5,50.1135405,21.9864664,11.498250325520834,1.9415395855903625,1.3339094393577489,0.08333333333333333,0.0,0.0
Głogów Wróblin,0.16351254491105438,0.20655711427276446,624.7777777777778,51.6865915,15.9543821,11.8895263671875,1.7391405155261357,1.3960248705718648,0.0,0.0,0.0
Głogówek,0.1717842388178836,0.3380749267691043,174.125,50.3534373,17.8619329,11.772989908854166,2.1224319338798523,1.2747428289565306,0.08333333333333333,0.0,0.0
Głogówko,0.10360737221146572,0.1627906976744186,351.25,51.8843838,17.035838,11.832234700520834,1.6918494999408722,1.4598474492685571,0.0,0.0,0.0
Głowaczewo,0.11305052629495228,0.169683257918552,447.6666666666667,54.1322556,15.4369515,11.242716471354166,1.8990507572889328,1.6916944254010813,0.0,0.0,0.0
Głowno,0.015843854279528,0.0185356811862835,1117.75,51.9623982,19.7116624,11.497111002604166,1.6225050886472066,1.5581034524971276,0.08333333333333333,0.0,0.0
Głowno Północne,0.0073396673422496,0.0171890798786653,324.4166666666667,51.9790616,19.7219812,11.497111002604166,1.6225050886472066,1.5581034524971276,0.08333333333333333,0.0,0.0
Głuchowo,0.0562918458937654,0.0871080139372822,307.3333333333333,53.2079479,18.5525964,10.991251627604166,1.7106845875581105,1.4692652213154875,0.08333333333333333,0.0,0.0
Głuchołazy,0.024652106255955483,0.07560810810810811,15.1,50.3170828,17.3833809,10.482137044270834,2.897790282964707,1.4217970308689623,0.08333333333333333,0.0,0.0
Głuchołazy Miasto,0.039644961519961504,0.075,37.333333333333336,50.3166185,17.3896393,10.482137044270834,2.8977902829647064,1.4217970308689623,0.08333333333333333,0.0,0.0
Głuchów,0.05707283520095438,0.0908455625436757,1378.0833333333333,52.158794,19.6606159,11.524454752604166,1.5302923421065013,1.5376518632910559,0.0,0.0,0.0
Głuszyca,0.09687263894028386,0.2384737678855326,320.0416666666667,50.6850304,16.3730344,9.5540771484375,2.4705428878466287,1.3227403093422148,0.08333333333333333,0.0,0.0
Głuszyca Górna,0.24647049425348896,0.390728476821192,359.0,50.6679766,16.3755892,9.5540771484375,2.4705428878466287,1.3227403093422148,0.08333333333333333,0.0,0.0
Głuszyno Pomorskie,0.23195616584269985,0.5454545454545454,446.5,54.4898744,17.4238884,10.408732096354166,2.084320624669393,1.7937483086653163,0.08333333333333333,0.0,0.0
Głębokie Międzyrzeckie,0.2243095977248867,0.2964071856287425,297.5833333333333,52.4847548,15.534011,11.8304443359375,1.6086429754892986,1.2871380877679195,0.0,0.0,0.0
Hagenwerder,0.0477286410161602,0.08939352045048504,562.3888888888889,51.061589,14.9665527,11.0863037109375,2.105259269475937,1.47572990162297,0.0,0.0,0.0
Hajnówka,0.11215010173771114,0.1998403019744483,461.3888888888889,52.7365783,23.5878728,10.4881591796875,1.677491620182991,1.3812974267349887,0.08333333333333333,0.0,0.0
Halinów,0.1277059196441293,0.1995221027479091,2513.0833333333335,52.2258575,21.3529522,11.466349283854166,1.4981946299473445,1.3238340931558155,0.08333333333333333,0.0,0.0
Harrachov,0.031099434951808242,0.0481283422459893,485.0,50.8063226,15.4254749,8.029012044270834,2.99034853776296,1.0495204155541542,0.16666666666666666,0.0,0.0
Hartowiec,0.0778338782890773,0.1236559139784946,187.0,53.3978371,19.8433826,10.574259440104166,1.7821930795907974,1.5706689753750165,0.08333333333333333,0.0,0.0
Hel,0.09991511271061475,0.33080048179980814,439.8333333333333,54.6066432,18.8027076,,,,0.0,0.0,0.0
Henrykowo,0.03942858289996754,0.0607287449392712,249.41666666666666,53.9841268,21.282732,10.3294677734375,1.7259492725133896,1.4477270520533947,0.08333333333333333,0.0,0.0
Henryków,0.18602458098080707,0.3510520487264673,710.8333333333334,52.3033704,20.0939381,11.612508138020834,1.4187814046939213,1.4443609780358893,0.08333333333333333,0.0,0.0
Herby Nowe,0.014253759210827234,0.03334667200213415,201.33333333333334,50.7472918,18.8545491,11.1302490234375,2.0911208589871726,1.5392114552944969,0.08333333333333333,0.0,0.0
Herby Stare,0.07950535030190756,0.16701795472287276,382.22222222222223,50.7476646,18.8821298,11.1302490234375,2.0911208589871726,1.5392114552944969,0.08333333333333333,0.0,0.0
Hirschfelde,0.053769607881392345,0.096056622851365,843.25,50.8311725,17.8359035,11.9676513671875,1.942266325155894,1.2670427636817887,0.0,0.0,0.0
Hordzieżka,0.06767277587838014,0.1300309597523219,325.8333333333333,51.7488685,22.1777162,11.361857096354166,1.564668744802475,1.2587799907740516,0.08333333333333333,0.0,0.0
Horka Gbf,0.256626219426142,0.5625,12.083333333333334,,,,,,,,
Horyniec-Zdrój,0.1609027713826773,0.3129770992366412,73.33333333333333,50.1910278,23.3625975,10.894734700520834,2.029473523298899,1.3505481109991322,0.08333333333333333,0.0,0.0
Hołówki Duże,0.12074303392837255,0.1684587813620071,556.3333333333334,52.975513,23.0875707,10.707234700520834,1.5787388235330582,1.3173891131951845,0.08333333333333333,0.0,0.0
Hrebenne,0.2935244038369038,0.6111111111111112,18.833333333333332,50.2829015,23.5797971,11.0018310546875,1.9852263927459717,1.3708694666553443,0.08333333333333333,0.0,0.0
Hrubieszów Miasto,0.2617634472995691,0.3302752293577982,119.0,50.7971297,23.9089671,11.058308919270834,1.8467610627412796,1.3530912917871014,0.08333333333333333,0.0,0.0
Hryniewicze,0.10011138021565506,0.1397849462365591,556.3333333333334,53.0801246,23.1354068,10.648478190104166,1.542543277144432,1.3013848649233155,0.08333333333333333,0.0,0.0
Hucisko,0.08946270743145741,0.31136363636363723,10.25,51.43486,19.4678,11.167032877604166,1.840567131837209,1.5466068480015842,0.08333333333333333,0.0,0.0
Hurko,0.0725960582140421,0.0919117647058823,253.16666666666666,49.7993522,22.8739242,11.1854248046875,2.0194235742092133,1.399902616724476,0.08333333333333333,0.0,0.0
Huta,0.001225490196078425,0.0,5.666666666666667,53.85403,17.82927,10.1654052734375,1.9335696200529735,1.5690735957808843,0.08333333333333333,0.0,0.0
Huta Komorowska,0.12329036861100941,0.1598837209302325,348.0833333333333,50.3871815,21.7189801,11.646199544270834,1.7661324093739192,1.1799426651661602,0.08333333333333333,0.0,0.0
Imbramowice,0.1443429926156909,0.21269504620512045,625.0555555555555,50.3016845,19.849629,10.5247802734375,2.1035499572753906,1.352733922918664,0.08333333333333333,0.0,0.0
Imielin,0.048656661530294194,0.0839363241678726,712.1666666666666,50.1467621,19.1854676,11.398152669270834,2.0665218234062195,1.1863166747941347,0.08333333333333333,0.0,0.0
Inowrocław,0.0725066847834337,0.21452667050871604,702.3333333333334,52.7952408,18.2595624,11.295125325520834,1.7653066317240398,1.3510677339942851,0.0,0.0,0.0
Inowrocław Rąbinek,0.20735590596228096,0.43440860215053756,40.77777777777778,52.7693872,18.2431612,11.2899169921875,1.749503642320633,1.3730872543611345,0.0,0.0,0.0
Inwałd,0.15617686862345798,0.2564655172413793,463.3333333333333,49.863906,19.397887,10.673380533854166,2.445697079102198,1.1280735133469635,0.08333333333333333,0.0,0.0
Iwin,0.25414106118339386,0.3013333333333333,261.0,53.7954837,16.5168702,10.4744873046875,2.080566495656967,1.603401713871427,0.0,0.0,0.0
Iwiny,0.1746105519037587,0.4315087336244542,662.8333333333334,51.042315,17.0752148,11.9808349609375,2.1374988555908203,1.2485738546650227,0.0,0.0,0.0
Izbica,0.17840995025935213,0.3421052631578947,235.66666666666666,50.8927773,23.1587974,11.018107096354166,1.764474665125211,1.3419035180189585,0.08333333333333333,0.0,0.0
Iława Główna,0.15317415357854192,0.3336711711711712,1391.75,53.5810821,19.5731214,10.661173502604166,1.8174833754698436,1.565963676228549,0.08333333333333333,0.0,0.0
Iława Miasto,0.09375185977096417,0.1491228070175438,448.5833333333333,53.5955841,19.54881,10.736531575520834,1.7913951774438222,1.565781721137169,0.08333333333333333,0.0,0.0
Iłowa Żagańska,0.17671691223664457,0.3717026378896882,460.5833333333333,51.5020926,15.1886395,11.8724365234375,1.9513327678044636,1.3911053326293326,0.0,0.0,0.0
Iłowiec,0.0949380310099725,0.17721257237386265,1008.6666666666666,53.4223349,16.3872521,10.802775065104166,1.899191717306773,1.4350607581795005,0.0,0.0,0.0
Iłowo,0.04332024535580086,0.0527272727272727,539.0833333333334,52.904301,14.7886974,11.5023193359375,1.837476372718811,1.3435795674433473,0.0,0.0,0.0
Jabłonowo Pomorskie,0.06151872162616276,0.121263684139198,646.2,53.387984,19.1527034,10.8719482421875,1.72124578555425,1.57940927471312,0.08333333333333333,0.0,0.0
Jabłoń Kościelna,0.0502934513900092,0.1067615658362989,554.0833333333334,52.9195218,22.6494531,10.7371826171875,1.529786969224612,1.4166732753621194,0.08333333333333333,0.0,0.0
Jackowice,0.047142185880861935,0.0614250614250614,527.4166666666666,52.1668553,19.7996405,11.512736002604166,1.5143450250228245,1.5077010534781874,0.0,0.0,0.0
Jackowo Dworskie,0.0686417168887514,0.0964052287581699,1237.1666666666667,52.6338107,20.789025,11.3978271484375,1.3573159674803417,1.3867457334270175,0.08333333333333333,0.0,0.0
Jacków,0.0787173050533576,0.1055276381909547,793.25,50.9754243,19.7001644,11.211954752604166,1.8794933060805004,1.5443136292134618,0.08333333333333333,0.0,0.0
Jadachy,0.1242145663187156,0.1746987951807229,347.6666666666667,50.4937594,21.6791385,11.7171630859375,1.7244666169087093,1.179184982982478,0.08333333333333333,0.0,0.0
Jadwiżyn,0.08448702366903367,0.1177446102819237,617.6666666666666,53.68345,16.6357,10.418009440104166,2.0529549419879913,1.5565202430650906,0.08333333333333333,0.0,0.0
Jagodin,0.31245336702314647,0.3852459016393442,247.08333333333334,,,,,,,,
Jagodzin,0.17871212757827792,0.358695652173913,402.3333333333333,51.3609564,15.1603835,11.8568115234375,1.8942470053831737,1.393875195548312,0.0,0.0,0.0
Jaksice,0.044490465951086,0.08836524300441825,432.05555555555554,50.3238575,20.0035681,10.844767252604166,1.9927741189797719,1.338893844781768,0.08333333333333333,0.0,0.0
Jaktorów,0.06429180580265285,0.0869781312127236,1964.5,52.0904757,20.5476345,11.5203857421875,1.5977288285891216,1.4387935601642488,0.08333333333333333,0.0,0.0
Jamielnik,0.11326810969159645,0.1661807580174927,371.5,53.2436204,19.8074699,10.7415771484375,1.722707321246465,1.5510391761377698,0.08333333333333333,0.0,0.0
Janikowo,0.1052560516272354,0.147919876733436,632.0,52.7531648,18.1141024,11.275919596354166,1.7291641930739086,1.3994782268217454,0.0,0.0,0.0
Janinów,0.03703906037389227,0.0602409638554216,174.11111111111111,52.4377778,18.6472222,11.486368815104166,1.7291918396949768,1.5360826404474,0.0,0.0,0.0
Jankowa,0.07262670245879144,0.10811319024032279,351.72222222222223,51.169863,21.9440905,11.5614013671875,1.7187209626038868,1.197910857182855,0.08333333333333333,0.0,0.0
Jankowa Żagańska,0.1704750225699064,0.3402597402597402,430.5833333333333,51.5713004,15.1775641,11.840047200520834,1.9529405037562053,1.3772378763020905,0.0,0.0,0.0
Jankowce,0.018363492064006975,0.0390625,132.58333333333334,49.4844095,22.3573376,10.069376627604166,2.38815376162529,1.174279939119566,0.08333333333333333,0.0,0.0
Jankowo Dolne,0.11578921079816065,0.1603692592173289,491.55555555555554,52.55067,17.69065,11.385294596354166,1.6769529978434246,1.5304943250358445,0.0,0.0,0.0
Jankowo Pomorskie,0.07241949325049657,0.0935064935064935,376.3333333333333,53.5166039,15.7743234,10.8031005859375,2.0131017665068307,1.502923942801809,0.0,0.0,0.0
Janków Przygodzki,0.05515908789287255,0.09472272525369865,313.55555555555554,51.5968619,17.7900085,11.704630533854166,1.9536818514267604,1.4507083735918256,0.0,0.0,0.0
Janowice Wielkie,0.14464560210762809,0.23306451612903234,611.25,50.87828,15.9208773,9.9305419921875,2.7500110864639282,1.397190762075586,0.08333333333333333,0.0,0.0
Janówek,0.0689723135391167,0.0900131406044678,1536.3333333333333,51.8607854,20.6327441,11.148152669270834,1.689896821975708,1.3854082661397722,0.08333333333333333,0.0,0.0
Jarocin,0.09449945919397586,0.1834845870215645,979.1666666666666,51.9739233,17.5011254,11.735555013020834,1.7162169615427654,1.510695221796754,0.0,0.0,0.0
Jarosty,0.06801927555189723,0.10439735365050559,663.8888888888889,51.4617352,19.6822993,11.149129231770834,1.8044721980889638,1.5424262492287606,0.08333333333333333,0.0,0.0
Jaroszowiec Olkuski,0.05734822489813407,0.0856353591160221,747.0833333333334,50.3422847,19.6218089,10.612345377604166,2.1497327287991843,1.33102499350645,0.08333333333333333,0.0,0.0
Jarosław,0.12605693042824218,0.19813410499481365,1304.888888888889,50.0399766,22.6573724,11.377156575520834,1.9282036622365315,1.3836978607167518,0.08333333333333333,0.0,0.0
Jarszewo,0.01811053889848169,0.0302419354838709,447.4166666666667,53.9283691,14.7894988,11.245157877604166,1.933741902311643,2.058865433605347,0.0,0.0,0.0
Jarzębia Łąka,0.04517785762833723,0.0673316708229426,808.9166666666666,52.4598616,21.4477629,11.508829752604166,1.4254732479651768,1.3309782886658068,0.08333333333333333,0.0,0.0
Jarzębiec,0.03239596230072804,0.0526315789473684,249.25,54.30786,19.98443,10.551310221354166,1.9243023594220479,1.4127066715746615,0.08333333333333333,0.0,0.0
Jasienica Dolna,0.09243010854007111,0.1474358974358974,472.5,50.5170769,17.4996417,11.600301106770834,2.210904782017072,1.3664438725788566,0.08333333333333333,0.0,0.0
Jasienica Mazowiecka,0.02603131005422962,0.0331829896907216,3112.9166666666665,52.4154325,21.398569,11.5155029296875,1.473090226451556,1.3254092374937454,0.08333333333333333,0.0,0.0
Jasień Brzeski,0.10972847753762068,0.19830610821334493,840.7222222222222,49.9870188,20.5581519,11.484903971354166,1.9767904579639435,1.0878318783927654,0.08333333333333333,0.0,0.0
Jasiona,0.153649803986228,0.2101851851851852,1032.25,50.7661348,17.537053,12.067097981770834,1.8889204760392506,1.230993449271181,0.0,0.0,0.0
Jasionka Lotnisko,0.008932357493216884,0.0139240506329113,788.5,50.1155464,22.0215407,11.498250325520834,1.9415395855903625,1.3339094393577489,0.08333333333333333,0.0,0.0
Jasionna Łowicka,0.09586902945394436,0.130635838150289,876.0833333333334,52.1246244,20.1236666,11.6214599609375,1.5322630455096562,1.4661326944465163,0.08333333333333333,0.0,0.0
Jaski,0.04036994660564453,0.1,28.916666666666668,53.4402467,22.7768631,10.489298502604166,1.471181924144427,1.3081609542570483,0.08333333333333333,0.0,0.0
Jastarnia,0.16290800037165398,0.3878349098980077,586.3333333333334,54.702764,18.6712892,,,,0.0,0.0,0.0
Jastarnia Wczasy,0.20289775992821504,0.4300291545189504,688.1666666666666,54.7079444,18.6553541,,,,0.0,0.0,0.0
Jastrowie,0.2998042108212583,0.42231885210207626,483.27777777777777,53.4205494,16.8150156,10.771687825520834,1.8494463711977005,1.4140356164106525,0.0,0.0,0.0
Jastrowie Miasto,0.07519950877322984,0.2057142857142857,101.41666666666667,53.4240519,16.8109593,10.771687825520834,1.8494463711977005,1.4140356164106525,0.0,0.0,0.0
Jastrząb,0.040140987061807035,0.07174620291616038,442.9583333333333,51.2468739,20.9488245,10.9818115234375,1.8279529909292858,1.4521694759370183,0.08333333333333333,0.0,0.0
Jastrząbka,0.029535431657546313,0.06516114089074179,308.05555555555554,53.134,21.24303,10.987019856770834,1.4944895307223003,1.356061578737842,0.08333333333333333,0.0,0.0
Jastrzębna,0.08972445831004827,0.1434782608695652,228.83333333333334,51.0447261,15.9371387,10.3768310546875,2.5667137503623962,1.579406663468487,0.08333333333333333,0.0,0.0
Jastrzębsko,0.13801528211783107,0.26240245261984385,787.1666666666666,52.2951463,16.0612341,11.892618815104166,1.553130879998207,1.3595031935805406,0.0,0.0,0.0
Jaszczów,0.06097768783583977,0.0885311871227364,998.4166666666666,51.2111949,22.9332819,11.2664794921875,1.659833128253619,1.3502943267446996,0.08333333333333333,0.0,0.0
Jasło,0.09726838899265598,0.16306451612903244,322.4583333333333,49.7469627,21.493576,10.8704833984375,2.150171995162964,1.1065701243069532,0.08333333333333333,0.0,0.0
Jasło Fabryczne,0.09514922657108614,0.131403118040089,420.1666666666667,49.7493934,21.533993,10.8704833984375,2.150171995162964,1.1065701243069532,0.08333333333333333,0.0,0.0
Jasło Niegłowice,0.08592287342287341,0.20833333333333331,14.555555555555555,49.7261437,21.4509854,10.8704833984375,2.150171995162964,1.1065701243069532,0.08333333333333333,0.0,0.0
Jawiszowice Jaźnik,0.06816385802954171,0.1232492997198879,402.25,49.9496644,19.1154929,10.9281005859375,2.51827938357989,1.2257079464666496,0.08333333333333333,0.0,0.0
Jawor,0.15358628083608356,0.2473444613050076,714.9166666666666,51.0504653,16.1932008,11.375691731770834,2.0841703762610755,1.5321890132092777,0.0,0.0,0.0
Jaworzno Ciężkowice,0.11642930813129063,0.17840727418065538,730.0,50.2129797,19.3370763,11.3480224609375,1.997259686390559,1.234203614627592,0.08333333333333333,0.0,0.0
Jaworzno Szczakowa,0.1487832298677075,0.2315034419207095,1143.9166666666667,50.2463323,19.2975531,11.3480224609375,1.997259686390559,1.234203614627592,0.08333333333333333,0.0,0.0
Jaworzno koło Wielunia,0.038068713562379404,0.0602409638554216,261.0,51.0145545,18.6532697,11.392618815104166,2.100921501715978,1.5472821372187247,0.08333333333333333,0.0,0.0
Jaworzyna Śląska,0.12552038596482024,0.25664697193500735,881.5555555555555,50.9144217,16.4308642,11.276570638020834,2.266650920112928,1.5016237377483137,0.0,0.0,0.0
Jazy,0.10685363768353832,0.173170731707317,363.5833333333333,54.1249544,15.7861983,11.119344075520834,1.9533409625291824,1.6599423376576945,0.0,0.0,0.0
Jaśkowice,0.058984539155153226,0.0949033391915641,1157.0,51.1287174,18.2175176,11.6248779296875,2.0343042810757956,1.4360161985548574,0.08333333333333333,0.0,0.0
Jaśkowice Legnickie,0.11455373143892023,0.1766753698868581,1128.9166666666667,51.2215187,16.3143427,11.696492513020834,1.895938937862714,1.4371508444746093,0.0,0.0,0.0
Jaślany,0.02581728404066942,0.048780487804878,196.5,50.3951859,21.4854933,11.660847981770834,1.7877242068449657,1.1732475933898552,0.08333333333333333,0.0,0.0
Jedlicze,0.11575857689834927,0.2237629543132389,140.66666666666666,49.714148,21.6421513,10.9486083984375,2.1246217787265778,1.1362405805860516,0.08333333333333333,0.0,0.0
Jedlicze Męcinka,0.0380119343881565,0.0808080808080808,84.33333333333333,49.7261755,21.6260809,10.9486083984375,2.1246217787265778,1.1362405805860516,0.08333333333333333,0.0,0.0
Jedlicze koło Zgierza,0.05948630703575789,0.10483870967741934,626.3333333333334,51.8693884,19.3207369,11.4603271484375,1.7100252111752827,1.539118325007265,0.08333333333333333,0.0,0.0
Jedlina-Zdrój,0.16349384620917698,0.32760847400022686,358.8333333333333,50.724228,16.337581,9.334513346354166,2.606636494398117,1.3377227408828987,0.08333333333333333,0.0,0.0
Jedlina-Zdrój Borowa,0.21242631381595722,0.3026819923371647,308.0833333333333,50.7299222,16.3221941,9.334513346354166,2.606636494398117,1.3377227408828987,0.08333333333333333,0.0,0.0
Jedlina-Zdrój Centrum,0.12122497259662371,0.2463343108504398,233.5,50.7211486,16.3446376,9.334513346354166,2.606636494398117,1.3377227408828987,0.08333333333333333,0.0,0.0
Jedlnia Kościelna,0.053728250059103706,0.0773542600896861,884.5833333333334,51.4551228,21.4077802,11.4305419921875,1.5952217082182567,1.232867367210485,0.08333333333333333,0.0,0.0
Jedlnia-Letnisko,0.04936579149575521,0.0728699551569506,884.5833333333334,51.4303531,21.3292505,11.300984700520834,1.6768421630064647,1.2834311416771411,0.08333333333333333,0.0,0.0
Jeglia,0.07745287641412825,0.1236559139784946,187.0,53.3873983,19.8782728,10.488972981770834,1.7635964105526607,1.5622920055499732,0.08333333333333333,0.0,0.0
Jelcz Miłoszyce,0.06698436198810921,0.11749482401656311,1298.3333333333333,51.0445694,17.3054006,11.988321940104166,2.084006796280543,1.2539194501889748,0.0,0.0,0.0
Jelcz-Laskowice,0.05423640511351704,0.10851449275362315,1298.3333333333333,51.0398306,17.3499638,11.988321940104166,2.084006796280543,1.2539194501889748,0.0,0.0,0.0
Jelenia Góra,0.11147419081519279,0.2,932.0416666666666,50.8501049,15.6537492,9.742716471354166,2.8176241417725882,1.3711333503694563,0.08333333333333333,0.0,0.0
Jelenia Góra Cieplice,0.1371234494022892,0.25637408568443054,286.4166666666667,50.8697521,15.6852449,9.742716471354166,2.8176241417725882,1.3711333503694563,0.08333333333333333,0.0,0.0
Jelenia Góra Orle,0.11146275426664039,0.1602067183462532,389.4166666666667,50.8639918,15.6573613,9.742716471354166,2.8176241417725882,1.3711333503694563,0.08333333333333333,0.0,0.0
Jelenia Góra Przemysłowa,0.11185022442631078,0.1578947368421052,389.5,50.8877308,15.705234,9.742716471354166,2.8176241417725882,1.3711333503694563,0.08333333333333333,0.0,0.0
Jelenia Góra Sobieszów,0.11132562579522068,0.18605990783410134,336.3888888888889,50.8517332,15.6452871,9.4866943359375,2.8263264298439026,1.3512544625697631,0.08333333333333333,0.0,0.0
Jelenia Góra Zabobrze,0.11869092053510968,0.21417629551820722,783.8888888888889,50.9098997,15.7431012,9.742716471354166,2.8176241417725882,1.3711333503694563,0.08333333333333333,0.0,0.0
Jelenia Góra Zachodnia,0.10970447665080917,0.1602067183462532,389.5,50.9005971,15.719455,9.742716471354166,2.8176241417725882,1.3711333503694563,0.08333333333333333,0.0,0.0
Jelenino,0.060617528267752796,0.0825688073394495,320.0,53.65212,16.62759,10.418009440104166,2.0529549419879913,1.5565202430650906,0.08333333333333333,0.0,0.0
Jeleń,0.029389660801644894,0.04811827956989245,338.5,53.7416667,21.3219444,10.461466471354166,1.6690938969453175,1.3721699777990208,0.08333333333333333,0.0,0.0
Jeleśnia,0.06353245407924235,0.22500000000000003,18.466666666666665,49.6295063,19.3313366,8.538289388020834,3.176758050918579,0.9085464834758415,0.16666666666666666,0.0,0.0
Jelna,0.060545147454480634,0.1111111111111111,216.91666666666666,49.70442,20.72343,10.546427408854166,2.2467451890309653,0.9253751406509365,0.08333333333333333,0.0,0.0
Jeruty,0.12325568182075408,0.1935483870967742,182.66666666666666,53.5419739,21.1667206,10.6209716796875,1.6484920978546143,1.3143705313423768,0.08333333333333333,0.0,0.0
Jerzmanice Lubuskie,0.15874306456724596,0.23973914084001435,384.44444444444446,52.3066489,14.867405,11.988321940104166,1.6221282084782918,1.3115490440799447,0.0,0.0,0.0
Jerzmanki,0.16342263692507666,0.39375,484.25,51.1361534,15.061674,10.939493815104166,2.200392007827759,1.4825747751041305,0.0,0.0,0.0
Jesionka,0.056259772679664276,0.0750830564784053,1460.25,52.3953913,19.5867364,11.509480794270834,1.5183211366335552,1.49953547181706,0.08333333333333333,0.0,0.0
Jesionowiec,0.042295359079740885,0.0761904761904762,143.05555555555554,53.44504,21.0030768,10.7655029296875,1.5901298373937607,1.3378261310858275,0.08333333333333333,0.0,0.0
Jezierzany,0.06637457350725906,0.1050767414403778,830.0833333333334,54.5330616,16.5858025,10.919962565104166,2.125909775495529,2.33338655368362,0.0,0.0,0.0
Jezierzyce Słupskie,0.2106738050292943,0.4564564564564564,446.4166666666667,54.5042883,17.1218427,10.4686279296875,2.217455973227819,2.0944392877870146,0.0,0.0,0.0
Jeziorki Wałeckie,0.1850523712768409,0.3630573248407643,306.8333333333333,53.2256077,16.1074772,11.120320638020834,1.8658050298690796,1.3018488422948538,0.0,0.0,0.0
Jełowa,0.035970468638772485,0.0571428571428571,315.1666666666667,50.7998026,18.0728772,11.763224283854166,1.9933071285486221,1.337405243622839,0.08333333333333333,0.0,0.0
Jeżewo,0.06611386096946857,0.1048593350383631,754.1666666666666,51.909517,19.4649552,11.2884521484375,1.7047157386938732,1.5729908033274638,0.08333333333333333,0.0,0.0
Jeżówka,0.0466570751326699,0.0829787234042553,486.75,52.161699,20.2887051,11.5775146484375,1.5049324333667755,1.4445239626830648,0.08333333333333333,0.0,0.0
Jindrichov Ve Slez,0.08310336628279667,0.1767241379310344,162.66666666666666,,,,,,,,
Jonkowo,0.06453799434861647,0.0980926430517711,379.3333333333333,53.8275836,20.3104882,10.499064127604166,1.764758105079333,1.6018560251422995,0.08333333333333333,0.0,0.0
Jordanów,0.13530500431632164,0.2578241173012415,312.0,49.6489124,19.8383492,8.808634440104166,3.0457162658373513,0.8933156086325107,0.16666666666666666,0.0,0.0
Jugowice,0.11378133556835784,0.2324275233640118,232.77777777777777,50.7310111,16.4027816,9.5540771484375,2.4705428878466287,1.3227403093422148,0.08333333333333333,0.0,0.0
Julianka,0.04210377432619489,0.0622119815668202,426.75,52.9854566,23.6996349,10.466512044270834,1.652863418062528,1.3832535074921966,0.08333333333333333,0.0,0.0
Jurata,0.15915766215498284,0.3955402091132051,586.3333333333334,54.6849444,18.7134138,,,,0.0,0.0,0.0
Justynów,0.04688786557001722,0.07992481746548105,1923.2777777777778,52.3704333,22.1327977,11.082722981770834,1.533619334300359,1.4157973397480097,0.08333333333333333,0.0,0.0
Juszczyn,0.12226667692105793,0.1670146137787056,459.3333333333333,51.154596,16.6789939,11.919637044270834,1.9929904788732529,1.3681751553296821,0.0,0.0,0.0
Józefin,0.1264810709849269,0.1971001359311282,2232.0833333333335,51.1898332,23.3413236,11.1673583984375,1.6252937863270442,1.402734325743741,0.08333333333333333,0.0,0.0
Józefów,0.05253320121883945,0.08299525980036809,2894.722222222222,50.4808298,23.0540591,11.001017252604166,1.8967541456222534,1.2696798712842452,0.08333333333333333,0.0,0.0
Józefów Roztoczański,0.3284895736371627,0.7365591397849462,221.75,50.5168424,23.040519,11.113321940104166,1.877316822608312,1.2528494113830981,0.08333333333333333,0.0,0.0
Jędrzejów,0.14054625196512555,0.2055033399742177,879.2222222222222,50.6394435,20.3046116,11.147013346354166,1.8261658251285553,1.308062398062419,0.08333333333333333,0.0,0.0
Jędrzychowice,0.1126121637058078,0.2409066808059385,554.5,51.1796848,15.0244446,11.2088623046875,1.998150646686554,1.421137877601344,0.0,0.0,0.0
Kaczkowo,0.09607854208919284,0.16588898749033865,630.7222222222222,52.7991438,17.6165714,11.220906575520834,1.7023955186208088,1.470208707955188,0.0,0.0,0.0
Kaczorowo,0.06238824923918615,0.1561338289962825,245.33333333333334,54.2262445,21.8429671,10.308634440104166,1.7498910923798878,1.406819595240048,0.08333333333333333,0.0,0.0
Kaczory,0.07824980282258173,0.12875582313780484,373.22222222222223,53.1020938,16.8843061,11.193562825520834,1.6865751047929127,1.3638521694868622,0.0,0.0,0.0
Kaczyce,0.05421469768306117,0.0968992248062015,295.0,49.834077,18.592432,11.305216471354166,2.5375894407431283,1.2711728283182542,0.08333333333333333,0.0,0.0
Kalembina,0.10211424409758459,0.1417525773195876,420.1666666666667,49.8705607,21.6841058,10.897664388020834,1.9722011983394623,1.2378010764086727,0.08333333333333333,0.0,0.0
Kalety,0.020850993304828,0.03333869879813585,750.3888888888889,50.5686645,18.936145,11.125203450520834,2.152594675620397,1.4804765393605406,0.08333333333333333,0.0,0.0
Kaliska,0.146939833320844,0.2189001243334118,498.44444444444446,54.3414174,18.2396048,9.707234700520834,2.078187565008799,1.8045939798191197,0.08333333333333333,0.0,0.0
Kaliska Kujawskie,0.07860560227203137,0.1061776061776061,500.0833333333333,52.4119894,19.1239223,11.327840169270834,1.6944106419881184,1.5486206844084112,0.08333333333333333,0.0,0.0
Kalisz,0.11053821169570928,0.19428940329887723,489.56666666666666,51.7624752,18.0895358,11.707234700520834,1.7911648054917653,1.5136738258836082,0.0,0.0,0.0
Kalisz Kaszubski,0.06125688888229854,0.0865384615384615,218.33333333333334,54.0451067,17.7861547,10.036824544270834,1.9529144565264385,1.6428677021737903,0.08333333333333333,0.0,0.0
Kalisz Pomorski,0.20584374269045871,0.38115635345916243,267.1666666666667,53.2981616,15.9059903,10.999552408854166,1.9772728929917018,1.3397663934542594,0.0,0.0,0.0
Kalisz Szczypiorno,0.07964494054661747,0.13167880995749845,331.6666666666667,51.7259333,18.0272669,11.689493815104166,1.873105376958847,1.481304187715683,0.0,0.0,0.0
Kalisz Winiary,0.11942407076534678,0.1759259259259259,425.9166666666667,51.7334923,18.1413193,11.705769856770834,1.8647473851839702,1.48841801043643,0.0,0.0,0.0
Kaliszki,0.11204724543745398,0.1720430107526881,182.41666666666666,51.7483309,20.1651552,11.256551106770834,1.6642910490433376,1.534988917046855,0.08333333333333333,0.0,0.0
Kalwaria Zebrzydowska,0.1418689928412726,0.1970443349753694,417.5,49.8669482,19.6763089,10.6873779296875,2.3173306981722512,1.0737168874765723,0.08333333333333333,0.0,0.0
Kalwaria Zebrzydowska Lanckorona,0.13363745581948455,0.2871517323775388,309.93333333333334,49.8712948,19.6885921,10.6873779296875,2.3173306981722512,1.0737168874765723,0.08333333333333333,0.0,0.0
Kamieniec Ząbkowicki,0.16742127985779862,0.3235487179487179,563.4,50.5229139,16.8736143,10.6190185546875,2.4719014118115106,1.3508782714149967,0.08333333333333333,0.0,0.0
Kamienna Góra,0.03812169032062033,0.0642857142857142,420.5833333333333,50.7837361,16.0336631,9.311726888020834,2.8341756463050842,1.2752582595279989,0.08333333333333333,0.0,0.0
Kamienna Karczma,0.15672247696104527,0.2218543046357615,625.6666666666666,53.8771445,18.1626447,10.3494873046875,1.8202043970425923,1.6112409881762335,0.08333333333333333,0.0,0.0
Kamienna Nowa,0.09453982797435807,0.1565217391304348,228.83333333333334,53.7029089,23.2506856,10.259806315104166,1.5196066697438557,1.3990876814487505,0.08333333333333333,0.0,0.0
Kamień Mały,0.17407123033948468,0.2183406113537118,753.5833333333334,52.6434826,14.7795481,11.943074544270834,1.6504935224850972,1.3400517425918805,0.0,0.0,0.0
Kamień Pomorski,0.009019999178865198,0.022030713406337048,301.3888888888889,53.9653947,14.7728556,11.251017252604166,2.0194531132777533,2.265247276435906,0.0,0.0,0.0
Kamień Łowicki,0.01590934824737525,0.0242557883131201,930.25,51.9887032,19.753151,11.500691731770834,1.6096000770727794,1.5299088214207546,0.08333333333333333,0.0,0.0
Kamieńczyce,0.136462348787191,0.23475734966973544,812.4444444444445,50.2492614,20.4146002,11.407918294270834,1.848121091723442,1.2199456560485098,0.08333333333333333,0.0,0.0
Kamieńsk,0.07129015567464361,0.11315197582210776,704.0555555555555,51.204172,19.4970714,11.2362060546875,1.8593696057796478,1.56152821756281,0.08333333333333333,0.0,0.0
Kamionka Wielka,0.07060658544780006,0.11604642339794435,360.72222222222223,49.5786884,20.790033,10.048380533854166,2.3083496689796448,0.8841679739072246,0.08333333333333333,0.0,0.0
Kamionki Jezioro,0.0984679458767142,0.1203883495145631,525.0,53.1297934,18.7797825,11.1575927734375,1.7714415788650513,1.4602957911440795,0.08333333333333333,0.0,0.0
Kanie,0.06235471470018036,0.0850277264325323,1048.0833333333333,52.1328951,20.7736551,11.555379231770834,1.5830555160840352,1.4000616821091318,0.08333333333333333,0.0,0.0
Kaniów,0.0687453136296312,0.1120448179271708,402.0833333333333,51.9271381,14.9167126,12.234903971354166,1.6805339455604553,1.3069761663495822,0.0,0.0,0.0
Karcino,0.11409219715492804,0.1724137931034483,433.75,54.1277473,15.3968116,11.242716471354166,1.8990507572889328,1.6916944254010813,0.0,0.0,0.0
Karlino,0.11008142943773223,0.185589519650655,378.3333333333333,54.0410287,15.8793019,10.977254231770834,2.0044935643672943,1.594697543742275,0.0,0.0,0.0
Karnkowo,0.07134522219678802,0.093655589123867,319.0,52.859047,19.2510542,11.027384440104166,1.7648894488811493,1.438283184041661,0.08333333333333333,0.0,0.0
Karolinówka,0.010416666666666666,0.0,7.333333333333333,51.1898305,23.5506086,11.188191731770834,1.690235843261083,1.4028146479832948,0.08333333333333333,0.0,0.0
Kartuzy,0.03759620438045515,0.0282637954239569,921.1666666666666,54.3342281,18.1973639,9.707234700520834,2.078187565008799,1.8045939798191197,0.08333333333333333,0.0,0.0
Karwice,0.14018780117625843,0.2348284960422163,385.8333333333333,54.33057,16.56258,10.7445068359375,2.0564104616642,1.8891296560334652,0.0,0.0,0.0
Karzec,0.04209077597442562,0.0642857142857142,448.25,51.75882,16.89933,11.879109700520834,1.7275728682676952,1.4773103641213747,0.0,0.0,0.0
Karłowice,0.09273634276351665,0.1547619047619047,83.83333333333333,51.1395952,17.0499524,12.0301513671875,2.0810724993546805,1.2798880544319826,0.0,0.0,0.0
Katowice,0.1250241848679428,0.2250034425755766,5792.125,50.2598987,19.0215852,11.3104248046875,2.0985366801420846,1.2919759945979876,0.08333333333333333,0.0,0.0
Katowice Brynów,0.08261241852227033,0.1131293817718291,3956.3333333333335,50.2521701,18.9952151,11.3104248046875,2.0985366801420846,1.2919759945979876,0.08333333333333333,0.0,0.0
Katowice Ligota,0.1124668815320179,0.22584084414156955,3169.8888888888887,50.2260023,18.9778134,11.365437825520834,1.9904420872529347,1.263865840579238,0.08333333333333333,0.0,0.0
Katowice Piotrowice,0.09966441637946276,0.1187270501835985,4709.666666666667,50.2134532,18.9703936,11.365437825520834,1.9904420872529347,1.2638658405792378,0.08333333333333333,0.0,0.0
Katowice Podlesie,0.08863861050843493,0.1173128342245989,2821.0833333333335,50.1829287,18.960329,11.365437825520834,1.9904420872529347,1.2638658405792378,0.08333333333333333,0.0,0.0
Katowice Szopienice Południowe,0.11248671199111893,0.1575738796481984,1983.4583333333333,50.2589152,19.092466,11.299519856770834,2.0738454361756644,1.2992858539664631,0.08333333333333333,0.0,0.0
Katowice Szopienice Północne,0.041666666666666664,0.0,0.16666666666666666,50.2638497,19.0856087,11.299519856770834,2.0738454361756644,1.2992858539664631,0.08333333333333333,0.0,0.0
Katowice Zawodzie,0.08889398132349614,0.1459130431362491,1984.7083333333333,50.2572998,19.0574498,11.299519856770834,2.0738454361756644,1.2992858539664631,0.08333333333333333,0.0,0.0
Katowice Załęże,0.11433098444019535,0.18609395677106305,1458.888888888889,50.2638657,18.9895811,11.3104248046875,2.0985366801420846,1.2919759945979878,0.08333333333333333,0.0,0.0
Kawcze,0.08660306688740928,0.1483516483516483,358.5833333333333,54.07239,16.88268,10.260294596354166,2.22622749209404,1.671931028774111,0.08333333333333333,0.0,0.0
Kawnice,0.09070386800514417,0.1110074626865671,1098.25,52.24213,18.15038,11.6527099609375,1.6796420415242512,1.4680028963039928,0.0,0.0,0.0
Kały,0.03544632870626022,0.0538922155688622,315.0833333333333,50.9669113,21.183269,10.961140950520834,1.8735520939032237,1.3870272973612827,0.08333333333333333,0.0,0.0
Kałęczyn,0.06820975362610943,0.0906862745098039,1237.1666666666667,53.2304681,22.2304918,10.741414388020834,1.4798702349265416,1.419024515718169,0.08333333333333333,0.0,0.0
Kiekrz,0.047541758292598386,0.11590545424448914,677.2083333333334,52.4741813,16.7800297,11.647501627604166,1.5363574475049973,1.338021122233181,0.0,0.0,0.0
Kielce Białogon,0.09223539540667104,0.1209213051823416,1040.25,50.8552608,20.5745188,10.816446940104166,1.8113680134216945,1.4059291015068494,0.08333333333333333,0.0,0.0
Kielce Główne,0.08486747633320645,0.19544575462841265,1650.875,50.8743077,20.6179325,10.816446940104166,1.8113680134216945,1.4059291015068494,0.08333333333333333,0.0,0.0
Kielce Herbskie,0.03342255810544934,0.07157119472633296,443.0,50.8859058,20.6024161,10.816446940104166,1.8113680134216945,1.4059291015068491,0.08333333333333333,0.0,0.0
Kielce Piaski,0.04881914523301898,0.10019293403943211,670.2222222222222,50.8897894,20.6253268,10.816446940104166,1.8113680134216945,1.4059291015068491,0.08333333333333333,0.0,0.0
Kielce Słowik,0.09506023266978793,0.1209213051823416,1040.25,50.8335071,20.538675,11.019571940104166,1.7283893078565598,1.3437931190629488,0.08333333333333333,0.0,0.0
Kielce Ślichowice,0.05455632707446866,0.085201793721973,664.3333333333334,50.8888087,20.5838753,10.816446940104166,1.8113680134216945,1.4059291015068494,0.08333333333333333,0.0,0.0
Kietlanka,0.017571770744470177,0.0268817204301075,528.0,52.7455556,22.175,11.1619873046875,1.4663157711426418,1.3982488974297063,0.08333333333333333,0.0,0.0
Kiełpino Kartuskie,0.05151715777408672,0.0776255707762557,627.0,54.2870744,18.2299893,9.707234700520834,2.078187565008799,1.8045939798191197,0.08333333333333333,0.0,0.0
Kije,0.03428522536032008,0.0681818181818181,194.33333333333334,51.5608921,18.4016897,11.581746419270834,1.8717413047949474,1.52426951001817,0.0,0.0,0.0
Kity,0.046808706442098336,0.0859030837004405,446.4166666666667,51.4022222,18.5580555,11.5350341796875,1.940079887708028,1.5292806343265388,0.08333333333333333,0.0,0.0
Klecza Dolna,0.13511169379661944,0.2733990147783251,404.9166666666667,49.870369,19.5443158,10.6673583984375,2.4041964014371238,1.1022255246350638,0.08333333333333333,0.0,0.0
Klecza Górna,0.13619536815346206,0.2684729064039409,404.9166666666667,49.8640624,19.5558854,10.689982096354166,2.375458578268687,1.0859878266573177,0.08333333333333333,0.0,0.0
Klembów,0.025984401224471557,0.0322071360909377,3112.9166666666665,52.4063968,21.3315606,11.571329752604166,1.463433027267456,1.3227329337140143,0.08333333333333333,0.0,0.0
Klementowice,0.04388116153455593,0.0692041522491349,583.1666666666666,51.3567853,22.128659,11.4691162109375,1.660012553135554,1.2244453392620638,0.08333333333333333,0.0,0.0
Klepacze,0.06050332451712412,0.1174551386623164,642.9166666666666,52.5051964,22.6936533,10.9593505859375,1.591622124115626,1.466277327041417,0.08333333333333333,0.0,0.0
Kleszczele,0.08505837674727147,0.110759493670886,298.3333333333333,52.574173,23.3254851,10.635782877604166,1.7037092794974644,1.3977684467413118,0.08333333333333333,0.0,0.0
Klewki,0.09086910554709575,0.1236897274633123,453.5,53.7359686,20.5760204,10.493204752604166,1.712795267502467,1.503846545310626,0.08333333333333333,0.0,0.0
Klimontów,0.09221543093607913,0.17310880041932986,803.9444444444445,50.6563871,21.4506186,11.1341552734375,1.7850516041119893,1.266934894608666,0.08333333333333333,0.0,0.0
Kliniska,0.07619742840986612,0.0997150997150997,1420.75,53.4534869,14.78696,11.349812825520834,1.8664076278607051,1.5649734633765575,0.0,0.0,0.0
Kluczbork,0.0946241680345283,0.19879902529589227,889.0555555555555,50.9730701,18.2140089,11.614461263020834,2.0619384745756784,1.4063575535417951,0.08333333333333333,0.0,0.0
Klępnica,0.13203332728627779,0.1990291262135922,200.33333333333334,53.7288782,15.6413476,10.921915690104166,1.9988907277584076,1.5237548217535266,0.0,0.0,0.0
Knurów,0.09060250782172452,0.125,266.4166666666667,50.2071818,18.6637073,11.540730794270834,2.0125029385089874,1.3372886953069063,0.08333333333333333,0.0,0.0
Knyszyn,0.08009150340274031,0.1136363636363636,217.5,53.3122442,22.9200387,10.577840169270834,1.461088865995407,1.2973455725368428,0.08333333333333333,0.0,0.0
Kobierzyce,0.08080900428540648,0.1254355400696864,891.5833333333334,50.9720586,16.9298119,11.803263346354166,2.1793996592362723,1.31959472236359,0.0,0.0,0.0
Kobiór,0.1923916931283748,0.2526984126984127,1596.6666666666667,50.0607873,18.9339311,11.304890950520834,2.056080440680186,1.2884450064123867,0.08333333333333333,0.0,0.0
Kobylany,0.026003026083496708,0.0383064516129032,512.5833333333334,52.0457165,23.5642639,11.037801106770834,1.5789477626482646,1.4468850959377615,0.08333333333333333,0.0,0.0
Kobylec,0.018319855092987322,0.04354838709677415,201.77777777777777,52.852509,17.2018654,11.2474365234375,1.636087790131569,1.4044808508558737,0.0,0.0,0.0
Kobylin,0.04382617581385891,0.0703883495145631,448.3333333333333,51.7163621,17.2247584,11.873250325520834,1.8054606070121129,1.4646272515116732,0.0,0.0,0.0
Kobylnica,0.07860472207205876,0.1425285632140803,998.8333333333334,54.4397259,16.9968076,10.577189127604166,2.0933519899845123,1.8794637349178513,0.0,0.0,0.0
Kobylnica Słupska,0.08273202928556349,0.1510989010989011,358.3333333333333,54.442445,16.986019,10.577189127604166,2.0933519899845123,1.8794637349178513,0.0,0.0,0.0
Kobyłka,0.02044742590377691,0.0257510729613733,4343.25,52.3399712,21.1905442,11.551472981770834,1.491179292400678,1.3409505394556225,0.08333333333333333,0.0,0.0
Kobyłka Ossów,0.020440546408187116,0.0257510729613733,4343.25,52.3272995,21.1933059,11.551472981770834,1.491179292400678,1.3409505394556225,0.08333333333333333,0.0,0.0
Kochanowice,0.07340621598079627,0.17316433566433564,274.6666666666667,50.7091402,18.751991,11.177775065104166,2.1155478755633035,1.527843641003245,0.08333333333333333,0.0,0.0
Kochanówka Pustków,0.03453304192442085,0.0517241379310344,436.5,50.1112994,21.4923542,11.533732096354166,2.012750675280889,1.2401400117331385,0.08333333333333333,0.0,0.0
Kochcice-Glinica,0.07745737518386048,0.1111111111111111,348.0,50.7137867,18.6576456,11.279337565104166,2.125415583451589,1.5098944313177645,0.08333333333333333,0.0,0.0
Kojszówka,0.15018995719414316,0.3738971998465669,311.6666666666667,49.70003,19.73626,9.294962565104166,2.839193950096766,0.96292495741906,0.08333333333333333,0.0,0.0
Kokotów,0.0894691742011237,0.15587951691964516,820.7777777777778,50.0139139,20.0963232,11.141805013020834,2.031098028024038,1.0985638695503916,0.08333333333333333,0.0,0.0
Kolbuszowa,0.10901413996190995,0.20884315906562845,842.3888888888889,50.2433277,21.7754563,11.456746419270834,1.9808901349703472,1.270294421022944,0.08333333333333333,0.0,0.0
Kolbuszowa Górna,0.05703005068734274,0.0946291560102301,1142.0833333333333,50.2271888,21.7908035,11.456746419270834,1.9808901349703472,1.270294421022944,0.08333333333333333,0.0,0.0
Kolin,0.11286902165550534,0.1387665198237885,457.5,53.2334222,15.1160429,11.484578450520834,1.9437617262204487,1.5005592315937164,0.0,0.0,0.0
Kolno,0.06627632274920332,0.0888888888888888,361.6666666666667,53.4109383,21.9312439,10.7440185546875,1.52640999853611,1.361486578790509,0.08333333333333333,0.0,0.0
Kolonia,0.12097073558419495,0.1777777777777777,182.66666666666666,54.3991836,18.1119705,9.743367513020834,2.140426596005758,1.810179097492066,0.08333333333333333,0.0,0.0
Kolonowskie,0.04754168151233229,0.0714285714285714,435.6666666666667,50.6528574,18.3831071,11.5628662109375,2.0289876759052277,1.401242804468908,0.08333333333333333,0.0,0.0
Kolumna,0.06538005052447582,0.1224480369515012,684.4583333333334,51.6148915,19.1959352,11.3607177734375,1.8457713822523754,1.4749537161116502,0.08333333333333333,0.0,0.0
Koluszki,0.09166100810625995,0.17235335772453672,2646.875,51.7444956,19.817966,11.143107096354166,1.7610222399234772,1.5368834011630295,0.08333333333333333,0.0,0.0
Komańcza,0.05344511068316215,0.18000000000000044,7.916666666666667,49.336141,22.0697551,8.881551106770834,2.3941695292790732,0.8200867688078054,0.16666666666666666,0.0,0.0
Komańcza Letnisko,0.058916279413812306,0.18000000000000044,7.75,49.3462959,22.0805831,8.881551106770834,2.3941695292790732,0.8200867688078054,0.16666666666666666,0.0,0.0
Komorowo Żuławskie,0.07424229328108585,0.1265822784810126,327.4166666666667,54.1073507,19.5110146,10.908732096354166,1.8076082468032837,1.4692438882441599,0.08333333333333333,0.0,0.0
Komorów Podmurynia,0.13029359782013475,0.1802325581395348,348.0833333333333,50.3495467,21.7330367,11.509480794270834,1.8847245573997498,1.2185018085150627,0.08333333333333333,0.0,0.0
Komprachcice,0.11971429736098348,0.1780538302277432,474.3333333333333,50.6355164,17.8236774,11.8704833984375,1.9693966855605443,1.2391883749905934,0.0,0.0,0.0
Koniecpol,0.11595953295361465,0.21846642468239558,469.05555555555554,50.7725294,19.6769723,11.2513427734375,1.939377675453822,1.4854817982217627,0.08333333333333333,0.0,0.0
Koniecpol Centrum,0.04505017183089042,0.0714285714285714,426.75,50.7774388,19.6726152,11.2513427734375,1.939377675453822,1.4854817982217627,0.08333333333333333,0.0,0.0
Koniecpol Magdasz,0.04467210421654924,0.0691244239631336,426.75,50.7725111,19.6533269,11.2513427734375,1.939377675453822,1.4854817982217627,0.08333333333333333,0.0,0.0
Konin,0.15723652136809088,0.2705149758982349,1413.0,52.2559021,18.2678662,11.631876627604166,1.6777163843313854,1.500534112999497,0.0,0.0,0.0
Konin Zachód,0.09022862639635452,0.1070780399274047,1128.8333333333333,52.236896,18.2217382,11.6527099609375,1.6796420415242512,1.4680028963039928,0.0,0.0,0.0
Konin Żagański,0.17583529063850867,0.3717026378896882,460.6666666666667,51.5455387,15.2016814,11.8724365234375,1.9513327678044636,1.3911053326293326,0.0,0.0,0.0
Konojady,0.05019937253686783,0.075,596.0,53.35051,19.22848,10.8719482421875,1.72124578555425,1.57940927471312,0.08333333333333333,0.0,0.0
Konopki,0.05708540478298126,0.0737527114967462,903.75,53.6558699,22.4148443,10.450236002604166,1.519460767507553,1.3860711923801026,0.08333333333333333,0.0,0.0
Konotopie,0.07395305177904779,0.0966767371601208,319.0,52.8899214,19.1160369,11.1229248046875,1.784122496843338,1.4235883729422916,0.08333333333333333,0.0,0.0
Kopalina,0.11880642551568975,0.1785714285714285,83.83333333333333,50.4891647,17.8253645,11.908243815104166,2.028943881392479,1.2513275031213131,0.0,0.0,0.0
Kornatowo,0.07344543301375973,0.1058201058201058,784.0,53.2881433,18.6550815,10.965535481770834,1.7046781778335571,1.511252943257009,0.08333333333333333,0.0,0.0
Kornelin,0.10005291802335585,0.1410404624277456,876.0833333333334,53.0194337,17.832241,11.2572021484375,1.7094688713550568,1.3706132297615874,0.0,0.0,0.0
Kornica,0.03223104274564676,0.06087211918212265,296.44444444444446,51.2166667,20.4166667,10.944864908854166,1.8538366158803303,1.5306780570920613,0.08333333333333333,0.0,0.0
Korsze,0.04927431748168572,0.0833333333333333,241.27777777777777,54.1706702,21.1441845,10.6058349609375,1.7371151745319366,1.395674063836215,0.08333333333333333,0.0,0.0
Korwinów,0.07271786887580269,0.1085526315789473,1239.4166666666667,50.73759,19.17395,11.0252685546875,2.0119481881459556,1.560906488337803,0.08333333333333333,0.0,0.0
Korzenica,0.15804833511365138,0.2865497076023391,104.75,51.7204765,18.4786502,11.6107177734375,1.8356382648150127,1.5201672512051896,0.0,0.0,0.0
Korzeńsko,0.13025130427045584,0.20166800817645386,757.2777777777778,51.5443129,16.8707137,12.057332356770834,1.8753753155469894,1.4092442473765356,0.0,0.0,0.0
Korzybie,0.08571491843252392,0.1483516483516483,358.5833333333333,54.2989363,16.8751249,10.6483154296875,2.090203801790873,1.8079016259066059,0.0,0.0,0.0
Kosina,0.05731400279144202,0.0915443745632424,1378.0833333333333,50.8186111,21.9136111,11.3963623046875,1.7665921946366627,1.2047404518397749,0.08333333333333333,0.0,0.0
Kosiorki,0.07938110479190502,0.13168063804990382,632.6666666666666,53.45429,22.81328,10.493855794270834,1.480078563094139,1.3325907573558782,0.08333333333333333,0.0,0.0
Kostomłoty,0.04186843906769952,0.09028939056112965,198.27777777777777,51.0455523,16.6127673,11.570353190104166,2.2263429760932922,1.461379597082515,0.0,0.0,0.0
Kostrzyn,0.17330133767231082,0.24419296527830076,1384.1666666666667,52.3983662,17.2275394,11.547403971354166,1.5119058887163799,1.4110498405831389,0.0,0.0,0.0
Kostrzyn Wielkopolski,0.08273560079499966,0.1028101439342015,1391.0,52.3932539,17.2254653,11.547403971354166,1.5119058887163799,1.4110498405831386,0.0,0.0,0.0
Kostów,0.04143958316532445,0.100502512562814,186.41666666666666,51.1659,18.14783,11.651896158854166,2.0151516099770865,1.4401231925936984,0.0,0.0,0.0
Koszalin,0.16316966585510073,0.3204381210478771,1251.0,54.19092,16.17707,10.938680013020834,2.071252634127935,1.9105236897383522,0.0,0.0,0.0
Koszalin Politechnika,0.04289069529324487,0.1421052631578947,130.66666666666666,54.2041486,16.1740206,10.938680013020834,2.071252634127935,1.9105236897383522,0.0,0.0,0.0
Koszalin Wschodni,0.04289069529324487,0.1421052631578947,130.66666666666666,54.2122307,16.185011,10.938680013020834,2.071252634127935,1.9105236897383522,0.0,0.0,0.0
Koszewnica,0.13854700056067473,0.2268121590023382,1300.3333333333333,52.3268542,21.8816283,11.198933919270834,1.5366101264953613,1.3649105377304591,0.08333333333333333,0.0,0.0
Koszęcin,0.020368115091662,0.0335731414868105,780.0,50.635918,18.8413347,11.227579752604166,2.184969315926234,1.4735935105391633,0.08333333333333333,0.0,0.0
Kosów,0.034873854346667656,0.0716070443893024,341.3888888888889,52.0486305,20.8253713,11.394083658854166,1.6286710798740387,1.360273758387958,0.08333333333333333,0.0,0.0
Kotlin,0.08463387489207269,0.14112903225806445,665.3333333333334,51.6869444,18.9158333,11.564005533854166,1.8363057176272075,1.505639734260213,0.08333333333333333,0.0,0.0
Kotomierz,0.09476646358330632,0.13009259259259254,495.1666666666667,53.2852724,18.1217055,10.938028971354166,1.7825385828812916,1.462960278042398,0.0,0.0,0.0
Kotowo,0.04248738180828731,0.062374245472837,1019.9166666666666,54.19247,20.67648,10.390828450520834,1.799490546186765,1.4654204088041265,0.08333333333333333,0.0,0.0
Kotulin,0.10831964854412862,0.1421319796954314,565.5833333333334,50.4632301,18.4162428,11.531941731770834,2.0652151505152383,1.291628566299366,0.08333333333333333,0.0,0.0
Kotuń,0.09650794801328218,0.22643261341366225,1051.4444444444443,52.1779129,22.0700859,11.2132568359375,1.5562874277432759,1.3674320263825128,0.08333333333333333,0.0,0.0
Kotórz Mały,0.038101888194574364,0.0571428571428571,315.25,50.7307406,18.0445257,11.914265950520834,1.9894400089979172,1.2876053293539391,0.0,0.0,0.0
Kowalewo Pomorskie,0.084157842600104,0.1541661237785016,416.2083333333333,53.1543137,18.8975473,11.012898763020834,1.7750864923000336,1.514049771815533,0.08333333333333333,0.0,0.0
Kowalów,0.15195672626221238,0.2041884816753926,242.05555555555554,50.7617271,17.229108,11.8431396484375,1.9131978700558345,1.2056738201298984,0.0,0.0,0.0
Kozia Góra,0.06890983997932595,0.1182519280205655,379.25,53.851244,20.0785135,10.444864908854166,1.813357914487521,1.5254518725085193,0.08333333333333333,0.0,0.0
Koziebrody,0.04574869872190324,0.1168384879725085,300.75,52.8023835,19.9932405,11.102091471354166,1.5704171657562256,1.4880020453375578,0.08333333333333333,0.0,0.0
Koziołek,0.06689445065252916,0.0811688311688311,319.0,51.7007827,21.2655958,11.561726888020834,1.5526841779549916,1.2421345790433376,0.08333333333333333,0.0,0.0
Kozuby,0.001225490196078425,0.0,5.666666666666667,52.08523,19.2267,11.561075846354166,1.6504664917786915,1.5767540816298264,0.0,0.0,0.0
Kozy,0.0900772459712295,0.1894093686354379,296.75,49.8462862,19.145175,10.1317138671875,2.7483067711194358,1.1460675349715992,0.08333333333333333,0.0,0.0
Kozy Zagroda,0.10326940319806405,0.2077393075356415,296.6666666666667,49.8575842,19.164471,10.8172607421875,2.514686663945516,1.1902463338448546,0.08333333333333333,0.0,0.0
Kozłowo,0.06906130050026875,0.1209677419354838,254.58333333333334,53.3071759,20.2931276,10.488321940104166,1.6304173022508621,1.5086469741661608,0.08333333333333333,0.0,0.0
Kozłów,0.08416014083133896,0.14176696698785957,1001.0,51.0373995,16.7276461,11.628133138020834,2.2143652538458505,1.413807300073514,0.0,0.0,0.0
Kołbiel,0.09150920334697811,0.1135857461024498,1389.0833333333333,52.0648811,21.4804165,11.416707356770834,1.519253393014272,1.3156495424142476,0.08333333333333333,0.0,0.0
Koło,0.15629806823000147,0.26877104377104377,876.1666666666666,52.2019866,18.6359912,11.595743815104166,1.7166720728079479,1.485301906805464,0.0,0.0,0.0
Kołobrzeg,0.09382358403241531,0.215703567524595,754.7083333333334,54.1759614,15.5764209,11.1375732421875,1.974046766757965,1.8999070911141045,0.0,0.0,0.0
Kołobrzeg Amfiteatr,0.06313500539854577,0.1375,220.83333333333334,54.1811243,15.5955737,11.1375732421875,1.974046766757965,1.8999070911141045,0.0,0.0,0.0
Kołobrzeg Ogrody,0.06396419306303412,0.1634146341463414,200.25,54.1766984,15.5964043,11.1375732421875,1.974046766757965,1.8999070911141045,0.0,0.0,0.0
Kołobrzeg Radzikowo,0.10293897117942856,0.1772908366533864,433.5833333333333,54.1622978,15.5435198,,,,0.0,0.0,0.0
Kołobrzeg Stadion,0.11081924780484688,0.1693227091633466,524.9166666666666,54.1749917,15.5591195,11.1375732421875,1.974046766757965,1.8999070911141045,0.0,0.0,0.0
Kołodziejewo,0.10714993010222255,0.1510015408320493,632.0,52.7135245,18.0360342,11.2894287109375,1.7037136256694794,1.4809420501132002,0.0,0.0,0.0
Kończyce,0.05540254414051465,0.0968992248062015,295.0,50.872455,17.114301,11.838094075520834,2.0461904257535934,1.2283293440972793,0.0,0.0,0.0
Kończyce Radomskie,0.03588751965680117,0.0757599255583126,341.3888888888889,51.3491014,21.0453385,11.162312825520834,1.7704571535189946,1.41446116672751,0.08333333333333333,0.0,0.0
Końskie,0.03286616300214178,0.052269076305220846,368.0,51.1910223,20.4071836,10.944864908854166,1.8538366158803303,1.5306780570920613,0.08333333333333333,0.0,0.0
Końskowola,0.043185000037011916,0.0698080279232111,577.25,51.4091024,22.0517983,11.4691162109375,1.660012553135554,1.2244453392620638,0.08333333333333333,0.0,0.0
Kościan,0.11206257485341428,0.25603128054740953,961.9,52.086325,16.6449995,11.956746419270834,1.6297128995259602,1.3614668748986596,0.0,0.0,0.0
Kościernica,0.10995166241308668,0.1959183673469387,428.8333333333333,54.1622575,16.4482588,10.758829752604166,2.0641339073578515,1.8033598951346737,0.0,0.0,0.0
Kościerzyna,0.05418286114266764,0.0581257413997627,536.1666666666666,54.1210215,17.9781656,9.923543294270834,1.9091512660185497,1.7299365983097588,0.08333333333333333,0.0,0.0
Koźla Kożuchowska,0.16033209624081277,0.3863134657836644,362.6666666666667,51.8724515,15.3188167,12.000691731770834,1.6031053364276886,1.3080134693325987,0.0,0.0,0.0
Koźlice,0.15841154778283892,0.2137809187279152,552.0,51.1063837,14.9861846,11.0863037109375,2.105259269475937,1.4757299016229697,0.0,0.0,0.0
Koźmin Wielkopolski,0.03841374233931368,0.0627450980392156,236.5,51.8256567,17.4528473,11.625691731770834,1.8100905468066533,1.5240378594301254,0.0,0.0,0.0
Krajenka,0.08009438874582567,0.13789924759579447,205.95833333333334,53.2970851,16.9909514,10.8109130859375,1.8074049204587936,1.4329617777149322,0.0,0.0,0.0
Kraków Batowice,0.09811079948391146,0.1643413164174867,943.3888888888889,50.1075321,19.9954682,11.235066731770834,1.9545364677906036,1.1954989145439636,0.08333333333333333,0.0,0.0
Kraków Bieżanów,0.06105010615713941,0.13281383163995047,2335.6111111111113,50.0214997,20.0298488,11.083699544270834,2.0507321655750275,1.107655722233138,0.08333333333333333,0.0,0.0
Kraków Bieżanów Drożdżownia,0.008821330853629983,0.0148413510747185,1953.75,50.0106932,20.0352677,11.083699544270834,2.0507321655750275,1.107655722233138,0.08333333333333333,0.0,0.0
Kraków Bonarka,0.07599992695537418,0.1176074685193226,1389.6666666666667,50.0298423,19.9464698,11.0394287109375,2.0961527625719705,1.115971599818768,0.08333333333333333,0.0,0.0
Kraków Bronowice,0.06353288520621601,0.13394191949474357,2383.1666666666665,50.0830061,19.8926145,11.1649169921875,1.9912821650505066,1.189730193057045,0.08333333333333333,0.0,0.0
Kraków Grzegórzki,0.050161662568898445,0.10381817745342806,3047.7916666666665,50.0570754,19.9480274,11.1649169921875,1.9912821650505066,1.189730193057045,0.08333333333333333,0.0,0.0
Kraków Główny,0.14797726058915756,0.4459894613583138,3368.8333333333335,50.0684238,19.9478862,11.1649169921875,1.9912821650505066,1.189730193057045,0.08333333333333333,0.0,0.0
Kraków Kościelniki,0.0032342917721884692,0.0,26.5,50.0875844,20.168666,11.330769856770834,1.9356443186601002,1.1724847807171734,0.08333333333333333,0.0,0.0
Kraków Lotnisko,0.008701679225682716,0.015732546705998,2152.8333333333335,50.0709399,19.8012796,11.087443033854166,2.0312917629877725,1.1814899189292454,0.08333333333333333,0.0,0.0
Kraków Lubocza,0.03736849022273073,0.08123501199040764,109.27777777777777,50.0904669,20.0740178,11.263712565104166,1.9472113351027172,1.1845222723847948,0.08333333333333333,0.0,0.0
Kraków Mydlniki,0.05728000230740535,0.11792867435452926,1029.9166666666667,50.0835874,19.8597855,11.1649169921875,1.9912821650505066,1.189730193057045,0.08333333333333333,0.0,0.0
Kraków Mydlniki Wapiennik,0.0632827147949925,0.13363184079601986,1029.5833333333333,50.091177,19.8444739,11.087443033854166,2.0312917629877725,1.1814899189292454,0.08333333333333333,0.0,0.0
Kraków Młynówka,0.00891078128124275,0.0153693604362915,2152.8333333333335,50.0817947,19.8584723,11.1649169921875,1.9912821650505066,1.189730193057045,0.08333333333333333,0.0,0.0
Kraków Nowa Huta,0.03490742116880039,0.07365925441465004,109.27777777777777,50.0903614,20.1282485,11.263712565104166,1.9472113351027172,1.1845222723847948,0.08333333333333333,0.0,0.0
Kraków Olszanica,0.009340474401017809,0.0153693604362915,2152.8333333333335,50.0764912,19.8255173,11.087443033854166,2.0312917629877725,1.1814899189292454,0.08333333333333333,0.0,0.0
Kraków Opatkowice,0.07850001701464139,0.12016336955736001,1389.8333333333333,49.9884439,19.8985386,11.0394287109375,2.0961527625719705,1.115971599818768,0.08333333333333333,0.0,0.0
Kraków Piastów,0.0038763571822377583,0.0,65.44444444444444,50.1070161,20.0137136,11.235066731770834,1.9545364677906036,1.1954989145439636,0.08333333333333333,0.0,0.0
Kraków Podgórze,0.07875400732058237,0.11845972815907016,1398.5,50.0411604,19.9592209,11.083699544270834,2.0507321655750275,1.107655722233138,0.08333333333333333,0.0,0.0
Kraków Prokocim,0.06242317559985414,0.13309178245990183,2122.722222222222,50.0266172,19.9983218,11.083699544270834,2.0507321655750275,1.107655722233138,0.08333333333333333,0.0,0.0
Kraków Przylasek,0.0032342917721884692,0.0,26.5,50.0519984,20.1635909,11.330769856770834,1.9356443186601002,1.1724847807171734,0.08333333333333333,0.0,0.0
Kraków Płaszów,0.08507736613669781,0.21635482094787495,1688.6666666666667,50.0350214,19.9747852,11.083699544270834,2.0507321655750275,1.107655722233138,0.08333333333333333,0.0,0.0
Kraków Sanktuarium,0.058060306826786645,0.11465640148274873,1042.3333333333333,50.0139215,19.9343201,11.0394287109375,2.0961527625719705,1.1159715998187683,0.08333333333333333,0.0,0.0
Kraków Sidzina,0.07863774813799664,0.12282294402544511,1389.8333333333333,49.985557,19.8749008,11.0394287109375,2.0961527625719705,1.115971599818768,0.08333333333333333,0.0,0.0
Kraków Swoszowice,0.07796587686506122,0.11906520324811445,1389.8333333333333,50.0003673,19.9281054,11.0394287109375,2.0961527625719705,1.115971599818768,0.08333333333333333,0.0,0.0
Kraków Zabłocie,0.05056561419898153,0.10464294859484025,3047.875,50.0484407,19.9569831,11.083699544270834,2.0507321655750275,1.107655722233138,0.08333333333333333,0.0,0.0
Kraków Zakliki,0.009220982845470625,0.0153693604362915,2152.8333333333335,50.0797926,19.8494043,11.087443033854166,2.0312917629877725,1.1814899189292454,0.08333333333333333,0.0,0.0
Kraków Złocień,0.08575970366329813,0.14386693988547783,1033.0,50.018159,20.0507407,11.141805013020834,2.031098028024038,1.0985638695503916,0.08333333333333333,0.0,0.0
Kraków Łagiewniki,0.0772995240864292,0.11829763219826135,1398.5,50.0230861,19.9337391,11.0394287109375,2.0961527625719705,1.115971599818768,0.08333333333333333,0.0,0.0
Kraków Łobzów,0.06093205357296139,0.1254182156133829,2383.2916666666665,50.0819461,19.9177264,11.1649169921875,1.9912821650505066,1.189730193057045,0.08333333333333333,0.0,0.0
Kralovec,0.01923436823435132,0.04190907317520965,280.27777777777777,,,,,,,,
Kramsk,0.07876781509751443,0.1062992125984252,762.1666666666666,52.2666155,18.4259533,11.603556315104166,1.6998222470283508,1.5008780528803778,0.0,0.0,0.0
Krasiejów,0.08237460516824874,0.1113636363636363,462.0833333333333,50.6685687,18.2480187,11.761433919270834,1.9982825915018718,1.3474812905984672,0.08333333333333333,0.0,0.0
Krasnystaw Fabryczny,0.10589240879838467,0.2366666666666666,294.5833333333333,51.0244189,23.1827257,11.038614908854166,1.730240484078725,1.3551436336309663,0.08333333333333333,0.0,0.0
Krasnystaw Miasto,0.17920297872800792,0.3717105263157895,235.5,50.9850354,23.1829473,11.038614908854166,1.730240484078725,1.3551436336309663,0.08333333333333333,0.0,0.0
Kraśnik,0.12215417961582557,0.22074829931972784,512.0,50.9249236,22.229206,11.112996419270834,1.7960837483406067,1.2089205410504278,0.08333333333333333,0.0,0.0
Krobia,0.043447471937168185,0.0693512304250559,448.3333333333333,51.7741006,16.9845547,11.844767252604166,1.727661336461703,1.470430074171306,0.0,0.0,0.0
Krojanty,0.14140015196276687,0.1884297520661157,625.75,53.7266343,17.6319737,10.352579752604166,1.9431491990884144,1.511414559555499,0.08333333333333333,0.0,0.0
Krosno,0.10469664063016738,0.20764486936213694,105.625,49.6938045,21.7651458,10.7474365234375,2.0948625802993774,1.2049079065824426,0.08333333333333333,0.0,0.0
Krosno Miasto,0.10827804897589051,0.21035980148883382,105.70833333333333,49.6825513,21.7730572,10.7474365234375,2.0948625802993774,1.2049079065824426,0.08333333333333333,0.0,0.0
Krosno Odrzańskie,0.07181440820604312,0.1567559553227241,215.44444444444446,52.0536361,15.0980258,12.137247721354166,1.6108806282281876,1.2484730620806002,0.0,0.0,0.0
Krosno Polanka,0.03416236727703287,0.0602409638554216,84.33333333333333,49.7019251,21.7222345,10.861531575520834,2.1090000569820404,1.1638386756283448,0.08333333333333333,0.0,0.0
Krosno Turaszówka,0.03510233708159147,0.0707070707070707,84.33333333333333,49.7092409,21.6982767,10.861531575520834,2.1090000569820404,1.1638386756283448,0.08333333333333333,0.0,0.0
Krosnowa,0.04860078617584048,0.0674904942965779,1000.5,51.8637769,19.9253877,11.254597981770834,1.6799196004867554,1.5321433862736826,0.08333333333333333,0.0,0.0
Krosnowice Kłodzkie,0.11427391706982964,0.2214983713355048,427.4166666666667,50.3923505,16.6368908,9.9530029296875,2.4380251665910087,1.2191331369260912,0.08333333333333333,0.0,0.0
Krostkowo,0.07778580835096859,0.13425379059274606,373.1666666666667,53.11203,17.19867,11.1580810546875,1.6956694672505062,1.4186142957206982,0.0,0.0,0.0
Krotoszyn,0.09627891407831092,0.18332853440829264,423.25,51.695926,17.4374158,11.761922200520834,1.8537071645259857,1.48385679286712,0.0,0.0,0.0
Krośnice,0.0746147415076855,0.1256038647342995,439.5833333333333,51.4760675,17.3595057,11.796427408854166,1.9565251717964809,1.4113879571041472,0.0,0.0,0.0
Krośnice Mazowieckie,0.0642781468874374,0.0878524945770065,903.6666666666666,52.9680281,20.4907472,10.8768310546875,1.490731030702591,1.525814906358826,0.08333333333333333,0.0,0.0
Krusze,0.05404926161878329,0.18706896551724134,56.27777777777778,53.0159576,14.7469614,11.3797607421875,1.878571629524231,1.36501453992972,0.0,0.0,0.0
Kruszwica,0.0,0.0,0.1111111111111111,52.6743797,18.3254766,11.3504638671875,1.764323482910792,1.4013078648515285,0.0,0.0,0.0
Kruszyna,0.09970070296180715,0.1343648208469055,1209.5,50.9687113,19.2763853,11.406290690104166,1.969257930914561,1.6003367913145796,0.08333333333333333,0.0,0.0
Krynica-Zdrój,0.03466907240373696,0.08106078431372543,154.3,49.4206138,20.9594176,9.263875325520834,2.0382149070501328,0.6996811289080678,0.16666666666666666,0.0,0.0
Krynka Łukowska,0.07561607413388155,0.13012623390482606,632.6111111111111,52.006707,22.3757786,11.1839599609375,1.5374393264452617,1.3369667627667785,0.08333333333333333,0.0,0.0
Krzak,0.10963906028272681,0.2433333333333333,294.6666666666667,50.798592,23.1002436,11.1058349609375,1.789866864681244,1.329237940840145,0.08333333333333333,0.0,0.0
Krzcięcice,0.11042836752960696,0.1519302615193026,813.25,50.5857996,20.1764005,11.135457356770834,1.8858629663785298,1.3238179631107123,0.08333333333333333,0.0,0.0
Krzemienica,0.05447041938328807,0.0852550663871418,1378.3333333333333,54.4899632,16.8223701,10.764363606770834,2.1656229297320047,2.24220696482341,0.0,0.0,0.0
Krzemionki,0.09040442233975517,0.2057026476578411,296.3333333333333,50.9734055,21.4981309,11.209513346354166,1.7629128247499466,1.3065161997565868,0.08333333333333333,0.0,0.0
Krzepice,0.07461729445942682,0.2258064516129032,160.625,50.9706951,18.7255158,11.392618815104166,2.100921501715978,1.5472821372187247,0.08333333333333333,0.0,0.0
Krzepów,0.17566079095039003,0.2669956140350877,618.1666666666666,51.647631,16.1421907,11.7821044921875,1.8044883161783218,1.4086477674691262,0.0,0.0,0.0
Krzeszna,0.044272450345041285,0.0669710806697108,627.0833333333334,54.2333333,18.0833333,9.823933919270834,1.993682752052943,1.757190716159717,0.08333333333333333,0.0,0.0
Krzeszowice,0.12525471822785875,0.21449990820260706,1496.9,50.1350246,19.6320164,11.010782877604166,2.061533361673355,1.1553835720131955,0.08333333333333333,0.0,0.0
Krzewie,0.10175359214876156,0.1209677419354838,243.66666666666666,52.2374876,19.1788128,11.4710693359375,1.639807512362798,1.5673943552161846,0.0,0.0,0.0
Krzewina Zgorzelecka,0.05318088209297885,0.0940343781597573,843.4166666666666,51.0154355,14.939793,11.001993815104166,2.210626577337583,1.4752833315975291,0.0,0.0,0.0
Krzycko Wielkie,0.022608131542287867,0.0439367311072056,563.75,51.9106204,16.4518467,11.8690185546875,1.6697905212640762,1.462020198728865,0.0,0.0,0.0
Krzymosze,0.1056233291981532,0.18663840639647084,281.94444444444446,52.162032,22.4646797,11.103068033854166,1.5621488690376282,1.4148971115563382,0.08333333333333333,0.0,0.0
Krzywda,0.06588468191628778,0.1176470588235294,325.8333333333333,51.7939076,22.2023913,11.326212565104166,1.5521393219629924,1.2887770575653323,0.08333333333333333,0.0,0.0
Krzywin Gryfiński,0.0680711150499527,0.097609561752988,525.4166666666666,53.0881553,14.4538519,11.4725341796875,1.8240293314059575,1.4134321200944917,0.0,0.0,0.0
Krzywizna,0.043205604510072076,0.106060606060606,186.33333333333334,51.0278989,18.1915788,11.614461263020834,2.0619384745756784,1.4063575535417951,0.08333333333333333,0.0,0.0
Krzyż,0.10053257085551924,0.17497066754719057,1401.9583333333333,52.8796439,16.0141705,11.6239013671875,1.6714255958795547,1.2463060759470246,0.0,0.0,0.0
Krzyżanowice,0.036777067343731394,0.0634218289085545,624.5,51.1964571,21.2281179,11.1575927734375,1.8033853272596996,1.3637209448821823,0.08333333333333333,0.0,0.0
Krzyżowa,0.2016263780693199,0.2752442996742671,625.4166666666666,50.7982084,16.5332442,10.702677408854166,2.288455973068873,1.4021318249938395,0.08333333333333333,0.0,0.0
Królewo Malborskie,0.1093810827258529,0.1927860696517413,792.5833333333334,54.0322522,19.1208435,10.838907877604166,1.72196630636851,1.5463887140764527,0.08333333333333333,0.0,0.0
Krępa Krajeńska,0.1852838476403806,0.360759493670886,306.8333333333333,53.22229,16.05488,11.120320638020834,1.8658050298690796,1.3018488422948538,0.0,0.0,0.0
Krężel,0.09481451768821188,0.1197387518142235,1356.75,51.8644741,21.0955101,11.6229248046875,1.5810277064641316,1.258290112608312,0.08333333333333333,0.0,0.0
Krężnica Jara,0.0753746113729946,0.1088929219600726,531.5833333333334,51.1513076,22.467704,11.191121419270834,1.7284700373808544,1.3282928144429678,0.08333333333333333,0.0,0.0
Książki,0.0938659674315701,0.1126213592233009,525.0,53.3281833,19.0703024,10.9339599609375,1.7533022165298462,1.5630581343333685,0.08333333333333333,0.0,0.0
Książno,0.03648759099442319,0.0876068376068376,494.5833333333333,52.249221,17.4842221,11.730509440104166,1.6341618249813716,1.4929511186790057,0.0,0.0,0.0
Księginice,0.14473117232316687,0.2361163562729738,799.1666666666666,51.3319777,17.0808425,11.7332763671875,1.984739288687706,1.322949065241754,0.0,0.0,0.0
Kubice,0.08904194986533735,0.1388888888888889,472.5,50.47325,17.43088,11.506388346354166,2.2844125032424927,1.3617536647736557,0.08333333333333333,0.0,0.0
Kudowa-Zdrój,0.09747429017675915,0.25921237693389587,173.38888888888889,50.4457857,16.2541473,9.232950846354166,2.1095209618409476,1.096018329194749,0.08333333333333333,0.0,0.0
Kuklinów,0.04739283724339083,0.0776699029126213,448.3333333333333,51.732407,17.3152299,11.821980794270834,1.829422598083814,1.4747878287371898,0.0,0.0,0.0
Kuleje,0.02722235240173965,0.0404411764705882,260.25,50.8378703,18.7887106,11.223347981770834,2.10027668873469,1.5511330192340573,0.08333333333333333,0.0,0.0
Kulesze Kościelne,0.0796428014445842,0.1935483870967742,83.75,53.0158982,22.5061156,10.7366943359375,1.5022362818320592,1.414774880865278,0.08333333333333333,0.0,0.0
Kulice Tczewskie,0.15202958133423203,0.2092307692307692,631.3333333333334,53.8795091,18.6904982,10.808634440104166,1.6926246881484985,1.5688471388833587,0.08333333333333333,0.0,0.0
Kulin Kłodzki,0.12100512093311237,0.2591093117408907,158.0,50.4196028,16.3301874,9.232950846354166,2.1095209618409476,1.096018329194749,0.08333333333333333,0.0,0.0
Kundzin,0.044184526858651686,0.0815602836879432,295.0,53.4395303,23.5884675,10.150594075520834,1.6172859718402226,1.42174732103794,0.08333333333333333,0.0,0.0
Kunowice,0.10603401605551405,0.1611111111111111,91.16666666666667,52.3508485,14.635166,11.9412841796875,1.5814803143342335,1.405614939255915,0.0,0.0,0.0
Kunów,0.07581394936021281,0.1085790884718498,738.1666666666666,50.9541063,21.278823,11.0604248046875,1.8427951633930206,1.3675420728974406,0.08333333333333333,0.0,0.0
Kupienino,0.3710279587210176,0.459375,333.6666666666667,52.2594266,15.6098169,11.800008138020834,1.5771615008513133,1.3080705267708346,0.0,0.0,0.0
Kuriany,0.018153021442495126,0.0789473684210526,12.5,53.0825944,23.2573399,10.518107096354166,1.593481366833051,1.3044582059074903,0.08333333333333333,0.0,0.0
Kurpie,0.06767371293580969,0.2096774193548387,63.166666666666664,53.1759078,22.1711993,10.741414388020834,1.4798702349265416,1.419024515718169,0.08333333333333333,0.0,0.0
Kurów Suski,0.045949074074074066,0.1111111111111111,13.166666666666666,49.7079172,19.4337308,9.219278971354166,2.922577440738678,0.9661468451387836,0.08333333333333333,0.0,0.0
Kusięta Nowe,0.043267860146739195,0.0622119815668202,426.6666666666667,50.7778813,19.2615646,11.130086263020834,1.9672403732935588,1.5677771083500618,0.08333333333333333,0.0,0.0
Kustrin-Kietz,0.040153553848825796,0.0833333333333333,436.5,52.7769696,15.154771,11.602579752604166,1.7565882007280986,1.335228309019033,0.0,0.0,0.0
Kutno,0.1138932509841929,0.2144987022716935,1285.404761904762,52.2222131,19.3874589,11.529988606770834,1.5872033039728801,1.5729817559390682,0.0,0.0,0.0
Kutno Azory,0.09885992830367228,0.1335877862595419,504.4166666666667,52.2397188,19.3047011,11.5047607421875,1.610408455133438,1.5663192441882854,0.0,0.0,0.0
Kuźnia Raciborska,0.13549675229296868,0.2072268067016754,534.3888888888889,50.2007002,18.3105735,11.744832356770834,2.002136379480362,1.2741906108843795,0.08333333333333333,0.0,0.0
Kuźnica (Hel),0.1755590110095674,0.4172222927779189,586.2222222222222,54.7362391,18.5766364,,,,0.0,0.0,0.0
Kuźnica Białostocka,0.038824947365237644,0.0744680851063829,295.0,53.5100543,23.6490923,10.105021158854166,1.6038407683372498,1.4274612390460522,0.08333333333333333,0.0,0.0
Kwiatki,0.07105259723258796,0.1228070175438596,272.1666666666667,53.57586,18.39429,10.753621419270834,1.743617703517278,1.5381709085335447,0.08333333333333333,0.0,0.0
Kwidzyn,0.06523615959041262,0.13821678761693026,369.75,53.7204653,18.9374641,10.9178466796875,1.6869191030661266,1.549074659309085,0.08333333333333333,0.0,0.0
Kwieciszowice,0.1377883507736036,0.2539964476021314,588.75,50.9178463,15.4927537,9.1160888671875,2.84085883696874,1.3173347005031526,0.16666666666666666,0.0,0.0
Kórnik,0.06959457892715808,0.1094407433380084,906.6111111111111,52.2492751,17.0901242,11.792521158854166,1.6043182263771694,1.405682035296426,0.0,0.0,0.0
Kąkolewo,0.036951234849050114,0.0609756097560975,448.25,51.8598633,16.6917319,11.884318033854166,1.6873984138170879,1.472694565590225,0.0,0.0,0.0
Kątne,0.06897430116673853,0.0988562091503268,1237.25,52.6032106,20.755382,11.3978271484375,1.3573159674803417,1.3867457334270175,0.08333333333333333,0.0,0.0
Kąty Wrocławskie,0.14049350368122912,0.21820237422272465,1087.388888888889,51.0302656,16.7702325,11.7049560546875,2.1984094977378845,1.3662505075902887,0.0,0.0,0.0
Kędzierzyn-Koźle,0.13728519276741877,0.28296737251721177,1254.125,50.345463,18.2447945,11.866414388020834,2.008021742105484,1.2510710044666409,0.08333333333333333,0.0,0.0
Kędzierzyn-Koźle Azoty,0.11609293873646138,0.1518324607329843,553.75,50.3106905,18.2396074,11.866414388020834,2.008021742105484,1.2510710044666409,0.08333333333333333,0.0,0.0
Kędzierzyn-Koźle Przystanek,0.1117010138884499,0.2218899843758418,151.77777777777777,50.350645,18.154749,11.7713623046875,2.0196918100118637,1.2367864396563508,0.08333333333333333,0.0,0.0
Kędzierzyn-Koźle Zachodnie,0.16953551315411844,0.2318840579710145,227.58333333333334,50.3466453,18.1314695,11.7703857421875,2.06211856007576,1.267944336277255,0.08333333333333333,0.0,0.0
Kępa,0.0965617099610524,0.1419354838709677,303.3333333333333,52.3116001,18.320975,11.631876627604166,1.6777163843313854,1.500534112999497,0.0,0.0,0.0
Kępice,0.05694124798359157,0.13188000760046864,239.22222222222223,54.2427792,16.8896705,10.4862060546875,2.1579609413941703,1.7419489852042986,0.0,0.0,0.0
Kępka,0.09142398017474175,0.1483516483516483,358.5833333333333,54.35018,16.38422,10.9930419921875,1.9752441545327504,2.161895148554285,0.0,0.0,0.0
Kępno,0.0486172954573069,0.1522050849893518,220.10416666666666,51.2790265,17.9866632,11.550496419270834,2.045283943414688,1.43947811843348,0.08333333333333333,0.0,0.0
Kęszyce,0.0969110547083022,0.130635838150289,876.0833333333334,51.6378418,19.0002841,11.446004231770834,1.8674041330814362,1.4860613038995496,0.08333333333333333,0.0,0.0
Kęty,0.14123744469982896,0.32070783896156574,333.27777777777777,49.882908,19.2239362,10.8172607421875,2.514686663945516,1.1902463338448548,0.08333333333333333,0.0,0.0
Kęty Podlesie,0.10258051102516942,0.2047413793103448,296.6666666666667,49.8781966,19.1968156,10.8172607421875,2.514686663945516,1.1902463338448546,0.08333333333333333,0.0,0.0
Kłaj,0.09486242833625612,0.1545971618438439,1053.0555555555557,49.9925308,20.3154849,11.385457356770834,2.028588126103083,1.0802423484389057,0.08333333333333333,0.0,0.0
Kłodawa,0.09116395794927201,0.1255506607929515,459.6666666666667,52.2574519,18.911206,11.422078450520834,1.7095275620619457,1.5550734055369808,0.0,0.0,0.0
Kłodzko Główne,0.15035631695613585,0.3668579062654703,641.8666666666667,50.4513332,16.6567711,10.4608154296875,2.3753667076428733,1.3206760004734002,0.08333333333333333,0.0,0.0
Kłodzko Książek,0.09365299738497991,0.196078431372549,197.16666666666666,50.4157003,16.6409188,9.9530029296875,2.4380251665910087,1.2191331369260912,0.08333333333333333,0.0,0.0
Kłodzko Miasto,0.16603733249676397,0.34810312583489184,748.7083333333334,50.4345956,16.658236,10.139689127604166,2.522276004155477,1.2523844494612717,0.08333333333333333,0.0,0.0
Kłodzko Zagórze,0.09255262529447401,0.196078431372549,197.16666666666666,50.4150344,16.6129431,9.9530029296875,2.4380251665910087,1.2191331369260912,0.08333333333333333,0.0,0.0
Kłokowa,0.0780482037493116,0.1288740266748901,325.3333333333333,49.9531127,20.9571423,11.392781575520834,1.9195259114106495,1.1557085448133606,0.08333333333333333,0.0,0.0
Kłomnice,0.07568878210051914,0.0992462311557789,793.1666666666666,50.9208773,19.3541823,11.311238606770834,1.9384289681911469,1.5726723243168281,0.08333333333333333,0.0,0.0
Lachowice,0.05662361923326834,0.13450292397660815,8.833333333333334,49.7121125,19.4699761,9.089070638020834,2.8824113508065543,0.9659208127467558,0.08333333333333333,0.0,0.0
Lachowice Centrum,0.1038515111431778,0.35227272727272724,13.444444444444445,49.7123046,19.473159,9.089070638020834,2.8824113508065543,0.9659208127467558,0.08333333333333333,0.0,0.0
Laliki,0.12819534440385488,0.2433862433862433,483.4166666666667,49.5318,19.01387,8.786173502604166,2.9932762881120047,0.8253087996922503,0.16666666666666666,0.0,0.0
Lasek,0.1362132432352693,0.2639593908629442,574.8333333333334,51.7141783,18.7662738,11.644246419270834,1.8426418205102284,1.508724211543471,0.0,0.0,0.0
Laski,0.05147242761775042,0.0762195121951219,325.3333333333333,53.9463479,15.9204021,10.8006591796875,2.028458038965861,1.5442258404444758,0.0,0.0,0.0
Laski Lubuskie,0.18435528750248242,0.2094240837696335,357.0,52.461461,14.6917972,11.960001627604166,1.5956289966901143,1.3876605820134162,0.0,0.0,0.0
Laski Odrzańskie,0.11079577201238962,0.1688741721854304,323.0,52.0360548,15.3057844,12.016153971354166,1.5939305673042934,1.2833622745246098,0.0,0.0,0.0
Laski Tucholskie,0.06661370804337066,0.119298245614035,272.0833333333333,53.6662726,18.2080456,10.594441731770834,1.800171951452891,1.5387184609548992,0.08333333333333333,0.0,0.0
Laskowice Oleskie,0.03572146801577371,0.0538922155688622,315.0,50.8560996,18.0949708,11.672078450520834,2.00677498181661,1.360169644969104,0.08333333333333333,0.0,0.0
Laskowice Pomorskie,0.10639614399340752,0.2352018627668138,958.5333333333333,53.4910465,18.4559143,10.9622802734375,1.7132224241892497,1.5241677011690737,0.08333333333333333,0.0,0.0
Laskownica,0.02584121707188515,0.0419354838709677,302.5,53.05156,17.35883,11.1551513671875,1.707332730293274,1.43703722446962,0.0,0.0,0.0
Lasocice,0.10956080341937548,0.1707988980716253,364.25,51.8241085,16.4841693,11.910196940104166,1.7132491171360016,1.4806674923197616,0.0,0.0,0.0
Lasów,0.1168570472394627,0.28439278937381396,282.72222222222223,51.2283829,15.029426,11.2088623046875,1.998150646686554,1.421137877601344,0.0,0.0,0.0
Lednogóra,0.09553846700784449,0.16076730287256596,916.8888888888889,52.51257,17.36612,11.427937825520834,1.5731052607297897,1.4719454696211287,0.0,0.0,0.0
Legionowo,0.09958091281546218,0.23172763374923133,3198.2916666666665,52.3952285,20.9308309,11.713094075520834,1.4326959649721782,1.3182389937764567,0.08333333333333333,0.0,0.0
Legionowo Piaski,0.04502077024551884,0.0806451612903225,1085.0416666666667,52.4126078,20.9427123,11.713094075520834,1.4326959649721782,1.3182389937764567,0.08333333333333333,0.0,0.0
Legionowo Przystanek,0.04117210674197449,0.0734563603157789,1850.5,52.4112803,20.9142349,11.713094075520834,1.4326959649721782,1.3182389937764567,0.08333333333333333,0.0,0.0
Legnica,0.16374407047512915,0.2801089842112616,2766.4444444444443,51.2081617,16.1603187,11.739949544270834,1.8727958748737972,1.4354711360964385,0.0,0.0,0.0
Legnica Piekary,0.14956850061141122,0.2169312169312169,662.5,51.2016802,16.1979745,11.739949544270834,1.8727958748737972,1.4354711360964387,0.0,0.0,0.0
Legnica Strefa,0.15566015306987133,0.2287066246056782,607.3333333333334,51.1652386,16.1853138,11.739949544270834,1.8727958748737972,1.4354711360964387,0.0,0.0,0.0
Leokadia,0.0963737219198551,0.1246105919003115,945.75,51.7656386,21.6307947,11.4583740234375,1.5669243931770325,1.247569421896712,0.08333333333333333,0.0,0.0
Leopoldów,0.06640827113446844,0.1145510835913312,326.0833333333333,51.7225166,20.2390373,11.256551106770834,1.6642910490433376,1.534988917046855,0.08333333333333333,0.0,0.0
Lesiów,0.10167600400599136,0.1495934959349593,1209.0,51.4724315,21.2111473,11.3436279296875,1.605104883511861,1.294034336029365,0.08333333333333333,0.0,0.0
Lesięcin,0.10738767690101336,0.1401425178147268,433.25,53.5831152,15.576639,10.9012451171875,1.9752577940622966,1.5497570768984705,0.0,0.0,0.0
Lesko Łukawica,0.029254228994247608,0.0396825396825396,90.0,49.5054452,22.3354033,10.259806315104166,2.3247980574766793,1.1340389594193656,0.08333333333333333,0.0,0.0
Leszczydół,0.047750322870660306,0.0730337078651685,715.9166666666666,52.6518741,21.4891239,11.370320638020834,1.3448467950026195,1.3501031550818634,0.08333333333333333,0.0,0.0
Leszczyny,0.08643053174469088,0.1387782204515272,1473.1666666666667,51.1886219,21.5246585,11.2542724609375,1.7651210228602092,1.2565182132575001,0.08333333333333333,0.0,0.0
Leszno,0.08287402312096508,0.23295255887020153,1313.361111111111,51.8436498,16.5744141,11.9071044921875,1.7258151471614838,1.489267681996616,0.0,0.0,0.0
Leszno Grzybowo,0.03869409238852216,0.0658536585365853,448.25,51.8602488,16.6120987,11.8753662109375,1.6809167216221492,1.4705546748651497,0.0,0.0,0.0
Leszno Górne,0.114579148260955,0.1643454038997214,361.75,51.476932,15.6150602,11.792032877604166,1.8865390767653782,1.3988560925843514,0.0,0.0,0.0
Letnica,0.16039156890266196,0.3885209713024282,348.25,54.3897682,18.6470773,10.5946044921875,1.9545166194438934,1.9528665836054955,0.08333333333333333,0.0,0.0
Lewickie,0.10494836633068506,0.1487455197132616,556.4166666666666,53.0487689,23.1426297,10.707234700520834,1.5787388235330582,1.3173891131951845,0.08333333333333333,0.0,0.0
Lewin Brzeski,0.17955016236802532,0.2519964507542147,1143.6666666666667,50.7487107,17.616648,12.0443115234375,1.8775328993797302,1.226898914185312,0.0,0.0,0.0
Lewin Kłodzki,0.15467162765865522,0.3423913043478261,236.58333333333334,50.4056284,16.2896257,9.232950846354166,2.1095209618409476,1.096018329194749,0.08333333333333333,0.0,0.0
Lewki,0.10010571509331491,0.1407185628742515,665.5833333333334,52.7243723,23.2124139,10.658243815104166,1.65968223909537,1.3803532726329462,0.08333333333333333,0.0,0.0
Leńcze,0.1323212526483175,0.1568836712913554,928.0,49.8988662,19.7353089,10.6873779296875,2.3173306981722512,1.0737168874765723,0.08333333333333333,0.0,0.0
Leśnice,0.19416282464793064,0.4511278195488721,446.6666666666667,54.5142628,17.6671952,10.258992513020834,2.0942221581935883,1.7380129706041083,0.08333333333333333,0.0,0.0
Leśniczówka,0.07799888323360678,0.1019230769230769,531.5,52.1330757,19.7075066,11.6302490234375,1.5571566820144653,1.5623852369619753,0.0,0.0,0.0
Leźno,0.015852989434091042,0.0296495956873315,295.9166666666667,54.3455531,18.4349451,9.9725341796875,2.017564038435618,1.8246561818088904,0.08333333333333333,0.0,0.0
Leżajsk,0.10191584476339871,0.1713535526738827,306.55555555555554,50.2621687,22.418892,11.4862060546875,1.8423273464043934,1.2585926863858536,0.08333333333333333,0.0,0.0
Libiąż,0.07451693490814798,0.12535842293906804,737.7777777777778,50.1030516,19.3147486,11.3475341796875,2.0502907236417136,1.166885072928268,0.08333333333333333,0.0,0.0
Libusza,0.10238301436218102,0.22916666666666663,15.88888888888889,49.69179,21.23929,10.645711263020834,2.225902189811071,1.0059195777142285,0.08333333333333333,0.0,0.0
Lichkov,0.03948767079906059,0.12485446985446991,132.29166666666666,,,,,,,,
Ligota Toszecka,0.10860490182140359,0.1387478849407783,565.5833333333334,50.4507209,18.4588835,11.485880533854166,2.124319096406301,1.3238490410352164,0.08333333333333333,0.0,0.0
Ligowiec,0.08313635688265547,0.15250381259531487,997.0555555555555,52.4361111,17.0358333,11.686564127604166,1.5091795772314072,1.3574524188441774,0.0,0.0,0.0
Linowo,0.04777129673396164,0.075,527.5,54.2969382,22.6217193,9.769571940104166,1.7342389623324077,1.4180908858050376,0.08333333333333333,0.0,0.0
Lipa,0.0970813412281812,0.1451612903225806,303.3333333333333,52.3975,19.4191667,11.3944091796875,1.5906703074773152,1.5231339089884974,0.08333333333333333,0.0,0.0
Lipce Reymontowskie,0.05744558912358596,0.0754278122170611,1034.111111111111,51.8996969,19.9420887,11.254597981770834,1.6799196004867554,1.5321433862736824,0.08333333333333333,0.0,0.0
Lipienica,0.05991455842012546,0.0972818311874105,675.0833333333334,50.7187611,16.0434358,8.8006591796875,2.8914013604323068,1.1727130192473059,0.16666666666666666,0.0,0.0
Lipinki,0.11842066940384732,0.1807580174927113,371.5,51.0785942,23.7495524,11.1463623046875,1.7531864146391551,1.3766969678833052,0.08333333333333333,0.0,0.0
Lipinki Łużyckie,0.11705963789478642,0.18731898238747552,234.05555555555554,51.6387408,15.0044436,11.7772216796875,1.959389905134837,1.3445964535927521,0.0,0.0,0.0
Lipińskie Małe,0.06286776633131104,0.0982142857142857,216.66666666666666,53.73893,22.4084619,10.450236002604166,1.519460767507553,1.3860711923801026,0.08333333333333333,0.0,0.0
Lipka Krajeńska,0.10081673186803747,0.13206890271990054,240.77777777777777,53.4972794,17.2572823,10.512898763020834,1.8967091242472331,1.5079226098272924,0.08333333333333333,0.0,0.0
Lipki,0.16861409084763376,0.2137345679012345,1301.8333333333333,53.8254276,18.0886565,10.426798502604166,1.8389680584271748,1.5283173565260537,0.08333333333333333,0.0,0.0
Lipno,0.060098414419995146,0.0876132930513595,212.88888888888889,52.8473901,19.1792654,11.166056315104166,1.7600630223751068,1.4073360704676028,0.08333333333333333,0.0,0.0
Lipno Nowe,0.10815909257002183,0.19488940788569856,843.9444444444445,51.9191579,16.5706275,11.8753662109375,1.6809167216221492,1.4705546748651497,0.0,0.0,0.0
Lipowa Tucholska,0.032232494030150535,0.09396051103368169,141.94444444444446,53.7539307,18.1088728,10.426798502604166,1.8389680584271748,1.5283173565260537,0.08333333333333333,0.0,0.0
Lipowa Śląska,0.1040880451272327,0.1844262295081967,251.83333333333334,50.7371016,17.4271259,11.8031005859375,1.8987033913532894,1.2198708177927917,0.0,0.0,0.0
Lipowe Pole,0.05727763790349424,0.07770491803278684,590.5,51.1552439,20.9010881,10.9818115234375,1.8279529909292858,1.4521694759370183,0.08333333333333333,0.0,0.0
Lipuska Huta,0.06203389388121181,0.0865384615384615,218.33333333333334,54.07614,17.8010909,9.966837565104166,1.9845685263474782,1.7065675141853183,0.08333333333333333,0.0,0.0
Lipusz,0.0607988539027838,0.083743842364532,218.66666666666666,54.1005877,17.7810502,9.966837565104166,1.9845685263474782,1.7065675141853183,0.08333333333333333,0.0,0.0
Lisewo,0.10244640365988017,0.191687871077184,1191.5,53.7644904,22.6803889,10.333211263020834,1.4787070353825886,1.415869676484544,0.08333333333333333,0.0,0.0
Lisie Pole,0.07006023986542567,0.095617529880478,525.4166666666666,53.0266,14.44432,11.522176106770834,1.802363986770312,1.346221394008146,0.0,0.0,0.0
Lisowo,0.09156631369928285,0.1160862354892205,590.75,52.4635982,22.6259869,11.033243815104166,1.5723931193351746,1.475266095857244,0.08333333333333333,0.0,0.0
Lisów,0.09516461497725469,0.1825307950727883,364.3333333333333,51.5151942,21.1670974,11.3436279296875,1.605104883511861,1.2940343360293651,0.08333333333333333,0.0,0.0
Lizawice,0.16460777423024486,0.1922779922779922,1316.75,50.973622,17.2155532,12.019734700520834,2.1102855851252875,1.249372167152247,0.0,0.0,0.0
Lniano,0.08333333333333333,0.0,0.08333333333333333,53.52917,18.2204,10.715047200520834,1.785340040922165,1.502163448173327,0.08333333333333333,0.0,0.0
Loecknitz,0.10899401469412008,0.1585127201565557,488.4166666666667,,,,,,,,
Lotyń,0.26371776144582615,0.3870967741935484,362.5833333333333,53.70079,17.73464,10.405476888020834,1.932115525007248,1.502939341412504,0.08333333333333333,0.0,0.0
Lubachów,0.1748713221465763,0.2492668621700879,349.0833333333333,50.7698484,16.4316751,10.3514404296875,2.4133438766002655,1.4186779067991075,0.08333333333333333,0.0,0.0
Lubaczów,0.16062676289915542,0.2716763005780346,104.91666666666667,50.1574473,23.1225859,11.251668294270834,1.9167878131071727,1.2851935924831468,0.08333333333333333,0.0,0.0
Lubajny,0.09065689817933893,0.1229698375870069,444.9166666666667,53.70443,20.01005,10.5906982421875,1.8210270702838898,1.5900196391405899,0.08333333333333333,0.0,0.0
Lubania-Lipiny,0.060656075172190245,0.0958512160228898,675.0833333333334,53.392182,18.1184777,10.805379231770834,1.7962908148765564,1.4779528199664655,0.08333333333333333,0.0,0.0
Lubanice,0.14986796422488685,0.3360655737704918,386.1666666666667,51.69792,15.09921,11.867390950520834,1.8589306424061458,1.3493843501985279,0.0,0.0,0.0
Lubanie,0.0754625061056793,0.1154313487241798,821.1666666666666,52.743229,18.9192492,11.388224283854166,1.8230762879053752,1.3968165051359558,0.0,0.0,0.0
Lubartów,0.11499697358235089,0.18339635275119143,298.3888888888889,51.4585242,22.6119973,11.3709716796875,1.6096202582120895,1.2853591778189477,0.08333333333333333,0.0,0.0
Lubartów Lipowa,0.06762983863653083,0.1042944785276073,326.6666666666667,51.4642177,22.5995145,11.3709716796875,1.6096202582120895,1.2853591778189477,0.08333333333333333,0.0,0.0
Lubartów Słowackiego,0.06789756522098321,0.1104294478527607,326.6666666666667,51.4732458,22.6052042,11.3709716796875,1.6096202582120895,1.2853591778189477,0.08333333333333333,0.0,0.0
Lubaszowa,0.08043914250640721,0.13692992213570632,325.22222222222223,49.857411,21.0356397,11.225789388020834,1.9884195824464161,1.1205856412558324,0.08333333333333333,0.0,0.0
Lubawka,0.03817780996999774,0.0617577197149643,420.3333333333333,50.7070882,16.0003894,8.8006591796875,2.8914013604323068,1.1727130192473059,0.16666666666666666,0.0,0.0
Lubań Śląski,0.09126685910275828,0.2035440382018136,784.9444444444445,51.1180898,15.2892651,10.649454752604166,2.3765442073345184,1.4886063194298584,0.08333333333333333,0.0,0.0
Lubicz,0.06534894708423548,0.1007957559681697,240.94444444444446,52.95775,15.51952,11.287312825520834,1.8526445130507152,1.3899987861743597,0.0,0.0,0.0
Lubiewo,0.046587068160597565,0.1470588235294117,32.166666666666664,53.81238,21.52574,10.484903971354166,1.637538805603981,1.4375467521032974,0.08333333333333333,0.0,0.0
Lubin,0.2065867562049629,0.32468021068472536,887.8888888888889,51.3996783,16.1993379,11.790568033854166,1.7510866224765778,1.3797377013120304,0.0,0.0,0.0
Lubin Stadion,0.11068346838672129,0.20276630543494878,431.1111111111111,51.4086261,16.1993113,11.790568033854166,1.7510866224765778,1.3797377013120304,0.0,0.0,0.0
Lublin AIRPORT,0.011190959639521617,0.0234375,131.66666666666666,51.2382459,22.7067517,11.2083740234375,1.6927507271369298,1.3419563012930251,0.08333333333333333,0.0,0.0
Lublin Główny,0.1247514929367284,0.21066426473213556,1957.4583333333333,51.231292,22.5689637,11.198771158854166,1.7113442718982697,1.3365135706482525,0.08333333333333333,0.0,0.0
Lublin Ponikwoda,0.0722006569343338,0.1128048780487804,326.8333333333333,51.266083,22.6059708,11.249552408854166,1.6793698022762935,1.3331147705850135,0.08333333333333333,0.0,0.0
Lublin Północny,0.05867039467082577,0.0811667723525681,1507.1666666666667,51.2422757,22.5995426,11.198771158854166,1.7113442718982697,1.3365135706482525,0.08333333333333333,0.0,0.0
Lublin Zachodni,0.11817642870277452,0.20296283896886505,1107.7222222222222,51.2189337,22.508927,11.191121419270834,1.7284700373808544,1.3282928144429675,0.08333333333333333,0.0,0.0
Lublin Zadębie,0.07095915468981163,0.1128048780487804,326.8333333333333,51.2579286,22.6100445,11.249552408854166,1.6793698022762935,1.3331147705850135,0.08333333333333333,0.0,0.0
Lublin Zemborzyce,0.06764114855794072,0.0925589836660617,531.5833333333334,51.1715012,22.5028874,11.191121419270834,1.7284700373808544,1.3282928144429678,0.08333333333333333,0.0,0.0
Lubliniec,0.1022015269422427,0.22927775922922825,1255.625,50.669016,18.6825574,11.279337565104166,2.125415583451589,1.5098944313177645,0.08333333333333333,0.0,0.0
Lubnia,0.0635034150590934,0.0841121495327102,218.5,53.9278506,17.7521202,10.1654052734375,1.9335696200529735,1.5690735957808843,0.08333333333333333,0.0,0.0
Lubomino,0.043768593846603,0.068825910931174,249.5,54.0676836,20.2374369,10.445027669270834,1.8120792110761006,1.4113089123709954,0.08333333333333333,0.0,0.0
Luboń koło Poznania,0.04779252006480903,0.12369403096292673,1033.8333333333333,52.3439762,16.8928174,11.753946940104166,1.5554455121358235,1.3486271735107282,0.0,0.0,0.0
Lubycza Królewska,0.3456764531764532,0.6111111111111112,18.833333333333332,50.3411612,23.5196564,10.894734700520834,1.9879116614659627,1.3536743404338718,0.08333333333333333,0.0,0.0
Lubzina,0.04730533456521694,0.05895865237366,1241.0833333333333,50.0642501,21.5236979,11.533732096354166,2.012750675280889,1.2401400117331385,0.08333333333333333,0.0,0.0
Luciążanka,0.0707885943268823,0.10960865913189555,704.1111111111111,51.2772181,19.6481747,11.230672200520834,1.8486013561487198,1.5606027879708035,0.08333333333333333,0.0,0.0
Lucynów,0.04403071449585014,0.0698254364089775,810.0833333333334,52.1469444,22.4655556,11.132853190104166,1.5610039631525676,1.3830746524372828,0.08333333333333333,0.0,0.0
Ludwikowice Kłodzkie,0.2446999960219297,0.3787375415282392,358.8333333333333,50.620784,16.4741551,9.985392252604166,2.202466050783793,1.2448167279318991,0.08333333333333333,0.0,0.0
Ludynia,0.057021995437050534,0.0805970149253731,663.9166666666666,50.8433548,20.1169966,11.0086669921875,1.87297656138738,1.3805823920612663,0.08333333333333333,0.0,0.0
Ludynia Dwór,0.061921753495303405,0.0850746268656716,663.9166666666666,50.8474283,20.1141411,11.0086669921875,1.87297656138738,1.3805823920612663,0.08333333333333333,0.0,0.0
Lusławice,0.04619629471687953,0.0668202764976958,426.75,49.8620765,20.8232586,11.383015950520834,1.9739160935084026,1.0948156551376347,0.08333333333333333,0.0,0.0
Lutol Suchy,0.20199018754185225,0.2579505300353357,291.6666666666667,52.33372,15.72212,11.865275065104166,1.564976359407107,1.3201807490595205,0.0,0.0,0.0
Lutoryż,0.029163178756899364,0.0936426116838488,399.9166666666667,49.9666064,21.9093209,11.367228190104166,1.9609309534231822,1.3367196792505327,0.08333333333333333,0.0,0.0
Luzino,0.1386137942588302,0.2934590672076778,755.0,54.5618906,18.1047847,10.223836263020834,2.0091852794090905,1.8845763360305523,0.08333333333333333,0.0,0.0
Lębork,0.16977462433638354,0.3995309568480302,724.0666666666667,54.5391501,17.7472272,10.258992513020834,2.0942221581935883,1.7380129706041083,0.08333333333333333,0.0,0.0
Lębork Mosty,0.14185976537059186,0.29731757557167937,726.3333333333334,54.550085,17.7928846,10.365275065104166,2.0259403685728707,1.7836006927186803,0.08333333333333333,0.0,0.0
Lębork Nowy Świat,0.042658148303309586,0.1677419354838709,59.666666666666664,54.5454345,17.7344576,10.258992513020834,2.0942221581935883,1.7380129706041083,0.08333333333333333,0.0,0.0
Lędziechowo,0.04036185588604942,0.1612903225806451,59.666666666666664,54.64754,17.68473,10.465861002604166,2.0252732584873834,1.7792948512865019,0.08333333333333333,0.0,0.0
Machnacz,0.0726536168290107,0.1023622047244094,519.6666666666666,53.3333631,23.3152298,10.462117513020834,1.5611060857772827,1.315663153924587,0.08333333333333333,0.0,0.0
Majdan,0.0759018435927566,0.1070780399274047,531.5833333333334,53.052466,23.5700757,10.4310302734375,1.6402042259772618,1.3736437057939879,0.08333333333333333,0.0,0.0
Majdan Królewski,0.12254362802764605,0.1627906976744186,348.0833333333333,50.3791794,21.7450836,11.646199544270834,1.7661324093739192,1.1799426651661602,0.08333333333333333,0.0,0.0
Majdan Królewski Podlasek,0.13097056843947805,0.1773255813953488,348.0833333333333,50.3628998,21.7366808,11.646199544270834,1.7661324093739192,1.1799426651661602,0.08333333333333333,0.0,0.0
Majdan Stuleński,0.010416666666666666,0.0,7.333333333333333,51.3552532,23.6065281,11.217488606770834,1.6433347562948863,1.4284520764348283,0.08333333333333333,0.0,0.0
Majewo,0.1369659052918781,0.1984615384615384,630.4166666666666,53.4874008,23.3327817,10.244832356770834,1.5796353965997696,1.3842293436422317,0.08333333333333333,0.0,0.0
Maksymilianowo,0.077460038248868,0.103048789516547,714.875,52.1527845,16.5536337,11.877482096354166,1.5877769937117894,1.3350540671221658,0.0,0.0,0.0
Maków,0.048953292126724196,0.0627973358705994,1000.5,51.3464267,21.2436691,11.2327880859375,1.7644467155138652,1.3442948269275583,0.08333333333333333,0.0,0.0
Maków Podhalański,0.12451349573967316,0.3198550232189376,249.77777777777777,49.7298971,19.6768803,9.294962565104166,2.839193950096766,0.96292495741906,0.08333333333333333,0.0,0.0
Malbork,0.11966004264395876,0.3064856551444619,1603.8666666666666,54.0287383,19.0393964,10.853719075520834,1.6836122572422028,1.5525166107259278,0.08333333333333333,0.0,0.0
Malbork Kałdowo,0.09789116156474191,0.179813401187447,1189.75,54.0473638,19.0239691,10.853719075520834,1.6836122572422028,1.5525166107259276,0.08333333333333333,0.0,0.0
Malczyce,0.11806072552674575,0.1872816212438854,1420.9166666666667,51.2203518,16.493719,11.660196940104166,1.98459525903066,1.4349754774031611,0.0,0.0,0.0
Marcinkowo,0.055490958545720746,0.1191980600430342,302.3888888888889,53.8599435,21.2717211,10.296915690104166,1.70814145108064,1.4325777686399515,0.08333333333333333,0.0,0.0
Marcinków,0.07873592131061143,0.1093333333333333,739.0,50.2840016,16.7884803,9.458211263020834,2.820476492245992,1.1124330859890368,0.08333333333333333,0.0,0.0
Marcinowice Świdnickie,0.09250334714654883,0.1395027624309392,724.5,50.8768688,16.586813,11.543497721354166,2.2115532706181207,1.415829955566805,0.0,0.0,0.0
Marciszów,0.14235148135321046,0.2511405839185562,582.0555555555555,50.8516702,16.008639,10.034220377604166,2.6590894858042398,1.412285457352549,0.08333333333333333,0.0,0.0
Markuszowa,0.09747417348602773,0.1365979381443298,420.1666666666667,49.8587573,21.7065182,10.897664388020834,1.9722011983394623,1.2378010764086727,0.08333333333333333,0.0,0.0
Marzenin,0.032200784182753454,0.075098814229249,494.6666666666667,52.3866967,17.5432685,11.5111083984375,1.5499078780412674,1.4880515800102927,0.0,0.0,0.0
Masłońskie Natalin,0.0824997361544872,0.1134868421052631,1239.6666666666667,50.6511154,19.2531938,10.9779052734375,2.0163117249806723,1.550727179019834,0.08333333333333333,0.0,0.0
Matysy,0.03912486706088756,0.0519930675909878,580.0833333333334,51.9399913,22.4938478,11.249552408854166,1.5115060309569042,1.3181682386209828,0.08333333333333333,0.0,0.0
Maziły,0.30778513888643516,0.7150537634408602,221.91666666666666,50.4042567,23.3284032,10.835164388020834,1.995671143134435,1.3249945999018922,0.08333333333333333,0.0,0.0
Małaszewicze,0.06360753862518768,0.11922803694056355,551.3333333333334,52.0240425,23.5310557,11.085978190104166,1.556328405936559,1.4819136785352691,0.08333333333333333,0.0,0.0
Małdyty,0.06335085280028914,0.125,327.9166666666667,53.9203373,19.741694,10.492228190104166,1.9080579082171123,1.4679096456532266,0.08333333333333333,0.0,0.0
Małe Gacno,0.05036783571451744,0.0975609756097561,212.75,53.6069121,18.1054257,10.6429443359375,1.8197061419487,1.5190841672956494,0.08333333333333333,0.0,0.0
Małkinia,0.06386732666385195,0.1710762641613705,1062.1666666666667,52.6946006,22.0348566,11.214070638020834,1.4232697387536366,1.3610560262953344,0.08333333333333333,0.0,0.0
Małogoszcz,0.054587214068808516,0.0850746268656716,663.75,50.8123487,20.2648324,11.0311279296875,1.7825466841459274,1.3489590586347375,0.08333333333333333,0.0,0.0
Małomice,0.13180469292514405,0.253688524590164,243.25,51.5550002,15.4472908,11.829142252604166,1.919144372145335,1.406775474383869,0.0,0.0,0.0
Małowice Wołowskie,0.15487487213217188,0.22848996450593925,744.5,51.4044231,16.4714106,11.981648763020834,1.8621076593796413,1.385224937333891,0.0,0.0,0.0
Mańkowice,0.09136994479559683,0.1474358974358974,472.5,50.4950746,17.4768342,11.600301106770834,2.210904782017072,1.3664438725788566,0.08333333333333333,0.0,0.0
Medyka,0.12923434777603685,0.31329113924050633,169.61111111111111,49.8057989,22.9375415,11.1854248046875,2.0194235742092133,1.399902616724476,0.08333333333333333,0.0,0.0
Medyka Rozrządowa,0.0680889748632272,0.0941558441558441,253.16666666666666,49.794127,22.9102598,11.1854248046875,2.0194235742092133,1.399902616724476,0.08333333333333333,0.0,0.0
Medyka Towarowa,0.07057074127992745,0.0941558441558441,253.16666666666666,49.7861869,22.8839403,11.1854248046875,2.0194235742092133,1.399902616724476,0.08333333333333333,0.0,0.0
Medzilaborce,0.017129629629629623,0.0555555555555555,10.333333333333334,,,,,,,,
Medzilaborce Mesto,0.017129629629629623,0.0555555555555555,10.333333333333334,,,,,,,,
Mezimesti,0.08756313131313131,0.25,13.833333333333334,50.7980599,16.2260114,9.775431315104166,2.654196341832479,1.3948668023253683,0.08333333333333333,0.0,0.0
Mełno,0.043051979275069395,0.0673076923076923,527.5,53.4346595,18.9371199,10.961629231770834,1.6988049447536469,1.5537584365139399,0.08333333333333333,0.0,0.0
Miasteczko Krajeńskie,0.08151336250033557,0.13727022534023745,373.22222222222223,53.0976927,17.0072985,11.1458740234375,1.689617450038592,1.38575064663428,0.0,0.0,0.0
Miasteczko Śląskie,0.021962155595105712,0.035237875616418904,750.3333333333334,50.4942701,18.964172,11.0501708984375,2.194236914316813,1.4310956320799026,0.08333333333333333,0.0,0.0
Miasteczko Śląskie Centrum,0.043696352581962535,0.0579710144927536,609.0,50.4869439,18.9192845,11.0872802734375,2.219822814067205,1.424497448182655,0.08333333333333333,0.0,0.0
Miastko,0.06649851529577637,0.1232227488151658,271.6666666666667,54.0001478,16.9774717,10.1453857421875,2.167895038922628,1.6799765333904542,0.08333333333333333,0.0,0.0
Miały,0.07792863716158317,0.13802474284125654,688.2777777777778,52.8077244,16.1738802,11.7108154296875,1.6223666419585545,1.283987222445703,0.0,0.0,0.0
Michalczew,0.09349274535015163,0.117090909090909,1356.75,51.8414173,21.1107986,11.536661783854166,1.601274977127711,1.2468367483070895,0.08333333333333333,0.0,0.0
Michalin,0.05123248620385785,0.08007256137268964,2894.777777777778,51.92273,20.5035496,11.175496419270834,1.69883194565773,1.421669696351321,0.08333333333333333,0.0,0.0
Michałów-Reginów,0.06587090721533294,0.09624925376206844,1036.3333333333333,52.4199446,20.9681588,11.671590169270834,1.4414966603120167,1.3184290921467299,0.08333333333333333,0.0,0.0
Miechów,0.14845988867275478,0.24540106275303636,1246.7083333333333,50.3566016,20.0276912,10.814493815104166,2.0627726117769876,1.4248735633653788,0.08333333333333333,0.0,0.0
Miedwiecko,0.09031016407214627,0.1107619795758051,1338.3333333333333,53.3646831,14.9246975,11.341512044270834,1.8930688897768657,1.559450975250024,0.0,0.0,0.0
Mielec,0.033877350770809916,0.04656890720460395,293.1111111111111,50.2802474,21.4631343,11.5921630859375,1.9049808382987976,1.2070518716877048,0.08333333333333333,0.0,0.0
Mielec Południowy,0.02538644472684164,0.0417690417690417,436.5833333333333,50.2580493,21.4837054,11.5921630859375,1.9049808382987976,1.2070518716877048,0.08333333333333333,0.0,0.0
Mielno Koszalińskie,0.01778047966388075,0.0533596837944664,101.0,,,,,,,,
Mienia,0.13306174274449908,0.2419580419580419,1489.5,52.1528103,21.70711,11.157918294270834,1.5325753390789032,1.3265326135713527,0.08333333333333333,0.0,0.0
Mieroszów,0.09083694083694083,0.275,14.166666666666666,50.6669858,16.1862044,9.221232096354166,2.711372752984365,1.2981925492478443,0.08333333333333333,0.0,0.0
Mierzęcice,0.04355607386635479,0.0566666666666666,608.6666666666666,50.4441,19.12405,11.1141357421875,2.1711692810058594,1.3745582617645136,0.08333333333333333,0.0,0.0
Mierzęcin,0.11736610754481087,0.150997150997151,354.0833333333333,53.82493,14.71049,11.3353271484375,1.967977335055669,1.8986237485152875,0.0,0.0,0.0
Mieszaki,0.044767679406582654,0.1134020618556701,300.75,52.8417091,19.7606084,11.0633544921875,1.6227618406216304,1.4551479834430285,0.08333333333333333,0.0,0.0
Mieszkowice,0.17133753132863233,0.3180470793374019,390.05555555555554,52.785412,14.4954296,11.6243896484375,1.735788072148959,1.3335626328890082,0.0,0.0,0.0
Mieszków,0.0766169166311559,0.12499999999999994,805.9444444444445,51.5965899,14.8896583,11.8543701171875,1.9208061595757802,1.3450737865213787,0.0,0.0,0.0
Mietków,0.15100333260248397,0.21144893281764787,735.6666666666666,50.9748184,16.6504992,11.628133138020834,2.2143652538458505,1.413807300073514,0.0,0.0,0.0
Mika,0.09398377587928908,0.1172413793103448,885.1666666666666,51.6732346,21.7511539,11.5032958984375,1.5829763412475586,1.2336362685446314,0.08333333333333333,0.0,0.0
Mikołajki Pomorskie,0.10270583643535885,0.1706783369803063,448.6666666666667,53.8506181,19.1658001,10.693400065104166,1.792330543200175,1.5289371619503191,0.08333333333333333,0.0,0.0
Mikołów,0.08602059269465166,0.1243611584327086,1210.9166666666667,50.1960028,18.8539322,11.364949544270834,1.9986666043599446,1.2974998959424546,0.08333333333333333,0.0,0.0
Mikołów Jamna,0.08388924416088177,0.1164444444444444,1160.9166666666667,50.194075,18.9226777,11.364949544270834,1.9986666043599446,1.2974998959424546,0.08333333333333333,0.0,0.0
Mikulovice,0.03885442980540891,0.0818965517241379,162.66666666666666,,,,,,,,
Mikułowa,0.16187708510644452,0.3791666666666666,484.1666666666667,51.0807728,15.1087348,10.939493815104166,2.200392007827759,1.4825747751041305,0.0,0.0,0.0
Mikłasze,0.10522359007326211,0.1447721179624665,367.25,52.7234369,23.3164816,10.596232096354166,1.671305775642395,1.374404287496713,0.08333333333333333,0.0,0.0
Milanów,0.0906988939740656,0.1578947368421052,28.916666666666668,51.8879465,21.0441258,11.530965169270834,1.6161547303199768,1.2807191098393265,0.08333333333333333,0.0,0.0
Milanówek,0.05688330846443437,0.0759330759330759,2884.9166666666665,52.1237841,20.6693368,11.5413818359375,1.5890290141105652,1.4120749013722724,0.08333333333333333,0.0,0.0
Milcz,0.15858911695033165,0.2745214195600899,566.0555555555555,53.046312,16.8737368,11.3055419921875,1.628471444050471,1.3336799961278298,0.0,0.0,0.0
Milcza,0.044380575415118466,0.07106782106782106,56.5,49.6103643,21.906423,10.362019856770834,2.1886793871720633,1.2135838519190918,0.08333333333333333,0.0,0.0
Milejów,0.07156514742969323,0.1112814422784305,704.2222222222222,51.3486468,19.7088613,11.248087565104166,1.82645978530248,1.5624327712454722,0.08333333333333333,0.0,0.0
Milicz,0.08517205085875106,0.1844298605414274,311.8333333333333,51.5319957,17.2752485,11.805379231770834,1.9285525778929393,1.4057605001246278,0.0,0.0,0.0
Milik,0.04964265929280229,0.0846153846153846,396.5,49.3596667,20.8544922,9.2557373046875,1.9676501204570134,0.7129724411648236,0.16666666666666666,0.0,0.0
Milówka,0.14624779464008011,0.2803617571059431,485.25,49.5576572,19.0877284,8.8377685546875,3.2062229216098785,0.9259188892621392,0.16666666666666666,0.0,0.0
Milówka Zabawa,0.14427650367607306,0.2875647668393782,485.0,49.5403396,19.1025845,8.5047607421875,3.0230093896389008,0.8062758290528436,0.16666666666666666,0.0,0.0
Minkowice,0.06453524807397217,0.0992647058823529,998.1666666666666,54.7824974,18.1722215,10.538777669270834,1.9784879485766094,2.4067254194191814,0.0,0.0,0.0
Minkowice Oławskie,0.12280479340152972,0.1785714285714285,83.83333333333333,51.018188,17.465093,11.9139404296875,2.0378674964110055,1.2701349436910423,0.0,0.0,0.0
Mirków,0.08603455620827377,0.1201932655907551,779.8888888888889,51.1662782,17.1588597,11.773640950520834,2.0520674139261246,1.2999289617473728,0.0,0.0,0.0
Mirsk,0.0821866638362519,0.1470588235294117,533.25,50.9721836,15.3857926,10.2410888671875,2.6140256226062775,1.528267667660507,0.08333333333333333,0.0,0.0
Misie,0.03901118218180038,0.0538599640933572,575.5833333333334,51.9625936,22.6825797,11.206583658854166,1.540755142768224,1.3860888675516547,0.08333333333333333,0.0,0.0
Miąsowa,0.10898239797074522,0.143546441495778,813.25,50.7172684,20.3730598,11.100138346354166,1.7126900255680084,1.2989061842074268,0.08333333333333333,0.0,0.0
Międzyborów,0.06265827198261147,0.0866533864541832,1964.5,52.063921,20.4804872,11.5203857421875,1.5977288285891216,1.4387935601642488,0.08333333333333333,0.0,0.0
Międzybórz Sycowski,0.12226109716370326,0.1646341463414634,326.5,51.4010511,17.6529599,11.599650065104166,2.016191298762957,1.3943714423193085,0.0,0.0,0.0
Międzylesie,0.04644656915256437,0.14628617363344049,224.83333333333334,50.1480131,16.6669348,9.0872802734375,2.898300290107727,0.904903107800985,0.16666666666666666,0.0,0.0
Międzyrzec Podlaski,0.07932602038776294,0.1391585760517799,593.5555555555555,51.9853172,22.7842492,11.189656575520834,1.546734243631363,1.407817910349177,0.08333333333333333,0.0,0.0
Międzyrzecz,0.1926654666989238,0.26599996696781014,277.0,52.4448261,15.578637,11.824910481770834,1.5759017318487167,1.3174271518435148,0.0,0.0,0.0
Międzyzdroje,0.08434164662526973,0.15934117647058832,451.125,53.9282745,14.448903,11.388875325520834,2.113671893874804,2.3199336067020293,0.0,0.0,0.0
Miękinia,0.12725628745286344,0.1888809693513898,1420.5,51.190964,16.7386851,11.919637044270834,1.9929904788732529,1.3681751553296821,0.0,0.0,0.0
Miłkowice,0.08298595685916098,0.118413597733711,1730.8333333333333,51.83382,18.6648096,11.6722412109375,1.7967052658398945,1.5062150941298478,0.0,0.0,0.0
Miłobądz,0.11567205952001293,0.1965897693079237,1009.25,54.138117,18.7379074,10.678263346354166,1.7434873133897781,1.617186318805152,0.08333333333333333,0.0,0.0
Miłocin Lubelski,0.04421243368281234,0.0657439446366782,583.0,51.2717339,22.31402,11.254109700520834,1.6930710673332214,1.2767341094840468,0.08333333333333333,0.0,0.0
Miłogoszcz,0.11339024864765405,0.2019704433497537,387.6666666666667,54.19852,15.89743,11.058797200520834,2.0718868474165597,1.9374033527667047,0.0,0.0,0.0
Miłosław,0.034797634770540875,0.0849802371541501,494.5833333333333,52.2023105,17.4892236,11.730509440104166,1.6341618249813716,1.4929511186790057,0.0,0.0,0.0
Mińsk Mazowiecki,0.1368483568007874,0.21743748951140673,2104.5,52.1812046,21.5587372,11.195353190104166,1.5200577477614086,1.3235143300103833,0.08333333333333333,0.0,0.0
Mińsk Mazowiecki Anielina,0.13777617842278586,0.2476510067114093,1554.4166666666667,52.1677905,21.5855346,11.195353190104166,1.5200577477614086,1.3235143300103833,0.08333333333333333,0.0,0.0
Mleczewo,0.08567263043238092,0.1424657534246575,357.8333333333333,53.91506,19.1154,10.718953450520834,1.751653144756953,1.5329768274978852,0.08333333333333333,0.0,0.0
Mockava,0.06315775668528724,0.1129032258064516,59.333333333333336,,,,,,,,
Modlin,0.06549525855699519,0.0762512596573732,3112.1666666666665,52.6215771,17.6106831,11.3846435546875,1.6706013878186543,1.527073620201249,0.0,0.0,0.0
Modła,0.12258341225798874,0.1720430107526881,361.75,54.5505164,16.8021853,10.869669596354166,2.2782508532206216,2.4842378627216983,0.0,0.0,0.0
Mogilno,0.11407600678591258,0.22688375253485088,758.6,52.657341,17.9500677,11.2894287109375,1.7037136256694794,1.4809420501132002,0.0,0.0,0.0
Mokra,0.036937863537426084,0.0415162454873646,594.4166666666666,50.4331741,17.7202261,11.467976888020834,2.3425186624129615,1.333469570366159,0.08333333333333333,0.0,0.0
Mokra Wieś,0.022887628780829877,0.045712078219920044,897.8888888888889,52.4670967,21.5063855,11.475626627604166,1.4321129620075226,1.331995134845568,0.08333333333333333,0.0,0.0
Mokre,0.1328727672440132,0.2070240295748613,532.3333333333334,52.7001411,23.1656507,10.658243815104166,1.65968223909537,1.3803532726329462,0.08333333333333333,0.0,0.0
Mokre Małopolskie,0.014320286195286185,0.04340277777777775,7.0,49.4474994,22.167542,9.6336669921875,2.3924543261528015,0.9646004159133589,0.16666666666666666,0.0,0.0
Mokronos Górny,0.1211962069936259,0.208695652173913,787.0,51.075675,16.9169856,11.987508138020834,2.0753504435221353,1.3031504347398561,0.0,0.0,0.0
Mokrz,0.08386083664097073,0.1471739997572015,688.1666666666666,52.7451172,16.2702439,11.717325846354166,1.597849279642105,1.3225468162603207,0.0,0.0,0.0
Mokrzyca Wielka,0.045864088916330766,0.0686015831134564,347.0,53.8827775,14.5769665,11.2928466796875,1.9801798313856125,2.2220033121119696,0.0,0.0,0.0
Montowo,0.07689434683081059,0.1236559139784946,187.0,53.4233224,19.7764092,10.574259440104166,1.7821930795907974,1.5706689753750165,0.08333333333333333,0.0,0.0
Mordy,0.10723094777203479,0.19079128756548108,281.94444444444446,52.2112989,22.5170678,11.103068033854166,1.5621488690376282,1.4148971115563382,0.08333333333333333,0.0,0.0
Mordy Miasto,0.10484843923963845,0.19091191066997515,281.8888888888889,52.2032491,22.5209989,11.103068033854166,1.5621488690376282,1.4148971115563382,0.08333333333333333,0.0,0.0
Morochów,0.014320286195286185,0.04340277777777775,7.0,49.4660588,22.1844618,10.277384440104166,2.2951788902282715,1.1227597576041177,0.08333333333333333,0.0,0.0
Morze,0.10343493482323818,0.1397849462365591,367.1666666666667,52.5175912,22.7416034,10.9593505859375,1.591622124115626,1.466277327041417,0.08333333333333333,0.0,0.0
Morzeszczyn,0.1397857056604366,0.1984615384615384,631.3333333333334,53.8403982,18.6904948,10.772176106770834,1.7057938873767853,1.557738903988892,0.08333333333333333,0.0,0.0
Morzyca,0.11181034076359038,0.1373873873873874,443.4166666666667,53.2113674,15.1491129,11.484578450520834,1.9437617262204487,1.5005592315937164,0.0,0.0,0.0
Morąg,0.1086297331546841,0.19417266187050358,457.77777777777777,53.9119982,19.9279895,10.4285888671875,1.8849651614824932,1.4903292664729837,0.08333333333333333,0.0,0.0
Morąg Kolonia,0.0665843835288279,0.1182519280205655,379.25,53.9098754,19.9457669,10.4285888671875,1.8849651614824932,1.4903292664729835,0.08333333333333333,0.0,0.0
Mosina,0.07366778275529144,0.13532196774481708,1037.4444444444443,52.2455834,16.8472591,11.8309326171875,1.6013165613015492,1.351214995036814,0.0,0.0,0.0
Moskale,0.04634392825811901,0.0888157894736842,284.4166666666667,50.6004952,22.1578632,11.513875325520834,1.805924077828725,1.1800847321120644,0.08333333333333333,0.0,0.0
Mostiska 2,0.6354923829413875,0.8338870431893688,309.6666666666667,51.0929759,23.8242267,11.132364908854166,1.7744910319646199,1.3609375472564167,0.08333333333333333,0.0,0.0
Mostki,0.3951294380107028,0.534375,333.5,51.3486511,21.5328871,11.375040690104166,1.7282387713591258,1.2364543380514375,0.08333333333333333,0.0,0.0
Mosty,0.11367641030231883,0.1755424063116371,488.5,53.5482699,14.9553995,11.1624755859375,1.8675745526949565,1.5842271024875814,0.0,0.0,0.0
Mostówka,0.04144550561409006,0.0614136732329084,828.9166666666666,52.51976,21.44206,11.508829752604166,1.4254732479651768,1.3309782886658068,0.08333333333333333,0.0,0.0
Moszczenica,0.06831183947261849,0.1053633497167429,663.8333333333334,51.5046899,19.6766075,11.149129231770834,1.8044721980889638,1.5424262492287606,0.08333333333333333,0.0,0.0
Moszczenica Małopolska,0.07091346153846152,0.125,18.666666666666668,49.6965626,21.1236572,10.529337565104166,2.2193816502889,0.9925294800247905,0.08333333333333333,0.0,0.0
Moszczenica Pomorska,0.0896910412209861,0.1229773462783171,300.25,53.6423315,17.4887945,10.3729248046875,1.9176927308241527,1.5277179579334275,0.08333333333333333,0.0,0.0
Motycz,0.040475451322589805,0.0610820244328097,577.0,51.2395618,22.3812812,11.206095377604166,1.7190723915894826,1.3019281429407992,0.08333333333333333,0.0,0.0
Motycz Leśny,0.04390841410199555,0.0663176265270506,577.0833333333334,51.2456932,22.3459515,11.230672200520834,1.7101900378863018,1.2744975366086204,0.08333333333333333,0.0,0.0
Mońki,0.10563889628032049,0.17289747848407067,266.6111111111111,53.4065738,22.7983772,10.489298502604166,1.471181924144427,1.3081609542570485,0.08333333333333333,0.0,0.0
Mościsko Dzierżoniowskie,0.1782789150948005,0.2312703583061889,625.4166666666666,50.772134,16.5802246,10.9930419921875,2.220871791243553,1.3704711016769446,0.08333333333333333,0.0,0.0
Mroczkowice,0.07893739766239904,0.138755980861244,465.0,50.9553872,15.3696206,10.2410888671875,2.6140256226062775,1.528267667660507,0.08333333333333333,0.0,0.0
Mrozy,0.1511157017520614,0.2502737625930793,1589.611111111111,52.1655506,21.8001682,11.154012044270834,1.5417463779449463,1.3356784497814354,0.08333333333333333,0.0,0.0
Mrozów,0.12459477537449376,0.1653189577717879,1128.6666666666667,51.1878008,16.7894423,11.926310221354166,1.98856054743131,1.3335739137079028,0.0,0.0,0.0
Mrzezino,0.1913416116227632,0.4101731601731602,841.3333333333334,54.6527026,18.4286201,10.5838623046875,2.002310256163279,2.1933484434283232,0.0,0.0,0.0
Mszalnica,0.07083573565534786,0.11237669862730215,360.72222222222223,49.60961,20.82316,10.048380533854166,2.3083496689796448,0.8841679739072246,0.08333333333333333,0.0,0.0
Munina,0.050253599175214825,0.09779242545305725,652.3333333333334,49.99649,22.72802,11.377156575520834,1.9282036622365315,1.3836978607167518,0.08333333333333333,0.0,0.0
Murowana Goślina,0.031162958952757374,0.055278001611603546,583.7083333333334,52.5758465,17.0097914,11.5609130859375,1.5807591776053111,1.3827056069085468,0.0,0.0,0.0
Muszyna,0.042477953563576275,0.10889150019584802,222.33333333333334,49.3561684,20.8967477,9.2557373046875,1.9676501204570134,0.7129724411648237,0.16666666666666666,0.0,0.0
Muszyna Zdrój,0.046578133611061924,0.0958180147058823,192.75,49.3573773,20.8950396,9.2557373046875,1.9676501204570134,0.7129724411648236,0.16666666666666666,0.0,0.0
Mykanów,0.001422655515575864,0.0,12.555555555555555,50.92332,19.19934,11.2943115234375,1.9877480963865917,1.5922635214657765,0.08333333333333333,0.0,0.0
Myszków,0.11245280818466427,0.2012965460014521,1787.2222222222222,50.5646661,19.3248616,10.853068033854166,2.122701664765676,1.5165940722727393,0.08333333333333333,0.0,0.0
Myszków Mrzygłód,0.08608444485164035,0.1304996271439224,1256.5,50.5434754,19.3773144,10.714558919270834,2.239378422498703,1.481459318191568,0.08333333333333333,0.0,0.0
Myszków Nowa Wieś,0.08675146441091632,0.1160220994475138,1239.6666666666667,50.5948329,19.2915394,10.853068033854166,2.122701664765676,1.5165940722727393,0.08333333333333333,0.0,0.0
Myszków Światowit,0.08531409201360907,0.1304996271439224,1256.5,50.5655826,19.3597259,10.7459716796875,2.1474844912687936,1.524062130353084,0.08333333333333333,0.0,0.0
Mysłaków,0.07823421562513867,0.1074197120708748,875.9166666666666,52.1015877,20.0136674,11.6199951171875,1.52640966574351,1.4823804104260567,0.0,0.0,0.0
Mysłowice,0.13131124288680662,0.252106215919061,1252.7916666666667,50.2096211,19.132166,11.3621826171875,1.9798538784186046,1.2397856524508937,0.08333333333333333,0.0,0.0
Mysłowice Brzezinka,0.05284214110964885,0.0824891461649783,712.3333333333334,50.1967517,19.1546478,11.3997802734375,1.985099087158839,1.2319179654632622,0.08333333333333333,0.0,0.0
Mysłowice Brzęczkowice,0.05480600004396178,0.0824891461649783,712.3333333333334,50.2129702,19.1472158,11.3621826171875,1.9798538784186046,1.2397856524508937,0.08333333333333333,0.0,0.0
Mysłowice Kosztowy,0.0489003101616002,0.085383502170767,712.1666666666666,50.1704933,19.1623077,11.3997802734375,1.985099087158839,1.2319179654632622,0.08333333333333333,0.0,0.0
Myśliczyn,0.11279861121406715,0.2049180327868852,252.08333333333334,50.5256192,17.3282587,11.428426106770834,2.3587162295977273,1.3527195193362156,0.08333333333333333,0.0,0.0
Mąkoszyce,0.11680663363477728,0.1785714285714285,83.75,50.9410151,17.6373904,11.997762044270834,1.948101391394933,1.2622559098186479,0.0,0.0,0.0
Męcikał,0.068025527087522,0.0886699507389162,218.58333333333334,53.8197626,17.6664084,10.373738606770834,1.947984645764033,1.5016831008851341,0.08333333333333333,0.0,0.0
Męcka Wola,0.06062486934023224,0.10797180133056265,728.1666666666666,51.6139833,18.8162505,11.6234130859375,1.8912972112496693,1.5089594103460837,0.0,0.0,0.0
Mława,0.14386497943273666,0.2520999468367889,1251.0,53.1116182,20.3831732,10.777058919270834,1.5428093324104946,1.5223496394517642,0.08333333333333333,0.0,0.0
Mława Miasto,0.055419574583067566,0.09791701074414465,645.0,53.1089897,20.3639427,10.777058919270834,1.5428093324104946,1.5223496394517642,0.08333333333333333,0.0,0.0
Młodów,0.06142973631290475,0.0856079404466501,801.4166666666666,50.1607865,23.154051,11.189168294270834,1.9684364795684814,1.3069804170455213,0.08333333333333333,0.0,0.0
Młyńsko,0.13586685434438667,0.2617801047120419,590.6666666666666,54.3783886,18.0959982,9.743367513020834,2.140426596005758,1.810179097492066,0.08333333333333333,0.0,0.0
Mścice,0.08566289122717634,0.13189448441247,488.6666666666667,54.2185923,16.0970023,10.984090169270834,2.0988322099049888,1.9685236118010818,0.0,0.0,0.0
Nadolice Małe,0.040307980611076016,0.049492385786802,776.6666666666666,51.0869562,17.2208876,11.956258138020834,2.0908495088418326,1.2743021683329283,0.0,0.0,0.0
Nadolice Wielkie,0.041043397858859534,0.0502450980392156,776.75,51.0846172,17.2375659,11.956258138020834,2.0908495088418326,1.2743021683329283,0.0,0.0,0.0
Najmowo,0.05004922997159089,0.075,596.0,53.3103759,19.3267763,10.936238606770834,1.763412336508433,1.5798508989114464,0.08333333333333333,0.0,0.0
Nakło nad Notecią,0.10683211801942084,0.2180939226519339,425.0416666666667,53.1386896,17.5998891,11.136433919270834,1.7309827605883281,1.4341325517507595,0.0,0.0,0.0
Nakło Śląskie,0.0037076271186440666,0.0,39.333333333333336,50.4370002,18.9059878,11.179402669270834,2.2184211711088815,1.36206930147241,0.08333333333333333,0.0,0.0
Namysłów,0.07078944328283322,0.0906095551894563,595.25,51.0766258,17.7185619,11.7308349609375,2.019840811689695,1.3254997408150828,0.0,0.0,0.0
Namyślin,0.08133468140461632,0.1088082901554404,402.0833333333333,52.6726604,14.5408208,11.859090169270834,1.6983305911223094,1.3453483461983557,0.0,0.0,0.0
Narzym,0.04484902577937303,0.0545454545454545,539.0833333333334,53.1857005,20.2564601,10.6258544921875,1.5922715763250987,1.5149585342215053,0.08333333333333333,0.0,0.0
Nasielsk,0.08336030369758578,0.18685035842293923,1148.875,52.5867531,20.8130115,11.3978271484375,1.3573159674803417,1.3867457334270175,0.08333333333333333,0.0,0.0
Naterki,0.07149384125212735,0.0957854406130268,505.75,53.7400817,20.3776647,10.5081787109375,1.7292877386013668,1.5615681865434343,0.08333333333333333,0.0,0.0
Nawra,0.05649350112811829,0.0871080139372822,307.3333333333333,53.44857,19.56412,10.730183919270834,1.7958090007305145,1.5808910857514678,0.08333333333333333,0.0,0.0
Nałęczów,0.1216149570388512,0.2017643156583931,1108.5555555555557,51.2876064,22.214792,11.318400065104166,1.6937652329603832,1.2485125795880316,0.08333333333333333,0.0,0.0
Nekla,0.09100060089653832,0.1122778675282714,1257.0,52.3656249,17.4144598,11.514851888020834,1.5282235741615295,1.463707610183729,0.0,0.0,0.0
Nicwałd,0.046807340107993846,0.070631970260223,527.3333333333334,53.4630617,18.8854193,11.004923502604166,1.6621750990549724,1.5670730156094608,0.08333333333333333,0.0,0.0
Nida,0.022697314695356876,0.05,129.33333333333334,50.5625455,20.4688367,11.143269856770834,1.7729518860578537,1.3067520892742912,0.08333333333333333,0.0,0.0
Nidzica,0.11988240504777159,0.1871032408954226,437.27777777777777,53.3613838,20.4275719,10.4281005859375,1.6511069387197495,1.5095950465487655,0.08333333333333333,0.0,0.0
Niedoradz,0.1407717847802686,0.19232183928098928,699.7777777777778,51.8707775,15.6686264,12.027058919270834,1.615508074561755,1.347554248594427,0.0,0.0,0.0
Niedrzwica,0.06749732446668051,0.0889292196007259,531.5833333333334,54.3324972,22.2669586,9.919148763020834,1.7687416970729828,1.3885329333771763,0.08333333333333333,0.0,0.0
Niedrzwica Kościelna,0.07640824581441007,0.098076923076923,531.5,51.0912343,22.3653684,11.204630533854166,1.7525171041488647,1.2978826803574952,0.08333333333333333,0.0,0.0
Niedzieliska-Kolonia,0.23977411406880844,0.4798387096774194,240.58333333333334,50.6937023,23.0389243,11.005411783854166,1.8105468849341075,1.3108445658512091,0.08333333333333333,0.0,0.0
Niedźwiada Łowicka,0.05246078213785734,0.0719298245614035,527.4166666666666,52.1402866,19.8842905,11.625203450520834,1.5304243018229802,1.502825930028452,0.0,0.0,0.0
Niedźwiedź,0.11215851535191675,0.1972264157003822,834.3888888888889,53.83889,20.81536,10.3836669921875,1.7477444012959797,1.4716526223959183,0.08333333333333333,0.0,0.0
Niedźwiedź Wielkopolski,0.05274923008047549,0.09168841782232706,313.6111111111111,51.485947,17.8837268,11.616414388020834,1.996002381046613,1.4344158352090899,0.0,0.0,0.0
Nielep,0.12670854324510641,0.203883495145631,205.66666666666666,53.83837,15.84555,10.735555013020834,2.043803751468659,1.47935074852889,0.0,0.0,0.0
Niemce,0.0689035018429935,0.1097560975609756,326.8333333333333,51.3602767,22.6284194,11.277058919270834,1.6574039459228516,1.3148351511840832,0.08333333333333333,0.0,0.0
Niemojki,0.1230392803118935,0.216503009185936,272.1666666666667,52.2658975,22.6974096,11.0706787109375,1.594208727280299,1.4534531594650035,0.08333333333333333,0.0,0.0
Nieporęt,0.06278803048806825,0.0954221244809725,396.94444444444446,52.4232736,21.0354595,11.671590169270834,1.4414966603120167,1.3184290921467299,0.08333333333333333,0.0,0.0
Nieszawa Waganiec,0.07363128667001632,0.1081409477521263,821.1666666666666,52.8030127,18.8701947,11.3372802734375,1.8243724008401234,1.4068214768893093,0.0,0.0,0.0
Nietkowice,0.19111213001432656,0.2427007299270073,570.6666666666666,52.06721,15.36086,12.0526123046875,1.5890541672706604,1.272710066028107,0.0,0.0,0.0
Nietków,0.11058424494785024,0.1688741721854304,323.0,52.0265368,15.3448986,12.016153971354166,1.5939305673042934,1.2833622745246098,0.0,0.0,0.0
Niewodnica,0.059112698787345236,0.1158238172920065,642.9166666666666,53.0827021,23.0457639,10.719441731770834,1.521434525648753,1.3039131697681625,0.08333333333333333,0.0,0.0
Nikielkowo,0.07490467728143439,0.1138888888888888,361.6666666666667,53.7983477,20.5765285,10.4217529296875,1.76054880519708,1.5169964829322018,0.08333333333333333,0.0,0.0
Nisko,0.08785230635387224,0.156699207696661,351.72222222222223,50.5198985,22.139886,11.650105794270834,1.7528967658678691,1.1686257966461655,0.08333333333333333,0.0,0.0
Nisko Osiedle,0.046868120211278015,0.0888157894736842,284.4166666666667,50.5208723,22.1227534,11.650105794270834,1.7528967658678691,1.1686257966461657,0.08333333333333333,0.0,0.0
Nisko Podwolina,0.05006496859381573,0.0888157894736842,284.4166666666667,50.4954703,22.173458,11.644571940104166,1.7802965939044952,1.1791245532786643,0.08333333333333333,0.0,0.0
Nisko Racławice,0.04970059866422841,0.0888157894736842,284.4166666666667,50.5047533,22.1577681,11.644571940104166,1.7802965939044952,1.1791245532786643,0.08333333333333333,0.0,0.0
Niziny,0.07350686533385098,0.0993303571428571,875.0,50.6783142,20.5151935,11.037312825520834,1.7018550286690395,1.3038937033839268,0.08333333333333333,0.0,0.0
Nosówko,0.11247772552304208,0.1731748726655348,559.9166666666666,54.09154,16.05344,10.928751627604166,2.0197834273179374,1.685023048999259,0.0,0.0,0.0
Nowa Brzeźnica,0.0011216823163725778,0.0,12.555555555555555,51.0790727,19.1800856,11.3817138671875,1.9310618937015533,1.5887731616646437,0.08333333333333333,0.0,0.0
Nowa Dęba,0.15129424918828815,0.21496340471672537,312.77777777777777,50.413485,21.7541268,11.604207356770834,1.7695845415194829,1.1814422693411997,0.08333333333333333,0.0,0.0
Nowa Grobla,0.1631863665551416,0.2865497076023391,104.75,50.0820391,23.0085151,11.2572021484375,1.8871885339419048,1.2985156285946984,0.08333333333333333,0.0,0.0
Nowa Iwiczna,0.057594163710422426,0.08597394696048366,2671.0,52.0909183,21.0016185,11.590047200520834,1.5512365599473317,1.3668077256236062,0.08333333333333333,0.0,0.0
Nowa Ruda,0.18997754048933102,0.4280573314085379,209.75,50.5734953,16.5113781,9.985392252604166,2.202466050783793,1.2448167279318991,0.08333333333333333,0.0,0.0
Nowa Ruda Przedmieście,0.16177383554256586,0.33465608465608465,199.66666666666666,50.588421,16.5160392,9.985392252604166,2.202466050783793,1.244816727931899,0.08333333333333333,0.0,0.0
Nowa Ruda Zdrojowisko,0.2434087159073142,0.3787375415282392,358.8333333333333,50.6120549,16.5095759,9.985392252604166,2.202466050783793,1.2448167279318991,0.08333333333333333,0.0,0.0
Nowa Sarzyna,0.10252959496588077,0.17239698928881594,306.6111111111111,50.3197908,22.3434799,11.5447998046875,1.813880095879237,1.2530156873961997,0.08333333333333333,0.0,0.0
Nowa Sarzyna Kolonia,0.06069918996755779,0.108695652173913,216.91666666666666,50.330909,22.3360519,11.5447998046875,1.813880095879237,1.2530156873961997,0.08333333333333333,0.0,0.0
Nowa Sucha,0.09919756766024947,0.1375722543352601,876.0833333333334,52.1537489,20.1809994,11.564656575520834,1.4849127580722172,1.448330995181182,0.08333333333333333,0.0,0.0
Nowa Sól,0.19711053038819795,0.2860000000000001,746.9583333333334,51.8033431,15.7062381,11.974324544270834,1.675936609506607,1.3712080736860492,0.0,0.0,0.0
Nowa Wieś Cierpkie,0.0798892493064489,0.1487341772151898,327.5,54.0244943,19.6564458,10.566446940104166,1.892740120490392,1.3883539019473778,0.08333333333333333,0.0,0.0
Nowa Wieś Ełcka,0.10204952840060814,0.1451612903225806,182.41666666666666,53.7709904,22.331123,10.4241943359375,1.5440675417582195,1.421766875634866,0.08333333333333333,0.0,0.0
Nowa Wieś Kościelna,0.03104914716182818,0.07031725733771765,308.0,53.084756,21.4125829,11.038289388020834,1.4828511029481888,1.3439181400658513,0.08333333333333333,0.0,0.0
Nowa Wieś Lęborska,0.042658148303309586,0.1677419354838709,59.666666666666664,54.5590669,17.7253699,10.465861002604166,2.0252732584873834,1.7792948512865019,0.08333333333333333,0.0,0.0
Nowa Wieś Wielka,0.045338216088812625,0.09179399852724596,432.05555555555554,54.180841,20.5072054,10.376505533854166,1.8203378766775131,1.4347375824583304,0.08333333333333333,0.0,0.0
Nowawieś Mochy,0.010527104990707697,0.025389733140205657,267.5833333333333,52.0146183,16.2160829,12.017781575520834,1.6134470601876576,1.3959901059456061,0.0,0.0,0.0
Nowe Drezdenko,0.15684527294069583,0.2282971279798226,520.2222222222222,52.8524365,15.8392307,11.608601888020834,1.723415141304334,1.2886315236722519,0.0,0.0,0.0
Nowe Dębe Wielkie,0.11549988531898481,0.1941359395824078,2262.4166666666665,52.1933721,21.4402024,11.466349283854166,1.4981946299473445,1.3238340931558155,0.08333333333333333,0.0,0.0
Nowe Kutnowskie,0.10382113217923428,0.1209677419354838,243.66666666666666,52.2374027,19.2269302,11.4710693359375,1.639807512362798,1.5673943552161846,0.0,0.0,0.0
Nowe Skalmierzyce,0.06616007419207318,0.12321052339764908,270.06666666666666,51.7109127,17.9943345,11.689493815104166,1.873105376958847,1.481304187715683,0.0,0.0,0.0
Nowiny,0.3096312885156756,0.7419354838709677,221.75,54.1864242,22.137397,10.171590169270834,1.730645626783371,1.3689843293274375,0.08333333333333333,0.0,0.0
Nowiny Wielkie,0.17520386021519196,0.2168850072780203,753.75,52.6716168,15.0057794,11.8651123046875,1.6944190313418706,1.2937997782845263,0.0,0.0,0.0
Nowogard,0.13452172299410622,0.35202492211838005,374.05555555555554,53.6687698,15.1225889,11.103719075520834,1.9409879247347515,1.7000765302567071,0.0,0.0,0.0
Nowogród Bobrzański,0.16201578003490846,0.3790983606557377,374.5,51.7986474,15.2365032,12.005574544270834,1.7134900242090225,1.3393332472537889,0.0,0.0,0.0
Nowogród Osiedle,0.14799777239754694,0.375,331.8888888888889,51.7949582,15.2254827,12.005574544270834,1.7134900242090225,1.3393332472537889,0.0,0.0,0.0
Nowosielce,0.04006208119334807,0.07764743865690915,56.44444444444444,50.0585746,22.4024477,11.4417724609375,1.903238331278165,1.3573788127412014,0.08333333333333333,0.0,0.0
Nowy Bieruń,0.0471169041402642,0.0767004341534008,712.1666666666666,50.0730351,19.1853855,11.398152669270834,2.0665218234062195,1.1863166747941347,0.08333333333333333,0.0,0.0
Nowy Dwór Mazowiecki,0.1320073919749959,0.254050225598733,2828.5555555555557,52.4341757,20.7061104,11.707722981770834,1.4084558188915253,1.3495650895680398,0.08333333333333333,0.0,0.0
Nowy Dwór koło Ornety,0.04115191555803583,0.0607287449392712,249.41666666666666,54.146039,20.1424516,10.506062825520834,1.8307351569334667,1.3873784853986775,0.08333333333333333,0.0,0.0
Nowy Jarosław,0.05721023166452959,0.1182795698924731,288.1666666666667,54.39794,16.53138,10.913126627604166,1.9827769895394642,2.1048129623376655,0.0,0.0,0.0
Nowy Las,0.16171300501901106,0.2385786802030456,232.66666666666666,50.3583838,17.4228009,11.392781575520834,2.5380572925011315,1.4139074516816252,0.08333333333333333,0.0,0.0
Nowy Nurzec,0.09465337191166376,0.1669108669108669,282.05555555555554,52.4725867,23.1768754,10.709187825520834,1.7271556456883748,1.4275277923108447,0.08333333333333333,0.0,0.0
Nowy Solec,0.012508801005468927,0.0293294771188954,355.6666666666667,50.5503369,20.9418346,11.1087646484375,1.7417845328648884,1.2809977527151741,0.08333333333333333,0.0,0.0
Nowy Sącz,0.06334500218163433,0.12315432742440041,436.46666666666664,49.6249173,20.691346,10.069051106770834,2.385961721340815,0.8707556580701313,0.08333333333333333,0.0,0.0
Nowy Sącz Biegonice,0.057523776368363456,0.0831265508684863,802.25,49.5859481,20.6603857,10.069051106770834,2.385961721340815,0.8707556580701313,0.08333333333333333,0.0,0.0
Nowy Sącz Dąbrówka,0.061183627560962885,0.0875,802.4166666666666,49.5973061,20.678971,10.069051106770834,2.385961721340815,0.8707556580701313,0.08333333333333333,0.0,0.0
Nowy Sącz Gorzków,0.06754454742165171,0.11045216251638265,360.72222222222223,49.5993051,20.7225316,10.069051106770834,2.385961721340815,0.8707556580701314,0.08333333333333333,0.0,0.0
Nowy Sącz Jamnica,0.0698187699289997,0.11226708074534156,360.72222222222223,49.5874811,20.7432764,10.069051106770834,2.385961721340815,0.8707556580701314,0.08333333333333333,0.0,0.0
Nowy Targ,0.11475370781725218,0.24199588611727835,523.5333333333333,49.4892092,20.0263411,8.985066731770834,2.902535359064738,0.8251830730632543,0.16666666666666666,0.0,0.0
Nowy Tomyśl,0.14441275539517123,0.2438660462619122,866.0416666666666,52.3177643,16.1291553,11.892618815104166,1.553130879998207,1.3595031935805404,0.0,0.0,0.0
Nowy Widzim,0.012403589599512854,0.0293294771188954,355.6111111111111,52.0833346,16.1494599,12.048868815104166,1.5814176102479298,1.3472996675617415,0.0,0.0,0.0
Nowy Zagórz,0.033670831859764085,0.0396825396825396,70.375,49.5211711,22.2591372,10.259806315104166,2.3247980574766793,1.1340389594193654,0.08333333333333333,0.0,0.0
Nowy Łupków,0.05344511068316215,0.18000000000000044,7.916666666666667,49.2548607,22.0857873,8.881551106770834,2.3941695292790732,0.8200867688078054,0.16666666666666666,0.0,0.0
Nowy Świętów,0.06623882824432506,0.1821192052980132,135.41666666666666,50.3707395,17.3599536,11.392781575520834,2.5380572925011315,1.4139074516816252,0.08333333333333333,0.0,0.0
Nurzec,0.11669779082155163,0.19761363636363638,272.2916666666667,52.691738,22.9252755,10.770222981770834,1.6178217828273773,1.403752477136492,0.08333333333333333,0.0,0.0
Nysa,0.12143660551337776,0.28379350014380234,481.0833333333333,50.4738029,17.3324733,11.428426106770834,2.3587162295977273,1.3527195193362156,0.08333333333333333,0.0,0.0
Nysa Wschodnia,0.08885849035012962,0.1367521367521367,472.5,50.4658497,17.3585986,11.506388346354166,2.2844125032424927,1.3617536647736557,0.08333333333333333,0.0,0.0
Nędza,0.08174358736966339,0.12766557766557762,940.5,50.1603307,18.3107667,11.744832356770834,2.002136379480362,1.2741906108843795,0.08333333333333333,0.0,0.0
Nędza Wieś,0.0696854729623224,0.0876993166287015,861.9166666666666,50.1647126,18.3125958,11.744832356770834,2.002136379480362,1.2741906108843792,0.08333333333333333,0.0,0.0
Oborniki Wielkopolskie,0.08109035341694455,0.18357575757575761,580.4166666666666,52.6455252,16.8099756,11.634480794270834,1.5737394839525223,1.3528580373002754,0.0,0.0,0.0
Oborniki Wielkopolskie Miasto,0.15117804522911676,0.2510204081632654,759.625,52.6465603,16.8204642,11.634480794270834,1.5737394839525223,1.3528580373002754,0.0,0.0,0.0
Oborniki Śląskie,0.16506956357544186,0.2621844097387983,1053.375,51.3010662,16.9145509,11.7591552734375,1.9438840250174205,1.338454850050722,0.0,0.0,0.0
Oborzyska Stare,0.0986151820890177,0.1802443956947967,953.4444444444445,52.1104623,16.7012553,11.907918294270834,1.6373006999492645,1.3691565955323284,0.0,0.0,0.0
Obra Stara,0.044503486926026674,0.074074074074074,178.41666666666666,51.8871284,17.4571989,11.6395263671875,1.7573078125715256,1.5326669065314051,0.0,0.0,0.0
Obrowo,0.07577043542887035,0.1034482758620689,361.1666666666667,54.05187,17.08846,10.103068033854166,2.1995596686999,1.7201692321888296,0.08333333333333333,0.0,0.0
Obłaczkowo,0.035667459997253285,0.0854700854700854,494.5833333333333,52.2966783,17.5455648,11.574422200520834,1.5939771234989166,1.4946647740890766,0.0,0.0,0.0
Ociąż,0.08120334911357428,0.13601027842831115,331.6666666666667,51.7035234,17.9333058,11.654012044270834,1.873542805512746,1.4834479037166264,0.0,0.0,0.0
Odolanów,0.08464875114438888,0.12474340175953075,311.05555555555554,51.5742177,17.673514,11.7523193359375,1.9519042670726776,1.4510041590822211,0.0,0.0,0.0
Ognica,0.165228032600359,0.2926829268292683,338.6666666666667,53.08091,14.3704999,11.547403971354166,1.8025831480820973,1.409936623404695,0.0,0.0,0.0
Ograszka,0.07554790731501783,0.093655589123867,319.0,52.91762,19.01536,11.230672200520834,1.7994588911533356,1.4198092617847626,0.08333333333333333,0.0,0.0
Ogrodniki,0.030662213213072536,0.0632183908045977,512.0833333333334,52.773539,23.3000559,10.6414794921875,1.658872018257777,1.3544187102381684,0.08333333333333333,0.0,0.0
Okmiany,0.10309343801510062,0.1509661835748792,816.0833333333334,51.2615543,15.7860835,11.7498779296875,1.776377280553182,1.349119925193551,0.0,0.0,0.0
Okonek,0.26399768155265346,0.3737113402061855,368.75,53.5347646,16.8516192,10.547892252604166,1.901211788256963,1.4572651432906103,0.08333333333333333,0.0,0.0
Okrzeja,0.06282404646991142,0.1083591331269349,326.0,51.7415091,22.0880683,11.3568115234375,1.5777301987012227,1.2573639243314376,0.08333333333333333,0.0,0.0
Okrąglica,0.15873375290669936,0.3412698412698413,141.66666666666666,50.4614295,20.7288439,11.2039794921875,1.7724626163641612,1.264188991229638,0.08333333333333333,0.0,0.0
Okuninka Białe,0.010416666666666666,0.0,7.333333333333333,51.5124294,23.5395549,11.209187825520834,1.6131363014380138,1.4453141450768705,0.08333333333333333,0.0,0.0
Olecko,0.0,0.0,0.25,54.0398024,22.4934246,10.084513346354166,1.600144664446513,1.4137249337198636,0.08333333333333333,0.0,0.0
Olesno Śląskie,0.11463099773716981,0.1916256694482501,402.77777777777777,50.8820722,18.4248341,11.4344482421875,2.0584022402763367,1.4422831526597626,0.08333333333333333,0.0,0.0
Oleszyce,0.1634171654084229,0.2832369942196532,104.91666666666667,50.1682003,23.0314836,11.2493896484375,1.8686269621054332,1.2657740894976945,0.08333333333333333,0.0,0.0
Oleśnica,0.07549365249213401,0.11770020688358095,483.3,51.2095314,17.3804559,11.725138346354166,2.0503345131874084,1.3169989257839583,0.0,0.0,0.0
Oleśnica Rataje,0.12952187352138106,0.1921905005761106,564.875,51.2165073,17.3646194,11.725138346354166,2.0503345131874084,1.316998925783958,0.0,0.0,0.0
Olkusz,0.06478078998350371,0.0922266139657444,787.8333333333334,50.2788158,19.5596307,10.612345377604166,2.1497327287991843,1.33102499350645,0.08333333333333333,0.0,0.0
Olszanica,0.018141053353237718,0.0390625,118.16666666666667,52.8600022,23.0855513,10.727254231770834,1.6079031974077225,1.339858492000254,0.08333333333333333,0.0,0.0
Olszanka,0.10203771448968073,0.1732283464566929,251.75,54.0984069,23.4018277,10.0526123046875,1.4491511782010396,1.4576037008529992,0.08333333333333333,0.0,0.0
Olszewka,0.028484590497770197,0.07152405532393616,307.8888888888889,52.81851,22.8694002,10.7703857421875,1.5964786758025487,1.3808339580191868,0.08333333333333333,0.0,0.0
Olsztyn Dajtki,0.06629699625568881,0.1043360433604336,699.75,53.7658388,20.438376,10.469930013020834,1.761596252520879,1.5732296398958499,0.08333333333333333,0.0,0.0
Olsztyn Gutkowo,0.0489311182808245,0.0817610062893081,629.0,53.8088286,20.4036807,10.469930013020834,1.761596252520879,1.5732296398958499,0.08333333333333333,0.0,0.0
Olsztyn Główny,0.08193510580467245,0.1308188060802489,2177.1666666666665,53.785741,20.4976658,10.4407958984375,1.761093646287918,1.545050428705504,0.08333333333333333,0.0,0.0
Olsztyn Jezioro Ukiel,0.05451312230527717,0.0922330097087378,628.5833333333334,53.7837045,20.4496721,10.469930013020834,1.761596252520879,1.5732296398958499,0.08333333333333333,0.0,0.0
Olsztyn Likusy,0.05120108806151061,0.0864779874213836,628.5833333333334,53.7895176,20.4449467,10.469930013020834,1.761596252520879,1.5732296398958499,0.08333333333333333,0.0,0.0
Olsztyn Redykajny,0.05237386451622009,0.0849056603773584,628.5,53.7965237,20.4353208,10.469930013020834,1.761596252520879,1.5732296398958499,0.08333333333333333,0.0,0.0
Olsztyn Zachodni,0.08952456380514437,0.1425622292882341,1702.388888888889,53.7787258,20.4691011,10.4407958984375,1.761093646287918,1.545050428705504,0.08333333333333333,0.0,0.0
Olsztyn Śródmieście,0.05583920978148509,0.0886446886446886,1388.6666666666667,53.7827386,20.4825727,10.4407958984375,1.761093646287918,1.545050428705504,0.08333333333333333,0.0,0.0
Olsztynek,0.1037760592959582,0.17393119747899155,439.1111111111111,53.5834201,20.2816198,10.4256591796875,1.7410522202650707,1.5788761291533098,0.08333333333333333,0.0,0.0
Olszyna Lubańska,0.1348594129650171,0.3062146607431341,420.55555555555554,51.06969,15.3806451,10.6976318359375,2.3713303605715432,1.478645714970886,0.08333333333333333,0.0,0.0
Olszyny,0.12325568182075408,0.1935483870967742,182.66666666666666,53.8173344,17.7880205,10.375040690104166,1.9218731423219044,1.5035727068587563,0.08333333333333333,0.0,0.0
Olza,0.126771150875623,0.1627906976744186,591.5833333333334,49.9513664,18.3455348,11.5340576171875,2.068732480208079,1.3106340869785809,0.08333333333333333,0.0,0.0
Opalenica,0.14712458803226125,0.24858064516129033,907.7083333333334,52.3088119,16.4124256,11.830607096354166,1.5558658440907795,1.3446276887258837,0.0,0.0,0.0
Opatówek,0.10181524629552867,0.18833333333333338,256.875,51.7394437,18.2137254,11.709187825520834,1.8540061314900715,1.4986245334209312,0.0,0.0,0.0
Opoczno,0.027675778431042273,0.041841736694677806,371.8888888888889,51.3782439,20.2931754,11.1312255859375,1.733759010831515,1.559021084157862,0.08333333333333333,0.0,0.0
Opoczno Południe,0.1521717932584151,0.2820686064867164,639.1666666666666,51.3591831,20.2324376,11.1844482421875,1.705470710992813,1.5584755002913646,0.08333333333333333,0.0,0.0
Opole Borki,0.09201213641431029,0.1309523809523809,83.83333333333333,50.7425203,17.8821606,11.928263346354166,1.9803477575381596,1.2606585145833031,0.0,0.0,0.0
Opole Chmielowice,0.11509195152657758,0.1677018633540372,474.3333333333333,50.6446555,17.8668044,11.833048502604166,1.997026840845744,1.2551802530408287,0.0,0.0,0.0
Opole Czarnowąsy,0.08913209978427367,0.1309523809523809,83.83333333333333,50.7164289,17.9031749,11.928263346354166,1.9803477575381596,1.2606585145833031,0.0,0.0,0.0
Opole Gosławice,0.038116346127771934,0.0555555555555555,315.25,50.6734251,17.9875353,11.914265950520834,1.9894400089979172,1.2876053293539391,0.0,0.0,0.0
Opole Groszowice,0.12854167320523716,0.1759425493716337,1629.0,50.6365094,17.9547075,11.842488606770834,2.014338274796804,1.2778178617383216,0.0,0.0,0.0
Opole Grotowice,0.15347178681497656,0.2027777777777777,1032.1666666666667,50.6097222,17.9759959,11.842488606770834,2.014338274796804,1.2778178617383216,0.0,0.0,0.0
Opole Główne,0.17638875952240707,0.3108822264579326,3444.5555555555557,50.6616475,17.9272072,11.928263346354166,1.9803477575381596,1.260658514583303,0.0,0.0,0.0
Opole Wschodnie,0.12061830410097896,0.20139639639639634,75.33333333333333,50.6744569,17.9343091,11.928263346354166,1.9803477575381596,1.260658514583303,0.0,0.0,0.0
Opole Zachodnie,0.14526615133507256,0.201863354037267,1618.0833333333333,50.6608418,17.8984397,11.928263346354166,1.9803477575381596,1.2606585145833031,0.0,0.0,0.0
Orlanka,0.10344137792745804,0.1397849462365591,367.1666666666667,52.8179039,23.2578848,10.6414794921875,1.658872018257777,1.3544187102381684,0.08333333333333333,0.0,0.0
Orneta,0.027166943521018554,0.0536694572153983,166.38888888888889,54.1155533,20.1303378,10.506062825520834,1.8307351569334667,1.3873784853986775,0.08333333333333333,0.0,0.0
Orzechowicze,0.12722846489913278,0.1792114695340501,556.5,52.8133413,23.1483354,10.731486002604166,1.6327425042788188,1.3649008544295975,0.08333333333333333,0.0,0.0
Orzechowo,0.03245106499082219,0.0769230769230769,494.5833333333333,53.5620811,20.4468548,10.460652669270834,1.7169172962506611,1.553810866665927,0.08333333333333333,0.0,0.0
Orzesze,0.08751102735415822,0.1194762684124386,1211.0833333333333,50.1438909,18.7755707,11.323771158854166,2.063716063896815,1.3196571449466714,0.08333333333333333,0.0,0.0
Orzesze Jaśkowice,0.08915493593163352,0.131321370309951,1205.5833333333333,50.1447994,18.740753,11.357625325520834,2.070289373397827,1.334891827800562,0.08333333333333333,0.0,0.0
Orzeszkowo,0.060262970523744464,0.0868263473053892,325.4166666666667,52.683168,23.5400382,10.5081787109375,1.6796255906422932,1.3753766209838112,0.08333333333333333,0.0,0.0
Orzeszków,0.15681779661757217,0.236758078926683,744.3333333333334,51.9586369,19.0539305,11.564493815104166,1.7010646263758342,1.5463034731721883,0.0,0.0,0.0
Orłowice,0.07182088515134603,0.1267942583732057,465.0,50.9312032,15.354066,8.913126627604166,2.8195979793866477,1.2807457886194442,0.16666666666666666,0.0,0.0
Osetnica,0.109231641242789,0.1642512077294686,816.0833333333334,51.2582671,15.8699097,11.764851888020834,1.759688009818395,1.3482715678515085,0.0,0.0,0.0
Osie,0.06943314164604793,0.1263157894736842,272.1666666666667,53.5983538,18.3475463,10.6907958984375,1.7688400944073994,1.5316690907573547,0.08333333333333333,0.0,0.0
Osielec,0.1373618505273059,0.2562778079218665,311.8333333333333,49.6716358,19.7668341,9.574259440104166,2.8301802476247153,0.9565931757956095,0.08333333333333333,0.0,0.0
Osina,0.11802543056946997,0.1819757365684575,543.3333333333334,53.02129,15.18372,11.358927408854166,1.8809278508027394,1.444423992894624,0.0,0.0,0.0
Osola,0.13854090951369166,0.1776794550852884,757.1666666666666,51.3353945,16.8662611,11.7591552734375,1.9438840250174205,1.338454850050722,0.0,0.0,0.0
Osowiec,0.10594584268414117,0.18398006945492978,266.3333333333333,52.9271718,22.2601325,10.899943033854166,1.4706936031579971,1.4075178408814124,0.08333333333333333,0.0,0.0
Osowiec Przystanek,0.038101888194574364,0.0571428571428571,315.25,50.7528696,18.0434195,11.8729248046875,1.9896548241376877,1.307359736294997,0.0,0.0,0.0
Osowiec Śląski,0.03595107977573542,0.0571428571428571,315.25,50.75319,18.02243,11.8729248046875,1.9896548241376877,1.307359736294997,0.0,0.0,0.0
Ostaszewo Toruńskie,0.08247790069057742,0.1162790697674418,850.75,53.1103586,18.6272817,11.177449544270834,1.7208012243111928,1.4240814049071835,0.0,0.0,0.0
Ostromecko,0.03686814268474802,0.08029628825700015,210.83333333333334,53.1454846,18.2101367,11.275431315104166,1.6983315149943035,1.3917193964345291,0.0,0.0,0.0
Ostrowie Biebrzańskie,0.09414857525749866,0.1521739130434782,228.83333333333334,53.719517,23.2440023,10.274454752604166,1.5119195530811946,1.4012291641902497,0.08333333333333333,0.0,0.0
Ostrowiec Świętokrzyski,0.10148448709377138,0.17338709677419356,573.3333333333334,50.9398768,21.38743,11.0980224609375,1.821517248948415,1.3291570246911129,0.08333333333333333,0.0,0.0
Ostrowite koło Jabłonowa,0.1139373100274838,0.1720116618075801,371.5,53.4331241,19.2672606,10.884318033854166,1.738482693831126,1.5810812530386211,0.08333333333333333,0.0,0.0
Ostrowy,0.07764412928857536,0.1082474226804123,390.1666666666667,53.7825055,17.7801926,10.375040690104166,1.9218731423219044,1.5035727068587563,0.08333333333333333,0.0,0.0
Ostrołęka,0.03277086878409884,0.08371632329635496,476.3333333333333,53.0779641,21.5748428,11.090372721354166,1.4567725261052449,1.3620450500380388,0.08333333333333333,0.0,0.0
Ostrzeszów,0.07071017649145604,0.1625312151320334,336.8333333333333,51.4257664,17.9331788,11.4866943359375,2.0279883493979773,1.4229090917503313,0.0,0.0,0.0
Ostróda,0.11003391834879891,0.19946423561929574,638.7222222222222,53.7028533,19.9623028,10.5906982421875,1.8210270702838898,1.5900196391405899,0.08333333333333333,0.0,0.0
Ostrów Wielkopolski,0.09786401717646537,0.1888459881226699,1184.4666666666667,51.6471864,17.8037607,11.704630533854166,1.9536818514267604,1.4507083735918256,0.0,0.0,0.0
Ostrów Wielkopolski Gorzyce,0.04996050923747525,0.0797872340425532,401.5833333333333,51.6474864,17.7314625,11.7523193359375,1.9519042670726776,1.4510041590822211,0.0,0.0,0.0
Ostrów koło Radymna,0.06888603828640472,0.1082589285714285,874.8333333333334,49.954353,22.7835876,11.436238606770834,1.9150683134794235,1.3608700569674737,0.08333333333333333,0.0,0.0
Ostrówek Węgrowski,0.03466180388300492,0.0508474576271186,1140.75,52.5596759,21.7506923,11.3480224609375,1.4228522032499313,1.3479239925291664,0.08333333333333333,0.0,0.0
Ostrówki koło Chodzieży,0.16593638059552215,0.2558149804051443,566.4444444444445,52.9332242,16.9267526,11.300496419270834,1.6109774907430012,1.3478994836190579,0.0,0.0,0.0
Otmice,0.1003887992720427,0.1433224755700325,597.6666666666666,50.5579208,18.1502056,11.709025065104166,2.014845833182335,1.3166364650650924,0.08333333333333333,0.0,0.0
Otmuchów,0.1934583237264487,0.38838557993730405,76.70833333333333,50.465351,17.1730499,11.3431396484375,2.4312022825082145,1.3447031102109008,0.08333333333333333,0.0,0.0
Otmuchów Jezioro,0.25479487294637776,0.4090909090909091,37.0,50.4815878,17.1089827,11.114786783854166,2.480103542407354,1.3536020447945767,0.08333333333333333,0.0,0.0
Otoczna,0.09567617704809571,0.125,1098.1666666666667,52.330401,17.6963803,11.619344075520834,1.6283692866563797,1.5248084501965227,0.0,0.0,0.0
Otomino,0.015165408321981625,0.0295698924731182,295.9166666666667,54.32834,18.37678,9.9725341796875,2.017564038435618,1.8246561818088904,0.08333333333333333,0.0,0.0
Otusz,0.13177563623926836,0.26320346320346316,926.2222222222222,52.3552224,16.5719822,11.739298502604166,1.5164169023434322,1.3386733959793928,0.0,0.0,0.0
Otwock,0.09204868745655413,0.2166771812634009,2496.8333333333335,52.1161661,21.293459,11.6297607421875,1.5104141980409622,1.3189775644169066,0.08333333333333333,0.0,0.0
Otwock Śródborów,0.08537783606170586,0.111913357400722,1708.25,52.1012224,21.294376,11.6297607421875,1.5104141980409622,1.3189775644169066,0.08333333333333333,0.0,0.0
Otwock Świder,0.05157182002292403,0.0813242515955421,2894.722222222222,52.1210036,21.2516158,11.6297607421875,1.5104141980409622,1.3189775644169068,0.08333333333333333,0.0,0.0
Otłoczyn,0.07706265345870279,0.1137440758293838,821.1666666666666,52.9073321,18.7283081,11.275431315104166,1.7866233885288239,1.393024893184384,0.0,0.0,0.0
Owińska,0.04218622354318288,0.0611916264090177,1166.75,52.5139261,16.9725174,11.600301106770834,1.5396816382805507,1.3676605336820857,0.0,0.0,0.0
Ozimek,0.10030762857882922,0.17913105413105404,342.77777777777777,50.6789196,18.2125227,11.761433919270834,1.9982825915018718,1.3474812905984672,0.08333333333333333,0.0,0.0
Ozorków,0.09400770817155922,0.16077041973623457,726.0833333333334,51.9587654,19.2893064,11.5828857421875,1.6623030106226604,1.5576234696573756,0.0,0.0,0.0
Ozorków Nowe Miasto,0.061821842462366966,0.0989639677124074,625.2222222222222,51.9589092,19.2696778,11.5828857421875,1.6623030106226604,1.5576234696573756,0.0,0.0,0.0
Oława,0.1418831206569259,0.26246773063598233,1234.2083333333333,50.9431901,17.2957066,12.0018310546875,2.008802503347397,1.2349245229435473,0.0,0.0,0.0
Oświęcim,0.10393689737211076,0.2982749661556975,1028.1666666666667,50.0382443,19.2214053,11.199422200520834,2.2928183376789093,1.1770974360057085,0.08333333333333333,0.0,0.0
Ożarów Mazowiecki,0.1014811235722705,0.1383147853736089,2367.5833333333335,52.2080548,20.7941606,11.6204833984375,1.5221293071905773,1.3957877875769167,0.08333333333333333,0.0,0.0
Pabianice,0.09290867503842506,0.19241685435025035,812.2666666666667,51.6662312,19.3592547,11.278361002604166,1.7947345773379009,1.5221139020850531,0.08333333333333333,0.0,0.0
Pabianice Północne,0.06541745002735909,0.12687350835322198,714.1666666666666,51.6698569,19.3418744,11.364298502604166,1.7991670568784077,1.5045740584423732,0.08333333333333333,0.0,0.0
Pacholęta,0.07228478600357534,0.098876404494382,465.4166666666667,53.16108,14.48466,11.487996419270834,1.8172831386327744,1.4776313172933173,0.0,0.0,0.0
Paczkowo,0.06839860641370103,0.0904729266620973,1391.0,53.7159368,19.1060799,10.757527669270834,1.7471530139446259,1.5406626531423584,0.08333333333333333,0.0,0.0
Paczków,0.188976653600359,0.3946764946764947,76.625,50.4642876,17.0063856,10.8304443359375,2.500999614596367,1.3604670509925196,0.08333333333333333,0.0,0.0
Paczyna,0.1102350238550116,0.1421319796954314,565.5833333333334,50.4112564,18.5637802,11.460164388020834,2.177876969178518,1.3322352712419596,0.08333333333333333,0.0,0.0
Padew,0.023340873709913463,0.0390243902439024,196.5,50.4342004,21.5059447,11.660847981770834,1.7877242068449657,1.1732475933898552,0.08333333333333333,0.0,0.0
Pakosławice,0.10865904022618651,0.2008196721311475,252.0,50.5454523,17.3618971,11.506388346354166,2.2844125032424927,1.3617536647736557,0.08333333333333333,0.0,0.0
Pakość,0.0,0.0,0.2777777777777778,52.8073319,18.0899612,11.275919596354166,1.7291641930739086,1.3994782268217452,0.0,0.0,0.0
Palędzie,0.14768690802312087,0.3614093959731552,695.5416666666666,52.3701023,16.7364634,11.715535481770834,1.5130988905827205,1.3338287688664554,0.0,0.0,0.0
Pamiątkowo,0.06816821180933574,0.1294098263991259,865.8333333333334,52.5541859,16.6824744,11.655476888020834,1.573248063524564,1.3480894509132986,0.0,0.0,0.0
Panki,0.03102714026826001,0.0469314079422382,173.88888888888889,50.88296,18.7455,11.3294677734375,2.0935540795326233,1.5354279891078233,0.08333333333333333,0.0,0.0
Panowice,0.2172933450567082,0.2846975088967972,280.75,52.3582535,15.7301965,11.882527669270834,1.5634369005759556,1.330382355297296,0.0,0.0,0.0
Papowo Toruńskie,0.0947523169490531,0.1174242424242424,525.0,53.0784957,18.6590062,11.145711263020834,1.747384250164032,1.4436884879831247,0.0,0.0,0.0
Parciaki,0.028873827846577525,0.0675765998279399,307.8888888888889,53.20069,21.12246,10.926472981770834,1.5129759808381398,1.3100350335565125,0.08333333333333333,0.0,0.0
Parczew,0.10889293130305736,0.18272677143644883,297.3888888888889,51.639,22.9,11.366251627604166,1.6034763157367706,1.31965837876887,0.08333333333333333,0.0,0.0
Parczew Kolejowa,0.04788987502117029,0.0670731707317073,325.3333333333333,51.6344928,22.8809691,11.366251627604166,1.6034763157367706,1.3196583787688703,0.08333333333333333,0.0,0.0
Parkowo,0.15403246803484455,0.2695821606408313,676.1111111111111,52.7037504,16.9164907,11.565633138020834,1.6131068170070648,1.383070869329677,0.0,0.0,0.0
Parlin,0.0970394862033454,0.1264205680535047,493.6666666666667,52.4198458,20.3194209,11.6014404296875,1.3751029868920643,1.412140190786648,0.08333333333333333,0.0,0.0
Parzniew,0.05714794433513496,0.0775917578879587,2884.6666666666665,52.1522223,20.7627777,11.6204833984375,1.5221293071905773,1.3957877875769167,0.08333333333333333,0.0,0.0
Parłówko,0.062386148944175955,0.0847784200385356,502.0833333333333,53.8339422,14.7525788,11.2923583984375,1.962483157714208,1.8801024039884362,0.0,0.0,0.0
Pasieki,0.03981459284455454,0.0687418936446173,669.5,50.4413044,23.3409802,10.835164388020834,1.995671143134435,1.3249945999018922,0.08333333333333333,0.0,0.0
Pasikurowice,0.05217116465234569,0.104089219330855,839.3333333333334,51.2106209,17.1051971,11.8050537109375,2.0384293844302497,1.2964250275302434,0.0,0.0,0.0
Pasym,0.07637953959107512,0.1167048054919908,453.5833333333333,53.6521615,20.7917422,10.4193115234375,1.7006365259488423,1.4582484342422093,0.08333333333333333,0.0,0.0
Pasłęk,0.12283710328628608,0.21448704755939324,423.1666666666667,54.0626346,19.6565365,10.7205810546875,1.8634568552176158,1.3698502006989264,0.08333333333333333,0.0,0.0
Patków,0.10086999583668586,0.18675902950096496,281.94444444444446,51.4447573,21.5741222,11.372599283854166,1.6602848172187805,1.1959934265159304,0.08333333333333333,0.0,0.0
Patrzyków,0.08745370835313154,0.1522309711286089,617.4166666666666,52.2321191,18.3526858,11.617390950520834,1.7040631969769795,1.4714907018768784,0.0,0.0,0.0
Pawonków,0.09402356902356901,0.1875,18.833333333333332,50.69491,18.5823,11.397664388020834,2.09618416428566,1.4737958984061634,0.08333333333333333,0.0,0.0
Pawłowice,0.04117936223923837,0.0666666666666666,448.25,51.8511124,20.6161082,11.148152669270834,1.689896821975708,1.3854082661397722,0.08333333333333333,0.0,0.0
Pawłowice Śląskie Centrum,0.1435136039611675,0.1944444444444444,47.916666666666664,49.9637844,18.7249041,11.3167724609375,2.2381909588972726,1.3368161349361785,0.08333333333333333,0.0,0.0
Pawłów Wielkopolski,0.11867376062985426,0.149390243902439,326.3333333333333,51.4218494,17.6547216,11.599650065104166,2.016191298762957,1.3943714423193085,0.0,0.0,0.0
Pawłówek,0.08227155922348302,0.1135303265940902,651.25,51.7960227,18.0760075,11.707234700520834,1.7911648054917653,1.5136738258836082,0.0,0.0,0.0
Pałecznica,0.06769516382044517,0.1104294478527607,325.1666666666667,50.2904698,20.3009621,11.168497721354166,1.8664917548497517,1.2614554665531472,0.08333333333333333,0.0,0.0
Pelplin,0.10886459223199052,0.20602146690518783,375.4583333333333,53.9283217,18.6978494,10.808634440104166,1.6926246881484985,1.5688471388833587,0.08333333333333333,0.0,0.0
Perkowice,0.030466609554973257,0.0647773279352226,512.0833333333334,52.0028459,23.2859061,11.120646158854166,1.569908966620763,1.5080328630762503,0.08333333333333333,0.0,0.0
Perkowo,0.02027502726841479,0.0343511450381679,533.25,52.0043914,16.258864,11.970743815104166,1.623710850874583,1.3952328830805814,0.0,0.0,0.0
Petrovice u Karvine,0.25329177022746896,0.44361591695501734,130.4,,,,,,,,
Petrykozy,0.03362378075829062,0.0644528320751887,296.44444444444446,52.7722634,19.8747751,11.074747721354166,1.5968424876530964,1.470512450220094,0.08333333333333333,0.0,0.0
Pewel Mała,0.055208333333333325,0.1111111111111111,13.166666666666666,49.6628216,19.2795105,9.4373779296875,2.964206635951996,0.972345994664463,0.08333333333333333,0.0,0.0
Pewel Wielka,0.055787037037037024,0.1111111111111111,13.166666666666666,49.6606383,19.3500801,9.219278971354166,2.922577440738678,0.9661468451387836,0.08333333333333333,0.0,0.0
Pewel Wielka Centrum,0.05057870370370369,0.1111111111111111,13.166666666666666,49.6606244,19.3524706,9.219278971354166,2.922577440738678,0.9661468451387836,0.08333333333333333,0.0,0.0
Pełkinie,0.08079291612688695,0.1221449851042701,960.5833333333334,50.0642731,22.6170542,11.4993896484375,1.9003642549117405,1.3505172393899683,0.08333333333333333,0.0,0.0
Piasecznica,0.10286337612800513,0.1277156023699802,1572.0833333333333,52.2100168,20.344358,11.5775146484375,1.5049324333667755,1.4445239626830648,0.08333333333333333,0.0,0.0
Piaseczno,0.08802273447698689,0.1762039438774549,2386.6666666666665,52.0747377,21.0270885,11.590047200520834,1.5512365599473317,1.3668077256236062,0.08333333333333333,0.0,0.0
Piasek,0.2362368927109607,0.3052109181141439,1596.5,54.2732968,20.6224769,10.300821940104166,1.848669946193695,1.4007618792892689,0.08333333333333333,0.0,0.0
Piastoszyn,0.05539476693533519,0.0855106888361045,365.8333333333333,53.6283085,17.7357704,10.470906575520834,1.8987167676289876,1.5212940849133358,0.08333333333333333,0.0,0.0
Piastów,0.04328137153355817,0.0694886809969292,3393.3333333333335,52.185552,20.847642,11.6204833984375,1.5221293071905773,1.3957877875769165,0.08333333333333333,0.0,0.0
Piechcin,0.041666666666666664,0.0,0.16666666666666666,52.82604,18.04092,11.2640380859375,1.7160371740659077,1.4208743008147386,0.0,0.0,0.0
Piechowice,0.1179279988085661,0.19887444882803434,286.625,50.8494747,15.5976047,7.983113606770833,3.0151071349779763,1.1299847331317499,0.16666666666666666,0.0,0.0
Piechowice Dolne,0.11108183589927811,0.1605263157894736,389.75,50.8494444,15.6119444,7.983113606770833,3.0151071349779763,1.1299847331317499,0.16666666666666666,0.0,0.0
Pieczyska,0.012070105820105818,0.0,0.7777777777777778,51.922235,21.0196681,11.530965169270834,1.6161547303199768,1.2807191098393265,0.08333333333333333,0.0,0.0
Piekoszów,0.059950770287460986,0.0911808669656203,697.75,50.881422,20.4642464,10.890665690104166,1.790336896975835,1.3981765139400164,0.08333333333333333,0.0,0.0
Pieniężno,0.024704579202904416,0.053571123524487896,166.33333333333334,54.2385662,20.1258163,10.522501627604166,1.8768399953842163,1.3861806440766056,0.08333333333333333,0.0,0.0
Pierwoszów Miłocin,0.04914399981551887,0.0966542750929368,647.0833333333334,51.2552194,17.0989112,11.7332763671875,1.984739288687706,1.322949065241754,0.0,0.0,0.0
Pierzchno,0.06749024316736178,0.1102150537634408,906.6666666666666,52.2060264,17.3463814,11.739949544270834,1.6065226644277573,1.4546326582977456,0.0,0.0,0.0
Pierzyska,0.08977862774787458,0.1531906689801426,916.8888888888889,52.5044355,17.4813978,11.437703450520834,1.5945840328931808,1.4962279938737286,0.0,0.0,0.0
Pierściec,0.16674334787254097,0.2169811320754717,448.4166666666667,49.8358816,18.8198942,10.767781575520834,2.642665276924769,1.247828441825194,0.08333333333333333,0.0,0.0
Piesienice,0.15589624581077843,0.1927162367223065,686.75,53.9650206,18.3956491,10.279337565104166,1.8382229804992676,1.6465969050259384,0.08333333333333333,0.0,0.0
Pietrzykowice Żywieckie,0.14361628297639203,0.2297939778129952,1133.0,49.7099014,19.1720786,9.472696940104166,3.0021185676256814,1.0051653895208967,0.08333333333333333,0.0,0.0
Pieńki Dubidzkie,0.0011216823163725778,0.0,12.555555555555555,51.1059465,19.1271133,11.3792724609375,1.9562510351339977,1.5827985334947483,0.08333333333333333,0.0,0.0
Pieńsk,0.12625131324543545,0.23644501278772379,504.3333333333333,51.2457834,15.0449871,11.2088623046875,1.998150646686554,1.4211378776013441,0.0,0.0,0.0
Pikus,0.08426332983101868,0.1149674620390455,475.5833333333333,53.6584876,19.7388532,10.668172200520834,1.8797118663787842,1.5509845296005256,0.08333333333333333,0.0,0.0
Pilawa,0.1448998896383125,0.24376774034308274,1429.3333333333333,51.9595452,21.5271524,11.4788818359375,1.5320571959018707,1.2900678548751052,0.08333333333333333,0.0,0.0
Pilchów,0.0949131113359863,0.1387096774193548,303.3333333333333,50.6175147,22.0233945,11.598185221354166,1.7634660601615906,1.177585199349177,0.08333333333333333,0.0,0.0
Pinczyn,0.15538321545605963,0.1930091185410334,686.75,53.9602589,18.3490498,10.220418294270834,1.8443393210570018,1.6613932002891183,0.08333333333333333,0.0,0.0
Pionki,0.05159345532076134,0.0739910313901345,884.6666666666666,51.4730031,21.4438404,11.4305419921875,1.5952217082182567,1.232867367210485,0.08333333333333333,0.0,0.0
Pionki Zachodnie,0.10222588932484081,0.1777236050523194,869.3333333333334,51.4719333,21.4412572,11.4305419921875,1.5952217082182567,1.232867367210485,0.08333333333333333,0.0,0.0
Piotrków Kujawski,0.3575138891421555,0.5161290322580645,61.0,52.55057,18.49872,11.4202880859375,1.7740812798341115,1.4233759158280674,0.0,0.0,0.0
Piotrków Trybunalski,0.11655250965808293,0.2284031467410515,982.75,51.4082625,19.696167,11.174519856770834,1.817731112241745,1.5513768018497707,0.08333333333333333,0.0,0.0
Pisz,0.13726256234143996,0.2009310134310134,202.72222222222223,53.6290631,21.8082539,10.630900065104166,1.5819720824559529,1.3312172252649208,0.08333333333333333,0.0,0.0
Pisz Wschodni,0.11700822926123194,0.1666666666666666,182.5,53.6273868,21.8300627,10.630900065104166,1.5819720824559529,1.3312172252649208,0.08333333333333333,0.0,0.0
Piwniczna,0.03788258226248439,0.07898798914246435,534.5555555555555,49.4406462,20.7142303,8.9671630859375,2.033910642067591,0.7412045442325641,0.16666666666666666,0.0,0.0
Piwniczna-Zdrój,0.054101242741097046,0.12161448140900193,378.23333333333335,49.4406462,20.7142303,8.9671630859375,2.033910642067591,0.7412045442325642,0.16666666666666666,0.0,0.0
Piła Fabryczna,0.06673397135769474,0.12875582313780484,302.55555555555554,53.1391349,16.7720269,11.230997721354166,1.6847534328699112,1.3401956677774514,0.0,0.0,0.0
Piła Główna,0.12614764503430048,0.27778451791190645,1124.5,53.1430744,16.7448031,11.255086263020834,1.6836302628119786,1.3157372268076923,0.0,0.0,0.0
Piła Kalina,0.15164780593702573,0.2745214195600899,566.0555555555555,53.1013607,16.788059,11.230997721354166,1.6847534328699112,1.3401956677774514,0.0,0.0,0.0
Piła Podlasie,0.10173360507123115,0.1306990881458966,350.9166666666667,53.1628885,16.7770719,11.060099283854166,1.7455774992704391,1.3708190238635247,0.0,0.0,0.0
Piława Górna,0.20926611052154973,0.2673684210526316,450.0,50.6829153,16.751068,10.891642252604166,2.138582011063894,1.2877234519202572,0.08333333333333333,0.0,0.0
Platerów,0.09838710484020398,0.1797313797313797,282.0,52.3019807,22.8184308,11.027547200520834,1.6306299368540447,1.4465554338970155,0.08333333333333333,0.0,0.0
Plavec,0.028356481481481472,0.125,15.333333333333334,,,,,,,,
Pleszew,0.10304188885665194,0.1855656208572691,699.6666666666666,51.8960985,17.7865673,11.711629231770834,1.7441988388697307,1.5289206141223144,0.0,0.0,0.0
Pliszka,0.19419476233483568,0.2445255474452554,570.8333333333334,52.2233965,15.0497127,12.154500325520834,1.6201057185729344,1.2634671566837503,0.0,0.0,0.0
Pludry,0.09865319865319865,0.1875,18.833333333333332,50.6687596,18.4729341,11.487019856770834,2.0648823777834573,1.437313300483437,0.08333333333333333,0.0,0.0
Pobiedziska,0.08228579219234139,0.1366992787259874,749.25,52.4773387,17.2870352,11.471232096354166,1.5553747316201527,1.445449323692477,0.0,0.0,0.0
Pobiedziska Letnisko,0.0866682592503458,0.15627265681642039,997.3333333333334,52.47407,17.24015,11.517781575520834,1.5437260766824088,1.4187682310602372,0.0,0.0,0.0
Podbiele,0.09140125479852464,0.1170886075949367,298.25,52.6927554,23.2036806,10.658243815104166,1.65968223909537,1.3803532726329462,0.08333333333333333,0.0,0.0
Podborsko,0.21906524101862948,0.3333333333333333,261.0,53.93323,16.14021,10.7786865234375,2.019500265518824,1.5955855099125358,0.0,0.0,0.0
Podbory Skawińskie,0.0497954520071529,0.0764006791171477,1156.9166666666667,49.9665908,19.7734951,11.0882568359375,2.1644624968369803,1.1241089502776827,0.08333333333333333,0.0,0.0
Podbór,0.04516070748203593,0.10193488346878565,341.5,50.4090549,23.4222287,10.809611002604166,1.9917136629422505,1.3397283766468135,0.08333333333333333,0.0,0.0
Podchojny,0.006338553318419083,0.0,37.25,50.6606303,20.3295139,11.1058349609375,1.7572230845689774,1.3074783559311898,0.08333333333333333,0.0,0.0
Poddębice,0.0,0.0,0.16666666666666666,51.8926555,18.9518908,11.5989990234375,1.7411673764387767,1.519176717832896,0.0,0.0,0.0
Podlasek,0.07239159490727455,0.1045454545454545,216.83333333333334,53.5579166,22.5350534,10.5428466796875,1.4959594657023747,1.345985640403466,0.08333333333333333,0.0,0.0
Podlesie,0.04409011242579201,0.064516129032258,426.75,50.4935568,20.2450365,10.934122721354166,1.9479253590106964,1.358726207503574,0.08333333333333333,0.0,0.0
Podlesiec,0.11599355875200394,0.1481481481481481,354.0833333333333,52.938365,15.8741037,11.636271158854166,1.6977689961592357,1.2669582217966344,0.0,0.0,0.0
Podolany,0.13827804567533297,0.1792956243329775,927.5833333333334,52.456781,16.887939,11.626505533854166,1.537591467301051,1.3444658726312089,0.0,0.0,0.0
Podstolice,0.07400380489205906,0.0953150242326332,1252.75,51.69942,21.48624,11.5599365234375,1.5629038711388905,1.2513310951205094,0.08333333333333333,0.0,0.0
Podwierzbie,0.06612091130903255,0.0811688311688311,319.0,52.8590207,19.5730274,11.0692138671875,1.6899719784657161,1.4590118653729827,0.08333333333333333,0.0,0.0
Podzamcze,0.06054945997473004,0.0786516853932584,991.8333333333334,50.4539826,19.5479615,10.6258544921875,2.2624761164188385,1.4884091678611622,0.08333333333333333,0.0,0.0
Podłęże,0.08597566850005822,0.14805926845463202,1078.6666666666667,50.55728,20.56031,11.076700846354166,1.7766660054524739,1.3133822967108213,0.08333333333333333,0.0,0.0
Pogorzel Warszawska,0.08724348005358772,0.1143200962695547,1708.25,52.0946975,21.3405593,11.6297607421875,1.5104141980409622,1.3189775644169066,0.08333333333333333,0.0,0.0
Pogorzel Wielka,0.10982006267365162,0.1505376344086021,182.41666666666666,53.7061285,22.1590996,10.4686279296875,1.5532494733730953,1.376748783550939,0.08333333333333333,0.0,0.0
Pogorzelice,0.19820833687775877,0.4767616191904048,447.25,54.4993179,17.6333438,10.349161783854166,2.088262617588043,1.7442346316180204,0.08333333333333333,0.0,0.0
Pogwizdów,0.055355163914712645,0.1007751937984496,295.0,49.8035035,18.5997983,11.305216471354166,2.5375894407431283,1.2711728283182542,0.08333333333333333,0.0,0.0
Pokrzywnica,0.17194539525797814,0.2367149758454106,227.5,50.9291299,21.145934,10.671915690104166,1.842497780919075,1.3733225525977433,0.08333333333333333,0.0,0.0
Polana Jakuszycka,0.03703830116160726,0.0588235294117647,485.0,50.8146295,15.4295162,8.029012044270834,2.99034853776296,1.0495204155541542,0.16666666666666666,0.0,0.0
Polanica-Zdrój,0.1528494305351137,0.32078726612030306,199.94444444444446,50.4079276,16.5107431,9.5062255859375,2.3314153949419656,1.171078778923099,0.08333333333333333,0.0,0.0
Police,0.041666666666666664,0.0,0.16666666666666666,53.5486435,14.5657399,11.359090169270834,1.8713960945606232,1.5699165077524408,0.0,0.0,0.0
Polichna Kraśnicka,0.11352437773583135,0.1533333333333333,300.25,50.8310601,22.3064774,11.094278971354166,1.8488866289456685,1.2070490291647147,0.08333333333333333,0.0,0.0
Policko,0.03841575091575091,0.1538461538461538,5.333333333333333,52.21015,17.86428,11.705607096354166,1.669690564274788,1.493662797651733,0.0,0.0,0.0
Policzna,0.05696172910959277,0.0778443113772455,325.4166666666667,51.4503026,21.625574,11.478719075520834,1.615870972474416,1.2022886010811547,0.08333333333333333,0.0,0.0
Polna,0.07380698005698004,0.125,18.833333333333332,49.6748144,20.9955841,10.530314127604166,2.2083560625712075,0.9805134143657784,0.08333333333333333,0.0,0.0
Pomiechówek,0.07815358594092685,0.0917056074766355,1910.3333333333333,52.4719444,20.7336111,11.5677490234375,1.374952107667923,1.3709645624343594,0.08333333333333333,0.0,0.0
Poniec,0.039275905838459774,0.0609756097560975,448.25,51.7650386,16.8059899,11.915079752604166,1.729322835803032,1.4847658178967962,0.0,0.0,0.0
Popielów,0.09501503629221016,0.1428571428571428,83.83333333333333,50.8242482,17.742194,12.0120849609375,1.9089482476313908,1.2541470671440083,0.0,0.0,0.0
Popowo Skwierzyńskie,0.22552193992415123,0.2969283276450511,295.4166666666667,52.5359919,15.522117,11.8304443359375,1.6086429754892986,1.2871380877679195,0.0,0.0,0.0
Poraj,0.07132818294294395,0.0950738916256157,2053.1666666666665,51.2836591,19.5335203,11.2664794921875,1.8461848795413973,1.5575961535141047,0.08333333333333333,0.0,0.0
Porażyn,0.13876502000948168,0.267531556802244,870.6111111111111,52.30827,16.3539,11.830607096354166,1.5558658440907795,1.3446276887258837,0.0,0.0,0.0
Poronin,0.09745855512087659,0.2024897357616591,487.06666666666666,49.3396497,20.0055635,6.097859700520832,2.611994683742523,0.721094351884713,0.25,0.0,0.0
Poronin Misiagi,0.08272288847590654,0.1552083333333333,907.0833333333334,49.3328928,20.00087,6.097859700520833,2.611994683742523,0.7210943518847132,0.25,0.0,0.0
Porosiuki,0.03559988481929747,0.0552584670231729,579.75,52.0162728,23.0579546,11.1834716796875,1.5699328581492107,1.4807502337882792,0.08333333333333333,0.0,0.0
Port Lotniczy Szczecin Goleniów,0.08761758524338258,0.1403061224489795,477.9166666666667,53.5937411,14.8969507,11.2586669921875,1.8708149294058483,1.6409898218359025,0.0,0.0,0.0
Poręba,0.03926634011742974,0.0543293718166383,606.75,50.4890456,19.3262811,10.8529052734375,2.202389339605967,1.463828471968709,0.08333333333333333,0.0,0.0
Potok,0.11247163819722207,0.1531755915317559,813.25,54.14062,17.17425,10.031453450520834,2.1784248848756156,1.7151957287609545,0.08333333333333333,0.0,0.0
Potok Kraśnicki,0.116116484876566,0.1475409836065573,301.0,50.7964642,22.1632977,11.195027669270834,1.820324530204137,1.1882389523162658,0.08333333333333333,0.0,0.0
Potęgowo,0.21984691103163792,0.539039039039039,447.5,54.48193,17.49114,10.421915690104166,2.081932713588079,1.7491450462736482,0.08333333333333333,0.0,0.0
Powałki,0.06848019116678787,0.0934579439252336,218.5,53.7407376,17.6214583,10.352579752604166,1.9431491990884144,1.511414559555499,0.08333333333333333,0.0,0.0
Powodowo,0.00848765432098765,0.01388888888888885,36.55555555555556,54.0017927,19.4610748,10.830281575520834,1.8466377953688304,1.4551592537827187,0.08333333333333333,0.0,0.0
Powroźnik,0.04585243638405314,0.0836820083682008,243.16666666666666,49.3706205,20.9516912,9.263875325520834,2.0382149070501328,0.6996811289080678,0.16666666666666666,0.0,0.0
Poznań Antoninek,0.04044661293462759,0.0743706885074531,924.3333333333334,52.4096599,17.0281738,11.686564127604166,1.5091795772314072,1.3574524188441774,0.0,0.0,0.0
Poznań Dębiec,0.04486618209036968,0.13744285710432838,1033.6333333333334,52.3681804,16.9010752,11.7034912109375,1.5081371416648228,1.3344774577469114,0.0,0.0,0.0
Poznań Dębina,0.04787717747533846,0.10097300140252448,635.4666666666667,52.3734621,16.9106138,11.7034912109375,1.5081371416648228,1.3344774577469114,0.0,0.0,0.0
Poznań Garbary,0.051826754042935505,0.10467276664105606,1352.611111111111,52.4164409,16.9368434,11.7034912109375,1.5081371416648228,1.3344774577469114,0.0,0.0,0.0
Poznań Górczyn,0.1093395008961769,0.22038461538461535,925.8888888888889,52.3802146,16.8814902,11.7034912109375,1.5081371416648228,1.3344774577469114,0.0,0.0,0.0
Poznań Główny,0.06834828540679518,0.16058408099775,3605.6666666666665,52.4016269,16.9115788,11.7034912109375,1.5081371416648228,1.3344774577469114,0.0,0.0,0.0
Poznań Junikowo,0.12038939952041197,0.24331103678929766,925.8888888888889,52.3778621,16.8254704,11.710164388020834,1.5099603583415349,1.3295066910122684,0.0,0.0,0.0
Poznań Karolin,0.03872631150250493,0.060280759702725,1136.6666666666667,52.4384113,16.9813554,11.686564127604166,1.5091795772314072,1.3574524188441774,0.0,0.0,0.0
Poznań Krzesiny,0.05887643523403283,0.10386155606407316,696.25,52.3416969,16.9755354,11.740437825520834,1.5562110741933186,1.367353704387038,0.0,0.0,0.0
Poznań Podolany,0.06420405870349488,0.19986531986531986,386.8611111111111,52.447276,16.8809436,11.7034912109375,1.5081371416648228,1.3344774577469114,0.0,0.0,0.0
Poznań Starołęka,0.05773939685922686,0.10166841982234687,454.4761904761905,52.3662312,16.9342759,11.7034912109375,1.5081371416648228,1.3344774577469114,0.0,0.0,0.0
Poznań Strzeszyn,0.08537631030392588,0.20416181229773456,464.1,52.4601389,16.8661626,11.626505533854166,1.537591467301051,1.3444658726312089,0.0,0.0,0.0
Poznań Wola,0.042345647895633866,0.11412092850722626,519.4,52.433565,16.8503707,11.7034912109375,1.5081371416648228,1.3344774577469114,0.0,0.0,0.0
Poznań Wschód,0.04959578434248791,0.09740104555638532,1352.3055555555557,52.4182197,16.971483,11.686564127604166,1.5091795772314072,1.3574524188441774,0.0,0.0,0.0
Prabuty,0.18566398874030401,0.41309503351091253,486.5833333333333,53.755995,19.2044449,10.6151123046875,1.8131555219491322,1.520686048960716,0.08333333333333333,0.0,0.0
Prabuty Góry,0.04175793169987837,0.0757363253856942,652.6666666666666,52.8063818,21.5699234,11.224161783854166,1.379341408610344,1.3601276542397243,0.08333333333333333,0.0,0.0
Proboszczewice Płockie,0.06311051907534061,0.0954954954954954,410.5,52.6602626,19.7138376,11.1668701171875,1.6339997847874959,1.4241394396611835,0.08333333333333333,0.0,0.0
Promno,0.08620590596005792,0.15752893822345554,997.3333333333334,52.4508392,17.2452585,11.517781575520834,1.5437260766824088,1.4187682310602372,0.0,0.0,0.0
Prostki,0.0623895243732952,0.0982142857142857,216.75,53.7005864,22.4324226,10.450236002604166,1.519460767507553,1.3860711923801026,0.08333333333333333,0.0,0.0
Prostynia,0.16140015405190686,0.2785923753665689,339.6666666666667,53.3035454,15.7725261,11.0164794921875,1.9860297938187916,1.3392372464097833,0.0,0.0,0.0
Prostyń,0.020634308739631988,0.045521579116261104,760.6111111111111,52.6550877,21.98276,11.214070638020834,1.4232697387536366,1.3610560262953344,0.08333333333333333,0.0,0.0
Proszówka,0.08033893574753924,0.1411483253588516,465.1666666666667,50.9994444,15.4225,10.2410888671875,2.6140256226062775,1.528267667660507,0.08333333333333333,0.0,0.0
Pruchna,0.07903213847165375,0.1258064516129032,285.0,49.8662823,18.6835263,11.5003662109375,2.387440343697866,1.346673333179431,0.08333333333333333,0.0,0.0
Prudnik,0.1622686148268445,0.3180610514414925,174.29166666666666,50.3217212,17.5801041,10.757364908854166,2.7546848158041635,1.385489130564979,0.08333333333333333,0.0,0.0
Pruszcz Gdański,0.08740108442231224,0.1669296436346969,1412.0416666666667,54.2608539,18.6461908,10.6151123046875,1.8941756188869476,1.8584061516090442,0.08333333333333333,0.0,0.0
Pruszcz Pomorski,0.07198420535770557,0.13124357271000817,370.2916666666667,53.3341179,18.1985444,10.983113606770834,1.7525872588157654,1.4655312009117345,0.0,0.0,0.0
Pruszków,0.094519831748965,0.07439493518173716,2583.7916666666665,52.171959,20.8029827,11.6204833984375,1.5221293071905773,1.3957877875769167,0.08333333333333333,0.0,0.0
Przebędowo,0.045433301757786905,0.0681244743481917,1135.0833333333333,54.32289,20.18309,10.274129231770834,1.9052829047044118,1.4041960040029446,0.08333333333333333,0.0,0.0
Przeciszów,0.048685196364571005,0.0730050933786078,1156.4166666666667,50.0047374,19.3744959,11.057332356770834,2.228195091088613,1.12465468361496,0.08333333333333333,0.0,0.0
Przecza,0.1816761118970209,0.25377107364685,1143.75,50.7281178,17.6599614,11.978719075520834,1.906913936138153,1.234266922578786,0.0,0.0,0.0
Przedmoście Święte,0.12787626367366087,0.183288409703504,1128.75,51.1905017,16.6646451,11.919637044270834,1.9929904788732529,1.3681751553296821,0.0,0.0,0.0
Przemyśl Główny,0.292227253438371,0.6016129032258065,1104.0416666666667,49.78361,22.7801519,11.071492513020834,2.0502196550369263,1.3932270889917753,0.08333333333333333,0.0,0.0
Przemyśl Wschodni,0.07462965819392715,0.0941558441558441,253.16666666666666,49.7846143,22.8045461,11.071492513020834,2.0502196550369263,1.3932270889917753,0.08333333333333333,0.0,0.0
Przemyśl Zasanie,0.11778475148472856,0.18945254621962992,1145.6666666666667,49.7934749,22.7737284,11.071492513020834,2.0502196550369263,1.3932270889917753,0.08333333333333333,0.0,0.0
Przeradz,0.26249308245273756,0.3093333333333333,261.0,53.9166043,16.9744253,10.221883138020834,2.112035264571508,1.6517762450378821,0.08333333333333333,0.0,0.0
Przetycz,0.041628419230847286,0.0683994528043775,734.5,52.7690624,21.5511326,11.224161783854166,1.379341408610344,1.3601276542397243,0.08333333333333333,0.0,0.0
Przeworsk,0.10920935676806581,0.2004059995562,1766.2777777777778,50.0544952,22.501379,11.483113606770834,1.9121523102124531,1.3721589893819333,0.08333333333333333,0.0,0.0
Przewóz,0.0,0.0,0.25,51.4760624,14.9489134,11.927286783854166,1.9215509096781414,1.3597923324085528,0.0,0.0,0.0
Przybyłowice,0.15434296311519885,0.2334384858044164,607.6666666666666,51.1228189,16.1532033,11.375691731770834,2.0841703762610755,1.5321890132092777,0.0,0.0,0.0
Przybówka,0.08970810514895088,0.1211340206185567,420.1666666666667,49.7924272,21.649021,11.017781575520834,2.0455968578656516,1.1741455677113561,0.08333333333333333,0.0,0.0
Przygodzice,0.05272652527938251,0.09060850421541561,313.6111111111111,51.5923682,17.8249672,11.704630533854166,1.9536818514267604,1.4507083735918256,0.0,0.0,0.0
Przysieczyn,0.03946673789677303,0.0656934306569343,1044.9166666666667,52.7506949,17.1812871,11.368204752604166,1.6407211422920227,1.4228315290850826,0.0,0.0,0.0
Przysieka Stara,0.09828195046970445,0.16651759093619556,844.1111111111111,52.0362729,16.6043686,11.925333658854166,1.6554450194040935,1.4156319573721095,0.0,0.0,0.0
Przysieki,0.08592287342287341,0.20833333333333331,14.555555555555555,49.7382616,21.3832551,10.7767333984375,2.1800419688224792,1.0711810185647086,0.08333333333333333,0.0,0.0
Przysucha,0.08347846358603656,0.19548387096774197,286.6666666666667,51.3585043,20.6285468,11.077351888020834,1.732448657353719,1.5165646891134097,0.08333333333333333,0.0,0.0
Przyszowice,0.10085901704072785,0.125,265.1666666666667,50.2493978,18.7420471,11.540730794270834,2.0125029385089874,1.3372886953069063,0.08333333333333333,0.0,0.0
Przytkowice,0.14093659764361263,0.1728922091782284,914.6666666666666,49.9199121,19.6828618,10.6873779296875,2.3173306981722512,1.0737168874765723,0.08333333333333333,0.0,0.0
Przytocko,0.0906126272432206,0.1483516483516483,358.5833333333333,54.12024,16.83397,10.307657877604166,2.2379538118839264,1.6430886831247415,0.08333333333333333,0.0,0.0
Przywory Opolskie,0.15027907142663907,0.2009259259259259,1032.3333333333333,50.5815585,17.9890882,11.842488606770834,2.014338274796804,1.2778178617383216,0.0,0.0,0.0
Przyłubie,0.08191008160349031,0.1248185776487663,686.6666666666666,52.4569444,18.3377778,11.509806315104166,1.6887252529462178,1.4954553022896462,0.0,0.0,0.0
Przyłęk Duży,0.048926316958689896,0.0693916349809885,1000.5833333333334,51.84325,19.90793,11.1195068359375,1.7335938662290573,1.5357789461863691,0.08333333333333333,0.0,0.0
Pstroszyce,0.12142507540148488,0.2220628415300546,676.0,50.399151,20.008372,10.814493815104166,2.0627726117769876,1.4248735633653786,0.08333333333333333,0.0,0.0
Pszczew,0.040476190476190464,0.1785714285714285,5.5,52.4792371,15.7783386,11.802937825520834,1.5648487756649654,1.3118315450113311,0.0,0.0,0.0
Pszczyna,0.2011293611796972,0.2661225990601902,1577.111111111111,49.9778089,18.9423721,11.3719482421875,2.2413202027479806,1.2903490511762803,0.08333333333333333,0.0,0.0
Pszczyna Czarków,0.023080820130691557,0.063063063063063,97.5,50.011399,18.9211654,11.3719482421875,2.2413202027479806,1.2903490511762803,0.08333333333333333,0.0,0.0
Pszczółki,0.10763699714671056,0.1686019507663725,2125.4166666666665,51.42247,19.10207,11.5213623046875,1.8365316887696583,1.5218889431898652,0.08333333333333333,0.0,0.0
Pszenno,0.07779347611263561,0.1282527881040892,528.4166666666666,50.8568481,16.538415,11.495157877604166,2.217990900079409,1.4640439321942023,0.0,0.0,0.0
Ptaszkowa,0.051754747128215865,0.10201015886739435,270.625,49.6013865,20.8865863,9.9852294921875,2.294188618659973,0.8958596928653514,0.08333333333333333,0.0,0.0
Ptaszkowo,0.0423373640051505,0.0630165289256198,1020.0,52.2253682,16.4378272,11.888387044270834,1.586772417028745,1.338339049332417,0.0,0.0,0.0
Ptusza,0.27645086921688894,0.3891752577319587,363.0833333333333,53.3666,16.78634,10.771687825520834,1.8494463711977005,1.4140356164106525,0.0,0.0,0.0
Puck,0.14022618465560163,0.3905809244518923,459.125,54.7307654,18.4325781,10.5838623046875,2.002310256163279,2.1933484434283232,0.0,0.0,0.0
Pustków,0.03612095843783755,0.0526315789473684,436.5,50.1427812,21.4906079,11.533732096354166,2.012750675280889,1.2401400117331385,0.08333333333333333,0.0,0.0
Pustków Żurawski,0.05509634591994299,0.1232566166662766,404.5,50.9589489,16.8642733,11.803263346354166,2.1793996592362723,1.31959472236359,0.0,0.0,0.0
Pustynia,0.03588444538666873,0.0526315789473684,436.3333333333333,50.0738682,21.4504692,11.533732096354166,2.012750675280889,1.2401400117331385,0.08333333333333333,0.0,0.0
Puszczykowo,0.08962703694903434,0.1699631272195884,1008.6111111111111,52.277612,16.8557214,11.753946940104166,1.5554455121358235,1.3486271735107282,0.0,0.0,0.0
Puszczykówko,0.0877291633873178,0.1642002821779003,1010.5,52.2729936,16.8637843,11.753946940104166,1.5554455121358235,1.3486271735107282,0.0,0.0,0.0
Pułankowice,0.06874605774893366,0.0923076923076923,526.5,50.9589296,22.3086021,11.1058349609375,1.7748337785402934,1.26482937629861,0.08333333333333333,0.0,0.0
Puławy,0.040307367569480494,0.06282722513089,577.25,51.4262598,21.9853014,11.5042724609375,1.663152039051056,1.2106038265550494,0.08333333333333333,0.0,0.0
Puławy Azoty,0.04032337120679295,0.0647058823529411,328.25,51.4750247,21.9490895,11.601114908854166,1.6265072921911876,1.2051211461135325,0.08333333333333333,0.0,0.0
Puławy Chemia,0.04334647865109669,0.0663176265270506,577.25,51.4465088,21.9682653,11.5042724609375,1.663152039051056,1.2106038265550494,0.08333333333333333,0.0,0.0
Puławy Miasto,0.1229208118636147,0.20875841683512453,1110.2777777777778,51.4277854,21.9842322,11.5042724609375,1.663152039051056,1.2106038265550496,0.08333333333333333,0.0,0.0
Pyrzowice Lotnisko,0.02719292552941034,0.05568035426731075,406.05555555555554,50.4681188,19.0767191,11.035359700520834,2.1733513673146567,1.4384070166299894,0.08333333333333333,0.0,0.0
Pyskowice,0.16779736308091692,0.30940231996462225,531.7222222222222,50.3916268,18.6108815,11.460164388020834,2.177876969178518,1.3322352712419598,0.08333333333333333,0.0,0.0
Pyzówka,0.1540554775761838,0.2932909604519774,388.44444444444446,49.5152224,19.9376799,9.164754231770834,2.880640576283137,0.805991809698334,0.16666666666666666,0.0,0.0
Półwieś,0.051218344270826756,0.0701598579040852,1155.6666666666667,53.7144587,18.7437419,10.8284912109375,1.690736562013626,1.56975160390796,0.08333333333333333,0.0,0.0
Pątnów Wieluński,0.0362483630437638,0.055701766472841446,174.0,51.160517,18.6336919,11.492879231770834,2.0004919866720834,1.5499185854673063,0.08333333333333333,0.0,0.0
Pęckowo,0.07298553601884607,0.13618255042529365,812.6111111111111,52.661033,16.4834001,11.6600341796875,1.6028833786646526,1.3383393388293972,0.0,0.0,0.0
Pęgów,0.13653784098021848,0.1805563641303293,757.3888888888889,52.0272222,18.8705556,11.635294596354166,1.7193862398465474,1.5270012158808606,0.0,0.0,0.0
Pępowo,0.04746005611592565,0.0703883495145631,448.3333333333333,51.7577712,17.1220396,11.8079833984375,1.7313732753197353,1.4685534551579806,0.0,0.0,0.0
Pępowo Kartuskie,0.043656107507224595,0.0656479909451046,1712.5833333333333,54.3664602,18.4011499,9.931844075520834,2.0725530882676444,1.9078933871487533,0.08333333333333333,0.0,0.0
Pęzino,0.16363618280676065,0.2727272727272727,338.6666666666667,53.3400139,15.1913531,11.3250732421875,1.962061882019043,1.5223620511176357,0.0,0.0,0.0
Pławna,0.07498343778659915,0.12072874493927124,325.3888888888889,50.8345007,17.0908085,11.751993815104166,1.9334436009327571,1.2063011954216896,0.0,0.0,0.0
Płochocin,0.10199287765542897,0.1372731503024662,2175.5833333333335,52.2078126,20.7193054,11.611531575520834,1.5210197965304058,1.4086852858941816,0.08333333333333333,0.0,0.0
Płociczno koło Suwałk,0.07732485702240616,0.1217391304347826,228.83333333333334,54.0379315,22.9489725,10.087117513020834,1.5142332762479782,1.4448489563129263,0.08333333333333333,0.0,0.0
Płock,0.10637408875546005,0.20320224719101126,409.2083333333333,52.5353471,19.7136301,11.5086669921875,1.5278426706790924,1.4680670438869934,0.08333333333333333,0.0,0.0
Płock Radziwie,0.08473385778235117,0.1630218687872763,336.77777777777777,52.5242451,19.6722573,11.5086669921875,1.5278426706790924,1.4680670438869936,0.08333333333333333,0.0,0.0
Płock Trzepowo,0.06027436646025686,0.0834845735027223,410.4166666666667,52.5887174,19.7338325,11.333536783854166,1.5837440590063732,1.4444992722317165,0.08333333333333333,0.0,0.0
Płoty,0.16532299670790224,0.4299336650082919,345.8333333333333,53.8043384,15.2680368,11.063680013020834,2.1433671166499457,1.530422792669081,0.0,0.0,0.0
Płońsk,0.041275208044365914,0.1037554524842611,176.27777777777777,52.6264016,20.3642812,11.3177490234375,1.4175079762935638,1.455806809761271,0.08333333333333333,0.0,0.0
Płytnica,0.25749664534309363,0.3548387096774194,363.0833333333333,53.294156,16.7509338,10.912312825520834,1.8005655705928802,1.3915064510356352,0.0,0.0,0.0
Płyćwia,0.043031162034018994,0.0582347588717015,1043.0833333333333,51.9210483,20.017206,11.275919596354166,1.6771830419699352,1.517283745982537,0.08333333333333333,0.0,0.0
Raba Wyżna,0.1405225179080601,0.2375415282392026,574.9166666666666,49.5647448,19.8805296,8.919148763020834,3.0383082032203674,0.8868708317096078,0.16666666666666666,0.0,0.0
Racewo,0.1037377038287541,0.1720930232558139,228.83333333333334,53.4929815,23.4581505,10.116251627604166,1.6117175817489624,1.4189968906687749,0.08333333333333333,0.0,0.0
Racibory,0.04659161435954118,0.099644128113879,554.1666666666666,51.9492818,20.9103338,11.4324951171875,1.647792359193166,1.3020299849051356,0.08333333333333333,0.0,0.0
Raciborów Kutnowski,0.10325285247052716,0.1351888667992047,504.4166666666667,52.2803396,19.3416605,11.397989908854166,1.612991025050481,1.5420167380606387,0.08333333333333333,0.0,0.0
Racibórz,0.1208457611304844,0.24861477572559365,1196.8333333333333,50.0905252,18.2151495,11.516805013020834,2.065229147672653,1.309498127637341,0.08333333333333333,0.0,0.0
Racibórz Markowice,0.08902744998162183,0.13996633996633995,940.3888888888889,50.1132299,18.270162,11.571004231770834,2.0331739485263824,1.2941545163583121,0.08333333333333333,0.0,0.0
Raciąż,0.03302785662296232,0.09795783731623975,222.72222222222223,52.7828553,20.1196727,11.118367513020834,1.54222571849823,1.5046489446241624,0.08333333333333333,0.0,0.0
Racławice Śląskie,0.11551012837345984,0.2272141706924315,156.88888888888889,50.3109023,17.7724454,11.259318033854166,2.472462405761083,1.3334393739504007,0.08333333333333333,0.0,0.0
Racławki,0.05382107676182468,0.0831353919239905,365.6666666666667,53.6693895,17.6714315,10.405476888020834,1.932115525007248,1.502939341412504,0.08333333333333333,0.0,0.0
Radkowice,0.10907028095592192,0.1423401688781664,813.1666666666666,50.9811921,21.0377797,10.732137044270834,1.9242092321316402,1.4062257461890366,0.08333333333333333,0.0,0.0
Radliczyce,0.11139191816252246,0.1527777777777778,426.0,51.7268683,18.3481981,11.656290690104166,1.8351384699344635,1.5160234834359159,0.0,0.0,0.0
Radlin Obszary,0.08343992818856832,0.1174568965517241,890.8333333333334,50.0412504,18.4946733,11.3836669921875,2.1831025878588357,1.3157981298984698,0.08333333333333333,0.0,0.0
Radlin Wielkopolski,0.025604394165783306,0.0375494071146245,494.5,52.0335439,17.4994726,11.735555013020834,1.7162169615427654,1.5106952217967542,0.0,0.0,0.0
Radnica,0.1883416820762022,0.2390510948905109,579.0,52.08189,15.22452,12.1243896484375,1.6000266869862874,1.2534285063368427,0.0,0.0,0.0
Radom Gołębiów,0.13496705873885192,0.21277429467084635,992.7777777777778,51.4124069,21.1879335,11.2440185546875,1.6845051050186157,1.3189354910927726,0.08333333333333333,0.0,0.0
Radom Główny,0.07394667011050854,0.17714374744039454,1817.7666666666667,51.3909217,21.1553821,11.2440185546875,1.6845051050186157,1.3189354910927729,0.08333333333333333,0.0,0.0
Radom Potkanów,0.03652982878308553,0.0757599255583126,341.3888888888889,51.3529669,21.1021077,11.203165690104166,1.6889652162790298,1.3539679091910197,0.08333333333333333,0.0,0.0
Radom Południowy,0.057350338441960705,0.08114328216626415,590.5555555555555,51.3494792,21.1011097,11.1649169921875,1.7674486935138702,1.3793783951436134,0.08333333333333333,0.0,0.0
Radom Północny,0.09933714311441506,0.1504065040650406,1198.75,51.4195838,21.1864917,11.2440185546875,1.6845051050186157,1.3189354910927729,0.08333333333333333,0.0,0.0
Radom Stara Wola,0.09946877879588377,0.1479674796747967,1209.0,51.439313,21.1848514,11.2440185546875,1.6845051050186157,1.3189354910927729,0.08333333333333333,0.0,0.0
Radomsko,0.11243756596634642,0.2345400401836969,1127.7083333333333,51.0674769,19.4446109,11.291544596354166,1.8793824762105942,1.5686765803487548,0.08333333333333333,0.0,0.0
Radomyśl,0.07580729523873371,0.1294487271297583,632.6666666666666,52.0334258,22.3605914,11.1839599609375,1.5374393264452617,1.3369667627667785,0.08333333333333333,0.0,0.0
Radostowice,0.02375977546122734,0.063063063063063,97.5,50.0125227,18.8781012,11.3719482421875,2.2413202027479806,1.2903490511762803,0.08333333333333333,0.0,0.0
Raduń,0.0635987204223651,0.087719298245614,218.33333333333334,53.1406548,15.5029093,11.230183919270834,1.921507438023885,1.3857565914389358,0.0,0.0,0.0
Radymno,0.10548142994422041,0.1810439153745647,1014.2222222222222,49.9540655,22.8267334,11.436238606770834,1.9150683134794235,1.3608700569674737,0.08333333333333333,0.0,0.0
Radzice,0.025734137964380524,0.0458715596330275,439.8333333333333,51.4666057,20.3973839,11.2864990234375,1.6638468156258266,1.5458852000206962,0.08333333333333333,0.0,0.0
Radziechowy Wieprz,0.17423190712100747,0.2803129074315515,688.0833333333334,49.6474919,19.1639883,8.7078857421875,3.2013999025026956,0.9151675717572013,0.16666666666666666,0.0,0.0
Radzionków,0.004060734463276833,0.0,39.333333333333336,50.4015072,18.903302,11.179402669270834,2.2184211711088815,1.36206930147241,0.08333333333333333,0.0,0.0
Radzionków Rojca,0.004766949152542366,0.0,39.333333333333336,50.3958988,18.8998661,11.179402669270834,2.2184211711088815,1.36206930147241,0.08333333333333333,0.0,0.0
Radziszewo,0.00408035153797865,0.0,44.25,53.7293111,15.0586327,11.103719075520834,1.9409879247347515,1.7000765302567071,0.0,0.0,0.0
Radziszów,0.13022769208934085,0.1771611526147278,927.9166666666666,49.9383536,19.8095394,10.588419596354166,2.257106731335322,1.0634734671569737,0.08333333333333333,0.0,0.0
Radziszów Centrum,0.13390083271230274,0.1976495726495726,927.5833333333334,49.9369203,19.8068826,10.588419596354166,2.257106731335322,1.0634734671569737,0.08333333333333333,0.0,0.0
Radziwiłłów Mazowiecki,0.05612148260437747,0.0730897009966777,1460.25,52.0002885,20.2903485,11.486368815104166,1.6279313067595165,1.4561862668899341,0.08333333333333333,0.0,0.0
Radzymin,0.045177881944416694,0.08149334913027081,297.75,52.4176347,21.1807836,11.6014404296875,1.4581757187843323,1.3228750178777953,0.08333333333333333,0.0,0.0
Radzyń Podlaski,0.13443301100117452,0.23828273244781778,113.38888888888889,51.7827253,22.6208818,11.3157958984375,1.5173175036907196,1.3069659071892454,0.08333333333333333,0.0,0.0
Radów,0.1882474777211731,0.2094240837696335,356.9166666666667,52.4376859,14.7471448,11.981160481770834,1.5607739488283794,1.4076367179621272,0.0,0.0,0.0
Rajcza,0.1380006166169544,0.2685788787483703,485.1666666666667,49.503221,19.1013077,8.5047607421875,3.0230093896389008,0.8062758290528436,0.16666666666666666,0.0,0.0
Rajcza Centrum,0.13684153364199894,0.2574257425742574,484.0,49.5069112,19.100589,8.5047607421875,3.0230093896389008,0.8062758290528436,0.16666666666666666,0.0,0.0
Rajec Poduchowny,0.047816370267442926,0.0695067264573991,884.1666666666666,51.4256997,21.2431597,11.2440185546875,1.6845051050186157,1.3189354910927729,0.08333333333333333,0.0,0.0
Rajsk,0.12596107650998625,0.1727748691099476,556.5,52.845608,23.1529325,10.6864013671875,1.6460539003213246,1.359516389660125,0.08333333333333333,0.0,0.0
Rakoniewice,0.022454272753419283,0.04609101516919485,587.7222222222222,52.1393485,16.2738532,11.985392252604166,1.6018967876831691,1.3472943137655389,0.0,0.0,0.0
Rakowice,0.056691368548510555,0.0977011494252873,187.0,53.70859,19.00506,10.843953450520834,1.7134800950686138,1.5428392677197384,0.08333333333333333,0.0,0.0
Ramiszów,0.05363025022117745,0.1053283767038413,837.5,51.1905927,17.1025729,11.8050537109375,2.0384293844302497,1.2964250275302434,0.0,0.0,0.0
Raszowa,0.15144501729779394,0.2027777777777777,1032.6666666666667,51.3199829,16.2300963,11.8812255859375,1.7050162603457768,1.3665786481402478,0.0,0.0,0.0
Raszujka,0.02771508755995977,0.0700610661825383,307.94444444444446,53.2446922,20.9958575,10.8861083984375,1.5081181973218918,1.3307513138127975,0.08333333333333333,0.0,0.0
Raszówka,0.1522087654170937,0.1904127829560586,758.5833333333334,51.304828,16.182247,11.8812255859375,1.7050162603457768,1.3665786481402478,0.0,0.0,0.0
Rava Ruskaia,0.33652090695431247,0.6005692599620494,41.55555555555556,,,,,,,,
Rawicz,0.10892844164347236,0.24401749678995638,828.0277777777778,51.6101629,16.8583657,11.998575846354166,1.855183298389117,1.4362634776166054,0.0,0.0,0.0
Reblino,0.11994637692696747,0.2375249500998004,508.1666666666667,54.43386,16.90384,10.660847981770834,2.0678868492444358,1.9190364283144004,0.0,0.0,0.0
Recz Pomorski,0.19878875644751062,0.33561989895064126,267.05555555555554,53.2712934,15.5651393,11.063517252604166,1.975055381655693,1.3842257358938115,0.0,0.0,0.0
Recław,0.00268817204301075,0.0,5.916666666666667,53.8403,14.62757,,,,0.0,0.0,0.0
Reda,0.09737604871384467,0.20191443739651654,3435.5555555555557,54.6210145,18.3217089,10.276082356770834,2.0124880373477936,1.9871233184450716,0.08333333333333333,0.0,0.0
Reda Pieleszewo,0.04704735785931043,0.0771298038161784,3539.0,54.6026799,18.3176103,10.276082356770834,2.0124880373477936,1.9871233184450716,0.08333333333333333,0.0,0.0
Reda Rekowo,0.21037030140302324,0.4267990074441687,742.9166666666666,54.6319745,18.3636073,10.374552408854166,2.0443029403686523,2.056294187968,0.0,0.0,0.0
Redaki,0.07583693269558547,0.1291208791208791,357.5,53.6691231,19.4005254,10.690958658854166,1.8240703145662944,1.5416344741324621,0.08333333333333333,0.0,0.0
Rejowiec,0.09430029031359434,0.20241935483870965,959.4444444444445,51.0945453,23.2832851,11.100301106770834,1.6821348965168,1.3781519221719185,0.08333333333333333,0.0,0.0
Repczyce,0.0035787321063394666,0.0,13.583333333333334,52.5441492,23.3616312,10.666056315104166,1.72635285059611,1.4288368223501455,0.08333333333333333,0.0,0.0
Reptowo,0.09078379747144756,0.1131782945736434,1342.5833333333333,53.3654248,14.8619266,11.341512044270834,1.8930688897768657,1.559450975250024,0.0,0.0,0.0
Rogalice,0.11792461287775652,0.1785714285714285,83.75,50.9619161,17.6089083,11.882853190104166,2.023313124974569,1.2824566499056662,0.0,0.0,0.0
Rogiedle,0.044804410936091645,0.0647773279352226,249.5,54.02775,20.28227,10.384318033854166,1.786356086532275,1.5023688346391426,0.08333333333333333,0.0,0.0
Rogowiec,0.08333333333333333,0.0,0.08333333333333333,51.2762795,19.3053478,11.420939127604166,1.8234040786822636,1.5501165888789779,0.08333333333333333,0.0,0.0
Rogoźnica,0.2112130432299407,0.3245341614906832,635.75,51.0104092,16.2912096,11.354532877604166,2.244057988127073,1.6070667162977728,0.0,0.0,0.0
Rogoźnica koło Rzeszowa,0.05393036616301824,0.0944680851063829,1143.4166666666667,50.1168561,21.9688852,11.498250325520834,1.9415395855903625,1.3339094393577489,0.08333333333333333,0.0,0.0
Rogoźno Wielkopolskie,0.1443440845199538,0.28009803921568627,550.7666666666667,52.7552395,16.9721483,11.4300537109375,1.6156294445196788,1.3837091570471733,0.0,0.0,0.0
Rogożew,0.11354888423332443,0.1650099403578528,504.5833333333333,52.4618343,19.5413201,11.534708658854166,1.5919803977012634,1.4734710977301342,0.08333333333333333,0.0,0.0
Rogów,0.05448629509717695,0.0723767412765166,1174.7222222222222,51.2039548,20.4387771,10.944864908854166,1.8538366158803303,1.5306780570920613,0.08333333333333333,0.0,0.0
Rogów Sobócki,0.05553286858602853,0.12408443123581304,404.5,50.92702,16.7587343,11.463907877604166,2.1833667854468026,1.3191292746970769,0.0,0.0,0.0
Rogóźno Pomorskie,0.12497073039055957,0.1830065359477124,227.0,53.5435231,18.9109889,11.004923502604166,1.6621750990549724,1.5670730156094608,0.08333333333333333,0.0,0.0
Rogóżno koło Łańcuta,0.05429354995517258,0.086608442503639,1378.1666666666667,50.0835725,22.362513,11.4417724609375,1.903238331278165,1.3573788127412014,0.08333333333333333,0.0,0.0
Rokiciny,0.06381038017402492,0.1059957173447537,663.6111111111111,54.3343328,17.7206582,9.8485107421875,2.1486306190490723,1.7013213937826537,0.08333333333333333,0.0,0.0
Rokiciny Podhalańskie,0.1414926160182637,0.2408637873754152,574.9166666666666,49.5744902,19.9164212,8.919148763020834,3.0383082032203674,0.8868708317096078,0.16666666666666666,0.0,0.0
Rokietnica,0.06287181079047847,0.1174666440524649,902.6111111111111,52.5103217,16.7421238,11.653849283854166,1.5382191588481267,1.3388841667782847,0.0,0.0,0.0
Rokita,0.06220521560029065,0.0928571428571428,564.8333333333334,53.7643942,14.8418366,11.2923583984375,1.962483157714208,1.8801024039884362,0.0,0.0,0.0
Rokitki,0.10146402038749558,0.19950980392156858,592.5,54.35623,17.67739,9.9481201171875,2.161999762058258,1.7106895717728694,0.08333333333333333,0.0,0.0
Rokitki Tczewskie,0.1341908884027447,0.1681818181818181,685.25,54.0808707,18.7369062,10.678263346354166,1.7434873133897781,1.617186318805152,0.08333333333333333,0.0,0.0
Rokitnia Stara,0.08514187421227526,0.1065482796892341,884.9166666666666,51.6120199,21.7982828,11.657430013020834,1.593540330727895,1.2098758164257306,0.08333333333333333,0.0,0.0
Ropczyce,0.10913637711768089,0.21629818594104305,1180.111111111111,50.0528608,21.6116324,11.489298502604166,2.0344883700211844,1.255105164508383,0.08333333333333333,0.0,0.0
Ropczyce Witkowice,0.04885689621150785,0.0597243491577335,1240.9166666666667,50.0772522,21.6282313,11.489298502604166,2.0344883700211844,1.255105164508383,0.08333333333333333,0.0,0.0
Rosochatka,0.05074911066730597,0.0975609756097561,212.75,53.7100808,18.1284789,10.553426106770834,1.8292878766854603,1.5235550979016084,0.08333333333333333,0.0,0.0
Rostarzewo,0.0299481552142021,0.0444444444444444,878.3333333333334,52.1328085,16.200394,12.008341471354166,1.591560368736585,1.3476672254304785,0.0,0.0,0.0
Roszkowo Wągrowieckie,0.04042931002994819,0.0675182481751824,1044.9166666666667,52.7088329,17.1761266,11.4315185546875,1.6411588490009308,1.4355105610416683,0.0,0.0,0.0
Roszków Raciborski,0.03728663354040134,0.0648967551622418,624.5,49.965086,18.2941234,11.5340576171875,2.068732480208079,1.3106340869785809,0.08333333333333333,0.0,0.0
Rozedranka,0.07776507191469738,0.1023622047244094,519.6666666666666,53.3590659,23.365468,10.2694091796875,1.5918655047814052,1.3695734591756539,0.08333333333333333,0.0,0.0
Rozprza,0.06838653704716657,0.10898153427475066,704.2222222222222,51.3017158,19.6447455,11.230672200520834,1.8486013561487198,1.5606027879708035,0.08333333333333333,0.0,0.0
Roztoki Bystrzyckie,0.09243797532327108,0.1694630872483221,422.6666666666667,50.1876966,16.6657711,8.926472981770834,2.989419996738434,0.9762325155871211,0.16666666666666666,0.0,0.0
Rożki,0.05290643294660886,0.0750389939559368,590.5555555555555,50.9093171,22.8031846,10.917521158854166,1.7856839795907338,1.317527657755921,0.08333333333333333,0.0,0.0
Rożnowo,0.15430167970786665,0.2695821606408313,676.0,52.6741044,16.8764979,11.565633138020834,1.6131068170070648,1.383070869329677,0.0,0.0,0.0
Ruchocice,0.042912301631759714,0.0551724137931034,880.75,52.1813073,16.3347533,11.895548502604166,1.5842069486776988,1.3423905656803719,0.0,0.0,0.0
Ruciane-Nida,0.16067005336337345,0.24029095509171405,202.44444444444446,53.65042,21.55982,10.566446940104166,1.6077473660310109,1.3921331309035876,0.08333333333333333,0.0,0.0
Ruciane-Nida Zachód,0.12472511782372336,0.1935483870967742,182.5,53.642267,21.5227665,10.550008138020834,1.6166886736949284,1.3365120770204157,0.08333333333333333,0.0,0.0
Ruda,0.07350394237378867,0.1045454545454545,216.83333333333334,50.2698658,18.8642588,11.3880615234375,2.1111529966195426,1.3143268765953084,0.08333333333333333,0.0,0.0
Ruda Białaczowska,0.032371793798363385,0.06087211918212265,296.44444444444446,51.2638215,20.3929217,10.9227294921875,1.8478239973386128,1.566538306695012,0.08333333333333333,0.0,0.0
Ruda Chebzie,0.06294630425205242,0.1033038622615169,1462.9444444444443,50.3038107,18.8780245,11.3880615234375,2.1111529966195426,1.3143268765953084,0.08333333333333333,0.0,0.0
Ruda Talubska,0.09997908622078407,0.1246105919003115,945.9166666666666,51.852721,21.592292,11.444376627604166,1.5538787643114726,1.2709466950355972,0.08333333333333333,0.0,0.0
Ruda Wielka,0.05787966925977582,0.08635089686098649,590.4444444444445,51.2880872,21.0483591,11.162312825520834,1.7704571535189946,1.41446116672751,0.08333333333333333,0.0,0.0
Ruda Śląska,0.06371284393628882,0.1056305258259655,1462.888888888889,50.2698658,18.8642588,11.3880615234375,2.1111529966195426,1.3143268765953084,0.08333333333333333,0.0,0.0
Ruda-Huta,0.010416666666666666,0.0,7.333333333333333,51.2357998,23.5929545,11.188191731770834,1.690235843261083,1.4028146479832948,0.08333333333333333,0.0,0.0
Ruda-Opalin,0.010416666666666666,0.0,7.333333333333333,51.2480655,23.599505,11.188191731770834,1.690235843261083,1.4028146479832948,0.08333333333333333,0.0,0.0
Rudawa,0.07051636222940895,0.15524969638108976,1028.125,50.0996669,19.8090532,11.087443033854166,2.0312917629877725,1.1814899189292454,0.08333333333333333,0.0,0.0
Rudna Gwizdanów,0.1813089732122669,0.284775641025641,994.1111111111111,51.5290973,16.2809748,11.8856201171875,1.8155148774385452,1.4030683369734895,0.0,0.0,0.0
Rudna Miasto,0.1846269670006239,0.2908496732026144,1057.2222222222222,51.5057432,16.2696123,11.8856201171875,1.8155148774385452,1.4030683369734895,0.0,0.0,0.0
Rudna Wielka,0.04906228282626104,0.0582053354890865,1241.0,51.6366627,16.6840018,11.9222412109375,1.8868758877118428,1.4500887348837237,0.0,0.0,0.0
Rudnik,0.07245295207827451,0.1189024390243902,326.8333333333333,50.4447766,22.2440326,11.622111002604166,1.7743333478768666,1.1969405110937748,0.08333333333333333,0.0,0.0
Rudnik Stróża,0.052376805269402055,0.0888157894736842,284.4166666666667,50.4582116,22.2167884,11.644571940104166,1.7802965939044952,1.1791245532786643,0.08333333333333333,0.0,0.0
Rudnik nad Sanem,0.0880007541675222,0.1567848191908342,351.72222222222223,50.4447766,22.2440326,11.622111002604166,1.7743333478768666,1.1969405110937745,0.08333333333333333,0.0,0.0
Rudniki koło Częstochowy,0.07032991448472546,0.100502512562814,793.1666666666666,50.8782089,19.2322503,11.2943115234375,1.9877480963865917,1.5922635214657765,0.08333333333333333,0.0,0.0
Rudyszwałd,0.07752029810791751,0.1165289256198347,1215.8333333333333,49.9395545,18.2935474,11.624552408854166,2.110514998435974,1.3249431651115577,0.08333333333333333,0.0,0.0
Rudzienice Suskie,0.08127786962149113,0.1171366594360086,475.5833333333333,53.6386051,19.6696133,10.5740966796875,1.8363063236077626,1.5685324305976762,0.08333333333333333,0.0,0.0
Rudziniec Gliwicki,0.08380892618982455,0.115530303030303,532.6666666666666,50.3666307,18.4042187,11.6429443359375,2.0538228948911033,1.262553209193278,0.08333333333333333,0.0,0.0
Rumia,0.14572393097640615,0.3283883025505717,2903.5416666666665,54.5701281,18.392726,10.374552408854166,2.0443029403686523,2.056294187968,0.0,0.0,0.0
Rumia Janowo,0.0381409770793069,0.0586389961389961,3726.25,54.5595683,18.4045381,10.374552408854166,2.0443029403686523,2.056294187968,0.0,0.0,0.0
Runowo Pomorskie,0.14466636339731692,0.26468808193668525,787.2777777777778,53.5500037,15.5333297,10.9173583984375,1.9439218988021214,1.571246698246464,0.0,0.0,0.0
Rurka,0.06288105459814097,0.0825123152709359,817.5833333333334,53.4908374,14.7936898,11.349812825520834,1.8664076278607051,1.5649734633765575,0.0,0.0,0.0
Rusiec Łódzki,0.001225490196078425,0.0,5.833333333333333,51.3169554,18.9694348,11.549845377604166,1.8476275106271107,1.5481887214528565,0.08333333333333333,0.0,0.0
Rusinowice,0.020816416341926908,0.0344370860927152,780.0,50.64594,18.76739,11.227579752604166,2.184969315926234,1.4735935105391633,0.08333333333333333,0.0,0.0
Ruszów,0.15947055873204766,0.3309352517985611,460.9166666666667,51.4021391,15.1785216,11.8568115234375,1.8942470053831737,1.393875195548312,0.0,0.0,0.0
Rutkowice,0.07788534963968463,0.1070496083550913,390.1666666666667,52.36676,19.16355,11.3240966796875,1.6680126388867695,1.54404944090731,0.08333333333333333,0.0,0.0
Rutwica,0.18251730110592343,0.360759493670886,306.8333333333333,53.2267153,16.2777083,10.9447021484375,1.8163710435231526,1.3148766432725705,0.0,0.0,0.0
Rybienko,0.043432799150396335,0.0696576151121605,810.0833333333334,54.6769444,18.0747222,10.3905029296875,1.973769838611285,2.0416448573272796,0.0,0.0,0.0
Rybnica,0.12147900778025862,0.2299465240641711,586.1666666666666,50.6023503,21.4183395,11.373575846354166,1.7810137023528416,1.228298243957805,0.08333333333333333,0.0,0.0
Rybnik,0.1800521852328459,0.3465222043873729,1784.7222222222222,50.1105691,18.5531874,11.424519856770834,2.074801584084829,1.3179067056549203,0.08333333333333333,0.0,0.0
Rybnik Niedobczyce,0.07532397777053754,0.1020408163265306,809.5833333333334,50.0664565,18.4946596,11.489298502604166,2.0702486634254456,1.3032896058267236,0.08333333333333333,0.0,0.0
Rybnik Niewiadom,0.07396616758007933,0.1020408163265306,809.5833333333334,50.0693676,18.469322,11.489298502604166,2.0702486634254456,1.3032896058267236,0.08333333333333333,0.0,0.0
Rybnik Paruszowiec,0.09349784196608056,0.1481218993621545,1381.0833333333333,50.1027883,18.5656133,11.424519856770834,2.074801584084829,1.3179067056549203,0.08333333333333333,0.0,0.0
Rybnik Piaski,0.03478002734569826,0.0495495495495495,233.66666666666666,50.0965044,18.5861389,11.424519856770834,2.074801584084829,1.3179067056549203,0.08333333333333333,0.0,0.0
Rybnik Rymer,0.0851032239709742,0.1206896551724138,890.8333333333334,50.0561569,18.4971472,11.489298502604166,2.0702486634254456,1.3032896058267236,0.08333333333333333,0.0,0.0
Rybnik Towarowy,0.07230988509152456,0.090505767524401,1700.5833333333333,50.0666512,18.5155202,11.489298502604166,2.0702486634254456,1.3032896058267236,0.08333333333333333,0.0,0.0
Rybno Pomorskie,0.069816188641436,0.1129032258064516,187.0,53.3809801,19.9131672,10.488972981770834,1.7635964105526607,1.5622920055499732,0.08333333333333333,0.0,0.0
Rycerka,0.13749746818850403,0.2574257425742574,484.0,49.4811291,19.0854979,8.5047607421875,3.0230093896389008,0.8062758290528436,0.16666666666666666,0.0,0.0
Rychnowo Wielkie,0.09612561727572055,0.1145631067961165,525.0,53.1422824,18.8138237,11.1575927734375,1.7714415788650513,1.4602957911440795,0.08333333333333333,0.0,0.0
Ryczów,0.05214908335809218,0.0737122557726465,1155.6666666666667,50.4233556,19.5902156,10.6468505859375,2.2727921108404794,1.436525155493958,0.08333333333333333,0.0,0.0
Rydułtowy,0.07363545073922327,0.0938775510204081,809.6666666666666,50.058436,18.4171831,11.549845377604166,2.0602276722590127,1.2922506098900908,0.08333333333333333,0.0,0.0
Rydzyna,0.09342586867278012,0.1615585579352764,630.8333333333334,51.7863742,16.6673223,11.928426106770834,1.728271375099818,1.4894192139671172,0.0,0.0,0.0
Ryjewo,0.05198731558272796,0.0994318181818181,694.4166666666666,53.8434971,18.9627498,10.817911783854166,1.7277603844801586,1.5270840612485757,0.08333333333333333,0.0,0.0
Ryki,0.06643255163507857,0.1207430340557275,326.0833333333333,51.6266968,21.935696,11.618367513020834,1.5948864221572876,1.2162845971209169,0.08333333333333333,0.0,0.0
Rykoszyn,0.0553051402667294,0.0881913303437967,664.25,50.8603914,20.4075141,10.9232177734375,1.7858733733495076,1.3911904307605507,0.08333333333333333,0.0,0.0
Rynarcice,0.1716521660445417,0.2259786476868327,551.3333333333334,51.474985,16.2128957,11.797566731770834,1.8100647727648418,1.3980377770939274,0.0,0.0,0.0
Rynkowo Wiadukt,0.07487895841806684,0.1053379729029392,950.2777777777778,53.152055,18.0053934,11.0872802734375,1.7796282172203064,1.4339900932011873,0.0,0.0,0.0
Rypin,0.08160520109072664,0.18706896551724134,39.77777777777778,53.0672809,19.4060273,10.9530029296875,1.7624360024929047,1.519229173412943,0.08333333333333333,0.0,0.0
Rytel,0.14165122737372904,0.1869782971619365,633.3333333333334,53.753169,17.7761714,10.375040690104166,1.9218731423219044,1.5035727068587563,0.08333333333333333,0.0,0.0
Rytel Wieś,0.1498616750846022,0.2038980509745127,686.75,53.7605284,17.7731967,10.375040690104166,1.9218731423219044,1.5035727068587563,0.08333333333333333,0.0,0.0
Rytro,0.0602613931774228,0.13026197380261967,378.6666666666667,49.490202,20.6701855,9.357462565104166,2.218452254931132,0.810725499713938,0.16666666666666666,0.0,0.0
Rzeczyca,0.10934103218624502,0.1391585760517799,301.0833333333333,51.7394192,18.8441875,11.644246419270834,1.8426418205102284,1.508724211543471,0.0,0.0,0.0
Rzeczyca-Kolonia,0.11572751342023697,0.1566666666666666,300.25,50.8393656,22.265485,11.094278971354166,1.8488866289456685,1.2070490291647147,0.08333333333333333,0.0,0.0
Rzeczyce Śląskie,0.09321485129070543,0.1333333333333333,532.5833333333334,50.356604,18.5677061,11.460164388020834,2.177876969178518,1.3322352712419596,0.08333333333333333,0.0,0.0
Rzemień,0.03707960230329556,0.054054054054054,436.5,50.2146797,21.5123407,11.6243896484375,1.9614928861459096,1.2455322862187026,0.08333333333333333,0.0,0.0
Rzepedź,0.058916279413812306,0.18000000000000044,7.75,49.384966,22.1118034,9.449910481770834,2.3433571457862854,0.9441322958704994,0.16666666666666666,0.0,0.0
Rzepin,0.28293499832644786,0.35344689409060664,1248.7222222222222,52.34432,14.8382902,12.1209716796875,1.6053346395492554,1.3275637855150917,0.0,0.0,0.0
Rzepin Miasto,0.02658045977011494,0.0,29.0,52.3466334,14.8246491,12.1209716796875,1.6053346395492554,1.327563785515092,0.0,0.0,0.0
Rzerzęczyce,0.07544245372300085,0.1030150753768844,793.1666666666666,50.9003342,19.3330305,11.311075846354166,1.9629003902276356,1.5846464059368648,0.08333333333333333,0.0,0.0
Rzeszotary,0.16127435435439091,0.199733688415446,758.5833333333334,51.2499538,16.1624267,11.739949544270834,1.8727958748737972,1.4354711360964387,0.0,0.0,0.0
Rzeszów Baranówka,0.0468415650594018,0.057396928051738,1241.0,50.0644668,21.9889946,11.498250325520834,1.9415395855903625,1.3339094393577489,0.08333333333333333,0.0,0.0
Rzeszów Centrum,0.0637060082296166,0.0876288659793814,1179.0833333333333,50.0431231,21.9981154,11.357137044270834,1.9358178476492565,1.3589100680810577,0.08333333333333333,0.0,0.0
Rzeszów Dworzysko,0.04790806380346329,0.0565885206143896,1241.0,50.0779017,21.9683913,11.498250325520834,1.9415395855903625,1.3339094393577489,0.08333333333333333,0.0,0.0
Rzeszów Główny,0.22009225445120406,0.591451612903226,3461.0,50.0432134,22.0058076,11.357137044270834,1.9358178476492565,1.3589100680810577,0.08333333333333333,0.0,0.0
Rzeszów Miłocin,0.0357757422468114,0.0574771108850457,1931.8333333333333,50.0756228,21.9872147,11.498250325520834,1.9415395855903625,1.3339094393577489,0.08333333333333333,0.0,0.0
Rzeszów Osiedle,0.07067478481743754,0.0957983193277311,1179.0,50.0225878,21.9777599,11.357137044270834,1.9358178476492565,1.3589100680810577,0.08333333333333333,0.0,0.0
Rzeszów Pobitno,0.04722976442872836,0.076869322152341,1378.25,50.0524311,22.0306142,11.498250325520834,1.9415395855903625,1.3339094393577489,0.08333333333333333,0.0,0.0
Rzeszów Politechnika,0.0707297572597816,0.0957983193277311,1179.0,50.0271625,21.9836467,11.357137044270834,1.9358178476492565,1.3589100680810577,0.08333333333333333,0.0,0.0
Rzeszów Staromieście,0.03504684306757174,0.0564598168870803,1931.8333333333333,50.0628192,21.9923423,11.498250325520834,1.9415395855903625,1.3339094393577489,0.08333333333333333,0.0,0.0
Rzeszów Staroniwa,0.060815100484990066,0.0815126050420168,1179.0833333333333,50.038491,21.9897333,11.357137044270834,1.9358178476492565,1.3589100680810577,0.08333333333333333,0.0,0.0
Rzeszów Zachodni,0.08269629252414466,0.16578916917380232,2222.5555555555557,50.0534458,21.9942049,11.498250325520834,1.9415395855903625,1.3339094393577489,0.08333333333333333,0.0,0.0
Rzeszów Załęże,0.048475521611181814,0.0803633822501747,1378.25,50.0585326,22.0693278,11.4530029296875,1.9206720391909282,1.341570542957658,0.08333333333333333,0.0,0.0
Rzeszów Zwięczyca,0.07051639703472236,0.0966386554621848,1179.0,50.0059268,21.957168,11.357137044270834,1.9358178476492565,1.3589100680810577,0.08333333333333333,0.0,0.0
Rzezawa,0.10976735379983084,0.19500577818034165,840.7222222222222,49.9900045,20.513614,11.4442138671875,1.9998571574687958,1.0762910089971378,0.08333333333333333,0.0,0.0
Rzochów,0.025194331774433226,0.0417690417690417,436.5833333333333,50.240007,21.4954083,11.6243896484375,1.9614928861459096,1.2455322862187026,0.08333333333333333,0.0,0.0
Rzozów,0.133624709416337,0.1955128205128205,927.5833333333334,49.95292,19.79542,11.0882568359375,2.1644624968369803,1.1241089502776827,0.08333333333333333,0.0,0.0
Rzozów Centrum,0.13264040883747233,0.1955128205128205,927.5833333333334,49.9583206,19.8033369,11.0882568359375,2.1644624968369803,1.1241089502776827,0.08333333333333333,0.0,0.0
Rząsawa,0.0017236287147791528,0.0,12.555555555555555,51.30169,19.34491,11.420939127604166,1.8234040786822636,1.5501165888789779,0.08333333333333333,0.0,0.0
Rzęśnica,0.07178707346498715,0.1005586592178771,350.1666666666667,53.5298103,15.9434739,10.7635498046875,2.0132802774508796,1.4999929104822718,0.0,0.0,0.0
Różanystok,0.09817378005870347,0.1627906976744186,228.83333333333334,53.6355117,23.4052495,10.2054443359375,1.5797421634197235,1.4017810582304684,0.08333333333333333,0.0,0.0
Różyny,0.11999815968100991,0.1864111498257839,1149.5,54.2009435,18.662265,10.772501627604166,1.78646320104599,1.739017492953586,0.08333333333333333,0.0,0.0
Rąbino,0.11463533021873278,0.1678321678321678,414.4166666666667,53.8688563,15.9506588,10.778361002604166,2.031064495444298,1.5660915090180054,0.0,0.0,0.0
Rębiechowo,0.043596851952611114,0.0650820599886813,1712.75,54.3857168,18.4257143,9.931844075520834,2.0725530882676444,1.9078933871487533,0.08333333333333333,0.0,0.0
Rębiszów,0.11966273114639397,0.2544920984006155,460.27777777777777,50.9507736,15.4533269,10.4349365234375,2.655634274085363,1.5355749358181692,0.08333333333333333,0.0,0.0
Rębusz,0.11402386721614527,0.1556195965417867,345.6666666666667,53.05584,15.59539,11.260945638020834,1.9066919734080632,1.3552695810034312,0.0,0.0,0.0
Sabinka,0.13184472877074507,0.2166796570537802,1299.8333333333333,52.1731502,22.1726362,11.199747721354166,1.56019123395284,1.3753697738231614,0.08333333333333333,0.0,0.0
Sadlinki,0.07652195140711968,0.1774193548387097,304.75,53.6644793,18.8728156,10.9178466796875,1.6869191030661266,1.549074659309085,0.08333333333333333,0.0,0.0
Sadowice Wrocławskie,0.12492650373901815,0.208695652173913,787.0,51.0560102,16.8246851,11.8758544921875,2.0907650838295617,1.3453173577567843,0.0,0.0,0.0
Sadowne Węgrowskie,0.032408361800080575,0.048526863084922,1140.75,52.6050736,21.8580585,11.280314127604166,1.4421898772319157,1.3563184670146837,0.08333333333333333,0.0,0.0
Sadurki,0.043636552207722355,0.0640138408304498,583.0,51.8019444,20.6925,11.254435221354166,1.6851914922396343,1.3620731226770746,0.08333333333333333,0.0,0.0
Samborowo,0.08230015060769146,0.1078260869565217,566.4166666666666,53.66495,19.81912,10.641642252604166,1.874775876601537,1.5608417262806438,0.08333333333333333,0.0,0.0
Samostrzel,0.08748741890387658,0.1194029850746268,617.5833333333334,54.05844,16.72383,10.347696940104166,2.2368098298708596,1.6270905310177273,0.0,0.0,0.0
Sandomierz,0.10054827864825408,0.16912242686890572,126.66666666666667,50.6793066,21.7495055,11.421915690104166,1.7616515308618548,1.2306654111546305,0.08333333333333333,0.0,0.0
Sanok,0.0774850550939068,0.18790322580645163,174.95833333333334,49.5589528,22.21176,10.567097981770834,2.2187021176020303,1.3128834541712942,0.08333333333333333,0.0,0.0
Sanok Dąbrówka,0.039384574418280326,0.07764743865690915,56.44444444444444,49.5690608,22.1594931,10.567097981770834,2.2187021176020303,1.3128834541712942,0.08333333333333333,0.0,0.0
Sanok Miasto,0.0362310470316415,0.06706087275394204,59.77777777777778,49.5559375,22.1985854,10.567097981770834,2.2187021176020303,1.3128834541712942,0.08333333333333333,0.0,0.0
Santok,0.19420137804534612,0.2538940809968847,657.8333333333334,52.7388292,15.4106106,11.9241943359375,1.6747497916221619,1.2481697791653907,0.0,0.0,0.0
Sarbiewo,0.18492997273497666,0.2470978441127695,658.75,52.7010714,20.3556045,11.288126627604166,1.4370334446430206,1.4853904789224697,0.08333333333333333,0.0,0.0
Sarnaki,0.1241943614392552,0.2143506493506493,272.2083333333333,52.314485,22.8898812,11.0155029296875,1.6557092368602753,1.4507596345760307,0.08333333333333333,0.0,0.0
Sarnów,0.06252060448887166,0.1114551083591331,325.8333333333333,51.3624227,19.0138391,11.571492513020834,1.852523426214854,1.5288612301271016,0.08333333333333333,0.0,0.0
Serock,0.05068069154695755,0.0861372812920592,471.94444444444446,52.5135193,21.0731162,11.566446940104166,1.4228711475928624,1.3398148799526814,0.08333333333333333,0.0,0.0
Seroki,0.10802007501675076,0.1340341655716163,1571.8333333333333,52.2037729,20.4484098,11.5716552734375,1.5264757772286732,1.4412079369812572,0.08333333333333333,0.0,0.0
Sidra,0.09872869904267932,0.1720930232558139,228.83333333333334,53.5527739,23.4505263,10.181355794270834,1.5833017031351726,1.402078275059642,0.08333333333333333,0.0,0.0
Siechnice,0.05000155662678024,0.0873015873015873,586.3333333333334,51.0323875,17.1507275,12.019734700520834,2.1102855851252875,1.249372167152247,0.0,0.0,0.0
Siedlce,0.11495116043601045,0.191232623642904,1630.5416666666667,52.1615938,22.2812533,11.171427408854166,1.5619225700696309,1.386555788922433,0.08333333333333333,0.0,0.0
Siedlce Wschodnie,0.08040679799930485,0.1318400101099456,632.6666666666666,52.1443147,22.2978632,11.1385498046875,1.562179297208786,1.3547183202354196,0.08333333333333333,0.0,0.0
Siedlce Zachodnie,0.1564663512963977,0.2511653072398916,1403.1666666666667,52.1735179,22.2355139,11.199747721354166,1.56019123395284,1.3753697738231616,0.08333333333333333,0.0,0.0
Siedlce Łaskie,0.001225490196078425,0.0,5.666666666666667,51.4569519,19.0154415,11.5013427734375,1.8681976199150085,1.501165307046741,0.08333333333333333,0.0,0.0
Siedlec Trzebnicki,0.04915103605108315,0.0991325898389095,647.0833333333334,51.2336489,17.1188187,11.8050537109375,2.0384293844302497,1.2964250275302434,0.0,0.0,0.0
Siedliska Tomaszowskie,0.21115196078431372,0.6,8.833333333333334,50.2615995,23.5543712,11.0018310546875,1.9852263927459717,1.3708694666553443,0.08333333333333333,0.0,0.0
Siedliska koło Tuchowa,0.07397897181617534,0.1233796296296296,325.27777777777777,49.8605481,21.0193363,11.225789388020834,1.9884195824464161,1.1205856412558324,0.08333333333333333,0.0,0.0
Siedlisko Czarnkowskie,0.05239454481214562,0.09313470379044145,351.94444444444446,52.983637,16.3985759,11.3831787109375,1.6589921216169994,1.2549995364976445,0.0,0.0,0.0
Siemiatycze,0.12175352200371735,0.2092841682127396,272.2916666666667,52.4278979,22.8627258,10.923380533854166,1.6750707974036534,1.4624280619645926,0.08333333333333333,0.0,0.0
Sieniawa,0.13705989881259256,0.2229617304492512,574.6666666666666,50.1780728,22.6102155,11.429402669270834,1.878351201613744,1.3102045345967654,0.08333333333333333,0.0,0.0
Sieniawa Żarska,0.11649996703342026,0.18360730593607305,234.05555555555554,51.64029,15.06346,11.781290690104166,1.9652715424696605,1.3571710461950701,0.0,0.0,0.0
Siepietnica,0.11066023097273096,0.24166666666666664,14.555555555555555,49.7544516,21.2957143,11.054239908854166,2.112609565258026,1.1005742329645296,0.08333333333333333,0.0,0.0
Sieradz,0.09986646000178871,0.1867909754479097,705.0,51.5942475,18.7378774,11.603230794270834,1.8914729058742523,1.5119914743038756,0.0,0.0,0.0
Sieradz Męka,0.04516499516221827,0.10458942682001666,546.1666666666666,51.6151724,18.7765671,11.6234130859375,1.8912972112496693,1.5089594103460835,0.0,0.0,0.0
Sieradz Warta,0.059609103992120986,0.1050119331742243,728.1666666666666,51.6030132,18.7303652,11.603230794270834,1.8914729058742523,1.5119914743038756,0.0,0.0,0.0
Sierakowice Skierniewickie,0.037310358848487324,0.0415162454873646,594.4166666666666,51.9986723,20.061646,11.535359700520834,1.60118372241656,1.477937928565921,0.08333333333333333,0.0,0.0
Sieraków Śląski,0.07670292082482792,0.1111111111111111,348.1666666666667,50.8005493,18.5752877,11.3514404296875,2.0751421550909677,1.4937105778934832,0.08333333333333333,0.0,0.0
Sierakówek,0.10267026695300746,0.1411530815109344,504.8333333333333,52.3735,19.43074,11.3944091796875,1.5906703074773152,1.5231339089884974,0.08333333333333333,0.0,0.0
Sierpc,0.06527692691590758,0.10401253918495292,436.03333333333336,52.8529055,19.6675433,11.0589599609375,1.6627525041500728,1.4665142536581137,0.08333333333333333,0.0,0.0
Sierpów,0.07027466127308203,0.11394163964798515,596.0555555555555,52.01823,19.23836,11.5604248046875,1.6855221192042034,1.5507636110997751,0.0,0.0,0.0
Siewierz,0.038381298905681926,0.0543293718166383,608.6666666666666,50.4710097,19.2318901,10.954142252604166,2.1772113740444183,1.4493193887631568,0.08333333333333333,0.0,0.0
Silno,0.03561049189950458,0.08177973466195465,244.0,53.6470111,17.7076397,10.470906575520834,1.8987167676289876,1.5212940849133358,0.08333333333333333,0.0,0.0
Silnowo,0.06459269327749102,0.0831168831168831,376.25,53.6283545,16.493836,10.453328450520834,1.9953045199314754,1.5136426697791874,0.08333333333333333,0.0,0.0
Sitkówka Nowiny,0.09246542521508318,0.1199616122840691,1040.5,50.820132,20.5446441,11.019571940104166,1.7283893078565598,1.3437931190629488,0.08333333333333333,0.0,0.0
Sitno,0.025621484358344392,0.0523031725904257,383.77777777777777,53.65826,16.66858,10.422566731770834,2.0460259268681207,1.5541703258442476,0.08333333333333333,0.0,0.0
Sitowa,0.03451229907138565,0.0644528320751887,296.44444444444446,51.3383816,20.3323005,11.058308919270834,1.8207253019014995,1.5675084441305,0.08333333333333333,0.0,0.0
Siódmak,0.04267412915433597,0.0825688073394495,154.05555555555554,53.52553,20.96856,10.620157877604166,1.6448351045449574,1.3590101215854944,0.08333333333333333,0.0,0.0
Sińczyca,0.05634180531729386,0.1236559139784946,288.1666666666667,54.40593,16.49263,10.913126627604166,1.9827769895394642,2.1048129623376655,0.0,0.0,0.0
Skalite,0.018631633804653026,0.03953763115754575,403.3333333333333,49.711139,19.044819,9.396199544270834,2.956436892350515,1.07057953716527,0.08333333333333333,0.0,0.0
Skalite Kudlov,0.023005699435688042,0.0388349514563106,604.6666666666666,,,,,,,,
Skalite Serafinov,0.012294338258932733,0.031528630869823604,403.3333333333333,,,,,,,,
Skalite pod Polanou,0.025765767471540742,0.0432525951557093,604.6666666666666,,,,,,,,
Skalmierz,0.11375246546807216,0.1597222222222222,425.9166666666667,51.69788,18.42511,11.617879231770834,1.827526758114497,1.5243457810426326,0.0,0.0,0.0
Skandawa,0.041666666666666664,0.0,0.3333333333333333,54.2726207,21.2548409,10.585652669270834,1.7416616082191467,1.3221101312334027,0.08333333333333333,0.0,0.0
Skarżysko Kościelne,0.11482095302590488,0.18016202918221913,570.2222222222222,51.1379441,20.9136379,10.8109130859375,1.8930866022904713,1.4334805353849844,0.08333333333333333,0.0,0.0
Skarżysko Milica,0.030869626218208095,0.04696622469580394,285.94444444444446,51.1080901,20.8505854,10.8109130859375,1.8930866022904713,1.4334805353849844,0.08333333333333333,0.0,0.0
Skarżysko Zachodnie,0.05714363604094138,0.11922847187655544,669.9444444444445,51.1004358,20.8595709,10.8109130859375,1.8930866022904713,1.4334805353849844,0.08333333333333333,0.0,0.0
Skarżysko-Kamienna,0.08628484661862584,0.1858078740655276,1345.1333333333334,51.1229657,20.8770091,10.8109130859375,1.8930866022904713,1.4334805353849844,0.08333333333333333,0.0,0.0
Skawa,0.11358259941720401,0.1705263157894737,459.5,49.7252404,19.6731965,9.294962565104166,2.839193950096766,0.96292495741906,0.08333333333333333,0.0,0.0
Skawa Środkowa,0.11834433053441329,0.1873684210526315,459.5,49.6125553,19.9004584,8.919148763020834,3.0383082032203674,0.8868708317096078,0.16666666666666666,0.0,0.0
Skawina,0.062448146376666874,0.11299642954000905,839.5666666666667,49.9747508,19.8265702,11.0882568359375,2.1644624968369803,1.1241089502776829,0.08333333333333333,0.0,0.0
Skawina Jagielnia,0.07866147834319054,0.12172477771619955,1389.8333333333333,49.9812175,19.8414336,11.0882568359375,2.1644624968369803,1.1241089502776829,0.08333333333333333,0.0,0.0
Skawina Zachodnia,0.05064312400773749,0.0797962648556876,1156.9166666666667,49.97314,19.7925421,11.0882568359375,2.1644624968369803,1.1241089502776827,0.08333333333333333,0.0,0.0
Skibno,0.12595877547373552,0.1899736147757255,385.8333333333333,54.2456,16.29088,10.901082356770834,2.013894642392794,1.8234711765088238,0.0,0.0,0.0
Skierniewice,0.08455951070300856,0.17900146960894614,1850.9444444444443,51.9580068,20.1448085,11.535359700520834,1.60118372241656,1.477937928565921,0.08333333333333333,0.0,0.0
Skierniewice Rawka,0.06148321378313432,0.0863723640830265,1312.0,51.9775852,20.2213044,11.529500325520834,1.612456738948822,1.465304695530781,0.08333333333333333,0.0,0.0
Sklęczki,0.04555886607763144,0.0577617328519855,527.4166666666666,52.2253793,19.4054378,11.529988606770834,1.5872033039728801,1.5729817559390682,0.0,0.0,0.0
Skoczów,0.1541365049131618,0.21432212028542302,442.3333333333333,49.7999039,18.7877583,10.767781575520834,2.642665276924769,1.247828441825194,0.08333333333333333,0.0,0.0
Skoczów Bajerki,0.2026454512235957,0.2570754716981132,448.4166666666667,49.7987323,18.8011749,10.767781575520834,2.642665276924769,1.247828441825194,0.08333333333333333,0.0,0.0
Skoczów Bładnice,0.16701196276009866,0.209647495361781,549.75,49.7721313,18.7791496,10.767781575520834,2.642665276924769,1.247828441825194,0.08333333333333333,0.0,0.0
Skoki,0.03941731437658007,0.0630782169890664,1135.0,52.6725926,17.1531343,11.4315185546875,1.6411588490009308,1.4355105610416683,0.0,0.0,0.0
Skoki - Borowa,0.03876995281032885,0.0645724258289703,577.25,51.5401372,21.8484147,11.593790690104166,1.625781814257304,1.1985186939037498,0.08333333333333333,0.0,0.0
Skokowa,0.12587684796838228,0.16781712082350703,757.1666666666666,51.3885092,16.8495552,11.830281575520834,1.8982653667529423,1.3843871387094104,0.0,0.0,0.0
Skoroszyce,0.10774038430912758,0.2008196721311475,252.0,50.5969194,17.3810561,11.442423502604166,2.114315465092659,1.2812691449115456,0.08333333333333333,0.0,0.0
Skorzewo,0.042429368229276454,0.0654490106544901,627.1666666666666,54.16702,17.96827,9.829305013020834,2.000954578320185,1.7419013342321465,0.08333333333333333,0.0,0.0
Skowarcz,0.11954178807864424,0.1898954703832752,1149.5,54.18424,18.679,10.772501627604166,1.78646320104599,1.739017492953586,0.08333333333333333,0.0,0.0
Skołyszyn,0.11066023097273096,0.24166666666666664,14.555555555555555,49.7521108,21.3352696,11.054239908854166,2.112609565258026,1.1005742329645296,0.08333333333333333,0.0,0.0
Skrzynki,0.038383275946222956,0.0655913978494623,585.0,52.5856824,20.3501853,11.3177490234375,1.4175079762935638,1.455806809761271,0.08333333333333333,0.0,0.0
Skrzynno,0.042622543676192164,0.09342374535253005,341.5,51.3630938,20.7193781,11.137247721354166,1.7144039571285248,1.4903566841161369,0.08333333333333333,0.0,0.0
Skwierzyna,0.18856221096472664,0.2577537593984962,278.6111111111111,52.5967483,15.5010958,11.918986002604166,1.629287913441658,1.2606992059652982,0.0,0.0,0.0
Skórka,0.10559193104768715,0.1428571428571428,350.9166666666667,51.9216873,19.1524063,11.5057373046875,1.7232586642106373,1.52897643974042,0.08333333333333333,0.0,0.0
Skępe,0.05888461550075255,0.0849774339136041,212.83333333333334,52.8671562,19.3465204,11.027384440104166,1.7648894488811493,1.438283184041661,0.08333333333333333,0.0,0.0
Smardy,0.08318877755491343,0.0972477064220183,534.5,50.9922429,18.1443157,11.641316731770834,2.0395954151948295,1.379779002408122,0.08333333333333333,0.0,0.0
Smardzew,0.015745713251778218,0.0244755244755244,1059.4166666666667,51.8740877,19.4705256,11.2884521484375,1.7047157386938732,1.5729908033274638,0.08333333333333333,0.0,0.0
Smardzów Wrocławski,0.10999993054928107,0.32565918367346935,397.9,51.0306885,17.0661283,11.9808349609375,2.1374988555908203,1.2485738546650225,0.0,0.0,0.0
Smogorzów Przysuski,0.040735044021983316,0.0806171983356449,286.77777777777777,51.3949128,20.6051649,11.077351888020834,1.732448657353719,1.5165646891134097,0.08333333333333333,0.0,0.0
Smolec,0.12821752780534615,0.20514319111630624,897.7222222222222,51.0744801,16.8843573,11.987508138020834,2.0753504435221353,1.3031504347398561,0.0,0.0,0.0
Smolniki,0.06478177844614558,0.1149425287356321,187.0,54.3474573,17.7540729,9.7469482421875,2.135615090529124,1.7102190739567618,0.08333333333333333,0.0,0.0
Smroków,0.1342791131169817,0.22959589650569828,812.5,50.2824559,20.0324396,10.844767252604166,1.9927741189797719,1.338893844781768,0.08333333333333333,0.0,0.0
Smętowo,0.1322868160455788,0.1967213114754098,626.8888888888889,53.747959,18.6858934,10.8284912109375,1.690736562013626,1.5697516039079598,0.08333333333333333,0.0,0.0
Sobibór,0.010416666666666666,0.0,7.333333333333333,51.4727122,23.6435584,11.2044677734375,1.6324081768592198,1.435403053972971,0.08333333333333333,0.0,0.0
Sobków,0.10824523179189795,0.1459589867310012,813.1666666666666,50.6987193,20.4543922,11.037312825520834,1.7018550286690395,1.3038937033839268,0.08333333333333333,0.0,0.0
Sobolew,0.15218599298787666,0.3032258064516129,671.4444444444445,51.741893,21.6682644,11.5677490234375,1.5800041655699413,1.2309573285455633,0.08333333333333333,0.0,0.0
Sobótka,0.06340209781204634,0.13691774242748755,537.8888888888889,50.8992535,16.7444655,11.508829752604166,2.2023539543151855,1.368799164213901,0.0,0.0,0.0
Sobótka Zachodnia,0.04622454307176899,0.10996750027542135,408.05555555555554,50.9078368,16.7007723,11.508829752604166,2.2023539543151855,1.368799164213901,0.0,0.0,0.0
Sobów,0.1287922674321386,0.1781609195402299,348.0833333333333,50.8841541,21.6907982,11.311564127604166,1.7236026426156361,1.2468946072763514,0.08333333333333333,0.0,0.0
Sochaczew,0.1496168070964252,0.2304550394640725,1846.2777777777778,52.2367219,20.2571236,11.5775146484375,1.5049324333667755,1.4445239626830648,0.08333333333333333,0.0,0.0
Sokole Białostockie,0.018153021442495126,0.0789473684210526,12.5,53.0862218,23.5112116,10.454305013020834,1.6314057260751724,1.3414774009863828,0.08333333333333333,0.0,0.0
Sokoliniec,0.16616403473238872,0.2926829268292683,338.6666666666667,53.2920871,15.4987314,11.1160888671875,1.9758743147055309,1.426791459793218,0.0,0.0,0.0
Sokołowo Budzyńskie,0.15634840598481448,0.26293570036804503,564.9444444444445,52.8448,16.94205,11.429890950520834,1.6116198003292084,1.3709439877566625,0.0,0.0,0.0
Sokoły,0.0807285093738276,0.1935483870967742,83.75,52.9928125,22.7009341,10.7357177734375,1.5170492430528004,1.3748334094114527,0.08333333333333333,0.0,0.0
Sokule,0.035986779902596765,0.0538599640933572,575.4166666666666,52.0640766,20.3726627,11.529337565104166,1.5929079751173656,1.4518630093178622,0.08333333333333333,0.0,0.0
Sokółka,0.10322933958955077,0.19513484928609198,430.55555555555554,53.4049183,23.4995562,10.202677408854166,1.609352638324102,1.3912578352014575,0.08333333333333333,0.0,0.0
Solec Kujawski,0.08848894739256145,0.18489733774143033,1018.375,53.0791965,18.2246086,11.275431315104166,1.6983315149943035,1.3917193964345291,0.0,0.0,0.0
Solec Wielkopolski,0.07930721502871718,0.12261697181052014,805.8333333333334,52.1097422,17.3195972,11.836954752604166,1.6513447562853496,1.4663911785945052,0.0,0.0,0.0
Solniki Wielkie,0.08275538951464864,0.1182608695652173,571.25,51.162494,17.475761,11.700724283854166,2.0387944926818213,1.326342049342173,0.0,0.0,0.0
Somonino,0.04580951184077537,0.0667678300455235,627.25,54.2792217,18.2006456,9.707234700520834,2.078187565008799,1.8045939798191197,0.08333333333333333,0.0,0.0
Sopot,0.08999566750348838,0.23902051437372063,3847.1666666666665,54.4447922,18.5684902,10.5946044921875,1.9545166194438934,1.9528665836054953,0.08333333333333333,0.0,0.0
Sopot Kamienny Potok,0.01958744987032311,0.0252162709368672,5798.666666666667,54.4576401,18.5535799,,,,0.0,0.0,0.0
Sopot Wyścigi,0.018434074944411908,0.0239278483342536,5798.333333333333,54.4312893,18.5652352,10.5946044921875,1.9545166194438934,1.9528665836054955,0.08333333333333333,0.0,0.0
Sosnowe,0.1397071062239458,0.2291504286827747,1300.3333333333333,52.1601018,21.933959,11.188680013020834,1.5469701786835988,1.351615624862711,0.08333333333333333,0.0,0.0
Sosnowiec Dańdówka,0.05021522528257092,0.08553509036794202,243.41666666666666,50.2655094,19.1727723,11.2996826171875,2.080015778541565,1.310546111585304,0.08333333333333333,0.0,0.0
Sosnowiec Główny,0.11877582947564087,0.23484807719902423,1691.7083333333333,50.27895,19.1263859,11.299519856770834,2.0738454361756644,1.2992858539664631,0.08333333333333333,0.0,0.0
Sosnowiec Jęzor Południowy,0.007515818661329495,0.0,20.77777777777778,50.2286545,19.1654178,11.3997802734375,1.985099087158839,1.231917965463262,0.08333333333333333,0.0,0.0
Sosnowiec Kazimierz,0.05630674509361705,0.0865979381443299,486.3333333333333,50.2886411,19.2315955,11.2996826171875,2.080015778541565,1.310546111585304,0.08333333333333333,0.0,0.0
Sosnowiec Porąbka,0.06129510633118695,0.090721649484536,486.3333333333333,50.2721032,19.2162482,11.2996826171875,2.080015778541565,1.310546111585304,0.08333333333333333,0.0,0.0
Sosnowiec Południowy,0.1323023479449277,0.25343137254901965,365.125,50.2697299,19.1253609,11.299519856770834,2.0738454361756644,1.2992858539664631,0.08333333333333333,0.0,0.0
Sowczyce,0.07910549299062843,0.1169590643274853,348.1666666666667,50.84357,18.49458,11.415079752604166,2.0482799808184304,1.4581851105573556,0.08333333333333333,0.0,0.0
Sowin,0.12504117773169354,0.1801242236024844,474.4166666666667,50.9145588,19.6230041,11.274617513020834,1.9222801228364308,1.5414088687145628,0.08333333333333333,0.0,0.0
Sołtyków,0.03198128420106114,0.049390243902439,286.0,51.1371696,20.6906592,10.622111002604166,1.8688473552465439,1.4472969899977821,0.08333333333333333,0.0,0.0
Sośnica Jarosławska,0.07110197398558325,0.0993303571428571,875.0,49.9015592,22.8515087,11.3656005859375,1.9498029102881749,1.3893522336294308,0.08333333333333333,0.0,0.0
Sośnie Ostrowskie,0.11279477524513763,0.1341463414634146,326.3333333333333,51.4715395,17.6394539,11.8709716796875,1.9866282939910889,1.4169751672467754,0.0,0.0,0.0
Spała,0.006934481109516967,0.0294117647058823,44.5,51.5401769,20.1362048,11.241739908854166,1.6657138019800186,1.5604940423990143,0.08333333333333333,0.0,0.0
Spychowo,0.11954328596909602,0.1774193548387097,182.75,53.6022737,21.3461575,10.5238037109375,1.6571943660577138,1.3378498634722886,0.08333333333333333,0.0,0.0
Spytkowice,0.031921202244097835,0.06830421299447845,770.8333333333334,49.994979,19.5087999,11.021036783854166,2.2187517881393433,1.1117458140942025,0.08333333333333333,0.0,0.0
Spytkowice Kępki,0.05208275507573163,0.0737122557726465,1155.6666666666667,49.9990933,19.5222949,11.021036783854166,2.2187517881393433,1.1117458140942025,0.08333333333333333,0.0,0.0
Spławie,0.09180379977606784,0.1156716417910447,1098.25,51.9916468,16.6346312,11.925333658854166,1.6554450194040935,1.4156319573721092,0.0,0.0,0.0
Stalowa Wola,0.0751586109157945,0.1066997518610421,337.5,50.5665754,22.0437212,11.598185221354166,1.7634660601615906,1.1775851993491768,0.08333333333333333,0.0,0.0
Stalowa Wola Centrum,0.1030240107707213,0.16808257970220145,501.55555555555554,50.570227,22.0550645,11.576212565104166,1.7810503443082173,1.1710271950541873,0.08333333333333333,0.0,0.0
Stalowa Wola Charzewice,0.19535763907270343,0.2704918032786885,114.33333333333333,50.6031517,22.0251942,11.598185221354166,1.7634660601615906,1.177585199349177,0.08333333333333333,0.0,0.0
Stalowa Wola Południe,0.055599521175978724,0.0942928039702233,337.55555555555554,50.5449264,22.0788926,11.650105794270834,1.7528967658678691,1.1686257966461655,0.08333333333333333,0.0,0.0
Stalowa Wola Rozwadów,0.11635773408756239,0.1804935208161014,743.3333333333334,50.5913352,22.0419635,11.598185221354166,1.7634660601615906,1.1775851993491768,0.08333333333333333,0.0,0.0
Staniszcze Małe,0.0788061333986873,0.1124401913875598,443.25,50.6645979,18.3158012,11.658243815104166,2.0050716002782187,1.3688063604934413,0.08333333333333333,0.0,0.0
Stanisławice,0.10619435733064282,0.17556818773359983,840.6666666666666,52.1787996,19.5738168,11.5408935546875,1.544644961754481,1.5690041102205603,0.0,0.0,0.0
Staniątki,0.09667112612112931,0.15293046546033912,1053.0555555555557,50.0106406,20.1941445,11.2845458984375,2.031444480021795,1.08892511119863,0.08333333333333333,0.0,0.0
Stanowice,0.22517974458941017,0.3521341463414634,626.6666666666666,50.9654384,17.2610623,11.988321940104166,2.084006796280543,1.2539194501889748,0.0,0.0,0.0
Stara Kamienica,0.11892176535759486,0.22895801719777437,458.55555555555554,50.9168596,15.5721391,9.4866943359375,2.8263264298439026,1.3512544625697631,0.08333333333333333,0.0,0.0
Stara Piła,0.06552065789233569,0.03284050179211465,197.33333333333334,54.3254393,18.4121623,9.9725341796875,2.017564038435618,1.8246561818088902,0.08333333333333333,0.0,0.0
Stara Wieś,0.08307558088438981,0.1107099879663056,1708.25,49.7214975,22.0095894,10.643595377604166,2.089728514353434,1.2963521173932302,0.08333333333333333,0.0,0.0
Stara Łubianka,0.2544045899537419,0.345360824742268,363.0,53.23125,16.68135,11.046427408854166,1.7446002463499706,1.3495992838365594,0.0,0.0,0.0
Starachowice,0.07952831327117624,0.1126005361930295,738.25,51.0518865,21.0761377,11.0726318359375,1.8442964454491932,1.4106157783705005,0.08333333333333333,0.0,0.0
Starachowice Michałów,0.07997467042808129,0.1112600536193029,738.0833333333334,51.0150128,21.1084547,10.8670654296875,1.8981188635031383,1.3964955841498894,0.08333333333333333,0.0,0.0
Starachowice Wschodnie,0.11017159095947639,0.16201554885124156,573.3888888888889,51.0419091,21.0787913,10.8670654296875,1.8981188635031383,1.3964955841498896,0.08333333333333333,0.0,0.0
Starczów,0.1965801600317241,0.4209748892171344,528.0,50.5552088,16.9295136,10.721720377604166,2.3375953435897827,1.3304767572817333,0.08333333333333333,0.0,0.0
Stare Berezowo,0.10252699155910248,0.1344086021505376,367.1666666666667,52.7388083,23.4584459,10.5081787109375,1.6796255906422932,1.3753766209838112,0.08333333333333333,0.0,0.0
Stare Bielice,0.171211183186721,0.2338308457711442,658.9166666666666,52.84862,15.92217,11.761759440104166,1.639732077717781,1.2473042142086568,0.0,0.0,0.0
Stare Bojanowo,0.09103342941763927,0.1531312553617386,870.7777777777778,51.998611,16.5840874,11.925333658854166,1.6554450194040935,1.4156319573721095,0.0,0.0,0.0
Stare Drzewce,0.10579263603573448,0.1576227390180878,351.25,51.77082,16.215,12.0257568359375,1.6809055407842,1.4475530847106297,0.0,0.0,0.0
Stare Grudze,0.013704856979633142,0.0266963292547274,595.6666666666666,52.0406252,19.9062346,11.488484700520834,1.6023770372072856,1.5121169919234678,0.08333333333333333,0.0,0.0
Stare Guty,0.11522927897265768,0.1720430107526881,182.41666666666666,53.6117827,21.9191397,10.605183919270834,1.5746180216471355,1.329398401565468,0.08333333333333333,0.0,0.0
Stare Jabłonki,0.07192284322240922,0.0925589836660617,566.3333333333334,53.69379,20.10404,10.559773763020834,1.793174922466278,1.6010516029158977,0.08333333333333333,0.0,0.0
Stare Kurowo,0.1771308829371421,0.24212271973466,658.9166666666666,52.8572,15.67243,11.5711669921875,1.7466302067041397,1.3121968621233309,0.0,0.0,0.0
Stare Olesno,0.07627110067610848,0.1081871345029239,348.0,50.91162,18.35161,11.4344482421875,2.0584022402763367,1.4422831526597626,0.08333333333333333,0.0,0.0
Stare Pole,0.10391568090220565,0.1853233830845771,792.5833333333334,54.0546851,19.2035336,11.070515950520834,1.7235768834749858,1.5571261134683942,0.08333333333333333,0.0,0.0
Stargard,0.14052339235814393,0.21449675112790945,1738.2777777777778,53.3379935,15.0350493,11.412150065104166,1.9338490267594655,1.5375848061209623,0.0,0.0,0.0
Starkowo,0.019650761304231316,0.0343511450381679,533.25,54.5103,16.80818,10.764363606770834,2.1656229297320047,2.24220696482341,0.0,0.0,0.0
Starogard Gdański,0.10462494840419735,0.19212621278712994,403.6666666666667,53.9654471,18.5266573,10.398966471354166,1.8119711875915527,1.6292605215851623,0.08333333333333333,0.0,0.0
Staropole Częstochowskie,0.04466570788459103,0.064516129032258,426.75,50.7647169,19.5288669,11.172403971354166,1.9574661254882812,1.5405961220999904,0.08333333333333333,0.0,0.0
Stary Borek,0.1108081253128439,0.167816091954023,433.75,54.1324442,15.4820644,11.203165690104166,1.9104526489973068,1.6739338351113828,0.0,0.0,0.0
Stary Grodków,0.10644827677375439,0.1885245901639344,251.91666666666666,50.6558659,17.3881383,11.8031005859375,1.8987033913532894,1.2198708177927917,0.0,0.0,0.0
Stary Jawor,0.16242022801374809,0.250788643533123,607.0833333333334,50.9441811,21.0859141,10.671915690104166,1.842497780919075,1.3733225525977433,0.08333333333333333,0.0,0.0
Stary Klukom,0.12079676216468084,0.1747851002865329,345.6666666666667,53.13172,15.44313,11.286336263020834,1.9263525108496349,1.424824359375877,0.0,0.0,0.0
Stary Sącz,0.0602317378754691,0.13026197380261967,378.8,49.5640376,20.6366038,9.981160481770834,2.4635061820348105,0.8576558056073086,0.08333333333333333,0.0,0.0
Stary Wielisław,0.13401247259657004,0.3106796116504854,276.25,50.4004843,16.5649706,9.9530029296875,2.4380251665910087,1.2191331369260912,0.08333333333333333,0.0,0.0
Stary Węgliniec,0.17391743281838953,0.3575,432.9166666666667,51.3040734,15.1948433,11.712605794270834,1.8515713413556416,1.3882723748373003,0.0,0.0,0.0
Stasin Polny,0.04196324685946909,0.0650994575045208,576.75,51.2132592,22.4736992,11.191121419270834,1.7284700373808544,1.3282928144429678,0.08333333333333333,0.0,0.0
Staw Kunowski,0.07727115941726244,0.1085790884718498,738.0833333333334,51.0038997,21.2466619,10.961140950520834,1.8735520939032237,1.3870272973612827,0.08333333333333333,0.0,0.0
Stawiany Pińczowskie,0.019216392842523883,0.05,96.5,50.581147,20.5907834,11.076700846354166,1.7766660054524739,1.3133822967108213,0.08333333333333333,0.0,0.0
Stawiguda,0.06276705549658858,0.109375,254.66666666666666,53.6584991,20.4011694,10.5081787109375,1.7292877386013668,1.5615681865434343,0.08333333333333333,0.0,0.0
Stawno,0.018834574020706627,0.032258064516129,447.4166666666667,53.4988268,14.9001279,11.2601318359375,1.8664187888304393,1.572614168031459,0.0,0.0,0.0
Stefanowo,0.05163161148071944,0.0323529411764705,159.25,52.455,18.4402778,11.498738606770834,1.7132932245731354,1.4866821611500518,0.0,0.0,0.0
Steknica,0.03537040916073173,0.1354838709677419,59.666666666666664,54.7134023,17.5777953,10.590861002604166,1.997095803419749,1.9948483528168426,0.0,0.0,0.0
Sterkowiec,0.11098866098932794,0.2046097466889546,840.9444444444445,49.9954449,20.6792845,11.5501708984375,1.942252665758133,1.1082584903668504,0.08333333333333333,0.0,0.0
Stobno,0.05183412583782205,0.0906506298127427,351.94444444444446,51.2818865,16.6148455,11.967000325520834,1.8712278306484222,1.366064981729882,0.0,0.0,0.0
Stobno Szczecińskie,0.041666666666666664,0.0,0.16666666666666666,53.4085523,14.4374883,11.386922200520834,1.8251279940207799,1.545403301099063,0.0,0.0,0.0
Stogi Malborskie,0.0993523636810515,0.183206106870229,1189.6666666666667,54.0639673,18.9689952,10.989298502604166,1.6608746349811554,1.5715216073378002,0.08333333333333333,0.0,0.0
Stok Lacki,0.10684010955685802,0.18663840639647084,281.94444444444446,52.1567664,22.3563348,11.131388346354166,1.5614410539468129,1.401014851138215,0.08333333333333333,0.0,0.0
Strabla,0.11684751249509855,0.1648745519713261,556.4166666666666,52.9036671,23.0944284,10.727254231770834,1.6079031974077225,1.339858492000254,0.08333333333333333,0.0,0.0
Stramnica,0.10190716874156307,0.1658536585365853,363.6666666666667,54.1540478,15.6381004,11.1375732421875,1.974046766757965,1.8999070911141045,0.0,0.0,0.0
Strażów,0.04867391214276439,0.0782669461914744,1378.3333333333333,50.0679954,22.1328471,11.4530029296875,1.9206720391909282,1.341570542957658,0.08333333333333333,0.0,0.0
Stronie,0.11875740564550309,0.1487279843444227,498.0833333333333,49.6122373,20.5284708,9.7904052734375,2.5422997971375785,0.8464051515158347,0.08333333333333333,0.0,0.0
Stronno,0.061705743403159485,0.0887656033287101,686.5,53.291317,18.0668794,10.938028971354166,1.7825385828812916,1.462960278042398,0.0,0.0,0.0
Strumień,0.1331415215551868,0.1666666666666666,47.916666666666664,49.9171995,18.7634908,11.4754638671875,2.415415753920873,1.3426099047739892,0.08333333333333333,0.0,0.0
Strykowo Poznańskie,0.046725631402394024,0.0661157024793388,1019.75,52.2434499,16.6136604,11.877482096354166,1.5877769937117894,1.3350540671221658,0.0,0.0,0.0
Stryków,0.016642472464917315,0.0204778156996587,1117.6666666666667,51.9009447,19.6036969,11.243367513020834,1.6996043225129445,1.5796275418325418,0.08333333333333333,0.0,0.0
Stryszawa,0.045370370370370346,0.1666666666666666,13.166666666666666,49.713531,19.5206116,9.089070638020834,2.8824113508065543,0.9659208127467558,0.08333333333333333,0.0,0.0
Stryszów,0.07775953286539697,0.14840454032445002,249.625,49.825128,19.6261498,9.930216471354166,2.616250534852346,1.0297119649203494,0.08333333333333333,0.0,0.0
Strzałkowo,0.08031153634557196,0.1061705989110707,1132.9166666666667,52.3110408,17.814898,11.615763346354166,1.637898916999499,1.5256388228996702,0.0,0.0,0.0
Strzebielino Morskie,0.14020761633968476,0.2917246585581046,727.0,54.5628928,18.028786,10.2425537109375,2.0167019615570703,1.8409983201734204,0.08333333333333333,0.0,0.0
Strzebiń,0.02342306958165798,0.0449101796407185,345.6666666666667,50.6161448,18.9043539,11.125203450520834,2.152594675620397,1.4804765393605404,0.08333333333333333,0.0,0.0
Strzegom,0.21710581285721972,0.3353293413173652,651.6666666666666,50.9601066,16.3462134,11.354532877604166,2.244057988127073,1.6070667162977728,0.0,0.0,0.0
Strzelce Krajeńskie Wschód,0.0855724340605211,0.1919345873155337,256.72222222222223,52.8364969,15.5837747,11.698282877604166,1.69758336742719,1.3045268827289913,0.0,0.0,0.0
Strzelce Kujawskie,0.10727172981373571,0.1348314606741573,625.0,52.3227963,19.3685466,11.417521158854166,1.5852155486742656,1.5435694338881962,0.08333333333333333,0.0,0.0
Strzelce Opolskie,0.1955764799175038,0.3242447193469662,723.6111111111111,50.5109033,18.3004547,11.548543294270834,2.020193795363108,1.2661531294344723,0.08333333333333333,0.0,0.0
Strzelce Świdnickie,0.034764251650407856,0.12,175.25,50.9109926,16.660991,11.508829752604166,2.2023539543151855,1.368799164213901,0.0,0.0,0.0
Strzelin,0.158918535996655,0.3415268911786881,651.2083333333334,50.78092,17.0683947,11.751993815104166,1.9334436009327571,1.2063011954216896,0.0,0.0,0.0
Strzelinko,0.030598256899668042,0.0888324873096446,512.3333333333334,54.5186162,16.959935,10.5858154296875,2.21224245429039,2.1541023960382764,0.0,0.0,0.0
Strzyżyna,0.10083463029274065,0.1344743276283618,1209.25,51.6862924,21.2027373,11.534708658854166,1.5730028251806896,1.251047095686642,0.08333333333333333,0.0,0.0
Strzyżyno Słupskie,0.23201720212252863,0.5454545454545454,446.5,54.4909319,17.3737792,10.408732096354166,2.084320624669393,1.7937483086653163,0.08333333333333333,0.0,0.0
Strzyżów Zachodni,0.10705345074419598,0.1457800511508951,420.1666666666667,49.868666,21.7713502,10.937215169270834,1.9562343060970306,1.2775555978502675,0.08333333333333333,0.0,0.0
Strzyżów nad Wisłokiem,0.0503634057455405,0.09845475577284035,825.5555555555555,49.8692563,21.8015116,10.937215169270834,1.9562343060970306,1.2775555978502675,0.08333333333333333,0.0,0.0
Stróże,0.06689488690912473,0.12560152479541162,335.43333333333334,49.6541485,20.9758165,10.530314127604166,2.2083560625712075,0.9805134143657785,0.08333333333333333,0.0,0.0
Strączno,0.18803692048928802,0.3726114649681528,306.8333333333333,53.2432975,16.3863291,10.917195638020834,1.7924226919809978,1.3208373077136109,0.0,0.0,0.0
Studzianka,0.06111666155546608,0.1944444444444444,80.16666666666667,51.9299687,23.2129988,11.180867513020834,1.5647789239883423,1.4827321667133584,0.08333333333333333,0.0,0.0
Studzianki Nowe,0.07527726708418382,0.0998685939553219,1535.0,52.5378843,20.7514965,11.580769856770834,1.3879862527052562,1.354515534567323,0.08333333333333333,0.0,0.0
Stulno,0.010416666666666666,0.0,7.333333333333333,51.3730356,23.625154,11.217488606770834,1.6433347562948863,1.4284520764348283,0.08333333333333333,0.0,0.0
Stupsk Mazowiecki,0.06409653442233491,0.0802603036876355,903.75,53.0211433,20.4340105,10.894734700520834,1.5009035617113113,1.53520466786781,0.08333333333333333,0.0,0.0
Styków Iłżecki,0.08042374941384421,0.1126005361930295,738.0833333333334,51.0108605,21.1513734,10.961140950520834,1.8735520939032237,1.3870272973612827,0.08333333333333333,0.0,0.0
Stąporków,0.028973658272985744,0.04319105691056905,285.8888888888889,51.1380145,20.5573073,10.6942138671875,1.854950189590454,1.4593087923783714,0.08333333333333333,0.0,0.0
Stęszew,0.029495076253618427,0.05930530298078805,684.9444444444445,52.2793539,16.6999331,11.788614908854166,1.550278236468633,1.333551393707245,0.0,0.0,0.0
Subkowy,0.15203320696897607,0.2138461538461538,631.3333333333334,54.0025394,18.7689934,10.8773193359375,1.6604524552822113,1.571555892961099,0.08333333333333333,0.0,0.0
Subkowy Centrum,0.1537460808407079,0.2184615384615384,631.3333333333334,54.0024999,18.7607226,10.8773193359375,1.6604524552822113,1.571555892961099,0.08333333333333333,0.0,0.0
Sucha Beskidzka,0.09286195324847407,0.23608974110534064,249.8,49.7328974,19.5824593,9.088094075520834,2.8520871798197427,0.967420559633689,0.08333333333333333,0.0,0.0
Sucha Beskidzka Zamek,0.13903790612620165,0.33121984369690805,145.79166666666666,49.7433785,19.6033454,9.088094075520834,2.8520871798197427,0.9674205596336889,0.08333333333333333,0.0,0.0
Sucha Żyrardowska,0.05643654283799754,0.0744186046511627,1460.25,52.0228796,20.3593707,11.396687825520834,1.6424664556980133,1.445388197410414,0.08333333333333333,0.0,0.0
Suchatówka,0.10981272852372116,0.1387024608501118,454.1666666666667,52.9119052,18.4794386,11.297403971354166,1.7339875201384227,1.3525024072377778,0.0,0.0,0.0
Suchedniów,0.10106463395262118,0.20442420279948884,898.625,51.0472338,20.8386652,10.490926106770834,1.9476348161697388,1.424251955344779,0.08333333333333333,0.0,0.0
Suchedniów Północny,0.05677470330584869,0.1192732702837232,669.9444444444445,51.0652814,20.8491495,10.641316731770834,1.9003481070200603,1.4417823589889487,0.08333333333333333,0.0,0.0
Suchowolce,0.08740731909696949,0.1131386861313868,298.1666666666667,52.6125655,23.325433,10.635782877604166,1.7037092794974644,1.3977684467413118,0.08333333333333333,0.0,0.0
Suchy Bór Opolski,0.09058402852144938,0.1235697940503432,443.4166666666667,50.6572588,18.0365199,11.914265950520834,1.9894400089979172,1.2876053293539391,0.0,0.0,0.0
Sulechów,0.1819622388664387,0.23002138994956056,686.2222222222222,52.0854782,15.6259091,11.927775065104166,1.5846695005893707,1.2941509749701605,0.0,0.0,0.0
Sulejówek,0.09170478420338536,0.15524462667546474,2600.277777777778,52.2433944,21.2777123,11.565144856770834,1.499041850368182,1.3320515926462855,0.08333333333333333,0.0,0.0
Sulejówek Miłosna,0.06976210275446218,0.1393832583719792,2036.875,52.2406542,21.2986542,11.565144856770834,1.499041850368182,1.3320515926462855,0.08333333333333333,0.0,0.0
Sulino,0.16664592286856308,0.2756598240469208,338.6666666666667,53.2090165,15.3938171,11.307820638020834,1.9739238272110622,1.4383601574396554,0.0,0.0,0.0
Suliszewo Drawskie,0.07345954536089715,0.1005586592178771,350.1666666666667,53.5171504,15.8929557,10.7635498046875,2.0132802774508796,1.4999929104822718,0.0,0.0,0.0
Sulów,0.08766698718254749,0.1166666666666666,484.8333333333333,50.9047576,22.3631684,10.9686279296875,1.834114929040273,1.2583023279276888,0.08333333333333333,0.0,0.0
Sulęcinek,0.07590981920393378,0.11724062772449866,805.8333333333334,52.1370616,17.3087457,11.836954752604166,1.6513447562853496,1.4663911785945052,0.0,0.0,0.0
Sumina,0.07143276327472974,0.1284848484848484,860.75,52.4247222,18.6413889,11.486368815104166,1.7291918396949768,1.5360826404473997,0.0,0.0,0.0
Sumina Wieś,0.07451660477115062,0.1061224489795918,809.6666666666666,50.1219108,18.4105111,11.549845377604166,2.0602276722590127,1.2922506098900908,0.08333333333333333,0.0,0.0
Surochów,0.15651996240773128,0.2573099415204678,103.5,50.0193706,22.754672,11.436238606770834,1.9150683134794235,1.3608700569674737,0.08333333333333333,0.0,0.0
Susiec,0.30752461655252333,0.7204301075268817,221.91666666666666,50.4166811,23.2041271,11.009806315104166,1.965448796749115,1.2989925893005807,0.08333333333333333,0.0,0.0
Susk,0.060886853039539945,0.0905797101449275,410.5,52.8039152,19.6828653,11.086954752604166,1.6484206914901733,1.443645855539853,0.08333333333333333,0.0,0.0
Susz,0.10020402000981511,0.1578947368421052,448.5833333333333,53.7166619,19.3385289,10.6883544921875,1.8012743294239044,1.5408293563027853,0.08333333333333333,0.0,0.0
Suszec,0.02376630219472776,0.063063063063063,97.5,50.0380334,18.7883358,11.3665771484375,2.2316416005293527,1.3213581205630893,0.08333333333333333,0.0,0.0
Suszec Kopalnia,0.023762950628876192,0.063063063063063,97.5,50.0395808,18.7738447,11.3665771484375,2.2316416005293527,1.3213581205630893,0.08333333333333333,0.0,0.0
Suszec Rudziczka,0.02412844770489958,0.063063063063063,97.5,50.0456111,18.7540148,11.3665771484375,2.2316416005293527,1.3213581205630893,0.08333333333333333,0.0,0.0
Suszka,0.19980452490197168,0.5,98.33333333333333,53.82863,17.14455,10.326212565104166,2.0396040926376977,1.6047628621390357,0.08333333333333333,0.0,0.0
Suwałki,0.13922788652539722,0.2640168970814132,233.66666666666666,54.1027125,22.9318782,9.905965169270834,1.5477046767870586,1.4747185501976563,0.08333333333333333,0.0,0.0
Sułkowice,0.0938568267459363,0.1226415094339622,1356.75,49.8408265,19.8012137,10.063517252604166,2.534854461749395,1.0119349762781469,0.08333333333333333,0.0,0.0
Swarożyn,0.14742322568379018,0.1835883171070932,746.1666666666666,54.0381227,18.6627568,10.755900065104166,1.7044462660948436,1.588819310915844,0.08333333333333333,0.0,0.0
Swarzewo,0.2209334133616607,0.4664268585131894,792.0,54.7599156,18.4000829,10.585001627604166,1.9988118708133698,2.5046373814069915,0.0,0.0,0.0
Swarzędz,0.08099280306671922,0.22894019019019016,777.1,52.4103728,17.0771038,11.6273193359375,1.5104797035455704,1.383639649610359,0.0,0.0,0.0
Swobodna,0.04567130149131979,0.0647773279352226,249.66666666666666,53.9346223,20.3885,10.382364908854166,1.7716709971427917,1.5698845467373914,0.08333333333333333,0.0,0.0
Swędów,0.015029822979162341,0.0183566433566433,1059.25,51.9038358,19.5495208,11.2884521484375,1.7047157386938732,1.5729908033274638,0.08333333333333333,0.0,0.0
Sycewice,0.12618602253714298,0.2395209580838323,508.1666666666667,54.4228128,16.8628611,10.660847981770834,2.0678868492444358,1.9190364283144004,0.0,0.0,0.0
Sycze,0.10108403352682753,0.18239247311827955,282.05555555555554,52.4300857,23.0054796,10.884806315104166,1.7137017647425334,1.4544997533025432,0.08333333333333333,0.0,0.0
Szachy,0.037839846968210626,0.053475935828877,579.9166666666666,51.9882963,22.9146405,11.220418294270834,1.552548497915268,1.4302575054739437,0.08333333333333333,0.0,0.0
Szadek,0.0,0.0,0.08333333333333333,51.69175,18.97703,11.4569091796875,1.8270244300365448,1.5017478334715288,0.08333333333333333,0.0,0.0
Szadkowice,0.037116823254373724,0.0817261648493581,338.55555555555554,51.6664717,18.9766374,11.4569091796875,1.8270244300365448,1.5017478334715288,0.08333333333333333,0.0,0.0
Szaflary,0.09529555128266524,0.1929092805005213,911.8333333333334,49.4229109,20.0260584,8.663614908854166,2.735831707715988,0.7663127702877134,0.16666666666666666,0.0,0.0
Szaflary Centrum,0.09929416796755354,0.2012383900928792,911.8333333333334,49.4233997,20.0190341,8.663614908854166,2.735831707715988,0.7663127702877134,0.16666666666666666,0.0,0.0
Szalowa,0.07901531339031338,0.125,18.833333333333332,49.6820756,21.022621,10.530314127604166,2.2083560625712075,0.9805134143657784,0.08333333333333333,0.0,0.0
Szamotuły,0.0905159436256609,0.19049138998643625,729.9333333333333,52.6120328,16.5831241,11.666544596354166,1.5747040361166,1.3481898997280106,0.0,0.0,0.0
Szaniawy,0.025611486619784147,0.05048430025988365,383.8888888888889,51.9469265,22.5448868,11.249552408854166,1.5115060309569042,1.3181682386209828,0.08333333333333333,0.0,0.0
Szarów,0.10260155897886042,0.17538512808935616,840.7777777777778,51.94962,18.8716938,11.637410481770834,1.7486676573753357,1.5145048309930136,0.0,0.0,0.0
Szastarka,0.08079303548911075,0.1083333333333333,484.8333333333333,50.8563735,22.3264392,11.061075846354166,1.8174448410669963,1.2321536184303779,0.08333333333333333,0.0,0.0
Szczaniec,0.35572269189970224,0.4352941176470588,333.75,52.2692546,15.6855248,11.865275065104166,1.564976359407107,1.3201807490595205,0.0,0.0,0.0
Szczawne Kulaszne,0.052498759920634915,0.18000000000000044,7.833333333333333,49.4072176,22.1429552,9.449910481770834,2.3433571457862854,0.9441322958704994,0.16666666666666666,0.0,0.0
Szczawno - Ciemnice,0.10957792979189247,0.1688741721854304,323.0,52.0394679,15.2338262,12.0472412109375,1.6111088196436565,1.2775366960562757,0.0,0.0,0.0
Szczebrzeszyn,0.29675889105314934,0.5083333333333333,200.33333333333334,50.6946972,22.9786754,11.005411783854166,1.8105468849341075,1.3108445658512091,0.08333333333333333,0.0,0.0
Szczecin Dunikowo,0.06455332399313939,0.1147540983606557,405.6666666666667,53.3858925,14.7383306,11.395222981770834,1.8924309313297272,1.554573198798946,0.0,0.0,0.0
Szczecin Dąbie,0.09556490356683561,0.1917251619870411,2198.9583333333335,53.3913468,14.6704623,11.395222981770834,1.8924309313297272,1.554573198798946,0.0,0.0,0.0
Szczecin Gumieńce,0.1103443310839032,0.1506849315068493,488.4166666666667,53.3980028,14.4976184,11.391153971354166,1.8578462700049083,1.5511416266340659,0.0,0.0,0.0
Szczecin Główny,0.10433411511090923,0.18918032901841436,3680.8333333333335,53.4192387,14.5519713,11.390177408854166,1.8821910272041957,1.5546653430399884,0.0,0.0,0.0
Szczecin Niebuszewo,0.08333333333333333,0.5,0.6666666666666666,53.4485317,14.5543688,11.390177408854166,1.8821910272041957,1.5546653430399884,0.0,0.0,0.0
Szczecin Podjuchy,0.04137170692856411,0.0592516232766361,619.1111111111111,53.3599161,14.5857672,11.390177408854166,1.8821910272041957,1.5546653430399884,0.0,0.0,0.0
Szczecin Port Centralny,0.07227377860638509,0.0875696949819613,1881.5,53.4133077,14.5658023,11.390177408854166,1.8821910272041957,1.5546653430399884,0.0,0.0,0.0
Szczecin Trzebusz,0.04758466003895014,0.086115992970123,469.6666666666667,53.411715,14.7129744,11.395222981770834,1.8924309313297272,1.554573198798946,0.0,0.0,0.0
Szczecin Wzgórze Hetmańskie,0.0,0.0,0.16666666666666666,53.4067857,14.5211192,11.391153971354166,1.8578462700049083,1.5511416266340659,0.0,0.0,0.0
Szczecin Załom,0.07661315474592588,0.1010479041916167,1397.3333333333333,53.4294751,14.7440097,11.395222981770834,1.8924309313297272,1.554573198798946,0.0,0.0,0.0
Szczecin Zdroje,0.07658879287758802,0.1006734006734006,3068.8333333333335,53.3788244,14.636904,11.390177408854166,1.8821910272041957,1.5546653430399884,0.0,0.0,0.0
Szczecin Zdunowo,0.09449026252590259,0.1135940409683426,1573.5833333333333,53.3832809,14.7628306,11.378133138020834,1.8940607557694118,1.5557810995171995,0.0,0.0,0.0
Szczecin Łasztownia,0.03264246141452523,0.0807770961145194,1358.9166666666667,53.4182168,14.5597513,11.390177408854166,1.8821910272041957,1.5546653430399884,0.0,0.0,0.0
Szczecin Żydowce,0.02316158806000067,0.0448851774530271,550.9166666666666,53.3524764,14.5739079,11.390177408854166,1.8821910272041957,1.5546653430399884,0.0,0.0,0.0
Szczecinek,0.16804057573493783,0.38561893609903,823.7916666666666,53.708021,16.6943922,10.422566731770834,2.0460259268681207,1.5541703258442479,0.08333333333333333,0.0,0.0
Szczecinek Bugno,0.1703096740565665,0.3333333333333333,107.75,53.7231847,16.6843617,10.422566731770834,2.0460259268681207,1.5541703258442479,0.08333333333333333,0.0,0.0
Szczecinek Chyże,0.27134113277962063,0.3333333333333333,275.75,53.7181804,16.6971931,10.422566731770834,2.0460259268681207,1.5541703258442479,0.08333333333333333,0.0,0.0
Szczedrzykowice,0.11545275404050666,0.1743278404163052,1128.9166666666667,51.2282018,16.3466952,11.696492513020834,1.895938937862714,1.4371508444746093,0.0,0.0,0.0
Szczejkowice,0.03913399917971417,0.0585585585585585,233.66666666666666,50.0993799,18.6806787,11.357625325520834,2.070289373397827,1.334891827800562,0.08333333333333333,0.0,0.0
Szczepanowice,0.13792797055156292,0.23270816934186656,812.4444444444445,51.23343,19.63484,11.1932373046875,1.8652552366256714,1.5648434702329546,0.08333333333333333,0.0,0.0
Szczepanów,0.07870261436602073,0.1338289962825278,528.4166666666666,50.73993,20.35814,11.100138346354166,1.7126900255680084,1.2989061842074268,0.08333333333333333,0.0,0.0
Szczepki,0.08011660899500979,0.1260869565217391,228.83333333333334,53.9601025,22.9551819,10.097371419270834,1.4904882560173671,1.453139888618069,0.08333333333333333,0.0,0.0
Szczytna,0.16007051386453353,0.3506465517241379,199.5,50.4169281,16.4408185,9.193074544270834,2.2196939984957376,1.1301972752337524,0.08333333333333333,0.0,0.0
Szczytno,0.09396206703184103,0.2083333333333333,290.5,53.563733,20.9968636,10.428263346354166,1.672479545076688,1.3868752789207448,0.08333333333333333,0.0,0.0
Szebnie,0.10063696877952107,0.1391752577319587,420.1666666666667,49.7589559,21.5970934,11.017781575520834,2.0455968578656516,1.1741455677113561,0.08333333333333333,0.0,0.0
Szepietowo,0.10726270270132404,0.2012271114945834,742.0,52.8712982,22.5474331,10.781941731770834,1.5125817110141118,1.4346329873629413,0.08333333333333333,0.0,0.0
Szeroki Bór,0.12374974274319732,0.1827956989247312,182.5,53.61922,21.64204,10.582071940104166,1.600890338420868,1.3359248150158376,0.08333333333333333,0.0,0.0
Szewce,0.13904259419951642,0.1855242475403155,757.3888888888889,52.6986131,19.8478455,11.095743815104166,1.6079212079445522,1.4347147800852587,0.08333333333333333,0.0,0.0
Szewnica,0.03495238720604927,0.0469314079422382,1346.6666666666667,52.4853602,21.562639,11.4227294921875,1.4442781905333202,1.3372635838192286,0.08333333333333333,0.0,0.0
Szklarska Poręba Dolna,0.11493132187409304,0.21469872185027394,282.5833333333333,50.8410932,15.5552282,7.983113606770833,3.0151071349779763,1.1299847331317499,0.16666666666666666,0.0,0.0
Szklarska Poręba Górna,0.07901982097246964,0.14857072042300062,525.0833333333334,50.8254503,15.5166363,7.8651123046875,3.0233598748842874,1.0826133133075142,0.16666666666666666,0.0,0.0
Szklarska Poręba Huta,0.03584783438340206,0.0614973262032085,484.0,50.826004,15.5047489,7.8651123046875,3.0233598748842874,1.0826133133075142,0.16666666666666666,0.0,0.0
Szklarska Poręba Średnia,0.11268286747318608,0.21469872185027394,282.5833333333333,50.8436587,15.5333074,7.8651123046875,3.0233598748842874,1.0826133133075142,0.16666666666666666,0.0,0.0
Szlachta,0.03258177067969409,0.0792339557523407,285.1111111111111,53.7688414,18.1141383,10.426798502604166,1.8389680584271748,1.5283173565260537,0.08333333333333333,0.0,0.0
Szpęgawsk,0.14245194262857783,0.1866464339908952,685.1666666666666,54.0031337,18.6059067,10.6082763671875,1.7480613489945729,1.6074767868748587,0.08333333333333333,0.0,0.0
Szreniawa,0.0316290486731518,0.05833067408948125,684.8333333333334,51.0722376,20.0616585,11.1199951171875,1.8066859344641368,1.505671295243115,0.08333333333333333,0.0,0.0
Sztum,0.09343695132775151,0.1829178885630498,492.8333333333333,53.9198663,19.0305384,10.831095377604166,1.7093055844306946,1.5368273899194813,0.08333333333333333,0.0,0.0
Sztumska Wieś,0.05688904182599938,0.1051136363636363,694.4166666666666,53.8945007,19.0104133,10.831095377604166,1.7093055844306946,1.5368273899194813,0.08333333333333333,0.0,0.0
Szulborze Wielkie,0.017448322948804457,0.025089605734767,528.0,52.7602407,22.2282937,11.043172200520834,1.4578500638405483,1.3959071239499006,0.08333333333333333,0.0,0.0
Szybowice,0.10874036114914076,0.23027783908384214,155.16666666666666,50.3526521,17.4866564,11.406290690104166,2.4675700962543488,1.4045751716380257,0.08333333333333333,0.0,0.0
Szydłowiec,0.055996172050551345,0.07770491803278684,590.5,51.2238922,20.8575141,10.9818115234375,1.8279529909292858,1.4521694759370183,0.08333333333333333,0.0,0.0
Szydłowo Krajeńskie,0.15791925071031332,0.3010033444816054,290.0,53.1667541,16.6069128,10.990437825520834,1.753609875837962,1.3368731506413836,0.0,0.0,0.0
Szydłów,0.11807410316159993,0.175983436853002,474.4166666666667,50.5907684,21.0045698,11.1815185546875,1.7539867113033931,1.270300990879317,0.08333333333333333,0.0,0.0
Szydłów Centrum,0.12162615602302755,0.175983436853002,474.3333333333333,50.6052567,17.7183013,11.938028971354166,1.9538954347372055,1.2381957383846143,0.0,0.0,0.0
Szymankowo,0.10066707115207806,0.1787330316742081,1333.0,54.07363,18.92254,10.972696940104166,1.6403852452834446,1.5824241410667452,0.08333333333333333,0.0,0.0
Szymany,0.041862862410132456,0.0788177339901477,143.11111111111111,53.48385,20.9626,10.620157877604166,1.6448351045449574,1.3590101215854944,0.08333333333333333,0.0,0.0
Szymany Lotnisko,0.02791394335511982,0.125,16.5,53.489121,20.9475371,10.614786783854166,1.6350366870562236,1.3885687327984646,0.08333333333333333,0.0,0.0
Szymbory,0.05015006055549359,0.1049822064056939,554.0833333333334,54.0899942,19.9181855,10.586466471354166,1.867104560136795,1.3491944158352933,0.08333333333333333,0.0,0.0
Szymiszów,0.10274829023684641,0.1465798045602606,597.6666666666666,50.5177,18.2484683,11.620157877604166,2.0218090415000916,1.262697999255362,0.08333333333333333,0.0,0.0
Szymocice,0.06936618067605003,0.0876993166287015,860.5833333333334,50.1624654,18.3734558,11.7342529296875,1.9995426535606384,1.2846012921078083,0.08333333333333333,0.0,0.0
Sól,0.1269513537308007,0.2376237623762376,484.1666666666667,50.5128103,22.6536942,11.278361002604166,1.877834012111028,1.2165820627678856,0.08333333333333333,0.0,0.0
Sól Kiczora,0.12830557280081906,0.2433862433862433,483.4166666666667,49.5103714,19.0475463,8.786173502604166,2.9932762881120047,0.8253087996922503,0.16666666666666666,0.0,0.0
Sątopy,0.13688513173457104,0.26473898972843674,870.5555555555555,54.0612945,21.0128715,10.372599283854166,1.738772024710973,1.4934393782006063,0.08333333333333333,0.0,0.0
Sątopy-Samulewo,0.06079103771726015,0.0833333333333333,361.6666666666667,54.0729258,21.0240856,10.372599283854166,1.738772024710973,1.4934393782006063,0.08333333333333333,0.0,0.0
Sędzice,0.10216634926498093,0.1333333333333333,426.0833333333333,51.6427225,18.5976889,11.5623779296875,1.8871633907159169,1.5165656499321505,0.0,0.0,0.0
Sędziszów,0.10428639909290677,0.19178807947019869,1047.375,50.564781,20.0538047,11.0345458984375,1.9414601176977158,1.3622421362497432,0.08333333333333333,0.0,0.0
Sędziszów Małopolski,0.10815470830620212,0.21028911564625846,1180.7222222222222,50.0715996,21.7007524,11.4617919921875,2.0188135902086892,1.2794564313772798,0.08333333333333333,0.0,0.0
Sędziszów Małopolski Wschodni,0.05541884733190283,0.0638641875505254,1240.9166666666667,50.0699864,21.7285588,11.4617919921875,2.0188135902086892,1.27945643137728,0.08333333333333333,0.0,0.0
Sędzisław,0.1421455750084664,0.2261839788732394,829.7083333333334,50.8204862,16.0640931,9.532430013020834,2.7466133336226144,1.3345963737302486,0.08333333333333333,0.0,0.0
Sława Wielkopolska,0.025600117007872136,0.052988582554696545,756.9444444444445,52.6375687,17.1457634,11.513875325520834,1.5834205895662308,1.4030517295699372,0.0,0.0,0.0
Sławięcice,0.08033275423112472,0.1167883211678832,532.6666666666666,50.3726874,18.3238027,11.690958658854166,2.0257178048292794,1.2440730461127667,0.08333333333333333,0.0,0.0
Sławki,0.044142887190613954,0.0682852807283763,627.25,54.2543556,18.1808171,9.707234700520834,2.078187565008799,1.8045939798191197,0.08333333333333333,0.0,0.0
Sławków,0.057450516767875055,0.088659793814433,486.6666666666667,50.2984547,19.3898475,11.129109700520834,2.128846844037374,1.3288149411189394,0.08333333333333333,0.0,0.0
Sławno,0.18471503981445095,0.3495465402157219,953.7777777777778,54.361142,16.6754076,10.810587565104166,2.02866696814696,2.0096068884285607,0.0,0.0,0.0
Słomianka,0.03693590774712232,0.07962842557528571,338.55555555555554,53.5634738,23.3978858,10.2054443359375,1.5797421634197235,1.4017810582304686,0.08333333333333333,0.0,0.0
Słomniki,0.11777196661711087,0.2097586836092252,834.2222222222222,50.2403739,20.0811369,11.1004638671875,1.897053395708402,1.2611853695510868,0.08333333333333333,0.0,0.0
Słomniki Miasto,0.118956685484174,0.20610236220472433,834.2777777777778,50.235873,20.0763665,11.1004638671875,1.897053395708402,1.2611853695510868,0.08333333333333333,0.0,0.0
Słone,0.033928571428571426,0.0,23.333333333333332,52.6315444,18.9384213,11.4178466796875,1.7969818909962971,1.4450803017346547,0.0,0.0,0.0
Słonice,0.11526464805459109,0.1556195965417867,345.6666666666667,53.09083,15.51753,11.230183919270834,1.921507438023885,1.3857565914389358,0.0,0.0,0.0
Słonowice,0.08469690904106529,0.1510989010989011,358.5833333333333,54.3888139,16.904951,10.660847981770834,2.0678868492444358,1.9190364283144004,0.0,0.0,0.0
Słosinko,0.08650127514712926,0.1778523489932885,265.8333333333333,53.9424043,16.9845619,10.221883138020834,2.112035264571508,1.6517762450378821,0.08333333333333333,0.0,0.0
Słotwiny,0.03308424858368119,0.053699589883800344,583.1111111111111,51.7235607,19.8398892,11.143107096354166,1.7610222399234772,1.5368834011630295,0.08333333333333333,0.0,0.0
Słowienkowo,0.11360371197280711,0.1995073891625615,387.6666666666667,54.20609,15.94917,11.058797200520834,2.0718868474165597,1.9374033527667047,0.0,0.0,0.0
Słubice,0.10033797698304175,0.15,91.16666666666667,52.3557481,14.5662367,11.9412841796875,1.5814803143342335,1.405614939255915,0.0,0.0,0.0
Słupca,0.16184016388633957,0.26696752411038116,1123.0,52.2907013,17.8716447,11.584676106770834,1.638594001531601,1.5159520531445811,0.0,0.0,0.0
Słupia,0.04555574160409386,0.100502512562814,186.41666666666666,54.2870772,17.3242956,10.3284912109375,2.14662766456604,1.7053539229435923,0.08333333333333333,0.0,0.0
Słupsk,0.13440031289971427,0.4190860215053764,1060.3666666666666,54.4635771,17.020948,10.5858154296875,2.21224245429039,2.154102396038276,0.0,0.0,0.0
Słupsk Północny,0.03147231995267658,0.0926395939086294,512.3333333333334,54.4835018,17.0144003,10.5858154296875,2.21224245429039,2.1541023960382764,0.0,0.0,0.0
Taciszów,0.0856964550083925,0.1232876712328767,532.75,50.3724629,18.5284318,11.534871419270834,2.1222438414891562,1.2988351484512706,0.08333333333333333,0.0,0.0
Taczanów,0.09080919682276953,0.1478155778440408,665.0,51.8409612,17.7561366,11.626505533854166,1.7969641586144764,1.520314943160501,0.0,0.0,0.0
Tantow,0.041666666666666664,0.0,0.16666666666666666,53.3257348,14.4145916,11.409220377604166,1.800788789987564,1.5202984876919006,0.0,0.0,0.0
Tarchały Wielkie,0.093181871780614,0.129389546753777,310.8333333333333,51.591556,17.7050627,11.7523193359375,1.9519042670726776,1.4510041590822211,0.0,0.0,0.0
Targowiska,0.051763126373085284,0.07106782106782106,59.888888888888886,52.5906609,22.8432809,10.796915690104166,1.604815865556399,1.4347686951198926,0.08333333333333333,0.0,0.0
Tarnawa Dolna,0.011233866442199768,0.02951388888888885,7.0,49.47358,22.25471,10.259806315104166,2.3247980574766793,1.1340389594193656,0.08333333333333333,0.0,0.0
Tarnobrzeg,0.15806523091244928,0.2537525074358442,314.55555555555554,50.5837775,21.7117863,11.638224283854166,1.7378335495789845,1.2064165075893696,0.08333333333333333,0.0,0.0
Tarnowiec,0.036217818293591254,0.0808080808080808,89.33333333333333,53.4935,14.91598,11.2601318359375,1.8664187888304393,1.572614168031459,0.0,0.0,0.0
Tarnowiec Brzeski,0.1153446262928528,0.1785714285714285,83.91666666666667,50.9138886,17.6522238,11.965861002604166,1.9501822739839554,1.2761409434511166,0.0,0.0,0.0
Tarnowo Pomorskie,0.15659841020003817,0.2621951219512195,338.6666666666667,53.3063513,15.366059,11.180216471354166,1.9766156772772472,1.469609125606204,0.0,0.0,0.0
Tarnowo Rogozińskie,0.15641479207760398,0.26293570036804503,564.9444444444445,52.8039252,16.9752883,11.4300537109375,1.6156294445196788,1.3837091570471731,0.0,0.0,0.0
Tarnowska Wola,0.12419383451374481,0.1716867469879518,347.6666666666667,51.6522814,20.0137659,11.189656575520834,1.6837681233882904,1.5486571149429968,0.08333333333333333,0.0,0.0
Tarnowskie Góry,0.029259336875330413,0.03850052290408127,867.1666666666666,50.4445194,18.8554757,11.179402669270834,2.2184211711088815,1.36206930147241,0.08333333333333333,0.0,0.0
Tarnów,0.091936575578262,0.21528598313812805,1460.0333333333333,50.0123784,20.9880739,11.392781575520834,1.9195259114106495,1.1557085448133606,0.08333333333333333,0.0,0.0
Tarnów Mościce,0.09455603544870908,0.15283373164902694,1053.388888888889,50.0064054,20.9239433,11.561564127604166,1.9016497830549877,1.1471339265562734,0.08333333333333333,0.0,0.0
Tarnów Opolski,0.09840681901399194,0.1416938110749185,597.6666666666666,50.5803405,18.0827155,11.793660481770834,2.0157734404007592,1.2987531547607265,0.08333333333333333,0.0,0.0
Tarzymiechy,0.11365909702693218,0.2566666666666666,294.5833333333333,50.8545719,23.1220821,11.032267252604166,1.7610877454280853,1.3425589790103336,0.08333333333333333,0.0,0.0
Tarło,0.06767075735889135,0.1104294478527607,325.1666666666667,51.5092031,22.6971274,11.307820638020834,1.6211236367623012,1.299157929732386,0.08333333333333333,0.0,0.0
Tczew,0.10742566443225876,0.2729170067599308,1950.138888888889,54.0869532,18.8000293,10.8480224609375,1.6798131217559178,1.5974933119931318,0.08333333333333333,0.0,0.0
Teresin Niepokalanów,0.09774394664221205,0.1233373639661426,1716.25,52.2022073,20.4163976,11.5716552734375,1.5264757772286732,1.4412079369812572,0.08333333333333333,0.0,0.0
Terespol,0.05720879706431492,0.11308591711034549,551.3888888888889,52.0756167,23.6133645,11.054728190104166,1.5401752293109894,1.4705580975634234,0.08333333333333333,0.0,0.0
Terespol Pomorski,0.09100899075981567,0.1236619473638495,493.6111111111111,53.4092853,18.3537954,11.0013427734375,1.7138296763102214,1.4947856651635072,0.08333333333333333,0.0,0.0
Tereszpol Biłgorajski,0.4089395537311494,0.660377358490566,59.916666666666664,50.5744144,22.8853001,11.028361002604166,1.8426933487256367,1.271550779291957,0.08333333333333333,0.0,0.0
Tleń,0.06834030483584842,0.1157894736842105,272.0833333333333,53.6146709,18.2686746,10.6907958984375,1.7688400944073994,1.5316690907573547,0.08333333333333333,0.0,0.0
Tomaszów Bolesławiecki,0.10748678626465995,0.1533816425120772,816.0833333333334,51.2603326,15.6823142,11.680867513020834,1.7924224187930424,1.3523001881263035,0.0,0.0,0.0
Tomaszów Mazowiecki,0.08699964226645279,0.20456989247311833,710.9583333333334,51.5194865,20.0337541,11.2362060546875,1.6880140155553818,1.5612919499298872,0.08333333333333333,0.0,0.0
Tomaszów Mazowiecki Białobrzegi,0.037015176477889794,0.0883620689655172,295.22222222222223,51.5245349,20.066018,11.241739908854166,1.6657138019800186,1.5604940423990143,0.08333333333333333,0.0,0.0
Tomaszówek,0.03711709398239386,0.0817261648493581,338.55555555555554,50.4367094,20.751619,11.4227294921875,1.7506733934084575,1.2131888164524534,0.08333333333333333,0.0,0.0
Topola-Osiedle,0.0848931268577082,0.1198040016333197,310.94444444444446,51.6152724,17.7624835,11.704630533854166,1.9536818514267604,1.4507083735918256,0.0,0.0,0.0
Toporów,0.35132902434964763,0.4401197604790419,340.0833333333333,50.7217879,21.3288769,10.8250732421875,1.8242075145244598,1.3204316104480147,0.08333333333333333,0.0,0.0
Topór,0.03320329276526571,0.0490533562822719,1140.75,51.1814047,17.2567593,11.739298502604166,2.062467763821284,1.3094584292291553,0.0,0.0,0.0
Toruń Czerniewice,0.07530059301637983,0.1065573770491803,821.0833333333334,52.9746537,18.6741753,11.309773763020834,1.7571243743101757,1.3986529913566936,0.0,0.0,0.0
Toruń Główny,0.07436741999583835,0.16146419472000864,1511.5,53.0001062,18.6146297,11.336629231770834,1.7297192613283794,1.3777047676395844,0.0,0.0,0.0
Toruń Kluczyki,0.05452165920190828,0.1069371488536342,1074.2222222222222,52.9900153,18.5783676,11.336629231770834,1.7297192613283794,1.3777047676395844,0.0,0.0,0.0
Toruń Miasto,0.08991544962429249,0.16896091205211725,810.9166666666666,53.0123138,18.6197194,11.336629231770834,1.7297192613283794,1.3777047676395844,0.0,0.0,0.0
Toruń Wschodni,0.08650889629013701,0.16066666666666668,973.2,53.0264709,18.6334589,11.336629231770834,1.7297192613283794,1.3777047676395844,0.0,0.0,0.0
Torzym,0.35358355689918364,0.440625,333.8333333333333,52.3138586,15.0828279,11.834676106770834,1.6454904476801555,1.2897123866565712,0.0,0.0,0.0
Toszek,0.10654231754044675,0.1370558375634517,565.5833333333334,50.4551063,18.5180604,11.485880533854166,2.124319096406301,1.3238490410352164,0.08333333333333333,0.0,0.0
Trakiszki,0.0740803867680953,0.1290322580645161,59.5,54.2468327,23.1980391,10.0223388671875,1.5503276040156682,1.4543329535928882,0.08333333333333333,0.0,0.0
Trawniki,0.12404648435268023,0.2582047685834502,852.8333333333334,51.1351853,22.9971028,11.132364908854166,1.6838348557551701,1.3637425523127507,0.08333333333333333,0.0,0.0
Troszyn,0.06420545256768674,0.0881147540983606,496.1666666666667,53.8403247,14.7169556,11.3353271484375,1.967977335055669,1.8986237485152875,0.0,0.0,0.0
Trypucie,0.0599248724358662,0.1174551386623164,642.8333333333334,53.0689884,23.025748,10.719441731770834,1.521434525648753,1.3039131697681625,0.08333333333333333,0.0,0.0
Tryńcza,0.06155144189048608,0.0982905982905982,216.91666666666666,50.1590707,22.5524678,11.429402669270834,1.878351201613744,1.3102045345967654,0.08333333333333333,0.0,0.0
Trzciana,0.050883475458214984,0.0603174603174603,1271.0,49.5026463,21.6985591,9.7752685546875,2.1604208846886954,0.9645433012779705,0.08333333333333333,0.0,0.0
Trzcianka,0.07598648204949592,0.155630081300813,324.7916666666667,53.041755,16.4614788,11.386922200520834,1.6455214818318684,1.2616345861621274,0.0,0.0,0.0
Trzciniec,0.04750457953066046,0.09742774448656795,432.0,53.5052312,16.3074145,10.600301106770834,1.9678233911593754,1.49528326990236,0.0,0.0,0.0
Trzcińsko,0.13434479289580262,0.269047619047619,356.0,50.8725446,15.8795364,9.9305419921875,2.7500110864639282,1.397190762075586,0.08333333333333333,0.0,0.0
Trzebaw Rosnówko,0.04841773817295943,0.0645792563600782,1026.6666666666667,52.2965117,16.7671675,11.768269856770834,1.5528918256362279,1.33593412907703,0.0,0.0,0.0
Trzebiatów,0.13026019747525175,0.32696888106456784,357.94444444444446,54.062627,15.2656577,11.270060221354166,1.9112728387117386,1.7642633836236448,0.0,0.0,0.0
Trzebinia,0.1273138351470691,0.2134144040309255,1477.8666666666666,50.1597686,19.4709097,10.9031982421875,2.0198169350624084,1.224503095494456,0.08333333333333333,0.0,0.0
Trzebiszewo,0.21770216658985575,0.2740213523131672,301.25,52.63142,15.3979,11.936238606770834,1.6498456100622814,1.2640228668502747,0.0,0.0,0.0
Trzebnica,0.034896596084587346,0.0756097560975609,651.0833333333334,51.3096424,17.062596,11.7332763671875,1.984739288687706,1.322949065241754,0.0,0.0,0.0
Trzemeszno,0.08908687515898496,0.15430210099868097,368.7916666666667,52.5600669,17.8208936,11.348347981770834,1.6742673615614574,1.5213917871162288,0.0,0.0,0.0
Trąbki,0.08736664659919019,0.1142857142857142,612.25,54.278462,19.8439054,10.7410888671875,1.8933715720971425,1.5317641778168998,0.08333333333333333,0.0,0.0
Tuchola,0.03089574161411209,0.06915626954247844,518.6666666666666,53.5880901,17.8590414,10.585489908854166,1.872179349263509,1.5011853498120622,0.08333333333333333,0.0,0.0
Tuchola Rudzki Most,0.05899232570048118,0.0875,713.75,53.5765793,17.8912805,10.585489908854166,1.872179349263509,1.5011853498120622,0.08333333333333333,0.0,0.0
Tuchorza,0.020264819748191398,0.0323529411764705,317.0,52.1851132,16.0478085,11.9901123046875,1.5611476947863896,1.3398510949532338,0.0,0.0,0.0
Tuchów,0.082877822972262,0.176947063089195,358.46666666666664,49.895219,21.0538362,11.1898193359375,2.0062562823295593,1.1306709288917498,0.08333333333333333,0.0,0.0
Tuczki,0.07842372697615346,0.1134020618556701,187.0,53.3542663,19.9539567,10.445027669270834,1.7381542474031448,1.55277356097623,0.08333333333333333,0.0,0.0
Tuczno Krajeńskie,0.26851488265048173,0.5152116402116402,245.05555555555554,53.2189875,16.1754038,10.9989013671875,1.8405935019254684,1.3092796219366787,0.0,0.0,0.0
Tumlin,0.05973031232029026,0.1211796913887506,670.1111111111111,50.9674642,20.6021604,10.5994873046875,1.8919385770956676,1.436253146696119,0.08333333333333333,0.0,0.0
Tunel,0.07622401115490679,0.1505490773464231,750.625,50.4335931,19.9912442,10.814493815104166,2.0627726117769876,1.4248735633653788,0.08333333333333333,0.0,0.0
Tuplice,0.09483695270546272,0.15944055944055943,175.70833333333334,51.674646,14.8312165,12.051472981770834,1.7720823387304943,1.3407042457471,0.0,0.0,0.0
Tuplice Dębinka,0.11559771464806985,0.18960208741030654,234.05555555555554,51.6661036,14.9103665,11.966837565104166,1.8185059775908787,1.3359939750960867,0.0,0.0,0.0
Turbia,0.12735497455316305,0.1781609195402299,344.0833333333333,50.6198035,21.9862818,11.598185221354166,1.7634660601615906,1.177585199349177,0.08333333333333333,0.0,0.0
Turowo Pomorskie,0.2448241338417013,0.3413978494623655,362.5,53.6471775,16.7228804,10.4373779296875,1.9686522334814072,1.4945874444668688,0.08333333333333333,0.0,0.0
Turza Wielka,0.06878462253238597,0.0919540229885057,187.0,52.7022291,19.4548537,11.280802408854166,1.6853777666886647,1.4069424621353492,0.08333333333333333,0.0,0.0
Turzno,0.0971623329390063,0.1203883495145631,525.0,53.1056869,18.7358654,11.145711263020834,1.747384250164032,1.4436884879831247,0.0,0.0,0.0
Turzno Kujawskie,0.0794179182096658,0.1105710814094775,821.1666666666666,52.8333971,18.7812253,11.2762451171875,1.8187297979990642,1.4004257702462193,0.0,0.0,0.0
Turzynów,0.12088123579057129,0.1491935483870967,243.66666666666666,52.2241667,19.0261111,11.4696044921875,1.6834219793478649,1.5603415857356662,0.0,0.0,0.0
Turów,0.040935891757831834,0.0599078341013824,426.6666666666667,50.9943989,17.067847,11.9808349609375,2.1374988555908203,1.2485738546650225,0.0,0.0,0.0
Tuszyma,0.03730483244862663,0.0565110565110565,436.5,50.1968443,21.5131551,11.6243896484375,1.9614928861459096,1.2455322862187026,0.08333333333333333,0.0,0.0
Tuszów Narodowy,0.02581728404066942,0.048780487804878,196.5,50.3706214,21.464134,11.660847981770834,1.7877242068449657,1.1732475933898552,0.08333333333333333,0.0,0.0
Tułowice,0.12361094238533431,0.1821946169772256,474.4166666666667,50.5954195,17.6533063,11.938028971354166,1.9538954347372055,1.2381957383846143,0.0,0.0,0.0
Tuły,0.0357397341298074,0.0538922155688622,315.0,50.864506,18.1445913,11.672078450520834,2.00677498181661,1.360169644969104,0.08333333333333333,0.0,0.0
Twarda Góra,0.14112004055542607,0.1910112359550561,345.25,53.67963,18.68534,10.8284912109375,1.690736562013626,1.56975160390796,0.08333333333333333,0.0,0.0
Twardawa,0.11649920026542265,0.22746619255428047,156.77777777777777,50.3429435,17.9903082,11.6605224609375,2.1436049044132233,1.2914239124420441,0.08333333333333333,0.0,0.0
Twardogóra,0.10711206486833828,0.19052259584493467,287.0416666666667,51.364557,17.469599,11.6512451171875,1.9996404647827148,1.383475723885341,0.0,0.0,0.0
Tworków,0.038763831262303775,0.0648967551622418,624.5,50.0067186,18.2356817,11.461629231770834,2.064926783243815,1.319439474215821,0.08333333333333333,0.0,0.0
Tworóg,0.041666666666666664,0.0,0.16666666666666666,50.5319435,18.7187362,11.307820638020834,2.236931542555491,1.3959355891693894,0.08333333333333333,0.0,0.0
Tychowo,0.22825825572103084,0.3333333333333333,272.25,53.92866,16.25668,10.697957356770834,2.0389971882104874,1.6273434060602028,0.0,0.0,0.0
Tychy,0.1567250890610841,0.2574668460503555,2885.277777777778,50.1264981,19.0067846,11.379597981770834,2.04811954498291,1.252672156392335,0.08333333333333333,0.0,0.0
Tychy Aleja Bielska,0.0342526605940961,0.0467455621301775,1763.5833333333333,50.1173233,18.982341,11.379597981770834,2.04811954498291,1.2526721563923349,0.08333333333333333,0.0,0.0
Tychy Grota Roweckiego,0.03208309497722433,0.044378698224852,1763.5833333333333,50.1141544,18.9860432,11.379597981770834,2.04811954498291,1.2526721563923349,0.08333333333333333,0.0,0.0
Tychy Lodowisko,0.029551458488003595,0.0414201183431952,1762.5833333333333,50.1077384,19.0008785,11.379597981770834,2.04811954498291,1.2526721563923349,0.08333333333333333,0.0,0.0
Tychy Zachodnie,0.03471957467556348,0.0461538461538461,1763.5,50.1211508,18.9787851,11.379597981770834,2.04811954498291,1.2526721563923349,0.08333333333333333,0.0,0.0
Tychy Żwaków,0.17336290302330784,0.2300805729632945,1135.25,50.1100675,18.9531674,11.379597981770834,2.04811954498291,1.2526721563923349,0.08333333333333333,0.0,0.0
Tymień,0.11509708746665964,0.2068965517241379,387.6666666666667,54.2046983,15.8516594,11.058797200520834,2.0718868474165597,1.9374033527667047,0.0,0.0,0.0
Tłoki,0.028116537044076798,0.0444444444444444,878.25,52.1111944,16.1775058,12.008341471354166,1.591560368736585,1.3476672254304785,0.0,0.0,0.0
Tłuszcz,0.04900455686674963,0.1500499575360943,1837.3666666666666,52.4301697,21.4355074,11.5155029296875,1.473090226451556,1.3254092374937454,0.08333333333333333,0.0,0.0
Ubocze,0.16420233461918915,0.3390119250425894,600.6666666666666,53.89807,16.4031,10.6087646484375,2.0682423065106073,1.6312246711550038,0.0,0.0,0.0
Uherce,0.028838225954238548,0.0396825396825396,90.16666666666667,49.4653618,22.3999,10.069376627604166,2.38815376162529,1.174279939119566,0.08333333333333333,0.0,0.0
Uherce Tunel,0.018363492064006975,0.0390625,132.58333333333334,49.4638705,22.3803553,10.069376627604166,2.38815376162529,1.174279939119566,0.08333333333333333,0.0,0.0
Uhowo,0.061149909329985756,0.1229946524064171,642.8333333333334,53.0033155,22.9082955,10.7552490234375,1.5408203452825546,1.3317131581830668,0.08333333333333333,0.0,0.0
Uhrusk,0.010416666666666666,0.0,7.333333333333333,51.2961173,23.6285632,11.168986002604166,1.6612145900726318,1.4263529773822976,0.08333333333333333,0.0,0.0
Uhrusk Przystanek,0.010416666666666666,0.0,7.333333333333333,51.2956096,23.6189241,11.168986002604166,1.6612145900726318,1.4263529773822976,0.08333333333333333,0.0,0.0
Ulikowo,0.09912572333055682,0.1469045120671563,910.75,53.3492682,15.1371482,11.376017252604166,1.9466662059227626,1.5323111516597436,0.0,0.0,0.0
Unieszewo,0.07323651551076893,0.0961887477313974,566.3333333333334,53.7157566,20.3077387,10.503946940104166,1.7490485558907192,1.5902935998467047,0.08333333333333333,0.0,0.0
Unisław Pomorski,0.03640396168500986,0.0788150738650243,205.22222222222223,53.2061787,18.3826938,11.118693033854166,1.680222858985265,1.4412597538058858,0.0,0.0,0.0
Unisław Śląski,0.1087121212121212,0.275,13.833333333333334,50.7131503,16.2477789,9.221232096354166,2.711372752984365,1.2981925492478443,0.08333333333333333,0.0,0.0
Urle,0.031479097324748725,0.0444611906556141,1346.6666666666667,52.51649,21.6237892,11.4227294921875,1.4442781905333202,1.3372635838192286,0.08333333333333333,0.0,0.0
Ustanówek,0.0723353249633432,0.0991150442477876,2216.0833333333335,51.996781,21.0600715,11.612019856770834,1.5516407489776611,1.3015910859635087,0.08333333333333333,0.0,0.0
Ustianowa,0.018141053353237718,0.0390625,118.16666666666667,49.4362505,22.5054001,9.7191162109375,2.5654658377170563,1.0921607671728197,0.16666666666666666,0.0,0.0
Ustka,0.04885707801684437,0.16026215060090263,212.27777777777777,54.5811254,16.8612962,10.774617513020834,2.2923067112763724,2.445936615603541,0.0,0.0,0.0
Ustka Uroczysko,0.022366025624517314,0.0559796437659033,512.0,54.5798234,16.8455938,10.869669596354166,2.2782508532206216,2.4842378627216983,0.0,0.0,0.0
Ustronie Morskie,0.14219189587634598,0.24358928698625254,359.1111111111111,54.2131404,15.7545528,,,,0.0,0.0,0.0
Ustroń,0.10707525829558594,0.19269235489017056,357.8888888888889,49.7181505,18.8028338,9.949747721354166,2.870763272047043,1.1175740138729238,0.08333333333333333,0.0,0.0
Ustroń Brzegi,0.17002384268136927,0.2011494252873563,536.5,49.7100734,18.8197188,9.949747721354166,2.870763272047043,1.1175740138729238,0.08333333333333333,0.0,0.0
Ustroń Polana,0.15661852156948092,0.2174812030075188,382.1666666666667,49.6964127,18.8302005,9.949747721354166,2.870763272047043,1.1175740138729238,0.08333333333333333,0.0,0.0
Ustroń Zdrój,0.16435490683976994,0.2230617935567395,382.22222222222223,49.7205013,18.8167182,9.949747721354166,2.870763272047043,1.1175740138729238,0.08333333333333333,0.0,0.0
Ustrzesz,0.044646262395118215,0.125,28.916666666666668,51.7910454,22.6935109,11.293986002604166,1.5243961662054062,1.3275234685714554,0.08333333333333333,0.0,0.0
Ustrzyki Dolne,0.015742160822766242,0.0317460317460317,118.16666666666667,49.4301874,22.5877003,9.5394287109375,2.554445803165436,1.1653724123761056,0.16666666666666666,0.0,0.0
Visnova,0.0,0.0,0.08333333333333333,,,,,,,,
Wadowice,0.14600604634866846,0.3601466275659824,322.0,49.8834484,19.4925345,10.6673583984375,2.4041964014371238,1.102225524635064,0.08333333333333333,0.0,0.0
Wadowice Osiedle Podhalanin,0.15317595834832806,0.25,463.3333333333333,49.8878243,19.4822161,10.6673583984375,2.4041964014371238,1.1022255246350638,0.08333333333333333,0.0,0.0
Walawa,0.07415396445209986,0.0982142857142857,875.0,49.8642798,22.883364,11.3656005859375,1.9498029102881749,1.3893522336294308,0.08333333333333333,0.0,0.0
Waliły,0.018153021442495126,0.0789473684210526,12.5,53.1390699,23.5940444,10.4310302734375,1.6402042259772618,1.3736437057939879,0.08333333333333333,0.0,0.0
Wandzin,0.06686614074254628,0.1097560975609756,326.8333333333333,51.0194301,22.5518264,10.937540690104166,1.7874891857306163,1.327360141512557,0.08333333333333333,0.0,0.0
Wapienno,0.041666666666666664,0.0,0.16666666666666666,52.83531,17.95992,11.2640380859375,1.7160371740659077,1.4208743008147386,0.0,0.0,0.0
Waplewo,0.05957619604063272,0.11328125,254.58333333333334,53.49891,20.32217,10.370808919270834,1.7218073805173237,1.5705702486640327,0.08333333333333333,0.0,0.0
Wargowo,0.10253794118286463,0.18464225063283024,773.4444444444445,54.42588,17.52959,10.1990966796875,2.1486955285072327,1.7012387706239955,0.08333333333333333,0.0,0.0
Warka,0.12645621494603568,0.20056714955058325,1436.5,51.7850969,21.1833835,11.592488606770834,1.5660613377888997,1.2244303656715563,0.08333333333333333,0.0,0.0
Warka Miasto,0.09786049836096748,0.1303993480032599,1209.25,51.7810999,21.1773831,11.592488606770834,1.5660613377888997,1.2244303656715563,0.08333333333333333,0.0,0.0
Warkocz,0.1766754154256771,0.399,662.6111111111111,50.820065,17.0442919,11.632364908854166,1.990586464603742,1.2230785443862318,0.0,0.0,0.0
Warlubie,0.13735062539350798,0.1769911504424778,345.0833333333333,53.5876369,18.6274848,10.899454752604166,1.701835463444392,1.5550540748017285,0.08333333333333333,0.0,0.0
Warnowo,0.0619881444167348,0.0788954635108481,503.9166666666667,53.9310847,14.5459512,11.348347981770834,2.053588256239891,2.2500584244695867,0.0,0.0,0.0
Warszawa Aleje Jerozolimskie,0.0624236058161611,0.09030846848063459,5054.166666666667,52.2060562,20.9408396,11.6463623046875,1.5305838584899902,1.3829153070184252,0.08333333333333333,0.0,0.0
Warszawa Anin,0.05052505028535461,0.0793278822814009,2901.9444444444443,52.212993,21.1599414,11.6077880859375,1.5080154339472454,1.3454779805727146,0.08333333333333333,0.0,0.0
Warszawa Centralna,0.0762135212054736,0.17147326143741515,2623.4761904761904,52.2288207,21.00316,11.6287841796875,1.5288087526957195,1.3729205576141754,0.08333333333333333,0.0,0.0
Warszawa Choszczówka,0.05050050789690659,0.07002432270085915,2616.5555555555557,52.3577087,20.9723779,11.671590169270834,1.4414966603120167,1.3184290921467299,0.08333333333333333,0.0,0.0
Warszawa Dawidy,0.05895165262471117,0.08686048916617015,2671.0,52.1285606,20.9911229,11.590047200520834,1.5512365599473317,1.3668077256236062,0.08333333333333333,0.0,0.0
Warszawa Falenica,0.04778750247614583,0.07446559303081055,2904.8888888888887,52.1620483,21.2106772,11.6077880859375,1.5080154339472454,1.3454779805727146,0.08333333333333333,0.0,0.0
Warszawa Gdańska,0.0807207597042868,0.1870394311570781,2217.0833333333335,52.2590955,20.9923588,11.6126708984375,1.489728604753812,1.3487724880779428,0.08333333333333333,0.0,0.0
Warszawa Gocławek,0.04930309557095691,0.0813899494116801,2878.277777777778,52.2386653,21.1326399,11.6019287109375,1.5232829203208287,1.3632839462587514,0.08333333333333333,0.0,0.0
Warszawa Gołąbki,0.1010716419863607,0.1274834437086092,2244.0833333333335,52.2084041,20.8640568,11.6463623046875,1.5305838584899902,1.3829153070184255,0.08333333333333333,0.0,0.0
Warszawa Grochów,0.049438932906733325,0.0831086932708962,2878.1666666666665,52.2536969,21.101828,11.5750732421875,1.4955853869517644,1.349243073866267,0.08333333333333333,0.0,0.0
Warszawa Główna,0.030760398449858856,0.06659340659340653,525.6388888888889,52.2250393,20.9850425,11.6287841796875,1.5288087526957195,1.3729205576141754,0.08333333333333333,0.0,0.0
Warszawa Jeziorki,0.05917437437607874,0.086820020379508,2671.0,52.1103103,20.9931266,11.590047200520834,1.5512365599473317,1.3668077256236062,0.08333333333333333,0.0,0.0
Warszawa Koło,0.0579488696278716,0.0804668569040313,3636.1111111111113,52.2462235,20.9590147,11.6287841796875,1.5288087526957195,1.3729205576141754,0.08333333333333333,0.0,0.0
Warszawa Lotnisko Chopina,0.048252186931910857,0.07408431964226936,2575.3888888888887,52.1696266,20.9753321,11.6287841796875,1.5288087526957195,1.3729205576141754,0.08333333333333333,0.0,0.0
Warszawa Miedzeszyn,0.0497370835664643,0.07926816845164925,2901.777777777778,52.1726622,21.2002174,11.6077880859375,1.5080154339472454,1.3454779805727146,0.08333333333333333,0.0,0.0
Warszawa Międzylesie,0.050258506968456865,0.08030298687801025,2901.8888888888887,52.2039216,21.168978,11.6077880859375,1.5080154339472454,1.3454779805727146,0.08333333333333333,0.0,0.0
Warszawa Mokry Ług,0.05889375237655492,0.0939794419970631,624.4166666666666,52.2772783,21.1704615,11.551472981770834,1.491179292400678,1.3409505394556225,0.08333333333333333,0.0,0.0
Warszawa Młynów,0.07823299828331128,0.11516161896823188,2851.1666666666665,52.2391381,20.9584665,11.6287841796875,1.5288087526957195,1.3729205576141756,0.08333333333333333,0.0,0.0
Warszawa Ochota,0.059049116667279494,0.09491697363089915,6458.0,52.2138798,21.0032532,11.6287841796875,1.5288087526957195,1.3729205576141754,0.08333333333333333,0.0,0.0
Warszawa Okęcie,0.0590587261784349,0.08733588731211735,2669.8888888888887,52.1657359,20.9873566,11.6287841796875,1.5288087526957195,1.3729205576141754,0.08333333333333333,0.0,0.0
Warszawa Olszynka Grochowska,0.049341012195254885,0.08212906795419345,2878.222222222222,52.2498804,21.1064928,11.6019287109375,1.5232829203208287,1.3632839462587514,0.08333333333333333,0.0,0.0
Warszawa Powiśle,0.05684051817950158,0.09239588868385226,6458.0,52.2337064,21.0281295,11.6287841796875,1.5288087526957195,1.3729205576141754,0.08333333333333333,0.0,0.0
Warszawa Powązki,0.05763288755394949,0.08172318532240705,3655.8333333333335,52.2560783,20.9723781,11.6126708984375,1.489728604753812,1.3487724880779428,0.08333333333333333,0.0,0.0
Warszawa Praga,0.04856559671777813,0.06664864473546361,1976.4583333333333,52.2946909,21.0104255,11.6126708984375,1.489728604753812,1.3487724880779428,0.08333333333333333,0.0,0.0
Warszawa Płudy,0.050955217798347704,0.07324930210793235,3386.6666666666665,52.3340318,20.9859058,11.6126708984375,1.489728604753812,1.3487724880779428,0.08333333333333333,0.0,0.0
Warszawa Radość,0.04959031873736133,0.0785237654341948,2901.8333333333335,52.1857228,21.1871497,11.6077880859375,1.5080154339472454,1.3454779805727146,0.08333333333333333,0.0,0.0
Warszawa Rakowiec,0.062314683739395034,0.08978012809303795,5321.555555555556,52.1967848,20.9661819,11.6287841796875,1.5288087526957195,1.3729205576141754,0.08333333333333333,0.0,0.0
Warszawa Rembertów,0.07399667485501706,0.12516998082929034,3552.6111111111113,52.2571084,21.158478,11.551472981770834,1.491179292400678,1.3409505394556225,0.08333333333333333,0.0,0.0
Warszawa Stadion,0.04910269585784712,0.09478057577661196,4842.083333333333,52.2447987,21.0439637,11.6287841796875,1.5288087526957195,1.3729205576141756,0.08333333333333333,0.0,0.0
Warszawa Służewiec,0.08625347173428584,0.15135706381867697,4333.083333333333,52.1807488,20.9870352,11.6287841796875,1.5288087526957195,1.3729205576141756,0.08333333333333333,0.0,0.0
Warszawa Targówek,0.04996829931966289,0.0823139375867454,1360.388888888889,52.2642698,21.0517527,11.5750732421875,1.4955853869517644,1.349243073866267,0.08333333333333333,0.0,0.0
Warszawa Toruńska,0.049558579207896476,0.07160746273813128,2650.125,52.2941826,21.0130377,11.6126708984375,1.489728604753812,1.3487724880779428,0.08333333333333333,0.0,0.0
Warszawa Ursus,0.04460148577024302,0.0710443000309457,3393.222222222222,52.1964007,20.8852512,11.6463623046875,1.5305838584899902,1.3829153070184252,0.08333333333333333,0.0,0.0
Warszawa Ursus Niedźwiadek,0.053804537514405344,0.07020552738698847,2544.9583333333335,52.1914638,20.8700172,11.6463623046875,1.5305838584899902,1.3829153070184255,0.08333333333333333,0.0,0.0
Warszawa Ursus Północny,0.10274472773689529,0.1262417218543046,2244.0,52.2057501,20.889622,11.6463623046875,1.5305838584899902,1.3829153070184255,0.08333333333333333,0.0,0.0
Warszawa Wawer,0.048449050953998235,0.0775592821397375,2902.1111111111113,52.2233538,21.1496097,11.6019287109375,1.5232829203208287,1.3632839462587514,0.08333333333333333,0.0,0.0
Warszawa Wesoła,0.09317069423990226,0.1591588725127984,2610.722222222222,52.2540876,21.2240854,11.551472981770834,1.491179292400678,1.3409505394556225,0.08333333333333333,0.0,0.0
Warszawa Wileńska,0.015137949624708318,0.0190501043841336,3961.0,52.2558006,21.0385505,11.6126708984375,1.489728604753812,1.3487724880779428,0.08333333333333333,0.0,0.0
Warszawa Wola,0.06056049524357104,0.0853612093979982,3636.0555555555557,52.2297953,20.957835,11.6287841796875,1.5288087526957195,1.3729205576141754,0.08333333333333333,0.0,0.0
Warszawa Wola Grzybowska,0.09177525854522996,0.15626652797856205,2600.277777777778,52.2528227,21.2508564,11.537312825520834,1.480356400211652,1.327314727400544,0.08333333333333333,0.0,0.0
Warszawa Wschodnia,0.06572908753338481,0.14877049180327864,5510.770833333333,52.2515889,21.0523678,11.5750732421875,1.4955853869517644,1.349243073866267,0.08333333333333333,0.0,0.0
Warszawa Włochy,0.05562068294318588,0.0873865447728859,4878.5,52.206084,20.9145689,11.6463623046875,1.5305838584899902,1.3829153070184252,0.08333333333333333,0.0,0.0
Warszawa ZOO,0.052246267376651216,0.07134171887595356,2426.0,52.2635233,21.0178245,11.6126708984375,1.489728604753812,1.3487724880779428,0.08333333333333333,0.0,0.0
Warszawa Zachodnia,0.07472536651095792,0.15124499055654878,5721.380952380952,52.2201572,20.9651719,11.6287841796875,1.5288087526957195,1.3729205576141754,0.08333333333333333,0.0,0.0
Warszawa Zachodnia peron 9,0.08100527394349986,0.11725170572072488,2804.4166666666665,52.2219653,20.9615056,11.6287841796875,1.5288087526957195,1.3729205576141756,0.08333333333333333,0.0,0.0
Warszawa Zacisze Wilno,0.016107319051008515,0.0190451343595095,3961.0833333333335,52.2779433,21.0802097,11.5750732421875,1.4955853869517644,1.349243073866267,0.08333333333333333,0.0,0.0
Warszawa Śródmieście,0.06287136567524712,0.09823984440630822,3875.233333333333,52.2294024,21.007588,11.6287841796875,1.5288087526957195,1.3729205576141754,0.08333333333333333,0.0,0.0
Warszawa Żerań,0.048122480396831785,0.06872908143782938,1963.5,52.3142173,20.9988691,11.6126708984375,1.489728604753812,1.3487724880779428,0.08333333333333333,0.0,0.0
Warszawa Żwirki i Wigury,0.06136498367770341,0.08940973660047165,5266.444444444444,52.193416,20.9803082,11.6287841796875,1.5288087526957195,1.3729205576141754,0.08333333333333333,0.0,0.0
Warszowice,0.13171593981975335,0.1944444444444444,47.916666666666664,49.99281,18.71899,11.3167724609375,2.2381909588972726,1.3368161349361785,0.08333333333333333,0.0,0.0
Warząchewka,0.090833573196707,0.1391650099403578,500.0833333333333,52.5847362,19.0807506,11.4642333984375,1.7602843542893727,1.4462529171399183,0.0,0.0,0.0
Wasilków,0.05928338398442122,0.0984251968503937,346.5,53.198684,23.2056777,10.513224283854166,1.5403646131356556,1.2953725598542734,0.08333333333333333,0.0,0.0
Wałbrzych Centrum,0.19985705526684813,0.3201937735697664,696.3888888888889,50.7733734,16.2698578,10.0125732421875,2.54182198146979,1.4206817994301486,0.08333333333333333,0.0,0.0
Wałbrzych Fabryczny,0.16600326305229574,0.2603129445234708,726.4166666666666,50.7613941,16.2670481,10.0125732421875,2.54182198146979,1.4206817994301486,0.08333333333333333,0.0,0.0
Wałbrzych Główny,0.13173072647508743,0.27871542330259846,538.8055555555555,50.7433935,16.2806898,9.334513346354166,2.606636494398117,1.3377227408828987,0.08333333333333333,0.0,0.0
Wałbrzych Miasto,0.19013722751495113,0.2953968253968254,817.875,50.7862286,16.2852337,10.0125732421875,2.54182198146979,1.4206817994301486,0.08333333333333333,0.0,0.0
Wałbrzych Szczawienko,0.1696465765866916,0.2571941467660338,782.1666666666666,50.8163919,16.3027078,10.0125732421875,2.54182198146979,1.4206817994301486,0.08333333333333333,0.0,0.0
Wałcz,0.18204615296295448,0.37836214067843604,245.55555555555554,53.2728538,16.4768177,10.8724365234375,1.830325389901797,1.373670407085904,0.0,0.0,0.0
Wałcz Raduń,0.18825141350278507,0.3789808917197452,306.8333333333333,53.276825,16.4572998,10.8724365234375,1.830325389901797,1.373670407085904,0.0,0.0,0.0
Wałdowo Szlacheckie,0.056803433534451685,0.0871794871794871,632.0,53.3845293,18.7245998,11.105021158854166,1.6622731784979503,1.524674830261384,0.08333333333333333,0.0,0.0
Wałki,0.08070097105598328,0.0899470899470899,785.3333333333334,52.5559522,23.0511499,10.721883138020834,1.6837892283995946,1.4076384764322452,0.08333333333333333,0.0,0.0
Wałowice,0.09987429373922602,0.152317880794702,319.1666666666667,51.9889273,14.8025,12.1864013671875,1.6428873836994171,1.2879144836782832,0.0,0.0,0.0
Ważne Młyny,0.0011216823163725778,0.0,12.555555555555555,51.04145,19.14861,11.4149169921875,2.022419681151708,1.6077415183477448,0.08333333333333333,0.0,0.0
Wejherowo,0.1400676183512443,0.36075396825396827,1927.0333333333333,54.6060682,18.2317861,10.218790690104166,2.001894861459732,1.9307701433966733,0.08333333333333333,0.0,0.0
Wejherowo Śmiechowo,0.04468092928436904,0.0733673743617307,3539.0,54.6019278,18.2756241,10.276082356770834,2.0124880373477936,1.9871233184450716,0.08333333333333333,0.0,0.0
Wejherowo-Nanice,0.04174366859731634,0.0714861596345068,3539.0,54.603592,18.2492963,10.218790690104166,2.001894861459732,1.930770143396673,0.08333333333333333,0.0,0.0
Werbkowice,0.27324378181322323,0.3577981651376147,118.83333333333333,50.7509575,23.767431,11.043009440104166,1.8525094836950302,1.3431909859940647,0.08333333333333333,0.0,0.0
Werchrata,0.18721064814814814,0.5277777777777778,9.0,50.2565809,23.471981,10.894734700520834,1.9879116614659627,1.3536743404338718,0.08333333333333333,0.0,0.0
Widacz,0.04504929969495385,0.07106782106782106,56.55555555555556,49.8093664,21.6279544,11.017781575520834,2.0455968578656516,1.1741455677113561,0.08333333333333333,0.0,0.0
Widełka,0.05694730887863556,0.092924126172208,1142.0,50.2035715,21.8805279,11.4544677734375,1.9501664340496063,1.2822313927646858,0.08333333333333333,0.0,0.0
Widuchowa,0.0694492532003788,0.0936254980079681,525.4166666666666,50.4852832,20.7923885,11.252970377604166,1.7390660345554352,1.2425724758092958,0.08333333333333333,0.0,0.0
Widzino,0.08303837863079427,0.1510989010989011,358.3333333333333,54.4264466,16.9657291,10.577189127604166,2.0933519899845123,1.8794637349178513,0.0,0.0,0.0
Widzów Teklinów,0.0740074859501879,0.0992462311557789,793.25,50.9810384,19.367218,11.3660888671875,1.941722422838211,1.589181847451924,0.08333333333333333,0.0,0.0
Wiekowo,0.13562146771842226,0.2005277044854881,385.75,54.3036461,16.3757099,10.901407877604166,1.9947674423456192,1.9635944423341456,0.0,0.0,0.0
Wielanowo,0.2282541396218445,0.2979274611398964,260.9166666666667,53.8681775,16.3178547,10.697957356770834,2.0389971882104874,1.6273434060602028,0.0,0.0,0.0
Wielbark,0.02951430976883489,0.06817505411255408,107.375,53.3984244,20.9462724,10.754109700520834,1.5806828091541927,1.3671915133574413,0.08333333333333333,0.0,0.0
Wieleń,0.0752532427139765,0.14306910569105688,324.7083333333333,52.8943347,16.1712847,11.5936279296875,1.6507250865300496,1.251113733529824,0.0,0.0,0.0
Wieliczka Bogucice,0.00881993076402425,0.0148413510747185,1953.75,49.998474,20.0366956,11.083699544270834,2.0507321655750275,1.107655722233138,0.08333333333333333,0.0,0.0
Wieliczka Park,0.0088647885135486,0.0148413510747185,1953.75,49.9891052,20.0493336,11.083699544270834,2.0507321655750275,1.107655722233138,0.08333333333333333,0.0,0.0
Wieliczka Rynek-Kopalnia,0.00874460537799811,0.014329580348004,1953.5,49.985651,20.0566466,11.141805013020834,2.031098028024038,1.0985638695503914,0.08333333333333333,0.0,0.0
Wieliszew,0.037106084449839975,0.08145161290322574,621.9333333333333,52.4497362,20.9694128,11.671590169270834,1.4414966603120167,1.3184290921467299,0.08333333333333333,0.0,0.0
Wieliszew Centrum,0.04366374495859956,0.0499001996007984,887.75,52.4433611,20.9951729,11.671590169270834,1.4414966603120167,1.3184290921467299,0.08333333333333333,0.0,0.0
Wielkie Drogi,0.05920522391683276,0.0949033391915641,1156.9166666666667,49.9607622,19.7037898,11.105509440104166,2.1949012180169425,1.1154850882500476,0.08333333333333333,0.0,0.0
Wielowieś,0.10117238759465257,0.1615384615384615,132.41666666666666,50.5088655,18.6124789,11.425333658854166,2.1926694810390472,1.3608397042263014,0.08333333333333333,0.0,0.0
Wieluń,0.07802336602802686,0.20773081201334814,160.5,51.2204544,18.5700965,11.492879231770834,2.0004919866720834,1.5499185854673065,0.08333333333333333,0.0,0.0
Wieluń Dąbrowa,0.021122870969011637,0.05666512202656774,130.91666666666666,51.2396362,18.5502063,11.492879231770834,2.0004919866720834,1.5499185854673065,0.08333333333333333,0.0,0.0
Wieniawa,0.04353995992306619,0.09980709893972176,341.5,51.2499359,22.5371973,11.191121419270834,1.7284700373808544,1.3282928144429675,0.08333333333333333,0.0,0.0
Wierchomla Wielka,0.08071552106740948,0.1348490892168594,357.8333333333333,49.4193395,20.7825182,9.1126708984375,1.9795046498378117,0.7266552377139807,0.16666666666666666,0.0,0.0
Wierna Rzeka,0.054877533470184585,0.0881913303437967,663.6666666666666,50.8641401,20.312838,10.986857096354166,1.824751118818919,1.404448097886468,0.08333333333333333,0.0,0.0
Wieruszów,0.012070105820105818,0.0,0.7777777777777778,51.2951647,18.1510623,11.6580810546875,2.013194590806961,1.4954190350279042,0.0,0.0,0.0
Wieruszów JURA-POLSKA,0.012070105820105818,0.0,0.7777777777777778,,,,,,,,
Wieruszów Miasto,0.09317964872226549,0.2258064516129032,30.583333333333332,51.2995514,18.1645906,11.6580810546875,2.013194590806961,1.4954190350279042,0.0,0.0,0.0
Wierzawice,0.06275083674148921,0.1196581196581196,216.91666666666666,50.2359458,22.4525456,11.519083658854166,1.8742763499418895,1.3138618689147548,0.08333333333333333,0.0,0.0
Wierzbica Górna,0.08324404227680003,0.0972477064220183,534.3333333333334,51.0311024,17.98235,11.6790771484375,2.0196719467639923,1.3543116202036083,0.08333333333333333,0.0,0.0
Wierzbice,0.08320764123213151,0.140728476821192,606.6666666666666,50.9549201,16.8926866,11.803263346354166,2.1793996592362723,1.31959472236359,0.0,0.0,0.0
Wierzbno,0.03154761904761904,0.1071428571428571,5.5,52.1898719,21.0167966,11.6287841796875,1.5288087526957195,1.3729205576141756,0.08333333333333333,0.0,0.0
Wierzbowa Śląska,0.12216538198213517,0.1693548387096774,361.75,51.3969375,15.7587841,11.7840576171875,1.8020318100849788,1.3671430397439426,0.0,0.0,0.0
Wierzchosławice,0.10337401128820313,0.1342281879194631,454.1666666666667,50.0274989,20.8593482,11.561564127604166,1.9016497830549877,1.1471339265562734,0.08333333333333333,0.0,0.0
Wierzchowice,0.07512022414824822,0.1311475409836065,121.41666666666667,51.4822387,17.3327429,11.805379231770834,1.9285525778929393,1.4057605001246278,0.0,0.0,0.0
Wierzchowo Człuchowskie,0.08800523864022149,0.116504854368932,300.3333333333333,53.6178993,17.4472969,10.3558349609375,1.9247540434201558,1.5174739179585577,0.08333333333333333,0.0,0.0
Wierzchucin,0.03691832966084559,0.08673526508751314,579.7222222222222,53.5448342,18.1150925,10.687215169270834,1.8117380440235138,1.4964089107857323,0.08333333333333333,0.0,0.0
Wierzchucin Stary,0.06005273120447446,0.0905044510385756,678.6666666666666,53.5571304,18.0909408,10.6429443359375,1.8197061419487,1.5190841672956494,0.08333333333333333,0.0,0.0
Wiesiółka,0.09821202598998095,0.1444679351656095,1388.8333333333333,53.2705066,16.6125935,10.905476888020834,1.8092529823382695,1.37474699640653,0.0,0.0,0.0
Wietrzychowo,0.07770467641731685,0.1290322580645161,254.58333333333334,53.42059,20.4047,10.4281005859375,1.6511069387197495,1.5095950465487655,0.08333333333333333,0.0,0.0
Wiewiecko,0.0739396346440345,0.0967741935483871,351.4166666666667,53.5185403,15.6323106,10.833211263020834,1.9655332167943318,1.534637038047834,0.0,0.0,0.0
Wieżyca,0.04386224365360874,0.0667678300455235,627.25,54.2239862,18.1230713,9.823933919270834,1.993682752052943,1.757190716159717,0.08333333333333333,0.0,0.0
Wiktorowo,0.0840561073971951,0.1194331983805668,500.0833333333333,52.5771775,20.6897588,11.4256591796875,1.343727966149648,1.4005330739311586,0.08333333333333333,0.0,0.0
Wilczyska,0.06991698029599389,0.1038616767565584,357.1111111111111,51.8466585,21.8969318,11.2874755859375,1.5724629660447438,1.2712194924040454,0.08333333333333333,0.0,0.0
Wilkoszewice,0.07096305327712957,0.11055383871601655,704.1111111111111,51.25286,19.63325,11.230672200520834,1.8486013561487198,1.5606027879708035,0.08333333333333333,0.0,0.0
Wilkowice,0.022309598364021268,0.0421792618629174,563.75,51.8236419,20.1429271,11.201700846354166,1.700839251279831,1.5237555638907938,0.08333333333333333,0.0,0.0
Wilkowice Bystra,0.10297858193263337,0.202423378474697,932.6666666666666,49.7602349,19.0882287,10.1317138671875,2.7483067711194358,1.1460675349715992,0.08333333333333333,0.0,0.0
Wilkowo Świebodzińskie,0.39663106448141416,0.5314465408805031,333.5833333333333,52.2540745,15.4690626,11.775105794270834,1.5930510858694713,1.3004737451668944,0.0,0.0,0.0
Wilkołaz,0.06838577344940397,0.0925589836660617,531.5,50.986117,22.3294289,11.1058349609375,1.7748337785402934,1.26482937629861,0.08333333333333333,0.0,0.0
Wilkołaz Wieś,0.0781550704620983,0.0998185117967332,531.5,51.0070183,22.3359988,11.1058349609375,1.7748337785402934,1.26482937629861,0.08333333333333333,0.0,0.0
Wilków Namysłowski,0.07749295978726913,0.1005291005291005,553.3333333333334,51.094239,17.6584067,11.7308349609375,2.019840811689695,1.3254997408150828,0.0,0.0,0.0
Wipsowo,0.07495076555888458,0.1083333333333333,361.6666666666667,53.8963561,20.794808,10.255411783854166,1.755315105120341,1.486818518897594,0.08333333333333333,0.0,0.0
Wiry,0.04824552658862724,0.0645792563600782,1027.0833333333333,50.8358943,16.6458015,10.9930419921875,2.220871791243553,1.3704711016769446,0.08333333333333333,0.0,0.0
Wisła Dziechcinka,0.16550260852837106,0.1954022988505747,534.5833333333334,49.6474553,18.8656014,9.067423502604166,3.1194429198900857,0.9704032921270779,0.16666666666666666,0.0,0.0
Wisła Głębce,0.1039703101532153,0.18463849609967195,356.5,49.6216894,18.8760729,9.067423502604166,3.1194429198900857,0.9704032921270779,0.16666666666666666,0.0,0.0
Wisła Jawornik,0.18041558080675188,0.2164750957854406,536.0,49.6696723,18.8474642,9.949747721354166,2.870763272047043,1.1175740138729238,0.08333333333333333,0.0,0.0
Wisła Kopydło,0.16468588158758193,0.1954022988505747,534.5833333333334,49.6350047,18.8696177,9.067423502604166,3.1194429198900857,0.9704032921270779,0.16666666666666666,0.0,0.0
Wisła Uzdrowisko,0.16079888393914998,0.22312030075187972,381.94444444444446,49.658645,18.8544783,9.6136474609375,2.9148418307304382,1.0963828841694898,0.08333333333333333,0.0,0.0
Wisłoczanka,0.07930290222834527,0.1059714045416316,1178.8333333333333,49.9517831,21.91484,11.367228190104166,1.9609309534231822,1.3367196792505327,0.08333333333333333,0.0,0.0
Witanów,0.10781547267166854,0.1358797745773325,1572.1666666666667,52.18689,20.57728,11.6131591796875,1.5269035995006561,1.4209711886164993,0.08333333333333333,0.0,0.0
Witaszyce,0.08151861696352064,0.14247311827956985,665.3333333333334,51.9427937,17.5711082,11.645060221354166,1.7602355827887852,1.5342087556014101,0.0,0.0,0.0
Witkowo,0.11040053856846967,0.1351351351351351,442.25,52.4395881,17.7725138,11.558797200520834,1.6048726588487625,1.5433033274081145,0.0,0.0,0.0
Witków Śląski,0.1611758671948539,0.2990455212922173,442.27777777777777,50.7938256,16.1274664,9.532430013020834,2.7466133336226144,1.3345963737302489,0.08333333333333333,0.0,0.0
Witnica,0.14033725329488028,0.21134218983107725,542.6111111111111,52.6729399,14.8972121,11.856974283854166,1.694971928993861,1.3013977163214934,0.0,0.0,0.0
Witnica Chojeńska,0.07884124703818578,0.095360824742268,402.25,52.866148,14.4511483,11.483601888020834,1.7786649217208226,1.326502747411854,0.0,0.0,0.0
Witonia,0.07801490196587557,0.12499999999999994,588.1111111111111,52.1469973,19.2943318,11.586466471354166,1.6277971764405568,1.5840205595699153,0.0,0.0,0.0
Witowo,0.05744390137831698,0.0778816199376947,325.4166666666667,52.6450814,23.5025131,10.616251627604166,1.7006747275590897,1.4026602155828636,0.08333333333333333,0.0,0.0
Więcławice,0.10099390621442161,0.1342281879194631,454.1666666666667,52.6288664,19.423039,11.455118815104166,1.670064628124237,1.4342713379370637,0.08333333333333333,0.0,0.0
Wiśniowa,0.09787653279160939,0.1322751322751322,420.1666666666667,49.8688107,21.653553,10.897664388020834,1.9722011983394623,1.2378010764086727,0.08333333333333333,0.0,0.0
Wkra,0.06473036327272005,0.1301115241635687,224.5,52.9129902,20.2109751,11.026570638020834,1.520972306529681,1.530267347092946,0.08333333333333333,0.0,0.0
Wodzisław Śląski,0.23627134742338607,0.4861789342363215,788.0555555555555,50.0023056,18.4481091,11.5115966796875,2.1047026415665946,1.3096335251335387,0.08333333333333333,0.0,0.0
Wodzisław Śląski Centrum,0.13227981263848668,0.1758620689655172,591.5,49.9984274,18.4639099,11.3836669921875,2.1831025878588357,1.3157981298984698,0.08333333333333333,0.0,0.0
Wodzisław Śląski Radlin,0.0855793292175658,0.1196120689655172,890.8333333333334,50.020272,18.4812132,11.3836669921875,2.1831025878588357,1.3157981298984698,0.08333333333333333,0.0,0.0
Wojanów,0.12765548734851842,0.2666986257590284,356.0,50.8733422,15.8331319,9.965372721354166,2.796044200658798,1.3835182551188732,0.08333333333333333,0.0,0.0
Wojaszówka,0.10215828231181283,0.1425389755011135,420.1666666666667,49.7795399,21.6687613,10.8983154296875,2.0285412669181824,1.2003379495526625,0.08333333333333333,0.0,0.0
Wojnowice Wielkopolskie,0.1338242209718793,0.2637410976120653,926.1666666666666,52.3268949,16.4666369,11.819376627604166,1.552639772494634,1.33844708239958,0.0,0.0,0.0
Wojsław,0.025577507758195048,0.0466830466830466,436.6666666666667,50.7258194,17.3586219,11.8031005859375,1.8987033913532894,1.2198708177927917,0.0,0.0,0.0
Wola Bierwiecka,0.10164425528005237,0.1392508143322475,1209.5,51.5431887,21.1773074,11.3436279296875,1.605104883511861,1.294034336029365,0.08333333333333333,0.0,0.0
Wola Filipowska,0.06391352828281567,0.13666544381935505,1003.625,50.1328995,19.5875894,11.010782877604166,2.061533361673355,1.1553835720131955,0.08333333333333333,0.0,0.0
Wola Lipieniecka,0.05706280389494231,0.0869758968609865,590.4444444444445,51.2770711,21.0265513,11.162312825520834,1.7704571535189946,1.41446116672751,0.08333333333333333,0.0,0.0
Wola Radziszowska,0.13879794110447372,0.1814300960512273,927.5833333333334,49.9082745,19.7879994,10.588419596354166,2.257106731335322,1.0634734671569737,0.08333333333333333,0.0,0.0
Wola Radziszowska Lipki,0.138434242439444,0.1814300960512273,927.5833333333334,49.9100054,19.799257,10.588419596354166,2.257106731335322,1.0634734671569737,0.08333333333333333,0.0,0.0
Wola Rowska,0.10119995948489306,0.12668743509865,945.9166666666666,51.8277,21.61371,11.4583740234375,1.5669243931770325,1.247569421896712,0.08333333333333333,0.0,0.0
Wola Rzędzińska,0.07593523717554052,0.0873015873015873,785.3333333333334,50.0372232,21.064394,11.300008138020834,1.93756964802742,1.1651616888255887,0.08333333333333333,0.0,0.0
Wola Łużańska,0.07901531339031338,0.125,18.833333333333332,49.6912757,21.0667426,10.529337565104166,2.2193816502889,0.9925294800247905,0.08333333333333333,0.0,0.0
Wolanów,0.02526857925296846,0.06363378510977555,256.1666666666667,51.3795633,20.9756935,11.213907877604166,1.6923229297002156,1.3889516931028194,0.08333333333333333,0.0,0.0
Wolbrom,0.05502003173596351,0.0883977900552486,747.0833333333334,50.3848386,19.7598844,10.641805013020834,2.1848159531752267,1.4363293051692618,0.08333333333333333,0.0,0.0
Wolbrom Zachodni,0.0554678789247347,0.0897790055248618,747.0833333333334,50.3795391,19.7545614,10.641805013020834,2.1848159531752267,1.4363293051692618,0.08333333333333333,0.0,0.0
Wolbórka,0.06567355109195556,0.10942749952124786,663.6666666666666,51.5652611,19.7729503,11.165730794270834,1.7503514538208644,1.5449587983920114,0.08333333333333333,0.0,0.0
Wolenice,0.06340094532009771,0.0813953488372093,114.75,51.7636992,17.4412894,11.685750325520834,1.7927642116943996,1.5182478503952073,0.0,0.0,0.0
Wolica,0.10824418760779335,0.1447527141133896,813.1666666666666,50.4336955,20.71522,11.375203450520834,1.7779198835293453,1.233672396091773,0.08333333333333333,0.0,0.0
Wolin,0.06630785033078145,0.0980392156862745,533.25,53.843788,14.6157008,,,,0.0,0.0,0.0
Wolsztyn,0.04459079247699381,0.03374986525293875,600.6,52.11725,16.1126622,12.048868815104166,1.5814176102479298,1.3472996675617417,0.0,0.0,0.0
Worowo,0.10541380028405867,0.1548556430446194,392.75,53.6980582,15.6450975,10.921915690104166,1.9988907277584076,1.5237548217535266,0.0,0.0,0.0
Wołczyn,0.08098663369744463,0.0990825688073394,534.5,51.0190253,18.049603,11.6790771484375,2.0196719467639923,1.3543116202036083,0.08333333333333333,0.0,0.0
Wołomin,0.077712198152341,0.19298032178594235,3389.3888888888887,52.3468689,21.2420179,11.551472981770834,1.491179292400678,1.3409505394556225,0.08333333333333333,0.0,0.0
Wołomin Słoneczna,0.02091045149299985,0.0264285714285714,4345.0,52.3543287,21.2557217,11.571329752604166,1.463433027267456,1.3227329337140143,0.08333333333333333,0.0,0.0
Wołowno,0.06368719788241624,0.0980926430517711,379.3333333333333,53.8157731,20.1942524,10.525431315104166,1.7913467387358348,1.6021678936921921,0.08333333333333333,0.0,0.0
Wołów,0.20672963583051981,0.3616968266456858,682.9166666666666,51.3363841,16.6486903,11.967000325520834,1.8712278306484222,1.3660649817298818,0.0,0.0,0.0
Wrocław Brochów,0.10008583069283933,0.1636093003444572,1656.0,51.0642794,17.0846248,12.014200846354166,2.0957399060328803,1.2683790506256083,0.0,0.0,0.0
Wrocław Grabiszyn,0.13063540368018833,0.1964912280701754,1086.2777777777778,51.0967031,16.9745911,12.0301513671875,2.0810724993546805,1.2798880544319826,0.0,0.0,0.0
Wrocław Główny,0.08245364741126256,0.1810179763678285,4417.5952380952385,51.097916,17.0379512,12.0301513671875,2.0810724993546805,1.2798880544319826,0.0,0.0,0.0
Wrocław Kowale,0.04908708700647486,0.0655307994757536,779.1666666666666,51.134977,17.1001696,12.014200846354166,2.0957399060328803,1.2683790506256083,0.0,0.0,0.0
Wrocław Kuźniki,0.09417551628054284,0.19849221674341888,479.96666666666664,51.1280409,16.9522088,12.0301513671875,2.0810724993546805,1.2798880544319826,0.0,0.0,0.0
Wrocław Leśnica,0.11772179874185462,0.2327433628318584,763.375,51.1419618,16.8672785,11.987508138020834,2.0753504435221353,1.3031504347398564,0.0,0.0,0.0
Wrocław Mikołajów,0.0901193767445334,0.17067630625385596,2027.8,51.1162965,16.998395,12.0301513671875,2.0810724993546805,1.2798880544319826,0.0,0.0,0.0
Wrocław Muchobór,0.13242698376057865,0.2065373627701959,2131.8888888888887,51.1111407,16.9747674,12.0301513671875,2.0810724993546805,1.2798880544319826,0.0,0.0,0.0
Wrocław Nadodrze,0.0627057094171966,0.14599675359152892,1160.8055555555557,51.1256579,17.0329905,12.0301513671875,2.0810724993546805,1.2798880544319826,0.0,0.0,0.0
Wrocław Nowy Dwór,0.13555143275591972,0.1977107180020811,1955.3333333333333,51.1198234,16.9522434,12.0301513671875,2.0810724993546805,1.2798880544319826,0.0,0.0,0.0
Wrocław Osobowice,0.0929854914342453,0.15230499656779506,454.6333333333333,51.1670923,16.9966038,11.8328857421875,2.02067964275678,1.2992526903139279,0.0,0.0,0.0
Wrocław Partynice,0.08859437136008097,0.1387347391786903,891.5833333333334,51.0611197,16.9976665,12.0301513671875,2.0810724993546805,1.2798880544319826,0.0,0.0,0.0
Wrocław Pawłowice,0.056301838985635656,0.1078066914498141,841.75,51.1687803,17.1083776,11.8050537109375,2.0384293844302497,1.2964250275302434,0.0,0.0,0.0
Wrocław Popiele,0.04768218710635097,0.0631720430107526,779.1666666666666,51.1224546,17.1142732,12.014200846354166,2.0957399060328803,1.2683790506256083,0.0,0.0,0.0
Wrocław Popowice,0.13564565791402236,0.18316047248631515,757.3888888888889,51.1273621,17.001416,12.0301513671875,2.0810724993546805,1.2798880544319826,0.0,0.0,0.0
Wrocław Pracze,0.08920939284004747,0.1993304397107282,479.6666666666667,51.1700195,16.9031293,11.908894856770834,1.9977600971857707,1.3105090411683389,0.0,0.0,0.0
Wrocław Psie Pole,0.06974086042058401,0.11383865425488579,1168.9166666666667,51.150452,17.1185445,11.8050537109375,2.0384293844302497,1.2964250275302434,0.0,0.0,0.0
Wrocław Różanka,0.13872516423315023,0.185321233074042,757.3888888888889,51.1380036,17.0037711,12.0301513671875,2.0810724993546805,1.2798880544319826,0.0,0.0,0.0
Wrocław Sołtysowice,0.07219250036559367,0.09768780935937224,2077.6666666666665,51.1425485,17.0835373,12.014200846354166,2.0957399060328803,1.2683790506256083,0.0,0.0,0.0
Wrocław Stadion,0.13243131702584382,0.24955319148936167,600.0833333333334,51.1370304,16.9406255,11.987508138020834,2.0753504435221353,1.3031504347398564,0.0,0.0,0.0
Wrocław Strachocin,0.045213548411737914,0.0604838709677419,777.5,51.1098231,17.145702,12.014200846354166,2.0957399060328803,1.2683790506256083,0.0,0.0,0.0
Wrocław Swojczyce,0.04267352765765658,0.0591397849462365,779.3333333333334,51.1158639,17.1213443,12.014200846354166,2.0957399060328803,1.2683790506256083,0.0,0.0,0.0
Wrocław Szczepin,0.0687088571969094,0.11065311398262401,1410.4583333333333,51.1221583,17.0123097,12.0301513671875,2.0810724993546805,1.2798880544319826,0.0,0.0,0.0
Wrocław Wojnów,0.04479440875002803,0.0591397849462365,777.5,51.1035379,17.1576886,11.956258138020834,2.0908495088418326,1.2743021683329283,0.0,0.0,0.0
Wrocław Wojnów Wschodni,0.04415946046862985,0.0577956989247311,777.5,51.0980421,17.1682097,11.956258138020834,2.0908495088418326,1.2743021683329283,0.0,0.0,0.0
Wrocław Wojszyce,0.07883008836364293,0.1328671328671328,695.4166666666666,51.069076,17.0321678,12.0301513671875,2.0810724993546805,1.2798880544319826,0.0,0.0,0.0
Wrocław Zachodni,0.1186733131716469,0.208695652173913,787.1666666666666,51.0899487,16.949504,11.987508138020834,2.0753504435221353,1.3031504347398561,0.0,0.0,0.0
Wrocław Zakrzów,0.0575901552756679,0.1102850061957868,841.75,51.1587445,17.1221927,11.8050537109375,2.0384293844302497,1.2964250275302434,0.0,0.0,0.0
Wrocław Świniary,0.1389326742453703,0.1864736387208297,757.3333333333334,51.1980793,16.9697587,11.8328857421875,2.02067964275678,1.2992526903139279,0.0,0.0,0.0
Wrocław Żerniki,0.1110482475000603,0.1483812949640287,1128.5833333333333,51.1261453,16.9164074,11.987508138020834,2.0753504435221353,1.3031504347398564,0.0,0.0,0.0
Wrocławki,0.08575795230534072,0.1216931216931216,784.0,53.2522307,18.6042458,10.996622721354166,1.6892331043879192,1.4970829624189463,0.08333333333333333,0.0,0.0
Wroniawy,0.012400715857924292,0.0293294771188954,355.6666666666667,52.0580339,16.1535546,12.008341471354166,1.591560368736585,1.3476672254304782,0.0,0.0,0.0
Wronki,0.10803165701655305,0.19254032258064516,871.3333333333334,52.7100316,16.3742572,11.682169596354166,1.600312610467275,1.330554565034434,0.0,0.0,0.0
Wronki Zamość,0.009720307416947837,0.0,35.611111111111114,52.7099986,16.3619976,11.682169596354166,1.600312610467275,1.330554565034434,0.0,0.0,0.0
Wrzeście,0.03527614858260018,0.1354838709677419,59.833333333333336,54.545508,17.1092205,10.4686279296875,2.217455973227819,2.0944392877870146,0.0,0.0,0.0
Września,0.13749757661954604,0.26506218649075786,1535.5,52.3250694,17.5652282,11.602742513020834,1.6122555782397587,1.5116293305605693,0.0,0.0,0.0
Wrześnica,0.12421907807287698,0.2375249500998004,508.1666666666667,54.40052,16.77801,10.740275065104166,2.047692984342575,1.9632011162601106,0.0,0.0,0.0
Wrzosowo,0.10394878027425027,0.1682926829268292,363.5833333333333,54.01381,14.81378,11.251017252604166,2.0194531132777533,2.265247276435906,0.0,0.0,0.0
Wrzosów,0.11488007825520118,0.1907101384546672,2264.75,51.06,18.9119444,11.4154052734375,2.004716138044993,1.5624252330512591,0.08333333333333333,0.0,0.0
Wrząca Pomorska,0.08631162003456534,0.1483516483516483,358.5833333333333,54.3434619,16.9172105,10.6483154296875,2.090203801790873,1.8079016259066059,0.0,0.0,0.0
Wróblik Szlachecki,0.10272767690157104,0.2090023354254854,105.79166666666667,49.6142431,21.8806628,10.362019856770834,2.1886793871720633,1.2135838519190918,0.08333333333333333,0.0,0.0
Wschowa,0.10980430783210815,0.1818181818181818,364.25,51.8038354,16.3172771,11.987019856770834,1.68817234536012,1.464048421217724,0.0,0.0,0.0
Wudzyn,0.06155895760064284,0.0887656033287101,686.5,53.3223504,18.0793838,10.938028971354166,1.7825385828812916,1.462960278042398,0.0,0.0,0.0
Wydartowo,0.11146592071039242,0.16243537491980825,491.55555555555554,52.6058906,17.8540811,11.3572998046875,1.6733251710732777,1.5132742820748115,0.0,0.0,0.0
Wygoda,0.09511459315137029,0.12,885.1666666666666,53.5150189,19.9062302,10.358601888020834,1.7975493570168812,1.5744451801311055,0.08333333333333333,0.0,0.0
Wykno,0.04293851986508638,0.07678091397849454,585.0,51.633017,19.9188457,11.202351888020834,1.7068959673245747,1.5533308432467072,0.08333333333333333,0.0,0.0
Wyrzysk Osiek,0.09654622824816529,0.16590712181597655,473.3333333333333,53.1191729,17.2950517,11.168986002604166,1.6992585062980652,1.4294430299250873,0.0,0.0,0.0
Wysoczany,0.014320286195286185,0.04340277777777775,7.0,49.4342029,22.1467723,9.449910481770834,2.3433571457862854,0.9441322958704994,0.16666666666666666,0.0,0.0
Wysoka Braniewska,0.03574007412294717,0.0566801619433198,249.25,54.2756818,20.0305219,10.551310221354166,1.9243023594220479,1.4127066715746615,0.08333333333333333,0.0,0.0
Wysoka Kamieńska,0.08456183993803072,0.15804785894206547,890.0,53.8229111,14.8413482,11.2923583984375,1.962483157714208,1.8801024039884362,0.0,0.0,0.0
Wyszków,0.027371078846860453,0.0617242063435013,552.9444444444445,52.5928035,21.4584581,11.404825846354166,1.3776461035013199,1.3360465764241631,0.08333333333333333,0.0,0.0
Wyszków Śląski,0.08921461570625498,0.141025641025641,472.5,50.4684599,17.3949925,11.506388346354166,2.2844125032424927,1.3617536647736557,0.08333333333333333,0.0,0.0
Wyszomierz,0.11837836516326096,0.1860465116279069,511.5833333333333,53.6245427,15.0803796,11.079142252604166,1.8740174422661464,1.6679883914540452,0.0,0.0,0.0
Wyszyny,0.06427587290181659,0.0780911062906724,903.75,52.89033,16.85844,11.300496419270834,1.6109774907430012,1.3478994836190579,0.0,0.0,0.0
Wójcice,0.1701386777988915,0.36760042283298094,24.77777777777778,51.6833333,18.4166667,11.617879231770834,1.827526758114497,1.5243457810426326,0.0,0.0,0.0
Wólka,0.09672397774585395,0.1240671641791044,1098.1666666666667,54.3056383,20.7001246,10.376993815104166,1.8296206891536713,1.3937260490679761,0.08333333333333333,0.0,0.0
Wólka Kańska,0.05872270315303895,0.0846394984326018,991.3333333333334,51.1313359,23.0731227,11.149617513020834,1.6757789303859074,1.3789081050925314,0.08333333333333333,0.0,0.0
Wólka Niedzieliska,0.23945255814079316,0.4798387096774194,240.58333333333334,50.7087532,23.087002,11.0135498046875,1.8169891734917958,1.3105868593370016,0.08333333333333333,0.0,0.0
Wólka Orłowska,0.11290075411778978,0.2433333333333333,294.3333333333333,53.4693062,20.4413372,10.4149169921875,1.6960683862368267,1.5385764896631802,0.08333333333333333,0.0,0.0
Wólka Plebańska,0.03109317916793531,0.04997830175032545,285.94444444444446,51.9972111,23.1385771,11.1834716796875,1.5699328581492107,1.4807502337882792,0.08333333333333333,0.0,0.0
Wólka Ratowiecka,0.08147371213290568,0.1102362204724409,519.5,53.2786987,23.2305666,10.481648763020834,1.5321276982625325,1.310575285302031,0.08333333333333333,0.0,0.0
Wąbrzeźno,0.08277944156175752,0.1500354609929078,416.2083333333333,53.2799665,18.947293,10.9178466796875,1.7423613568147023,1.5402365343688438,0.08333333333333333,0.0,0.0
Wąchock,0.07715527624895638,0.108,739.0,51.073812,21.0116897,10.973673502604166,1.8678654630978901,1.4239073700924243,0.08333333333333333,0.0,0.0
Wągrowiec,0.029429340791568632,0.042801954560641474,567.7916666666666,52.8122065,17.2019135,11.368204752604166,1.6407211422920227,1.4228315290850826,0.0,0.0,0.0
Wągry,0.04396811484959009,0.0646387832699619,1000.4166666666666,51.7889488,19.854845,11.1195068359375,1.7335938662290573,1.5357789461863691,0.08333333333333333,0.0,0.0
Wąsosz Konecki,0.03350699504718195,0.05773456383212475,285.8888888888889,51.1451673,20.4776163,10.8773193359375,1.8323687116305034,1.4686427608123598,0.08333333333333333,0.0,0.0
Węgierska Górka,0.11316711835860972,0.2596321223439867,458.8333333333333,49.6088205,19.1195861,8.8377685546875,3.2062229216098785,0.9259188892621393,0.16666666666666666,0.0,0.0
Węgliniec,0.12073296718278569,0.2264905660377358,886.4583333333334,51.2871203,15.2241355,11.712605794270834,1.8515713413556416,1.3882723748373003,0.0,0.0,0.0
Węgorzyno,0.07461008093070089,0.0956284153005464,379.75,53.5411822,15.5602398,10.833211263020834,1.9655332167943318,1.534637038047834,0.0,0.0,0.0
Węgry,0.17634679111990842,0.34584168336673343,662.6666666666666,50.9286329,17.0386872,11.6956787109375,2.0875824292500815,1.2429931297434642,0.0,0.0,0.0
Węgrzce Wielkie,0.0917812540871596,0.1570402490777751,820.7777777777778,50.0148566,20.1099342,11.141805013020834,2.031098028024038,1.0985638695503916,0.08333333333333333,0.0,0.0
Wężyska,0.10174401276023803,0.1490066225165563,319.1666666666667,52.0146727,14.9467555,12.188191731770834,1.6486268291870754,1.285723293616752,0.0,0.0,0.0
Władysławowo,0.14271801835686498,0.4128035827694195,475.4583333333333,54.7901316,18.4087342,10.585001627604166,1.9988118708133698,2.5046373814069915,0.0,0.0,0.0
Władysławowo Port,0.22199293654467453,0.4737609329446064,688.25,54.7935583,18.4176714,10.585001627604166,1.9988118708133698,2.5046373814069915,0.0,0.0,0.0
Włocławek,0.14000468064103289,0.24484924800860225,1091.388888888889,52.6603872,19.071948,11.398966471354166,1.784555862347285,1.396874690245536,0.0,0.0,0.0
Włocławek Zazamcze,0.07444265885923045,0.1154313487241798,821.1666666666666,52.6679897,19.038781,11.441609700520834,1.8089102307955425,1.3981194861775645,0.0,0.0,0.0
Włodawa,0.010416666666666666,0.0,7.333333333333333,51.541278,23.5290368,11.209187825520834,1.6131363014380138,1.4453141450768705,0.08333333333333333,0.0,0.0
Włosienica,0.05084775271875822,0.0730050933786078,1156.3333333333333,50.017916,19.3083763,11.116739908854166,2.253779133160909,1.1463569654513137,0.08333333333333333,0.0,0.0
Włostowo,0.045743279964935483,0.0728155339805825,448.3333333333333,52.19879,17.31308,11.739949544270834,1.6065226644277573,1.4546326582977456,0.0,0.0,0.0
Włoszakowice,0.02107066351823699,0.0427046263345195,376.1666666666667,51.9271412,16.361945,11.896199544270834,1.6579701552788417,1.4535952737013795,0.0,0.0,0.0
Włoszczowa,0.11415420306206116,0.1943095324392896,649.1666666666666,50.8520727,19.9667772,11.154337565104166,1.873940755923589,1.4431334555161868,0.08333333333333333,0.0,0.0
Włoszczowa Północ,0.14224271910463526,0.24684121920964025,1262.388888888889,50.8563947,19.9460452,11.224324544270834,1.8824698328971863,1.4592054584023086,0.08333333333333333,0.0,0.0
Włoszczowice,0.03785198286821404,0.0545454545454545,227.33333333333334,50.6521501,20.5963803,10.9764404296875,1.7192303737004597,1.3201340364186331,0.08333333333333333,0.0,0.0
Zabiele,0.05172490017157339,0.0792682926829268,325.3333333333333,52.8660089,20.3257562,11.0111083984375,1.495909184217453,1.5374121885754752,0.08333333333333333,0.0,0.0
Zabiele Wielkie,0.023094924660179938,0.06293272025791442,231.04166666666666,53.0819433,21.351179,11.038289388020834,1.4828511029481888,1.343918140065851,0.08333333333333333,0.0,0.0
Zabierzów,0.08257157078868338,0.14918955110524842,1283.4166666666667,50.1146386,19.7993814,11.087443033854166,2.0312917629877725,1.1814899189292454,0.08333333333333333,0.0,0.0
Zabierzów Rząska,0.06388582425770883,0.13466452566886924,1029.5833333333333,50.1056083,19.8236116,11.087443033854166,2.0312917629877725,1.1814899189292454,0.08333333333333333,0.0,0.0
Zabieżki,0.08933005930052217,0.1128433556050482,1389.0833333333333,52.01269,21.4679,11.4788818359375,1.5320571959018707,1.2900678548751052,0.08333333333333333,0.0,0.0
Zaborze,0.21596557409732953,0.2521739130434782,448.4166666666667,49.8728355,18.8071976,11.4754638671875,2.415415753920873,1.3426099047739892,0.08333333333333333,0.0,0.0
Zaborów,0.07089792412439168,0.1045958795562599,1178.8333333333333,51.7691667,18.9636111,11.5526123046875,1.7813496092955272,1.5083376565382887,0.08333333333333333,0.0,0.0
Zaborów Błonia,0.07570805575436869,0.1101426307448494,1178.75,49.9240657,21.8197113,10.937215169270834,1.9562343060970306,1.2775555978502675,0.08333333333333333,0.0,0.0
Zabrze,0.1503067790008618,0.2666150137741047,2642.5,50.3086154,18.7863749,11.474650065104166,2.119770814975103,1.3401069531030678,0.08333333333333333,0.0,0.0
Zabrze Maciejów,0.003977272727272725,0.0,36.666666666666664,50.3061347,18.7475233,11.534708658854166,2.125746796528498,1.3464487823246543,0.08333333333333333,0.0,0.0
Zabrze Północne,0.003787878787878783,0.0,36.666666666666664,50.3240847,18.7870236,11.474650065104166,2.119770814975103,1.3401069531030678,0.08333333333333333,0.0,0.0
Zabrzeg,0.1712342383560503,0.2095490716180371,801.6666666666666,49.9137311,18.9439145,11.2196044921875,2.451196571191152,1.3014438799045942,0.08333333333333333,0.0,0.0
Zabrzeg Czarnolesie,0.17176186414382655,0.2140762463343108,733.5,49.9039438,18.9066652,11.2196044921875,2.451196571191152,1.3014438799045942,0.08333333333333333,0.0,0.0
Zaczernie,0.033889527119680594,0.0564598168870803,1932.0833333333333,50.0929648,21.996049,11.498250325520834,1.9415395855903625,1.3339094393577489,0.08333333333333333,0.0,0.0
Zagajnik,0.10227757082088036,0.1423529411764706,835.25,50.667603,23.8132858,11.147501627604166,1.8800598680973053,1.340447537930258,0.08333333333333333,0.0,0.0
Zagnańsk,0.05672503919943571,0.1162344449975112,670.1666666666666,50.9800365,20.6632227,10.516642252604166,1.9252759168545406,1.4305222008095964,0.08333333333333333,0.0,0.0
Zagościniec,0.02597564909559982,0.0322679778733866,3112.8333333333335,52.3715409,21.2705897,11.571329752604166,1.463433027267456,1.3227329337140143,0.08333333333333333,0.0,0.0
Zagrody,0.16237969121993637,0.2923976608187134,104.75,50.5926561,21.1162534,11.218953450520834,1.7752932359774907,1.2668633427348062,0.08333333333333333,0.0,0.0
Zagrody Kościół,0.10719468377113238,0.1932773109243697,231.41666666666666,51.0785319,23.1904113,11.141316731770834,1.6777163992325466,1.3783178234885212,0.08333333333333333,0.0,0.0
Zagórz,0.07822992309542505,0.16532258064516148,132.75,49.5098822,22.2632894,10.259806315104166,2.3247980574766793,1.1340389594193654,0.08333333333333333,0.0,0.0
Zagórze Śląskie,0.09191010591962066,0.2289175942931943,175.0,50.7542326,16.4049248,10.3514404296875,2.4133438766002655,1.4186779067991075,0.08333333333333333,0.0,0.0
Zajezierce,0.018153021442495126,0.0789473684210526,12.5,53.0831796,23.35099,10.477742513020834,1.615090216199557,1.3204760432237361,0.08333333333333333,0.0,0.0
Zajezierze koło Dęblina,0.03924394779083962,0.08514681926402401,542.5,51.5420504,21.8172588,11.593790690104166,1.625781814257304,1.1985186939037495,0.08333333333333333,0.0,0.0
Zajączkowo Lubawskie,0.0768606842991772,0.1117021276595744,187.0,53.4508648,19.6944656,10.5999755859375,1.8036252955595653,1.5806615678354567,0.08333333333333333,0.0,0.0
Zaklików,0.14653248227253476,0.2228741496598639,363.0,50.7554368,22.1020214,11.331258138020834,1.7919784784317017,1.1711119662309764,0.08333333333333333,0.0,0.0
Zaklików Miasto,0.10967680745350034,0.1633333333333333,303.3333333333333,50.7547831,22.0933398,11.331258138020834,1.7919784784317017,1.1711119662309764,0.08333333333333333,0.0,0.0
Zakopane,0.08095658742203285,0.18891129032258067,521.2666666666667,49.2757934,19.9692811,6.097859700520832,2.611994683742523,0.721094351884713,0.25,0.0,0.0
Zakrzewo Złotowskie,0.07396620893086393,0.14238780931077866,200.33333333333334,53.4164511,17.1408572,10.686075846354166,1.8571487267812092,1.4636182519247292,0.08333333333333333,0.0,0.0
Zakrzów Kotowice,0.07556111411575347,0.10992063492063485,780.6111111111111,51.0357525,17.210066,12.019734700520834,2.1102855851252875,1.2493721671522469,0.0,0.0,0.0
Zakrzów-Sarnowo,0.08089857062927454,0.1330645161290322,254.58333333333334,53.2827292,20.2841468,10.488321940104166,1.6304173022508621,1.5086469741661608,0.08333333333333333,0.0,0.0
Zalesie Górne,0.07742432427014657,0.1109725685785536,2363.5,52.0274759,21.0366821,11.5531005859375,1.579265962044398,1.3224248617968934,0.08333333333333333,0.0,0.0
Zalesie Krasieńskie,0.05987180710310791,0.0846394984326018,984.9166666666666,51.1180001,23.1748333,11.141316731770834,1.6777163992325466,1.3783178234885212,0.08333333333333333,0.0,0.0
Zamek Bulowicki,0.16845562178884266,0.2586206896551724,456.5833333333333,49.8788889,19.2680556,10.714558919270834,2.4870133697986603,1.1574102985713282,0.08333333333333333,0.0,0.0
Zamość,0.186449281139833,0.32851043643263755,434.27777777777777,50.7212452,23.2595799,11.015828450520834,1.8370784322420757,1.3170890951666672,0.08333333333333333,0.0,0.0
Zamość Starówka,0.18482572847267073,0.3325426944971537,434.1666666666667,50.7170517,23.2626481,11.015828450520834,1.8370784322420757,1.3170890951666672,0.08333333333333333,0.0,0.0
Zamość Wschód,0.18201671869051042,0.32447817836812143,434.1666666666667,50.7224867,23.2760175,11.015828450520834,1.8370784322420757,1.3170890951666672,0.08333333333333333,0.0,0.0
Zaosie,0.04297156827383238,0.07678091397849454,585.0,51.6323482,19.9328711,11.202351888020834,1.7068959673245747,1.5533308432467072,0.08333333333333333,0.0,0.0
Zarośle,0.05041411926681175,0.0975609756097561,212.75,53.9966667,17.7875,10.036824544270834,1.9529144565264385,1.6428677021737903,0.08333333333333333,0.0,0.0
Zarszyn,0.10125406134050553,0.2175557854292893,103.29166666666667,49.5831586,22.0150158,10.4725341796875,2.1878011226654053,1.2601815423764597,0.08333333333333333,0.0,0.0
Zarzecze,0.05624925366894115,0.0883977900552486,747.0833333333334,49.9128713,18.8210518,11.4754638671875,2.415415753920873,1.3426099047739892,0.08333333333333333,0.0,0.0
Zaręba,0.1598550697102667,0.36875,484.0833333333333,51.1064213,15.235031,10.786824544270834,2.3032848238945007,1.487004366212948,0.08333333333333333,0.0,0.0
Zarębki,0.13120217738725726,0.1773255813953488,348.0833333333333,50.2673632,21.7745676,11.419148763020834,1.891002317269643,1.219570765880923,0.08333333333333333,0.0,0.0
Zaręby Kościelne,0.01740239405070323,0.0268817204301075,528.0,52.7571188,22.1248239,11.096883138020834,1.439195657769839,1.3871288559557933,0.08333333333333333,0.0,0.0
Zasieki,0.09029247899313272,0.13645491055129605,156.05555555555554,51.7337766,14.6685826,12.0916748046875,1.7432545026143391,1.3404947189275545,0.0,0.0,0.0
Zastocze,0.08262604126994887,0.1136363636363636,217.5,51.3008553,21.6629567,11.480997721354166,1.7064858575661976,1.1876262933829074,0.08333333333333333,0.0,0.0
Zastów,0.10761532110290072,0.18986418484137946,834.3333333333334,50.1217435,20.0530243,11.263712565104166,1.9472113351027172,1.1845222723847948,0.08333333333333333,0.0,0.0
Zator,0.05071990886004799,0.0747028862478777,1155.8333333333333,49.9963053,19.4376782,11.057332356770834,2.228195091088613,1.12465468361496,0.08333333333333333,0.0,0.0
Zator Park Rozrywki,0.03409973441465804,0.07239417816667384,771.3333333333334,50.0053177,19.4063023,11.057332356770834,2.228195091088613,1.12465468361496,0.08333333333333333,0.0,0.0
Zawada,0.21025140346330182,0.36195445920303604,454.3888888888889,53.8620627,18.0522641,10.295939127604166,1.850414623816808,1.5932112434829415,0.08333333333333333,0.0,0.0
Zawadzkie,0.030101396133712422,0.0527522935779816,435.5833333333333,50.6065834,18.4801284,11.5286865234375,2.108777473370234,1.3799356111777055,0.08333333333333333,0.0,0.0
Zawadówka,0.044519272175176296,0.0614919354838709,1024.0833333333333,51.1286131,23.4267601,11.081583658854166,1.6911504069964092,1.3773542337456701,0.08333333333333333,0.0,0.0
Zawidz,0.04528673196878422,0.1168384879725085,300.75,52.8294997,19.8436701,11.0633544921875,1.6227618406216304,1.4551479834430285,0.08333333333333333,0.0,0.0
Zawidz Kościelny,0.04544230556185782,0.1168384879725085,300.75,52.8277244,19.8735798,11.074747721354166,1.5968424876530964,1.4705124502200941,0.08333333333333333,0.0,0.0
Zawidów,0.0,0.0,0.08333333333333333,51.0244975,15.0451501,11.0257568359375,2.2428835978110633,1.5067623102194716,0.0,0.0,0.0
Zawiercie,0.14194221533230056,0.22900109305973876,2440.5555555555557,50.5055879,19.4717069,10.6258544921875,2.2624761164188385,1.4884091678611622,0.08333333333333333,0.0,0.0
Zawiercie Borowe Pole,0.08787673686904172,0.1334824757643549,1256.5,50.5110745,19.3986396,10.714558919270834,2.239378422498703,1.481459318191568,0.08333333333333333,0.0,0.0
Zawiercie Kądzielów,0.015,0.0,7.333333333333333,50.4697302,19.4052976,10.714558919270834,2.239378422498703,1.481459318191568,0.08333333333333333,0.0,0.0
Załuż,0.018976237162046192,0.0390625,132.58333333333334,49.5302064,22.3006043,10.259806315104166,2.3247980574766793,1.1340389594193654,0.08333333333333333,0.0,0.0
Zblewo,0.15441219687839305,0.1930091185410334,686.75,53.9337255,18.3268463,10.381876627604166,1.7992822527885437,1.6193191931677455,0.08333333333333333,0.0,0.0
Zbydniów,0.12513867609548335,0.1752873563218391,344.0833333333333,50.6352056,21.9387149,11.6141357421875,1.7528939892848332,1.1936880236959908,0.08333333333333333,0.0,0.0
Zbąszynek,0.14944324505133663,0.2810904130854136,1271.0333333333333,52.2436262,15.8138946,11.922078450520834,1.5639149596293767,1.3213012656900396,0.0,0.0,0.0
Zbąszyń,0.11211156702198989,0.23308536124070098,761.7,52.2501028,15.9209286,11.953165690104166,1.5493978261947632,1.3477339523719847,0.0,0.0,0.0
Zbąszyń Przedmieście,0.022728441091548826,0.0389610389610389,317.0,52.2568769,15.9268648,11.953165690104166,1.5493978261947632,1.3477339523719847,0.0,0.0,0.0
Zdrody Nowe,0.04859198890668465,0.099644128113879,554.0,52.9499369,22.7813853,10.735066731770834,1.5576192289590836,1.3759311403208436,0.08333333333333333,0.0,0.0
Zduny,0.05889622722138721,0.12448107448107446,174.55555555555554,51.6463268,17.377617,11.848673502604166,1.9188466668128967,1.4459172807160885,0.0,0.0,0.0
Zduńska Wola,0.09447651379660356,0.19622220177808253,767.3,51.6028615,18.9333201,11.540079752604166,1.8792443474133809,1.4969529485605066,0.08333333333333333,0.0,0.0
Zduńska Wola Karsznice,0.08973057247800081,0.2202886247877759,11.944444444444445,51.5890163,18.9947256,11.446004231770834,1.8674041330814362,1.4860613038995496,0.08333333333333333,0.0,0.0
Zduńska Wola Południowa,0.001225490196078425,0.0,5.666666666666667,51.5803366,19.0052473,11.446004231770834,1.8674041330814362,1.4860613038995496,0.08333333333333333,0.0,0.0
Zdzieszowice,0.2077529720885337,0.32406025059984,858.9444444444445,50.4202928,18.1193187,11.786173502604166,2.028337930639585,1.2392381238257633,0.08333333333333333,0.0,0.0
Zebrzydowa,0.11475795710030723,0.1747104247104247,1019.9166666666666,51.2298058,15.3877762,11.064982096354166,2.070994978149732,1.4181380676196123,0.0,0.0,0.0
Zebrzydowice,0.21360123700668282,0.40412186379928317,360.94444444444446,49.8699168,18.6247092,11.5428466796875,2.3160228431224823,1.3421939596632992,0.08333333333333333,0.0,0.0
Zegrze Południowe,0.03906112578956495,0.0459081836327345,887.75,52.4540351,21.0086275,11.576700846354166,1.4127523104349773,1.3402339651534732,0.08333333333333333,0.0,0.0
Zelczyna,0.058108197181409554,0.0913884007029877,1156.9166666666667,49.9593455,19.7474697,11.105509440104166,2.1949012180169425,1.1154850882500476,0.08333333333333333,0.0,0.0
Zembrzyce,0.12474265351870957,0.1564356435643564,497.5833333333333,49.7737749,19.6006622,9.930216471354166,2.616250534852346,1.0297119649203494,0.08333333333333333,0.0,0.0
Zgierz,0.06719298677917349,0.14536290322580642,1991.5833333333333,51.8555209,19.3906348,11.368855794270834,1.7076646089553833,1.5571992591229165,0.08333333333333333,0.0,0.0
Zgierz Jaracza,0.04719857537635988,0.09539564378274054,752.3888888888889,51.8639418,19.4221438,11.368855794270834,1.7076646089553833,1.5571992591229165,0.08333333333333333,0.0,0.0
Zgierz Kontrewers,0.05170114681675626,0.09112213950923626,626.3333333333334,51.8648041,19.340321,11.4603271484375,1.7100252111752827,1.539118325007265,0.08333333333333333,0.0,0.0
Zgierz Północ,0.04641096920529561,0.09274193548387094,757.3888888888889,51.8691546,19.3837488,11.368855794270834,1.7076646089553833,1.5571992591229165,0.08333333333333333,0.0,0.0
Zgierz Rudunki,0.015890312724476142,0.0253496503496503,1059.4166666666667,51.8611801,19.4374581,11.368855794270834,1.7076646089553833,1.5571992591229165,0.08333333333333333,0.0,0.0
Zgorzelec,0.11456226954746697,0.20842799082587996,1048.4166666666667,51.1477005,15.0079028,11.0863037109375,2.105259269475937,1.4757299016229697,0.0,0.0,0.0
Zgorzelec Miasto,0.12746953108228246,0.23644501278772379,504.375,51.1548002,15.0201231,11.2088623046875,1.998150646686554,1.4211378776013441,0.0,0.0,0.0
Zieleń,0.0971147277129737,0.1130604288499025,525.0,52.5469,17.84276,11.4901123046875,1.638909712433815,1.5396072260404778,0.0,0.0,0.0
Zielona Góra Główna,0.16669703567255975,0.23248908115303024,1879.6666666666667,51.947377,15.5111288,11.938517252604166,1.5879179338614147,1.3236521256020846,0.0,0.0,0.0
Zielona Góra Nowy Kisielin,0.14239876579034444,0.19580523789170062,699.7777777777778,51.9157499,15.626471,11.976277669270834,1.6020821432272594,1.3354593245760373,0.0,0.0,0.0
Zielona Góra Przylep,0.13880975531287695,0.2256728778467908,1035.611111111111,51.9779306,15.4388334,11.987019856770834,1.5864877601464589,1.2924324611302387,0.0,0.0,0.0
Zielona Góra Stary Kisielin,0.13982660954757703,0.1955986507890914,699.7777777777778,51.9371233,15.5891591,11.976277669270834,1.6020821432272594,1.3354593245760373,0.0,0.0,0.0
Zielonczyn,0.08073009877776448,0.1119751166407465,651.25,53.152965,17.8040507,11.012736002604166,1.785505771636963,1.4524219199893944,0.0,0.0,0.0
Zielone Wzgórza,0.04182106700066596,0.0574521232306411,1135.8333333333333,53.1217349,23.1033014,10.648478190104166,1.542543277144432,1.3013848649233155,0.08333333333333333,0.0,0.0
Zielonka,0.022109019240946843,0.0308360477741585,4690.083333333333,52.310847,21.1523199,11.551472981770834,1.491179292400678,1.3409505394556225,0.08333333333333333,0.0,0.0
Zielonka Bankowa,0.05680393226009126,0.092511013215859,624.4166666666666,52.2914516,21.1540209,11.551472981770834,1.491179292400678,1.3409505394556225,0.08333333333333333,0.0,0.0
Zielonka Pasłęcka,0.07813748914343296,0.1458333333333333,327.5,53.9966238,19.6983374,10.566446940104166,1.892740120490392,1.3883539019473778,0.08333333333333333,0.0,0.0
Zielonka Pomorska,0.05351870213047916,0.1073170731707317,212.75,53.5775197,18.1092824,10.6429443359375,1.8197061419487,1.5190841672956494,0.08333333333333333,0.0,0.0
Ziemomyśl,0.10902699476359241,0.1283783783783783,443.4166666666667,53.1670709,15.3021948,11.3905029296875,1.970094546675682,1.4714071679863343,0.0,0.0,0.0
Zimnochy,0.12073674675254903,0.1594982078853046,556.3333333333334,54.028509,19.9602862,10.433308919270834,1.841461847225825,1.4310438376318828,0.08333333333333333,0.0,0.0
Zittau,0.026675037283405954,0.0657387071882234,562.1666666666666,50.948555,14.8938038,10.577189127604166,2.290712922811508,1.242625635742197,0.08333333333333333,0.0,0.0
Ziębice,0.16270908293639316,0.34900103801874727,606.2222222222222,50.6007752,17.0405633,10.980183919270834,2.2533451269070306,1.2923612408255434,0.08333333333333333,0.0,0.0
Zosinów,0.05385021692163547,0.0690265486725663,527.4166666666666,52.1854312,19.7004257,11.524454752604166,1.5302923421065013,1.5376518632910559,0.0,0.0,0.0
Zubrzyk,0.06873093328296029,0.100250626566416,396.25,49.3879365,20.7561851,9.1126708984375,1.9795046498378117,0.7266552377139807,0.16666666666666666,0.0,0.0
Zwardoń,0.04303061057704913,0.12131248682638934,725.7222222222222,49.5038417,18.9732551,8.786173502604166,2.9932762881120047,0.8253087996922503,0.16666666666666666,0.0,0.0
Zwierzyn,0.0765528780322173,0.18142527633141495,263.5,53.10515,15.40739,11.286336263020834,1.9263525108496349,1.424824359375877,0.0,0.0,0.0
Zwierzyniec,0.30016292192873945,0.5083333333333333,200.38888888888889,50.6145878,22.9706317,10.9656982421875,1.8380947808424632,1.2775339687258904,0.08333333333333333,0.0,0.0
Zygmuntowo Mazowieckie,0.04794417107447994,0.0720338983050847,716.0,52.7275437,21.5257061,11.370320638020834,1.3448467950026195,1.3501031550818634,0.08333333333333333,0.0,0.0
Zygmuntów,0.0404585562092571,0.0806171983356449,286.77777777777777,51.7908333,19.0927778,11.520222981770834,1.7731601794560752,1.508321374135417,0.08333333333333333,0.0,0.0
Ząbki,0.016584534581443915,0.0206104878685103,3961.0833333333335,52.2923335,21.1146999,11.5750732421875,1.4955853869517644,1.349243073866267,0.08333333333333333,0.0,0.0
Ząbkowice Śląskie,0.2385428725719125,0.3533616867251832,336.5,50.5892698,16.8111518,10.492879231770834,2.347600519657135,1.337319120030105,0.08333333333333333,0.0,0.0
Ząbrowo,0.07648257321759314,0.1291208791208791,357.5,53.8458556,15.5919209,10.8807373046875,2.0761833588282266,1.4869206918664801,0.0,0.0,0.0
Zębice Wrocławskie,0.16425248306789755,0.1915215745647236,1316.75,51.0066673,17.1620734,12.019734700520834,2.1102855851252875,1.249372167152247,0.0,0.0,0.0
Złocieniec,0.07004300199983882,0.0935064935064935,379.6666666666667,53.5310477,16.0107245,10.675821940104166,2.009155427416166,1.4993691459862986,0.0,0.0,0.0
Złojec,0.11186533617362561,0.2533333333333333,294.6666666666667,50.7800578,23.1146725,11.1058349609375,1.789866864681244,1.329237940840145,0.08333333333333333,0.0,0.0
Złotkowo,0.1072169156514163,0.20166666666666666,773.2777777777778,52.5111149,16.8403779,11.647501627604166,1.5363574475049973,1.3380211222331808,0.0,0.0,0.0
Złotniki,0.07741797898606984,0.18705376344086022,387.0833333333333,52.9741821,23.1573738,10.6595458984375,1.5999397685130436,1.3149116855148413,0.08333333333333333,0.0,0.0
Złotniki Grzybowe,0.10365725065842991,0.2069417475728155,773.3333333333334,52.4847029,16.8437402,11.647501627604166,1.5363574475049973,1.3380211222331808,0.0,0.0,0.0
Złotniki Kujawskie,0.06722839563832954,0.0898379970544919,647.9166666666666,52.9016109,18.1415244,11.162312825520834,1.7343507210413616,1.3437349760947221,0.0,0.0,0.0
Złotniki Kutnowskie,0.05211887999301154,0.0707964601769911,527.4166666666666,52.225031,19.4922057,11.539265950520834,1.565293957789739,1.5732060424135312,0.0,0.0,0.0
Złotów,0.07973417486322167,0.1354697395700207,205.95833333333334,53.3631938,17.034694,10.682657877604166,1.8543339570363362,1.4450669761567863,0.08333333333333333,0.0,0.0
końcowa,0.08694972223396817,0.10634199597793217,2977318.4166666665,49.7844444,20.4888889,10.488484700520834,2.2206386725107827,0.9529080899498384,0.08333333333333333,0.0,0.0
Ładzin,0.06331669667714424,0.0808678500986193,503.9166666666667,53.9078059,14.5748126,11.2928466796875,1.9801798313856125,2.2220033121119696,0.0,0.0,0.0
Łagiewniki,0.07192282959553507,0.1158536585365853,326.8333333333333,50.4838889,20.7469444,11.2039794921875,1.7724626163641612,1.264188991229638,0.08333333333333333,0.0,0.0
Łambinowice,0.09802757420906959,0.1461864406779661,474.6666666666667,50.5384423,17.5596387,11.697957356770834,2.1497311294078827,1.3276133960065333,0.08333333333333333,0.0,0.0
Łankiejmy,0.06148455975653642,0.0861111111111111,361.5833333333333,54.14945,21.07538,10.379597981770834,1.7293333907922108,1.4813450739435012,0.08333333333333333,0.0,0.0
Łapy,0.10750119789431818,0.17245230562745661,801.2777777777778,52.9908208,22.883005,10.7552490234375,1.5408203452825546,1.3317131581830668,0.08333333333333333,0.0,0.0
Łapy Osse,0.048899894738378406,0.094306049822064,554.0,52.9735048,22.8384606,10.7454833984375,1.5286218921343486,1.3531520272849817,0.08333333333333333,0.0,0.0
Łask,0.09284331312292801,0.1861361052194258,767.2666666666667,51.5929947,19.1334784,11.396525065104166,1.8550280928611755,1.47362503206694,0.08333333333333333,0.0,0.0
Łaskarzew,0.09836481543153293,0.1246105919003115,945.9166666666666,51.7855261,21.6024691,11.4583740234375,1.5669243931770325,1.247569421896712,0.08333333333333333,0.0,0.0
Ławica,0.18077401216482372,0.4460856720827179,527.6666666666666,52.4112414,16.8253002,11.710164388020834,1.5099603583415349,1.3295066910122684,0.0,0.0,0.0
Łaziska Górne,0.09035853889191038,0.1260647359454855,1210.75,50.1500892,18.8390661,11.459187825520834,2.006747990846634,1.3325824355309683,0.08333333333333333,0.0,0.0
Łaziska Górne Brada,0.08645532738130758,0.1182222222222222,1160.8333333333333,50.1581006,18.8208164,11.459187825520834,2.006747990846634,1.3325824355309683,0.08333333333333333,0.0,0.0
Łaznów,0.06558266163633605,0.10920770877944319,663.6111111111111,51.628,19.78394,11.165730794270834,1.7503514538208644,1.5449587983920114,0.08333333333333333,0.0,0.0
Łazy,0.09038060566693196,0.1319277108433734,1678.0,50.4276105,19.3948494,10.9637451171875,2.237694879372915,1.4158021643421341,0.08333333333333333,0.0,0.0
Łańcut,0.12326814582891234,0.2222258399340129,1568.8333333333333,50.0690725,22.2320924,11.4027099609375,1.9072961111863453,1.345668440512001,0.08333333333333333,0.0,0.0
Łeba,0.026859780648168997,0.11087223587223585,78.88888888888889,54.7604388,17.5313769,,,,0.0,0.0,0.0
Łobez,0.16792104241979916,0.2837365591397849,535.7777777777778,53.6391189,15.6213487,10.9012451171875,1.9752577940622966,1.5497570768984705,0.0,0.0,0.0
Łochów,0.06812534642873201,0.16846011131725427,965.3333333333334,52.53042,21.68528,11.366251627604166,1.4578453948100407,1.3428918876788505,0.08333333333333333,0.0,0.0
Łodygowice,0.13982074450495918,0.2188168210976478,1271.5833333333333,49.7304647,19.1403324,9.4041748046875,2.995040853818258,1.0407549837573349,0.08333333333333333,0.0,0.0
Łodygowice Górne,0.14584846659194137,0.2230933713471133,1262.3333333333333,49.735,19.1191667,9.4041748046875,2.995040853818258,1.0407549837573349,0.08333333333333333,0.0,0.0
Łomnica-Zdrój,0.06781627030034229,0.1311396489584554,269.7916666666667,49.4417544,20.7466397,8.9671630859375,2.033910642067591,0.7412045442325641,0.16666666666666666,0.0,0.0
Łomża,0.0,0.0,0.16666666666666666,53.1750699,22.0727551,10.780476888020834,1.4763386746247609,1.4241804601749024,0.08333333333333333,0.0,0.0
Łopatki,0.045578648595002484,0.0692041522491349,581.4166666666666,53.3284144,19.0072944,10.914754231770834,1.7518058915932972,1.5526417238608363,0.08333333333333333,0.0,0.0
Łopuchowo,0.04467274189816051,0.0700976042590949,1068.3333333333333,54.1021961,23.2813216,10.067097981770834,1.4645273288091023,1.4633916908098883,0.08333333333333333,0.0,0.0
Łopuchowo Osiedle,0.04541487230564776,0.0711678832116788,1043.5833333333333,52.6190438,17.1098552,11.513875325520834,1.5834205895662308,1.4030517295699372,0.0,0.0,0.0
Łosiów,0.18186600509580383,0.2458471760797342,1143.6666666666667,50.7905215,17.5663976,12.066446940104166,1.8810917635758717,1.2427263202202945,0.0,0.0,0.0
Łososiowice,0.15409517768013814,0.2498329499029091,799.1666666666666,51.2983517,16.656068,11.910359700520834,1.9019332180420558,1.3624094686728185,0.0,0.0,0.0
Łowczów,0.0824030461036368,0.13480885311871224,432.22222222222223,49.9143956,20.989083,11.225789388020834,1.9884195824464161,1.1205856412558324,0.08333333333333333,0.0,0.0
Łowczówek Pleśna,0.06665201829303986,0.12299088649544332,324.3333333333333,49.9279064,20.9495946,11.3348388671875,1.9726771116256714,1.1102865252824938,0.08333333333333333,0.0,0.0
Łowicz Główny,0.10117761913350885,0.2316276197253064,1400.1,52.10473,19.9556222,11.6199951171875,1.52640966574351,1.4823804104260567,0.0,0.0,0.0
Łowicz Przedmieście,0.009934916053690897,0.022889254385964848,580.0555555555555,52.093053,19.9466922,11.625203450520834,1.5304243018229802,1.502825930028452,0.0,0.0,0.0
Łoźnica,0.06469644963465854,0.0964285714285714,564.8333333333334,53.6952241,14.877349,11.2357177734375,1.8928270787000656,1.7425950163575195,0.0,0.0,0.0
Łubiana,0.061602787467845393,0.0826086956521739,218.5,54.1110799,17.8701815,9.950398763020834,1.9461368918418884,1.7169782733030816,0.08333333333333333,0.0,0.0
Łubowo,0.06577450149213622,0.0883116883116883,379.25,53.5865,16.39199,10.488972981770834,2.0153881708780923,1.5309924315127157,0.0,0.0,0.0
Łuczyce,0.11838929203266597,0.206184647142802,834.2777777777778,50.1594896,20.0787396,11.1004638671875,1.897053395708402,1.2611853695510868,0.08333333333333333,0.0,0.0
Ługi Górzyckie,0.18844241423123542,0.2198952879581152,357.0833333333333,52.539935,14.63563,11.929890950520834,1.6043653984864552,1.3943453451616241,0.0,0.0,0.0
Łuków,0.0868219023531091,0.15290665618534469,1000.5,51.93008,22.3790669,11.2176513671875,1.517175942659378,1.308898359915735,0.08333333333333333,0.0,0.0
Łuków Zapowiednik,0.039289022652988975,0.0541958041958041,575.6666666666666,51.9319719,22.4145881,11.2176513671875,1.517175942659378,1.308898359915735,0.08333333333333333,0.0,0.0
Łuków Łapiguz,0.051038063175461564,0.0909090909090909,329.0,51.924509,22.3598062,11.2176513671875,1.517175942659378,1.308898359915735,0.08333333333333333,0.0,0.0
Łuków Śląski,0.07519817494628127,0.1061224489795918,809.6666666666666,50.0993985,18.404335,11.549845377604166,2.0602276722590127,1.2922506098900908,0.08333333333333333,0.0,0.0
Łupków,0.047286049836601306,0.125,7.916666666666667,49.2472345,22.059131,9.3616943359375,2.3228121797243753,0.6962483403651444,0.16666666666666666,0.0,0.0
Łupowo,0.17898433704754899,0.2168850072780203,753.4166666666666,53.7300744,20.9461384,10.375040690104166,1.688419446349144,1.441241452025533,0.08333333333333333,0.0,0.0
Łysomice,0.08611213445921694,0.1174418604651162,850.75,54.3309429,17.1545105,10.3743896484375,2.1502033472061157,1.7276341422659736,0.08333333333333333,0.0,0.0
Łódź Andrzejów,0.04655437353881975,0.08135366170554025,2282.0,51.7405839,19.6181822,11.1326904296875,1.7880327800909679,1.5431445883137231,0.08333333333333333,0.0,0.0
Łódź Andrzejów Szosa,0.027808645666045653,0.045074649838386896,637.8888888888889,51.7415641,19.6129065,11.1326904296875,1.7880327800909679,1.5431445883137231,0.08333333333333333,0.0,0.0
Łódź Arturówek,0.006594424482723758,0.0143240823634735,1167.3333333333333,51.8154459,19.4566295,11.161173502604166,1.7554045120875041,1.5602767944982376,0.08333333333333333,0.0,0.0
Łódź Chojny,0.059831284785846296,0.1518396761133603,1769.4,51.7264089,19.4841953,11.1610107421875,1.791722685098648,1.5402153720608405,0.08333333333333333,0.0,0.0
Łódź Dąbrowa,0.04996789884945286,0.10946946642320954,1033.9666666666667,51.7359036,19.5105113,11.1610107421875,1.791722685098648,1.5402153720608405,0.08333333333333333,0.0,0.0
Łódź Fabryczna,0.042361503193390423,0.09090487554025005,1964.1666666666667,51.7699461,19.4700518,11.161173502604166,1.7554045120875041,1.5602767944982376,0.08333333333333333,0.0,0.0
Łódź Kaliska,0.07055303010293835,0.13411271485895665,1864.1,51.757822,19.4305417,11.273640950520834,1.757700224717458,1.541942706297695,0.08333333333333333,0.0,0.0
Łódź Lublinek,0.050622162412220305,0.1093625696101829,902.7777777777778,51.7209139,19.3592771,11.278361002604166,1.7947345773379009,1.5221139020850534,0.08333333333333333,0.0,0.0
Łódź Marysin,0.006056158455737058,0.0109427609427609,1167.5,51.8001727,19.4861551,11.161173502604166,1.7554045120875041,1.5602767944982376,0.08333333333333333,0.0,0.0
Łódź Niciarniana,0.031377055185844514,0.054342538812569875,1760.0,51.7668148,19.5074366,11.161173502604166,1.7554045120875041,1.5602767944982376,0.08333333333333333,0.0,0.0
Łódź Olechów Wiadukt,0.030290955901688104,0.05539219963353975,633.2222222222222,51.7236889,19.5436869,11.1610107421875,1.791722685098648,1.5402153720608407,0.08333333333333333,0.0,0.0
Łódź Olechów Wschód,0.02793020355347208,0.04765015806111695,633.3333333333334,51.7297931,19.5947679,11.1326904296875,1.7880327800909679,1.5431445883137231,0.08333333333333333,0.0,0.0
Łódź Olechów Zachód,0.029331684853316806,0.04986917038633215,633.2222222222222,51.7249053,19.5590165,11.1326904296875,1.7880327800909679,1.5431445883137231,0.08333333333333333,0.0,0.0
Łódź Pabianicka,0.04560297878516198,0.11881720430107526,1390.2333333333333,51.7262238,19.4453004,11.278361002604166,1.7947345773379009,1.5221139020850531,0.08333333333333333,0.0,0.0
Łódź Radogoszcz Wschód,0.006668974088361076,0.0134288272157564,1167.3333333333333,51.8266567,19.4433824,11.273640950520834,1.757700224717458,1.541942706297695,0.08333333333333333,0.0,0.0
Łódź Radogoszcz Zachód,0.03791534497208879,0.08467741935483865,1540.2222222222222,51.8219706,19.4157524,11.273640950520834,1.757700224717458,1.541942706297695,0.08333333333333333,0.0,0.0
Łódź Retkinia,0.09143048900028367,0.1863035670699815,683.1,51.7403478,19.40658,11.278361002604166,1.7947345773379009,1.5221139020850531,0.08333333333333333,0.0,0.0
Łódź Stoki,0.006417607653682,0.0125335720680393,1167.5,51.7765631,19.5105621,11.161173502604166,1.7554045120875041,1.5602767944982376,0.08333333333333333,0.0,0.0
Łódź Warszawska,0.0066772439742063825,0.0143240823634735,1167.3333333333333,51.8080021,19.47123,11.161173502604166,1.7554045120875041,1.5602767944982376,0.08333333333333333,0.0,0.0
Łódź Widzew,0.051094745193717594,0.12991330294248785,3915.733333333333,51.7691238,19.5527418,11.104695638020834,1.7521520455678303,1.568086141038645,0.08333333333333333,0.0,0.0
Łódź Zarzew,0.02169253683433425,0.08926219857846772,446.7083333333333,51.7517065,19.5132107,11.161173502604166,1.7554045120875041,1.5602767944982376,0.08333333333333333,0.0,0.0
Łódź Żabieniec,0.06871545684711915,0.13827087286527517,1405.5416666666667,51.7935514,19.4070192,11.273640950520834,1.757700224717458,1.541942706297695,0.08333333333333333,0.0,0.0
Łąck,0.11211458591053329,0.1556982343499197,624.6666666666666,52.4663142,19.6109468,11.5257568359375,1.5618263483047485,1.4750572102571728,0.08333333333333333,0.0,0.0
Łączna,0.05629613258828417,0.1157466401194624,670.0,50.49505,16.6277699,10.3221435546875,2.282559479276339,1.275573098562964,0.08333333333333333,0.0,0.0
Łąg,0.142300084079023,0.2226731322368906,498.3888888888889,53.8280458,18.0707595,10.426798502604166,1.8389680584271748,1.5283173565260537,0.08333333333333333,0.0,0.0
Łąkociny,0.05063471336685594,0.0842105263157894,401.5833333333333,51.6619612,17.6624857,11.592814127604166,1.887689585487048,1.4892360472135768,0.0,0.0,0.0
Łążek,0.06748910199961834,0.119298245614035,272.0833333333333,50.5259951,21.5827772,11.7308349609375,1.7284430414438248,1.1774834765599562,0.08333333333333333,0.0,0.0
Łęczyca,0.10434715685300429,0.18080484406815994,703.8333333333334,52.0593858,19.2016434,11.561075846354166,1.6504664917786915,1.5767540816298264,0.0,0.0,0.0
Łęgajny,0.07328765379856353,0.1166666666666666,361.6666666666667,53.82065,20.63563,10.4217529296875,1.76054880519708,1.5169964829322018,0.08333333333333333,0.0,0.0
Łęgowo Sulechowskie,0.2331567559767734,0.2841781874039938,660.0833333333334,52.1324415,15.6744976,11.9407958984375,1.5834171573321025,1.3056747566321405,0.0,0.0,0.0
Łęka Opatowska,0.04060980881928059,0.0954773869346733,186.41666666666666,51.2119951,18.1061471,11.651896158854166,2.0151516099770865,1.4401231925936984,0.0,0.0,0.0
Łętownia,0.05821719763376302,0.092391304347826,216.91666666666666,49.8135387,22.7009854,10.928263346354166,2.0611567993958793,1.4155231894290248,0.08333333333333333,0.0,0.0
Ścinawa,0.21182866977585846,0.3620967741935485,641.875,51.4165346,16.4259732,11.956583658854166,1.814673865834872,1.3837336960943112,0.0,0.0,0.0
Ścinawka Średnia,0.1426819709235488,0.3036284281154321,239.55555555555554,50.5216083,16.4958642,10.117390950520834,2.180671215057373,1.227082241768306,0.08333333333333333,0.0,0.0
Ślesin,0.08961956249152253,0.1337480559875583,651.25,52.37082,18.30593,11.579142252604166,1.6589045822620392,1.536496156582814,0.0,0.0,0.0
Śliwice,0.06543186132291182,0.119298245614035,272.0833333333333,51.1286114,17.21408,11.956258138020834,2.0908495088418326,1.2743021683329283,0.0,0.0,0.0
Śliwiczki,0.06630732560298136,0.119298245614035,272.0833333333333,53.68731,18.19602,10.594441731770834,1.800171951452891,1.5387184609548992,0.08333333333333333,0.0,0.0
Śniadowo,0.05810556829844496,0.2016129032258064,56.0,53.0386233,21.9902764,10.9793701171875,1.4443499098221462,1.4274098126579506,0.08333333333333333,0.0,0.0
Środa Wielkopolska,0.08281193091980951,0.15676008442776734,845.1,52.2284266,17.277827,11.739949544270834,1.6065226644277573,1.4546326582977456,0.0,0.0,0.0
Środa Śląska,0.1644460229475947,0.24000474083438678,1373.9444444444443,51.1638949,16.5942505,11.792521158854166,1.9918598433335621,1.4027998848888406,0.0,0.0,0.0
Świba,0.01712962962962963,0.0,0.5555555555555556,51.3009277,18.0838057,11.607462565104166,2.02948467930158,1.46716123657577,0.0,0.0,0.0
Świdnica Miasto,0.15399466601307632,0.3052713178294579,892.75,50.8412151,16.4815065,10.702677408854166,2.288455973068873,1.4021318249938395,0.08333333333333333,0.0,0.0
Świdnica Przedmieście,0.08926530450734545,0.1325966850828729,724.5833333333334,50.8350396,16.5039056,10.702677408854166,2.288455973068873,1.4021318249938395,0.08333333333333333,0.0,0.0
Świdnica Zawiszów,0.17958049556464986,0.2595628415300546,1115.1666666666667,50.8600642,16.47937,11.495157877604166,2.217990900079409,1.4640439321942023,0.0,0.0,0.0
Świdnik Miasto,0.12189603628833742,0.2614316239316239,948.0555555555555,51.2238003,22.6949188,11.2083740234375,1.6927507271369298,1.341956301293025,0.08333333333333333,0.0,0.0
Świdnik Wschód,0.06314303820765374,0.0974264705882353,1048.5,51.2210444,22.7143765,11.2083740234375,1.6927507271369298,1.3419563012930251,0.08333333333333333,0.0,0.0
Świdwin,0.17465887094976462,0.2919802867383512,519.4444444444445,53.7742286,15.7826845,10.735555013020834,2.0438037514686584,1.4793507485288897,0.0,0.0,0.0
Świdwin Zamek,0.10534146454345289,0.1758530183727034,318.0833333333333,53.7706485,15.7653555,10.735555013020834,2.043803751468659,1.47935074852889,0.0,0.0,0.0
Świebodzice,0.19053959113318664,0.27247639796659406,741.4166666666666,50.8724646,16.3228783,10.882527669270834,2.368659978111585,1.516405653124221,0.08333333333333333,0.0,0.0
Świebodzin,0.3576826023550736,0.4610170521900362,539.8333333333334,52.2498357,15.5324973,11.903523763020834,1.5941984554131825,1.2924701282471456,0.0,0.0,0.0
Świekatowo,0.060277400810917627,0.0981507823613086,679.1666666666666,53.4191287,18.0910791,10.805379231770834,1.7962908148765564,1.4779528199664655,0.08333333333333333,0.0,0.0
Świeradów-Zdrój,0.04009056409188324,0.0714285714285714,428.1666666666667,50.9169692,15.3084749,9.088907877604166,2.6621619363625846,1.2798853113672681,0.08333333333333333,0.0,0.0
Świercze,0.07294299011584918,0.096656976744186,1418.9166666666667,52.6705367,20.7667997,11.295613606770834,1.336193859577179,1.421906402888977,0.08333333333333333,0.0,0.0
Świerki Dolne,0.2445703153261469,0.3720930232558139,358.8333333333333,50.6295502,16.4416055,9.825236002604166,2.1880103796720505,1.215959150335004,0.08333333333333333,0.0,0.0
Świerże Górne,0.041666666666666664,0.0,0.16666666666666666,51.6562298,21.4833304,11.5599365234375,1.5629038711388905,1.2513310951205094,0.08333333333333333,0.0,0.0
Świlcza,0.05168832867343027,0.0614389652384801,1241.0,50.0714236,21.8998941,11.5106201171875,1.9723172982533772,1.3215965399365788,0.08333333333333333,0.0,0.0
Świnoujście,0.06870294069848885,0.12656120906801008,450.7083333333333,53.8270329,14.3356892,,,,0.0,0.0,0.0
Świnoujście Port,0.02697499433846392,0.05225572111965865,329.77777777777777,53.9014213,14.260339,11.388875325520834,2.0124666144450507,2.223591545146297,0.0,0.0,0.0
Świnoujście Przytór,0.060097740439370474,0.0946843853820598,520.8333333333334,53.8974464,14.3370167,11.388875325520834,2.0124666144450507,2.223591545146297,0.0,0.0,0.0
Świnoujście Warszów,0.05775816283742702,0.0918836140888208,530.4166666666666,53.9003221,14.2857771,11.388875325520834,2.0124666144450507,2.223591545146297,0.0,0.0,0.0
Święta Katarzyna,0.14309920503684445,0.176061776061776,1316.6666666666667,50.9062511,20.8809487,10.564493815104166,1.8685552229483922,1.3887904723975923,0.08333333333333333,0.0,0.0
Świętajno,0.12007467823652469,0.1722222222222222,182.66666666666666,53.9988786,22.318426,10.1429443359375,1.6318471779425938,1.403593029227203,0.08333333333333333,0.0,0.0
Świętochłowice,0.0657898412177631,0.1112145183806421,1462.8333333333333,50.2905758,18.9195066,11.3880615234375,2.1111529966195426,1.3143268765953084,0.08333333333333333,0.0,0.0
Żabi Róg,0.06350795150431873,0.1131105398457583,379.25,53.8679968,20.0138905,10.437703450520834,1.8486789564291637,1.5077085198964895,0.08333333333333333,0.0,0.0
Żabiny,0.07801264912077896,0.1063829787234042,187.0,53.3433814,19.9891208,10.5887451171875,1.7056020547946293,1.5457999357970158,0.08333333333333333,0.0,0.0
Żabno koło Chojnic,0.06996213493909076,0.0886699507389162,218.41666666666666,53.8543998,17.7070346,10.179239908854166,1.9635957876841228,1.5646103573992873,0.08333333333333333,0.0,0.0
Żabowo,0.12230552638304724,0.1961165048543689,489.75,53.71947,15.19022,11.079793294270834,1.9932441264390945,1.6338760323383275,0.0,0.0,0.0
Żagań,0.1034310193247662,0.22316767528577533,430.0,51.6153232,15.3007662,11.862833658854166,1.9395974576473236,1.3964709336985,0.0,0.0,0.0
Żakowice,0.043451658917781334,0.07019704433497534,1234.111111111111,52.1916661,19.4269727,11.529988606770834,1.5872033039728801,1.5729817559390684,0.0,0.0,0.0
Żakowice Południowe,0.039841607354795174,0.07993084186726955,717.4444444444445,51.7301436,19.7861951,11.143107096354166,1.7610222399234772,1.5368834011630295,0.08333333333333333,0.0,0.0
Żalno,0.056203282021047046,0.0902612826603325,365.8333333333333,53.6147727,17.7680235,10.5330810546875,1.886450896660487,1.5102635548972903,0.08333333333333333,0.0,0.0
Żarki-Letnisko,0.08471481845879537,0.1125674633770239,1299.4166666666667,50.6238794,19.2738996,10.853068033854166,2.122701664765676,1.5165940722727393,0.08333333333333333,0.0,0.0
Żarnowa,0.07823618200635189,0.1109350237717908,1178.6666666666667,49.8755097,21.8190775,10.937215169270834,1.9562343060970306,1.2775555978502675,0.08333333333333333,0.0,0.0
Żary,0.1047052893934671,0.24491733601070945,463.8666666666667,51.6244382,15.1487247,11.781290690104166,1.9652715424696605,1.3571710461950701,0.0,0.0,0.0
Żary Kunice,0.18572157266480394,0.3937007874015748,261.9166666666667,51.5993421,15.1656871,11.840047200520834,1.9529405037562053,1.3772378763020905,0.0,0.0,0.0
Żary Muzyków,0.023809523809523808,0.0,17.5,51.6415688,15.1165045,11.781290690104166,1.9652715424696605,1.3571710461950701,0.0,0.0,0.0
Żarów,0.15747983161402346,0.23488619669129385,925.3333333333334,50.9438416,16.4923538,11.495157877604166,2.217990900079409,1.4640439321942023,0.0,0.0,0.0
Żednia,0.018153021442495126,0.0789473684210526,12.5,53.0880383,23.4732183,10.454305013020834,1.6314057260751724,1.3414774009863828,0.08333333333333333,0.0,0.0
Żegiestów,0.05813375373424896,0.1042183622828784,264.77777777777777,49.3769934,20.7968185,9.1126708984375,1.9795046498378117,0.7266552377139807,0.16666666666666666,0.0,0.0
Żegiestów-Zdrój,0.06352250453519298,0.1272058823529412,269.8333333333333,49.3627098,20.8039188,9.1126708984375,1.9795046498378117,0.7266552377139807,0.16666666666666666,0.0,0.0
Żelistrzewo,0.2059162193904909,0.4427745664739884,808.4166666666666,54.6753392,18.4198873,10.5838623046875,2.002310256163279,2.1933484434283232,0.0,0.0,0.0
Żelisławice,0.042090082536485614,0.069047619047619,426.75,50.8129379,19.8567218,11.1800537109375,1.9108655055363972,1.4190159612543443,0.08333333333333333,0.0,0.0
Żelisławie Pomorskie,0.0677156322066813,0.0893854748603352,350.1666666666667,53.5240926,16.1499087,10.631551106770834,2.000213841597239,1.5003094409913977,0.0,0.0,0.0
Żerków,0.025646765153542552,0.0427350427350427,494.5833333333333,52.0687117,17.5633599,11.797566731770834,1.683602660894394,1.491871703434246,0.0,0.0,0.0
Żmigród,0.1304713475472921,0.2582074316047366,842.7,51.4717386,16.9082719,12.057332356770834,1.8753753155469894,1.4092442473765356,0.0,0.0,0.0
Żory,0.18529851167183242,0.35529677587555397,325.1666666666667,50.0388902,18.6806124,11.3167724609375,2.2381909588972726,1.3368161349361785,0.08333333333333333,0.0,0.0
Żugienie,0.036072079435032156,0.0566801619433198,249.25,54.25705,20.08129,10.413126627604166,1.9196721414724986,1.397597784546579,0.08333333333333333,0.0,0.0
Żukowo,0.03800359547142309,0.0551407237219988,1712.5,54.3458469,18.3647494,9.9725341796875,2.017564038435618,1.8246561818088904,0.08333333333333333,0.0,0.0
Żukowo Wschodnie,0.02532301180774819,0.054608708363734146,1142.0555555555557,54.3506844,18.3770521,9.931844075520834,2.0725530882676444,1.9078933871487536,0.08333333333333333,0.0,0.0
Żukowo Zachodnie,0.015521697791174327,0.0295698924731182,295.9166666666667,54.3324874,18.3477467,9.7401123046875,2.067179332176844,1.8165877606186942,0.08333333333333333,0.0,0.0
Żulin,0.10544838278654935,0.1890756302521008,231.41666666666666,52.4930556,21.8697222,11.249552408854166,1.489299605290095,1.3634371117621473,0.08333333333333333,0.0,0.0
Żurawica Osobowa,0.07255970052394049,0.0926339285714285,875.0,49.8199644,22.8244612,11.071492513020834,2.0502196550369263,1.3932270889917753,0.08333333333333333,0.0,0.0
Żurawica Rozrządowa,0.04950195790792444,0.08684242277992274,583.4444444444445,49.8294805,22.8321914,11.071492513020834,2.0502196550369263,1.3932270889917753,0.08333333333333333,0.0,0.0
Żurawnica,0.24559948674346863,0.4798387096774194,240.58333333333334,49.7593599,19.5121619,9.9364013671875,2.641859104235967,1.0338223901992372,0.08333333333333333,0.0,0.0
Żychlin,0.0960998237531233,0.18844086021505374,392.1111111111111,52.2440088,19.6260932,11.5408935546875,1.544644961754481,1.5690041102205603,0.0,0.0,0.0
Życzyn,0.08610307371492693,0.1098779134295227,885.25,51.6730362,21.7356867,11.5677490234375,1.5800041655699413,1.230957328545563,0.08333333333333333,0.0,0.0
Żydowo,0.0313679831733577,0.075098814229249,494.5833333333333,54.3105599,20.8393237,10.459025065104166,1.804598828156789,1.3705951900106832,0.08333333333333333,0.0,0.0
Żyrardów,0.09836258754702769,0.1706014563385127,2101.5416666666665,52.0543308,20.4435009,11.529337565104166,1.5929079751173656,1.4518630093178622,0.08333333333333333,0.0,0.0
Żytkowice,0.05464475591959472,0.0873417721518987,813.8333333333334,51.4829988,21.556545,11.478719075520834,1.615870972474416,1.2022886010811547,0.08333333333333333,0.0,0.0
Żywiec,0.07603322817783292,0.18527986801997093,527.9333333333333,49.7064961,19.2191491,9.472696940104166,3.0021185676256814,1.0051653895208967,0.08333333333333333,0.0,0.0
Żywiec Sporysz,0.04224537037037035,0.1111111111111111,13.166666666666666,49.6763068,19.222331,9.472696940104166,3.0021185676256814,1.0051653895208967,0.08333333333333333,0.0,0.0
Żórawina,0.16836016445823243,0.3384877384196185,738.1111111111111,50.9800904,17.0409458,11.9012451171875,2.159302989641825,1.275878984433992,0.0,0.0,0.0
Żółtnica,0.0853519580445875,0.1391585760517799,305.5,53.6729471,16.8059803,10.4256591796875,2.041029060880343,1.556821912286729,0.08333333333333333,0.0,0.0
Żółwino,0.16802713103304268,0.2823529411764706,339.6666666666667,53.9502223,14.5903797,,,,0.0,0.0,0.0
